,num_announcements,num_withdrawals,avg_as_path_length,max_as_path_length,std_as_path_length,duplicate_withdrawals,unique_withdrawn_prefixes,total_records,collector,event,label_str,label
2001-07-05 19:18:00+00:00,284,41,4.922535211267606,14.0,1.687042347590298,8,32,325,rrc04,codered,normal,0
2001-07-05 19:21:00+00:00,1001,203,5.702297702297702,12.0,1.3459098194317005,32,168,1204,rrc04,codered,normal,0
2001-07-05 19:24:00+00:00,744,422,5.435483870967742,13.0,1.8443838124396226,134,170,1166,rrc04,codered,normal,0
2001-07-05 19:27:00+00:00,751,192,4.312916111850866,14.0,1.324492573598171,11,174,943,rrc04,codered,normal,0
2001-07-05 19:30:00+00:00,1065,185,4.973708920187794,12.0,1.3318996457865178,44,75,1250,rrc04,codered,normal,0
2001-07-05 19:33:00+00:00,587,123,5.746166950596252,15.0,2.3367222036360373,27,77,710,rrc04,codered,normal,0
2001-07-05 19:36:00+00:00,498,138,5.152610441767068,13.0,1.7392247767749853,39,67,636,rrc04,codered,normal,0
2001-07-05 19:39:00+00:00,545,131,4.812844036697248,12.0,1.530671191594186,35,92,676,rrc04,codered,normal,0
2001-07-05 19:42:00+00:00,728,119,5.847527472527473,13.0,2.3795360238512253,38,78,847,rrc04,codered,normal,0
2001-07-05 19:45:00+00:00,1140,102,5.913157894736842,10.0,1.1556127832859127,10,84,1242,rrc04,codered,normal,0
2001-07-05 19:48:00+00:00,554,254,5.55956678700361,11.0,1.4610059686686239,94,130,808,rrc04,codered,normal,0
2001-07-05 19:51:00+00:00,762,239,6.039370078740157,15.0,2.3209699352791167,58,138,1001,rrc04,codered,normal,0
2001-07-05 19:54:00+00:00,473,154,5.435517970401691,15.0,2.383116840055416,37,100,627,rrc04,codered,normal,0
2001-07-05 19:57:00+00:00,518,98,5.617760617760617,11.0,1.3728732955204883,17,68,616,rrc04,codered,normal,0
2001-07-05 20:00:00+00:00,372,114,5.540322580645161,11.0,1.7089227894328058,34,61,486,rrc04,codered,normal,0
2001-07-05 20:03:00+00:00,585,186,5.44957264957265,18.0,1.9342890622515474,46,107,771,rrc04,codered,normal,0
2001-07-05 20:06:00+00:00,586,95,5.174061433447099,15.0,1.956980039952377,26,64,681,rrc04,codered,normal,0
2001-07-05 20:09:00+00:00,544,269,4.974264705882353,15.0,1.5704297053171659,63,98,813,rrc04,codered,normal,0
2001-07-05 20:12:00+00:00,707,183,4.867043847241867,15.0,1.7067559083684716,41,86,890,rrc04,codered,normal,0
2001-07-05 20:15:00+00:00,458,101,4.91703056768559,15.0,1.8985441225032977,35,63,559,rrc04,codered,normal,0
2001-07-05 20:18:00+00:00,251,41,5.370517928286852,15.0,2.1091168377631306,8,27,292,rrc04,codered,normal,0
2001-07-05 20:21:00+00:00,439,138,5.43507972665148,18.0,2.200589987264581,33,78,577,rrc04,codered,normal,0
2001-07-05 20:24:00+00:00,399,93,5.160401002506266,15.0,2.113172872381818,24,68,492,rrc04,codered,normal,0
2001-07-05 20:27:00+00:00,458,119,5.013100436681222,11.0,1.885315233958817,42,68,577,rrc04,codered,normal,0
2001-07-05 20:30:00+00:00,409,106,4.985330073349633,12.0,1.5525922643960137,32,72,515,rrc04,codered,normal,0
2001-07-05 20:33:00+00:00,363,91,5.214876033057851,11.0,1.4967730849490144,16,68,454,rrc04,codered,normal,0
2001-07-05 20:36:00+00:00,531,150,5.0790960451977405,14.0,1.9048347477897847,48,75,681,rrc04,codered,normal,0
2001-07-05 20:39:00+00:00,363,107,4.994490358126722,10.0,1.6057652507576077,36,66,470,rrc04,codered,normal,0
2001-07-05 20:42:00+00:00,421,131,5.258907363420428,15.0,2.151494590375744,43,84,552,rrc04,codered,normal,0
2001-07-05 20:45:00+00:00,442,50,7.0588235294117645,16.0,3.053249358894744,10,37,492,rrc04,codered,normal,0
2001-07-05 20:48:00+00:00,516,28,5.5562015503875966,15.0,1.5733796605640566,2,22,544,rrc04,codered,normal,0
2001-07-05 20:51:00+00:00,614,134,4.969055374592834,15.0,1.9204081627590617,42,60,748,rrc04,codered,normal,0
2001-07-05 20:54:00+00:00,357,139,5.098039215686274,15.0,2.3224447585950103,42,68,496,rrc04,codered,normal,0
2001-07-05 20:57:00+00:00,389,140,5.215938303341902,15.0,2.119720832445767,38,102,529,rrc04,codered,normal,0
2001-07-05 21:00:00+00:00,504,138,5.057539682539683,13.0,1.867289091172708,38,70,642,rrc04,codered,normal,0
2001-07-05 21:03:00+00:00,674,147,5.399109792284866,12.0,2.0648389860690735,49,63,821,rrc04,codered,normal,0
2001-07-05 21:06:00+00:00,1039,248,5.462945139557267,15.0,1.9913971347981174,50,140,1287,rrc04,codered,normal,0
2001-07-05 21:09:00+00:00,820,182,4.9158536585365855,15.0,1.5338433723099951,40,113,1002,rrc04,codered,normal,0
2001-07-05 21:12:00+00:00,755,122,5.2701986754966885,13.0,1.7050293622371906,33,84,877,rrc04,codered,normal,0
2001-07-05 21:15:00+00:00,889,155,5.061867266591676,13.0,1.4416265733477989,52,101,1044,rrc04,codered,normal,0
2001-07-05 21:18:00+00:00,924,192,5.39935064935065,24.0,1.8999998890378214,53,111,1116,rrc04,codered,normal,0
2001-07-05 21:21:00+00:00,1444,237,5.2797783933518,22.0,1.5795984467039565,46,104,1681,rrc04,codered,normal,0
2001-07-05 21:24:00+00:00,507,116,4.948717948717949,15.0,1.944327036936295,32,80,623,rrc04,codered,normal,0
2001-07-05 21:27:00+00:00,286,49,4.685314685314685,15.0,1.7093718652477072,7,42,335,rrc04,codered,normal,0
2001-07-05 21:30:00+00:00,394,119,5.2030456852791875,12.0,2.0412972045002835,32,86,513,rrc04,codered,normal,0
2001-07-05 21:33:00+00:00,582,207,6.013745704467354,15.0,2.4382018451595187,63,90,789,rrc04,codered,normal,0
2001-07-05 21:36:00+00:00,437,113,4.766590389016018,15.0,1.960824687381427,33,78,550,rrc04,codered,normal,0
2001-07-05 21:39:00+00:00,282,64,4.5,11.0,1.3559692040269586,16,46,346,rrc04,codered,normal,0
2001-07-05 21:42:00+00:00,478,206,5.7803347280334725,15.0,2.077945127981668,88,111,684,rrc04,codered,normal,0
2001-07-05 21:45:00+00:00,771,214,5.164721141374838,15.0,1.7753465217901603,49,88,985,rrc04,codered,normal,0
2001-07-05 21:48:00+00:00,498,87,4.781124497991968,15.0,1.6151532498945194,12,71,585,rrc04,codered,normal,0
2001-07-05 21:51:00+00:00,1133,115,4.87378640776699,15.0,1.4880967711389637,38,73,1248,rrc04,codered,normal,0
2001-07-05 21:54:00+00:00,531,123,5.047080979284369,15.0,2.108106037419713,45,70,654,rrc04,codered,normal,0
2001-07-05 21:57:00+00:00,475,52,5.566315789473684,13.0,2.1436128149171454,11,36,527,rrc04,codered,normal,0
2001-07-05 22:00:00+00:00,351,91,5.250712250712251,15.0,2.133665386776336,16,73,442,rrc04,codered,normal,0
2001-07-05 22:03:00+00:00,433,157,5.290993071593533,18.0,2.03056032323099,21,114,590,rrc04,codered,normal,0
2001-07-05 22:06:00+00:00,494,132,5.220647773279352,15.0,1.9554498704324776,45,84,626,rrc04,codered,normal,0
2001-07-05 22:09:00+00:00,471,128,5.791932059447983,15.0,1.7700080618201992,34,91,599,rrc04,codered,normal,0
2001-07-05 22:12:00+00:00,571,214,5.2626970227670755,15.0,2.1455755993469507,56,89,785,rrc04,codered,normal,0
2001-07-05 22:15:00+00:00,450,168,5.242222222222222,15.0,1.8622553696333903,40,102,618,rrc04,codered,normal,0
2001-07-05 22:18:00+00:00,700,136,5.481428571428571,15.0,1.9525655545712055,36,98,836,rrc04,codered,normal,0
2001-07-05 22:21:00+00:00,627,96,5.826156299840511,15.0,2.3861813222226234,12,83,723,rrc04,codered,normal,0
2001-07-05 22:24:00+00:00,623,123,4.747993579454254,18.0,1.7117453719105924,34,84,746,rrc04,codered,normal,0
2001-07-05 22:27:00+00:00,516,172,5.724806201550388,17.0,2.5361428018310344,52,73,688,rrc04,codered,normal,0
2001-07-05 22:30:00+00:00,1206,250,5.3573797678275294,14.0,2.08345160262632,51,170,1456,rrc04,codered,normal,0
2001-07-05 22:33:00+00:00,489,163,5.47239263803681,18.0,2.2217908087807485,55,78,652,rrc04,codered,normal,0
2001-07-05 22:36:00+00:00,730,161,5.3123287671232875,20.0,2.5883799982227975,41,78,891,rrc04,codered,normal,0
2001-07-05 22:39:00+00:00,2312,893,4.828287197231834,15.0,1.4957884962374284,45,815,3205,rrc04,codered,normal,0
2001-07-05 22:42:00+00:00,1806,161,4.499446290143965,15.0,1.315109283950229,41,66,1967,rrc04,codered,normal,0
2001-07-05 22:45:00+00:00,1336,109,4.262724550898204,15.0,1.1996705144703146,30,77,1445,rrc04,codered,normal,0
2001-07-05 22:48:00+00:00,11678,4266,4.296797396814523,16.0,1.1871211989963062,41,4224,15944,rrc04,codered,normal,0
2001-07-05 22:51:00+00:00,3439,101,4.582145972666472,16.0,1.1548529363771092,38,61,3540,rrc04,codered,normal,0
2001-07-05 22:54:00+00:00,657,191,5.614916286149163,15.0,2.584220298579764,39,97,848,rrc04,codered,normal,0
2001-07-05 22:57:00+00:00,771,181,5.691309987029832,16.0,2.5599255665940905,48,93,952,rrc04,codered,normal,0
2001-07-05 23:00:00+00:00,492,40,5.58130081300813,16.0,2.0441011539054794,5,32,532,rrc04,codered,normal,0
2001-07-05 23:03:00+00:00,1923,638,4.698907956318252,16.0,1.9899210031838592,45,536,2561,rrc04,codered,normal,0
2001-07-05 23:06:00+00:00,1689,99,4.614564831261101,15.0,2.0669781997214502,26,71,1788,rrc04,codered,normal,0
2001-07-05 23:09:00+00:00,1657,56,4.5847917923958965,18.0,1.6403071589921514,5,48,1713,rrc04,codered,normal,0
2001-07-05 23:12:00+00:00,406,77,6.229064039408867,20.0,2.5177679165509357,23,44,483,rrc04,codered,normal,0
2001-07-05 23:15:00+00:00,404,94,4.76980198019802,15.0,1.655766688614308,36,56,498,rrc04,codered,normal,0
2001-07-05 23:18:00+00:00,346,27,5.982658959537572,15.0,2.3022331165626477,3,23,373,rrc04,codered,normal,0
2001-07-05 23:21:00+00:00,385,107,5.314285714285714,16.0,1.9346273365571882,25,73,492,rrc04,codered,normal,0
2001-07-05 23:24:00+00:00,708,176,4.879943502824859,15.0,1.7598773702704373,47,127,884,rrc04,codered,normal,0
2001-07-05 23:27:00+00:00,819,158,4.9804639804639805,16.0,1.7706353321539203,49,80,977,rrc04,codered,normal,0
2001-07-05 23:30:00+00:00,1766,550,4.683465458663647,18.0,1.754150101112421,41,504,2316,rrc04,codered,normal,0
2001-07-05 23:33:00+00:00,907,170,5.4266813671444325,15.0,1.770726780355216,29,139,1077,rrc04,codered,normal,0
2001-07-05 23:36:00+00:00,1833,203,5.380796508456083,16.0,2.1269327447670965,52,144,2036,rrc04,codered,normal,0
2001-07-05 23:39:00+00:00,1484,123,5.65566037735849,18.0,2.085930673379231,34,86,1607,rrc04,codered,normal,0
2001-07-05 23:42:00+00:00,1166,340,5.3370497427101204,18.0,1.8980308137860693,78,158,1506,rrc04,codered,normal,0
2001-07-05 23:45:00+00:00,709,212,5.167842031029619,15.0,2.1360716875405603,49,154,921,rrc04,codered,normal,0
2001-07-05 23:48:00+00:00,919,178,4.857453754080522,15.0,1.663251414710344,66,100,1097,rrc04,codered,normal,0
2001-07-05 23:51:00+00:00,384,99,5.354166666666667,16.0,1.7394273882197235,14,83,483,rrc04,codered,normal,0
2001-07-05 23:54:00+00:00,569,136,5.335676625659051,17.0,1.8006471032193883,5,131,705,rrc04,codered,normal,0
2001-07-05 23:57:00+00:00,542,99,5.049815498154982,15.0,1.626382455684496,8,87,641,rrc04,codered,normal,0
2001-07-06 00:00:00+00:00,319,60,5.4733542319749215,16.0,2.147772419667111,5,51,379,rrc04,codered,normal,0
2001-07-06 00:03:00+00:00,601,169,5.409317803660565,15.0,2.262075313944235,51,86,770,rrc04,codered,normal,0
2001-07-06 00:06:00+00:00,607,166,5.082372322899506,16.0,1.9235304340971315,37,69,773,rrc04,codered,normal,0
2001-07-06 00:09:00+00:00,501,139,4.630738522954092,18.0,1.8085440526325007,32,69,640,rrc04,codered,normal,0
2001-07-06 00:12:00+00:00,377,118,5.63395225464191,15.0,2.3889030651084,40,76,495,rrc04,codered,normal,0
2001-07-06 00:15:00+00:00,772,128,4.682642487046632,14.0,1.7242732979035673,40,84,900,rrc04,codered,normal,0
2001-07-06 00:18:00+00:00,619,151,4.6575121163166395,16.0,1.6373037100268646,35,61,770,rrc04,codered,normal,0
2001-07-06 00:21:00+00:00,572,124,5.566433566433567,15.0,2.490006432882528,34,84,696,rrc04,codered,normal,0
2001-07-06 00:24:00+00:00,602,113,4.9485049833887045,18.0,1.822434780464018,37,70,715,rrc04,codered,normal,0
2001-07-06 00:27:00+00:00,405,172,5.0,15.0,2.0098522763724467,66,101,577,rrc04,codered,normal,0
2001-07-06 00:30:00+00:00,486,75,5.411522633744856,16.0,2.2724397583322267,19,51,561,rrc04,codered,normal,0
2001-07-06 00:33:00+00:00,471,145,5.235668789808917,16.0,2.5987261146496814,43,96,616,rrc04,codered,normal,0
2001-07-06 00:36:00+00:00,496,48,6.463709677419355,16.0,2.5563593908266573,10,33,544,rrc04,codered,normal,0
2001-07-06 00:39:00+00:00,392,60,5.553571428571429,15.0,1.6388732752244446,22,34,452,rrc04,codered,normal,0
2001-07-06 00:42:00+00:00,298,109,5.714765100671141,18.0,2.68025030983037,33,74,407,rrc04,codered,normal,0
2001-07-06 00:45:00+00:00,364,96,5.475274725274725,15.0,2.426262825448306,32,62,460,rrc04,codered,normal,0
2001-07-06 00:48:00+00:00,425,141,5.051764705882353,16.0,2.465222183744279,44,70,566,rrc04,codered,normal,0
2001-07-06 00:51:00+00:00,327,107,5.819571865443425,23.0,2.8959292002583132,39,68,434,rrc04,codered,normal,0
2001-07-06 00:54:00+00:00,682,121,5.5014662756598245,18.0,2.4018866404585797,34,84,803,rrc04,codered,normal,0
2001-07-06 00:57:00+00:00,416,124,5.326923076923077,18.0,2.0366465069036503,39,76,540,rrc04,codered,normal,0
2001-07-06 01:00:00+00:00,385,81,6.103896103896104,16.0,2.028270426809634,11,61,466,rrc04,codered,normal,0
2001-07-06 01:03:00+00:00,103557,116,4.45191537027917,24.0,1.3614859560353052,39,75,103673,rrc04,codered,normal,0
2001-07-06 01:06:00+00:00,617,39,5.314424635332252,15.0,1.7329870507023457,11,25,656,rrc04,codered,normal,0
2001-07-06 01:09:00+00:00,424,96,5.566037735849057,16.0,2.0083263844556076,32,63,520,rrc04,codered,normal,0
2001-07-06 01:12:00+00:00,597,157,5.314907872696818,15.0,1.850708280339245,44,88,754,rrc04,codered,normal,0
2001-07-06 01:15:00+00:00,505,93,6.128712871287129,16.0,2.7642103283468282,13,73,598,rrc04,codered,normal,0
2001-07-06 01:18:00+00:00,439,123,5.316628701594533,18.0,1.91920435445651,38,68,562,rrc04,codered,normal,0
2001-07-06 01:21:00+00:00,289,73,5.2145328719723185,18.0,2.140965537394387,16,56,362,rrc04,codered,normal,0
2001-07-06 01:24:00+00:00,316,46,5.987341772151899,18.0,2.4365033613822984,4,41,362,rrc04,codered,normal,0
2001-07-06 01:27:00+00:00,339,56,5.430678466076696,15.0,1.7321537942175995,12,36,395,rrc04,codered,normal,0
2001-07-06 01:30:00+00:00,340,37,6.311764705882353,15.0,2.4440521687272163,4,32,377,rrc04,codered,normal,0
2001-07-06 01:33:00+00:00,501,61,4.489021956087824,15.0,1.96129698663344,6,53,562,rrc04,codered,normal,0
2001-07-06 01:36:00+00:00,621,96,6.061191626409018,17.0,2.6054800164765006,16,71,717,rrc04,codered,normal,0
2001-07-06 01:39:00+00:00,556,141,5.555755395683454,18.0,2.561920783014594,44,93,697,rrc04,codered,normal,0
2001-07-06 01:42:00+00:00,637,70,6.149136577708006,17.0,2.611059687654138,16,38,707,rrc04,codered,normal,0
2001-07-06 01:45:00+00:00,443,40,5.905191873589165,18.0,2.8411750258508564,9,25,483,rrc04,codered,normal,0
2001-07-06 01:48:00+00:00,1125,48,5.543111111111111,14.0,1.3509368308650314,19,28,1173,rrc04,codered,normal,0
2001-07-06 01:51:00+00:00,743,194,5.279946164199193,15.0,2.1074025773313676,54,134,937,rrc04,codered,normal,0
2001-07-06 01:54:00+00:00,1087,196,5.145354185832566,12.0,1.4681638516676414,57,107,1283,rrc04,codered,normal,0
2001-07-06 01:57:00+00:00,685,69,4.731386861313869,15.0,1.5635329554867299,4,61,754,rrc04,codered,normal,0
2001-07-06 02:00:00+00:00,805,130,5.304347826086956,16.0,2.5372834259035466,32,95,935,rrc04,codered,normal,0
2001-07-06 02:03:00+00:00,499,92,6.515030060120241,22.0,4.53590381246009,19,61,591,rrc04,codered,normal,0
2001-07-06 02:06:00+00:00,549,75,5.295081967213115,22.0,2.1871443905848564,10,56,624,rrc04,codered,normal,0
2001-07-06 02:09:00+00:00,540,68,4.8351851851851855,16.0,1.7723866946397666,15,51,608,rrc04,codered,normal,0
2001-07-06 02:12:00+00:00,596,92,4.778523489932886,15.0,1.8684797595543632,33,58,688,rrc04,codered,normal,0
2001-07-06 02:15:00+00:00,392,120,4.8979591836734695,18.0,1.980722378626336,28,92,512,rrc04,codered,normal,0
2001-07-06 02:18:00+00:00,813,114,4.5473554735547355,15.0,1.5814992864208777,31,83,927,rrc04,codered,normal,0
2001-07-06 02:21:00+00:00,655,190,4.763358778625954,17.0,1.8674882550442666,40,73,845,rrc04,codered,normal,0
2001-07-06 02:24:00+00:00,846,134,5.002364066193853,17.0,1.8993576343099163,38,94,980,rrc04,codered,normal,0
2001-07-06 02:27:00+00:00,337,102,5.4777448071216615,18.0,2.11542525139126,9,91,439,rrc04,codered,normal,0
2001-07-06 02:30:00+00:00,535,53,5.233644859813084,17.0,1.8774582104055932,2,49,588,rrc04,codered,normal,0
2001-07-06 02:33:00+00:00,564,71,5.49113475177305,15.0,2.5512323797727294,5,63,635,rrc04,codered,normal,0
2001-07-06 02:36:00+00:00,680,90,5.617647058823529,16.0,2.621906646634815,31,56,770,rrc04,codered,normal,0
2001-07-06 02:39:00+00:00,682,118,5.133431085043989,15.0,1.944560716498225,39,72,800,rrc04,codered,normal,0
2001-07-06 02:42:00+00:00,1321,198,4.799394398183194,15.0,1.4385835817969372,62,109,1519,rrc04,codered,normal,0
2001-07-06 02:45:00+00:00,971,107,5.2276004119464465,16.0,1.8648188214483041,25,76,1078,rrc04,codered,normal,0
2001-07-06 02:48:00+00:00,325,61,5.550769230769231,17.0,2.193986401817693,8,43,386,rrc04,codered,normal,0
2001-07-06 02:51:00+00:00,454,101,5.284140969162996,17.0,1.969114950778343,36,61,555,rrc04,codered,normal,0
2001-07-06 02:54:00+00:00,946,120,4.766384778012685,15.0,1.7728785481979492,35,55,1066,rrc04,codered,normal,0
2001-07-06 02:57:00+00:00,527,110,5.874762808349146,19.0,2.9983342451180963,38,67,637,rrc04,codered,normal,0
2001-07-06 03:00:00+00:00,266,107,5.503759398496241,18.0,2.503002888713457,39,67,373,rrc04,codered,normal,0
2001-07-06 03:03:00+00:00,1023,311,5.271749755620723,15.0,2.0181128898806633,85,168,1334,rrc04,codered,normal,0
2001-07-06 03:06:00+00:00,922,82,4.894793926247289,15.0,1.8480202841280702,16,63,1004,rrc04,codered,normal,0
2001-07-06 03:09:00+00:00,652,197,4.5628834355828225,18.0,1.5539489470285113,48,68,849,rrc04,codered,normal,0
2001-07-06 03:12:00+00:00,619,55,6.5718901453958,18.0,2.855584582781297,18,32,674,rrc04,codered,normal,0
2001-07-06 03:15:00+00:00,314,61,5.404458598726115,24.0,3.682301342669043,4,56,375,rrc04,codered,normal,0
2001-07-06 03:18:00+00:00,274,23,5.697080291970803,24.0,2.3875113514719075,1,22,297,rrc04,codered,normal,0
2001-07-06 03:21:00+00:00,156,21,6.07051282051282,16.0,2.658108493394532,5,15,177,rrc04,codered,normal,0
2001-07-06 03:24:00+00:00,443,81,4.939051918735892,15.0,1.9024484650286846,16,64,524,rrc04,codered,normal,0
2001-07-06 03:27:00+00:00,539,78,4.955473098330241,15.0,1.712624386750529,20,57,617,rrc04,codered,normal,0
2001-07-06 03:30:00+00:00,497,91,4.937625754527163,24.0,2.3748626555184496,33,53,588,rrc04,codered,normal,0
2001-07-06 03:33:00+00:00,445,88,6.379775280898876,24.0,4.0532461612741155,17,63,533,rrc04,codered,normal,0
2001-07-06 03:36:00+00:00,306,85,4.947712418300654,15.0,1.8883573443022976,10,70,391,rrc04,codered,normal,0
2001-07-06 03:39:00+00:00,237,68,5.0886075949367084,15.0,2.0634852747062817,16,46,305,rrc04,codered,normal,0
2001-07-06 03:42:00+00:00,670,105,5.534328358208955,18.0,2.618165715358065,32,69,775,rrc04,codered,normal,0
2001-07-06 03:45:00+00:00,451,49,5.501108647450111,18.0,1.605664478069328,6,39,500,rrc04,codered,normal,0
2001-07-06 03:48:00+00:00,419,127,6.157517899761337,18.0,1.7269476007654037,27,77,546,rrc04,codered,normal,0
2001-07-06 03:51:00+00:00,171,26,5.912280701754386,15.0,2.505764360892228,3,22,197,rrc04,codered,normal,0
2001-07-06 03:54:00+00:00,475,212,4.972631578947368,15.0,1.92962729454288,54,101,687,rrc04,codered,normal,0
2001-07-06 03:57:00+00:00,810,150,5.890123456790123,18.0,2.0725188907847514,33,90,960,rrc04,codered,normal,0
2001-07-06 04:00:00+00:00,750,173,5.696,16.0,2.1604592104457794,30,102,923,rrc04,codered,normal,0
2001-07-06 04:03:00+00:00,418,81,5.043062200956938,16.0,2.0515048044394675,7,72,499,rrc04,codered,normal,0
2001-07-06 04:06:00+00:00,389,59,5.591259640102828,15.0,2.076933102566282,10,45,448,rrc04,codered,normal,0
2001-07-06 04:09:00+00:00,928,119,5.663793103448276,15.0,2.2164897905644807,34,65,1047,rrc04,codered,normal,0
2001-07-06 04:12:00+00:00,523,159,4.810707456978967,16.0,1.7945424158531917,41,71,682,rrc04,codered,normal,0
2001-07-06 04:15:00+00:00,580,203,5.537931034482758,15.0,1.7898976647887364,32,118,783,rrc04,codered,normal,0
2001-07-06 04:18:00+00:00,814,265,5.664619164619165,18.0,2.3195147526774313,72,126,1079,rrc04,codered,normal,0
2001-07-06 04:21:00+00:00,617,211,5.4959481361426255,24.0,3.050158714774794,34,176,828,rrc04,codered,normal,0
2001-07-06 04:24:00+00:00,793,135,5.524590163934426,24.0,3.099397999515202,48,78,928,rrc04,codered,normal,0
2001-07-06 04:27:00+00:00,839,239,5.232419547079857,15.0,1.7295297535567105,75,159,1078,rrc04,codered,normal,0
2001-07-06 04:30:00+00:00,628,113,5.10828025477707,15.0,1.8591471842399812,36,73,741,rrc04,codered,normal,0
2001-07-06 04:33:00+00:00,655,27,5.364885496183206,18.0,2.0399791820567077,3,22,682,rrc04,codered,normal,0
2001-07-06 04:36:00+00:00,277,48,7.122743682310469,16.0,2.655847519383332,15,26,325,rrc04,codered,normal,0
2001-07-06 04:39:00+00:00,710,114,5.932394366197183,15.0,2.2544962678922515,37,71,824,rrc04,codered,normal,0
2001-07-06 04:42:00+00:00,303,103,6.128712871287129,15.0,2.2806259620865585,11,91,406,rrc04,codered,normal,0
2001-07-06 04:45:00+00:00,827,219,5.744860943168077,15.0,2.221464395771158,73,106,1046,rrc04,codered,normal,0
2001-07-06 04:48:00+00:00,810,218,5.612345679012345,18.0,2.612476367241417,73,139,1028,rrc04,codered,normal,0
2001-07-06 04:51:00+00:00,716,157,5.833798882681564,15.0,2.099887622371952,42,105,873,rrc04,codered,normal,0
2001-07-06 04:54:00+00:00,426,152,4.842723004694836,15.0,2.0073003156170772,44,106,578,rrc04,codered,normal,0
2001-07-06 04:57:00+00:00,416,120,5.2548076923076925,18.0,2.2812943276069393,43,70,536,rrc04,codered,normal,0
2001-07-06 05:00:00+00:00,284,109,4.820422535211268,18.0,2.3360626177092003,33,73,393,rrc04,codered,normal,0
2001-07-06 05:03:00+00:00,683,205,4.673499267935578,18.0,1.7350871964914196,66,92,888,rrc04,codered,normal,0
2001-07-06 05:06:00+00:00,748,185,5.288770053475936,15.0,2.031050960943158,34,72,933,rrc04,codered,normal,0
2001-07-06 05:09:00+00:00,348,89,5.221264367816092,15.0,2.24246031992352,33,54,437,rrc04,codered,normal,0
2001-07-06 05:12:00+00:00,374,152,5.192513368983957,17.0,2.165689573792877,46,70,526,rrc04,codered,normal,0
2001-07-06 05:15:00+00:00,661,234,4.721633888048411,19.0,2.2568707116444506,37,121,895,rrc04,codered,normal,0
2001-07-06 05:18:00+00:00,831,194,5.099879663056559,16.0,1.9034170261429095,49,136,1025,rrc04,codered,normal,0
2001-07-06 05:21:00+00:00,623,190,5.186195826645265,18.0,2.116358848081053,50,82,813,rrc04,codered,normal,0
2001-07-06 05:24:00+00:00,663,126,4.990950226244344,18.0,1.896231756363745,33,73,789,rrc04,codered,normal,0
2001-07-06 05:27:00+00:00,523,32,5.204588910133843,18.0,1.9185663199197864,4,27,555,rrc04,codered,normal,0
2001-07-06 05:30:00+00:00,628,46,5.119426751592357,12.0,1.6482199400411708,11,33,674,rrc04,codered,normal,0
2001-07-06 05:33:00+00:00,642,57,5.529595015576324,16.0,2.1253321875976723,6,48,699,rrc04,codered,normal,0
2001-07-06 05:36:00+00:00,465,155,5.520430107526882,15.0,1.9620353235113888,35,64,620,rrc04,codered,normal,0
2001-07-06 05:39:00+00:00,661,135,4.723146747352496,18.0,1.758633707898261,56,73,796,rrc04,codered,normal,0
2001-07-06 05:42:00+00:00,776,155,4.832474226804123,16.0,1.7454733980660837,52,99,931,rrc04,codered,normal,0
2001-07-06 05:45:00+00:00,553,110,5.495479204339964,16.0,2.184210434560454,36,74,663,rrc04,codered,normal,0
2001-07-06 05:48:00+00:00,525,106,4.986666666666666,16.0,1.8094496225393888,42,63,631,rrc04,codered,normal,0
2001-07-06 05:51:00+00:00,535,70,4.837383177570094,18.0,1.6827060629523045,16,42,605,rrc04,codered,normal,0
2001-07-06 05:54:00+00:00,352,90,5.122159090909091,18.0,2.1451234065282905,32,56,442,rrc04,codered,normal,0
2001-07-06 05:57:00+00:00,274,104,5.605839416058394,16.0,2.3825940112381674,35,66,378,rrc04,codered,normal,0
2001-07-06 06:00:00+00:00,906,227,5.2030905077262695,16.0,1.6909809275468235,65,133,1133,rrc04,codered,normal,0
2001-07-06 06:03:00+00:00,671,168,4.87779433681073,15.0,1.7064701698430167,31,112,839,rrc04,codered,normal,0
2001-07-06 06:06:00+00:00,935,220,5.171122994652406,15.0,1.9634685888271342,43,113,1155,rrc04,codered,normal,0
2001-07-06 06:09:00+00:00,1083,244,5.423822714681441,15.0,1.8060290365469258,87,120,1327,rrc04,codered,normal,0
2001-07-06 06:12:00+00:00,803,238,5.531755915317559,16.0,2.1232098823320857,89,138,1041,rrc04,codered,normal,0
2001-07-06 06:15:00+00:00,701,109,5.266761768901569,16.0,1.9031903349617658,7,99,810,rrc04,codered,normal,0
2001-07-06 06:18:00+00:00,880,351,5.642045454545454,15.0,2.510488072381593,63,223,1231,rrc04,codered,normal,0
2001-07-06 06:21:00+00:00,1142,170,5.9851138353765325,15.0,1.920200235655121,69,93,1312,rrc04,codered,normal,0
2001-07-06 06:24:00+00:00,844,183,5.725118483412322,15.0,2.2947052924780142,48,118,1027,rrc04,codered,normal,0
2001-07-06 06:27:00+00:00,478,106,5.625523012552302,16.0,2.0789685139766805,36,68,584,rrc04,codered,normal,0
2001-07-06 06:30:00+00:00,279,43,5.100358422939068,15.0,2.0488566303196234,8,32,322,rrc04,codered,normal,0
2001-07-06 06:33:00+00:00,769,103,5.201560468140442,15.0,1.8576654278750728,22,70,872,rrc04,codered,normal,0
2001-07-06 06:36:00+00:00,773,209,4.950840879689522,16.0,1.8290921809045209,54,120,982,rrc04,codered,normal,0
2001-07-06 06:39:00+00:00,502,174,4.942231075697211,16.0,2.1139475644324195,61,79,676,rrc04,codered,normal,0
2001-07-06 06:42:00+00:00,654,120,5.250764525993884,18.0,2.0775760023328687,34,77,774,rrc04,codered,normal,0
2001-07-06 06:45:00+00:00,987,305,4.855116514690983,18.0,1.8285924688191455,103,184,1292,rrc04,codered,normal,0
2001-07-06 06:48:00+00:00,964,312,5.067427385892116,15.0,1.8820558029870067,121,173,1276,rrc04,codered,normal,0
2001-07-06 06:51:00+00:00,449,127,5.476614699331849,15.0,2.0440605763925155,34,92,576,rrc04,codered,normal,0
2001-07-06 06:54:00+00:00,1175,261,4.919148936170213,14.0,1.3927835740706436,71,102,1436,rrc04,codered,normal,0
2001-07-06 06:57:00+00:00,505,142,5.1643564356435645,18.0,2.116113762800112,46,65,647,rrc04,codered,normal,0
2001-07-06 07:00:00+00:00,779,197,5.119383825417201,16.0,2.0140384405073,44,98,976,rrc04,codered,normal,0
2001-07-06 07:03:00+00:00,660,132,5.351515151515152,16.0,2.2490565310977537,32,98,792,rrc04,codered,normal,0
2001-07-06 07:06:00+00:00,414,143,5.753623188405797,16.0,2.19070807008857,37,105,557,rrc04,codered,normal,0
2001-07-06 07:09:00+00:00,965,149,5.1015544041450775,15.0,1.7584872409471353,36,109,1114,rrc04,codered,normal,0
2001-07-06 07:12:00+00:00,836,217,5.279904306220096,18.0,2.1978954680444556,48,165,1053,rrc04,codered,normal,0
2001-07-06 07:15:00+00:00,467,105,5.591006423982869,15.0,2.2216003197440317,9,94,572,rrc04,codered,normal,0
2001-07-06 07:18:00+00:00,720,231,5.330555555555556,18.0,2.112570767314927,80,117,951,rrc04,codered,normal,0
2001-07-06 07:21:00+00:00,592,224,5.10304054054054,15.0,2.133514154395305,57,160,816,rrc04,codered,normal,0
2001-07-06 07:24:00+00:00,1079,277,4.8202038924930495,18.0,2.0966276720315653,33,212,1356,rrc04,codered,normal,0
2001-07-06 07:27:00+00:00,436,159,6.128440366972477,18.0,2.7288836223674973,47,105,595,rrc04,codered,normal,0
2001-07-06 07:30:00+00:00,546,271,5.457875457875458,18.0,2.4597608268180466,62,108,817,rrc04,codered,normal,0
2001-07-06 07:33:00+00:00,774,257,5.034883720930233,16.0,1.7439663944379176,34,218,1031,rrc04,codered,normal,0
2001-07-06 07:36:00+00:00,1078,299,5.256029684601113,16.0,1.817084406233944,59,231,1377,rrc04,codered,normal,0
2001-07-06 07:39:00+00:00,1273,76,4.9725058915946585,15.0,1.32888559535229,23,52,1349,rrc04,codered,normal,0
2001-07-06 07:42:00+00:00,537,230,5.1024208566108005,18.0,2.044826716277506,78,95,767,rrc04,codered,normal,0
2001-07-06 07:45:00+00:00,705,166,5.473758865248227,15.0,2.1417049412393876,34,82,871,rrc04,codered,normal,0
2001-07-06 07:48:00+00:00,705,166,5.6553191489361705,18.0,1.8509121972621347,52,111,871,rrc04,codered,normal,0
2001-07-06 07:51:00+00:00,738,165,4.914634146341464,15.0,2.00460917100609,39,101,903,rrc04,codered,normal,0
2001-07-06 07:54:00+00:00,4171,135,4.652121793334931,19.0,1.8796330897111124,37,92,4306,rrc04,codered,normal,0
2001-07-06 07:57:00+00:00,1138,140,3.89103690685413,18.0,1.4988245471843773,49,87,1278,rrc04,codered,normal,0
2001-07-06 08:00:00+00:00,549,155,5.249544626593807,15.0,2.093798800603194,38,112,704,rrc04,codered,normal,0
2001-07-06 08:03:00+00:00,1148,303,5.161149825783972,16.0,1.84485046612472,87,208,1451,rrc04,codered,normal,0
2001-07-06 08:06:00+00:00,264,79,5.382575757575758,15.0,2.3454984677979662,12,59,343,rrc04,codered,normal,0
2001-07-06 08:09:00+00:00,470,132,5.061702127659575,15.0,2.2939377267595544,36,93,602,rrc04,codered,normal,0
2001-07-06 08:12:00+00:00,309,106,4.967637540453074,15.0,2.161502216003519,25,74,415,rrc04,codered,normal,0
2001-07-06 08:15:00+00:00,683,235,5.805270863836018,16.0,2.4003114197935846,64,117,918,rrc04,codered,normal,0
2001-07-06 08:18:00+00:00,804,148,6.621890547263682,18.0,3.2128192247782437,35,103,952,rrc04,codered,normal,0
2001-07-06 08:21:00+00:00,491,56,4.985743380855397,15.0,1.5270141809728004,11,37,547,rrc04,codered,normal,0
2001-07-06 08:24:00+00:00,723,154,5.037344398340249,18.0,1.8430804770479396,28,89,877,rrc04,codered,normal,0
2001-07-06 08:27:00+00:00,714,111,4.892156862745098,18.0,1.8005197189442954,18,87,825,rrc04,codered,normal,0
2001-07-06 08:30:00+00:00,671,256,4.873323397913562,18.0,1.6943108490146965,54,172,927,rrc04,codered,normal,0
2001-07-06 08:33:00+00:00,821,227,5.165651644336175,18.0,1.8837956915535097,57,111,1048,rrc04,codered,normal,0
2001-07-06 08:36:00+00:00,638,108,5.313479623824452,19.0,2.032380537900993,13,92,746,rrc04,codered,normal,0
2001-07-06 08:39:00+00:00,516,95,4.930232558139535,18.0,1.979296118374228,14,79,611,rrc04,codered,normal,0
2001-07-06 08:42:00+00:00,364,177,5.346153846153846,15.0,2.184098762625626,39,106,541,rrc04,codered,normal,0
2001-07-06 08:45:00+00:00,554,207,5.2671480144404335,18.0,2.2904849855579617,47,75,761,rrc04,codered,normal,0
2001-07-06 08:48:00+00:00,409,137,5.4376528117359415,18.0,2.3963399897453983,44,85,546,rrc04,codered,normal,0
2001-07-06 08:51:00+00:00,742,213,4.715633423180593,17.0,1.9401415224351448,50,79,955,rrc04,codered,normal,0
2001-07-06 08:54:00+00:00,682,245,5.158357771260997,15.0,1.9460831256202218,94,120,927,rrc04,codered,normal,0
2001-07-06 08:57:00+00:00,641,204,5.570982839313572,18.0,2.5697812726177856,62,118,845,rrc04,codered,normal,0
2001-07-06 09:00:00+00:00,693,220,5.025974025974026,15.0,2.1813629017184324,74,108,913,rrc04,codered,normal,0
2001-07-06 09:03:00+00:00,323,97,4.591331269349845,15.0,1.7168403979928137,24,69,420,rrc04,codered,normal,0
2001-07-06 09:06:00+00:00,414,85,5.316425120772947,17.0,2.101039717988933,16,64,499,rrc04,codered,normal,0
2001-07-06 09:09:00+00:00,750,195,5.289333333333333,18.0,1.7814655639544525,70,93,945,rrc04,codered,normal,0
2001-07-06 09:12:00+00:00,338,127,5.218934911242603,15.0,2.0596136368361813,45,71,465,rrc04,codered,normal,0
2001-07-06 09:15:00+00:00,493,71,5.600405679513185,15.0,2.307180747086005,15,45,564,rrc04,codered,normal,0
2001-07-06 09:18:00+00:00,457,123,5.028446389496717,16.0,2.0264283381084938,45,72,580,rrc04,codered,normal,0
2001-07-06 09:21:00+00:00,434,202,5.025345622119816,15.0,1.907251018446609,42,103,636,rrc04,codered,normal,0
2001-07-06 09:24:00+00:00,705,182,5.133333333333334,15.0,2.1679374342162467,43,110,887,rrc04,codered,normal,0
2001-07-06 09:27:00+00:00,419,185,5.102625298329356,15.0,2.321728386801686,45,107,604,rrc04,codered,normal,0
2001-07-06 09:30:00+00:00,423,83,5.463356973995272,17.0,2.5119958219880476,12,64,506,rrc04,codered,normal,0
2001-07-06 09:33:00+00:00,519,82,4.905587668593449,15.0,1.5258680183944215,13,64,601,rrc04,codered,normal,0
2001-07-06 09:36:00+00:00,470,98,5.382978723404255,15.0,2.350673886984658,11,86,568,rrc04,codered,normal,0
2001-07-06 09:39:00+00:00,397,164,5.166246851385391,18.0,1.86106041371516,7,156,561,rrc04,codered,normal,0
2001-07-06 09:42:00+00:00,610,132,4.7918032786885245,15.0,1.9173748346066015,43,79,742,rrc04,codered,normal,0
2001-07-06 09:45:00+00:00,744,180,4.923387096774194,16.0,2.077346148863761,45,105,924,rrc04,codered,normal,0
2001-07-06 09:48:00+00:00,1418,240,4.863892806770099,15.0,1.775227455520563,59,181,1658,rrc04,codered,normal,0
2001-07-06 09:51:00+00:00,499,135,4.8937875751503,15.0,1.6758156817993624,38,84,634,rrc04,codered,normal,0
2001-07-06 09:54:00+00:00,551,218,4.704174228675136,13.0,1.821817962458833,49,108,769,rrc04,codered,normal,0
2001-07-06 09:57:00+00:00,563,78,4.626998223801066,16.0,2.048986938090568,10,65,641,rrc04,codered,normal,0
2001-07-06 10:00:00+00:00,462,151,4.93073593073593,15.0,2.081553464692012,39,106,613,rrc04,codered,normal,0
2001-07-06 10:03:00+00:00,559,159,4.683363148479428,15.0,1.571751570860494,48,80,718,rrc04,codered,normal,0
2001-07-06 10:06:00+00:00,766,195,4.716710182767624,15.0,1.605118326759408,48,63,961,rrc04,codered,normal,0
2001-07-06 10:09:00+00:00,550,105,4.72,15.0,1.5856630388349453,36,66,655,rrc04,codered,normal,0
2001-07-06 10:12:00+00:00,428,116,5.257009345794392,16.0,1.9211859727701353,31,82,544,rrc04,codered,normal,0
2001-07-06 10:15:00+00:00,405,143,5.1382716049382715,15.0,2.206755503483946,29,64,548,rrc04,codered,normal,0
2001-07-06 10:18:00+00:00,503,175,4.892644135188867,16.0,1.6335223278020508,46,62,678,rrc04,codered,normal,0
2001-07-06 10:21:00+00:00,534,182,4.844569288389513,15.0,2.019613217566647,51,75,716,rrc04,codered,normal,0
2001-07-06 10:24:00+00:00,470,178,4.829787234042553,18.0,1.5726268705193818,42,109,648,rrc04,codered,normal,0
2001-07-06 10:27:00+00:00,776,91,5.527061855670103,16.0,1.6995419717381648,16,64,867,rrc04,codered,normal,0
2001-07-06 10:30:00+00:00,1482,170,5.9298245614035086,19.0,1.8162376310698294,54,111,1652,rrc04,codered,normal,0
2001-07-06 10:33:00+00:00,777,226,5.698841698841699,18.0,2.6897797313636618,66,111,1003,rrc04,codered,normal,0
2001-07-06 10:36:00+00:00,480,130,4.639583333333333,15.0,1.8386180933123537,32,95,610,rrc04,codered,normal,0
2001-07-06 10:39:00+00:00,179,46,5.5195530726256985,16.0,2.7469450418284227,6,40,225,rrc04,codered,normal,0
2001-07-06 10:42:00+00:00,441,135,4.9977324263038545,16.0,2.158670610280263,40,92,576,rrc04,codered,normal,0
2001-07-06 10:45:00+00:00,419,138,5.009546539379475,15.0,1.9963940128433224,35,61,557,rrc04,codered,normal,0
2001-07-06 10:48:00+00:00,2636,362,5.6707132018209405,15.0,1.205415678179325,160,197,2998,rrc04,codered,normal,0
2001-07-06 10:51:00+00:00,1011,133,4.970326409495549,18.0,1.4518686728521837,42,57,1144,rrc04,codered,normal,0
2001-07-06 10:54:00+00:00,363,56,4.964187327823692,18.0,1.9782108086540675,14,28,419,rrc04,codered,normal,0
2001-07-06 10:57:00+00:00,377,146,5.225464190981432,15.0,1.9488386964120026,26,114,523,rrc04,codered,normal,0
2001-07-06 11:00:00+00:00,446,89,5.134529147982063,16.0,1.6196164711821086,32,57,535,rrc04,codered,normal,0
2001-07-06 11:03:00+00:00,431,173,4.751740139211137,16.0,1.868307045925589,49,67,604,rrc04,codered,normal,0
2001-07-06 11:06:00+00:00,561,151,5.647058823529412,18.0,2.2357162562270676,34,89,712,rrc04,codered,normal,0
2001-07-06 11:09:00+00:00,376,105,5.1037234042553195,15.0,1.807898441439293,11,91,481,rrc04,codered,normal,0
2001-07-06 11:12:00+00:00,267,56,5.992509363295881,14.0,1.9040514843763479,8,43,323,rrc04,codered,normal,0
2001-07-06 11:15:00+00:00,396,126,5.608585858585859,16.0,1.7966936581438036,38,83,522,rrc04,codered,normal,0
2001-07-06 11:18:00+00:00,208,45,5.110576923076923,15.0,1.9070425285297918,6,38,253,rrc04,codered,normal,0
2001-07-06 11:21:00+00:00,333,54,5.093093093093093,16.0,2.0372758367922397,9,43,387,rrc04,codered,normal,0
2001-07-06 11:24:00+00:00,288,81,5.590277777777778,15.0,1.8216033628999466,20,56,369,rrc04,codered,normal,0
2001-07-06 11:27:00+00:00,231,43,5.554112554112554,15.0,1.9058733475152019,8,31,274,rrc04,codered,normal,0
2001-07-06 11:30:00+00:00,358,44,5.226256983240224,16.0,2.215154246591928,3,39,402,rrc04,codered,normal,0
2001-07-06 11:33:00+00:00,437,63,5.28604118993135,18.0,1.6689689408537567,17,46,500,rrc04,codered,normal,0
2001-07-06 11:36:00+00:00,373,53,5.343163538873995,18.0,1.8321489067995191,15,35,426,rrc04,codered,normal,0
2001-07-06 11:39:00+00:00,489,165,5.838445807770961,15.0,2.1095930556768847,45,88,654,rrc04,codered,normal,0
2001-07-06 11:42:00+00:00,330,46,5.681818181818182,15.0,2.273424135588316,9,32,376,rrc04,codered,normal,0
2001-07-06 11:45:00+00:00,370,32,5.443243243243243,16.0,2.326874779211383,8,19,402,rrc04,codered,normal,0
2001-07-06 11:48:00+00:00,187,45,5.342245989304812,15.0,2.1094341901540483,15,27,232,rrc04,codered,normal,0
2001-07-06 11:51:00+00:00,921,38,5.049945711183496,16.0,1.218613555701109,8,29,959,rrc04,codered,normal,0
2001-07-06 11:54:00+00:00,602,44,4.528239202657807,18.0,1.5466284913612558,5,37,646,rrc04,codered,normal,0
2001-07-06 11:57:00+00:00,152,66,5.703947368421052,15.0,2.7669069178356467,14,49,218,rrc04,codered,normal,0
2001-07-06 12:00:00+00:00,355,48,5.084507042253521,15.0,1.5211789245098495,4,42,403,rrc04,codered,normal,0
2001-07-06 12:03:00+00:00,114,25,4.87719298245614,16.0,2.4925867310648546,5,19,139,rrc04,codered,normal,0
2001-07-06 12:06:00+00:00,159,36,4.836477987421383,16.0,1.925904880311074,6,27,195,rrc04,codered,normal,0
2001-07-06 12:09:00+00:00,406,49,6.182266009852217,15.0,2.1093927378139443,8,40,455,rrc04,codered,normal,0
2001-07-06 12:12:00+00:00,563,148,6.630550621669627,15.0,2.1781877394417815,51,77,711,rrc04,codered,normal,0
2001-07-06 12:15:00+00:00,240,79,6.575,15.0,2.964125784555485,15,60,319,rrc04,codered,normal,0
2001-07-06 12:18:00+00:00,235,29,5.961702127659574,15.0,2.112430604826639,6,20,264,rrc04,codered,normal,0
2001-07-06 12:21:00+00:00,200,38,5.265,12.0,1.7985480254916744,10,25,238,rrc04,codered,normal,0
2001-07-06 12:24:00+00:00,315,70,6.247619047619048,15.0,2.361520706102632,22,39,385,rrc04,codered,normal,0
2001-07-06 12:27:00+00:00,222,49,5.72972972972973,15.0,1.5964258838510657,10,31,271,rrc04,codered,normal,0
2001-07-06 12:30:00+00:00,353,46,5.509915014164306,19.0,1.5987028182225442,7,36,399,rrc04,codered,normal,0
2001-07-06 12:33:00+00:00,290,103,5.172413793103448,15.0,2.173015789606398,19,61,393,rrc04,codered,normal,0
2001-07-06 12:36:00+00:00,245,58,5.244897959183674,15.0,1.8039708156933654,12,41,303,rrc04,codered,normal,0
2001-07-06 12:39:00+00:00,313,62,5.31629392971246,15.0,1.6202462055627436,16,41,375,rrc04,codered,normal,0
2001-07-06 12:42:00+00:00,189,57,5.9523809523809526,15.0,2.688965722932907,22,30,246,rrc04,codered,normal,0
2001-07-06 12:45:00+00:00,273,58,5.289377289377289,16.0,1.825881486289587,21,36,331,rrc04,codered,normal,0
2001-07-06 12:48:00+00:00,274,46,5.613138686131387,15.0,2.3185956458786263,9,23,320,rrc04,codered,normal,0
2001-07-06 12:51:00+00:00,271,41,5.095940959409594,18.0,2.1021036160832725,8,29,312,rrc04,codered,normal,0
2001-07-06 12:54:00+00:00,238,30,4.970588235294118,15.0,1.8502715195332942,4,22,268,rrc04,codered,normal,0
2001-07-06 12:57:00+00:00,325,40,5.7446153846153845,15.0,1.5648082477003389,5,32,365,rrc04,codered,normal,0
2001-07-06 13:00:00+00:00,381,80,5.396325459317585,15.0,2.1365184078775434,24,52,461,rrc04,codered,normal,0
2001-07-06 13:03:00+00:00,506,45,4.5770750988142295,10.0,1.0664614674491733,9,32,551,rrc04,codered,normal,0
2001-07-06 13:06:00+00:00,736,834,4.330163043478261,14.0,1.6862496899614496,11,818,1570,rrc04,codered,normal,0
2001-07-06 13:09:00+00:00,2323,265,4.127421437795953,15.0,1.5362296055448184,12,252,2588,rrc04,codered,normal,0
2001-07-06 13:12:00+00:00,1919,124,4.976029181865555,11.0,1.9263263931069725,12,106,2043,rrc04,codered,normal,0
2001-07-06 13:15:00+00:00,555,437,4.796396396396396,16.0,1.2346300410914164,15,418,992,rrc04,codered,normal,0
2001-07-06 13:18:00+00:00,907,104,6.1080485115766265,16.0,2.159415997112132,10,89,1011,rrc04,codered,normal,0
2001-07-06 13:21:00+00:00,531,42,6.672316384180791,13.0,2.1823565119152253,9,33,573,rrc04,codered,normal,0
2001-07-06 13:24:00+00:00,453,93,4.88962472406181,12.0,1.6129178009675211,22,64,546,rrc04,codered,normal,0
2001-07-06 13:27:00+00:00,279,55,5.082437275985663,10.0,1.334816302521768,12,39,334,rrc04,codered,normal,0
2001-07-06 13:30:00+00:00,301,98,5.541528239202658,12.0,1.6492532257633816,34,48,399,rrc04,codered,normal,0
2001-07-06 13:33:00+00:00,2183,298,4.27027027027027,12.0,1.705067833619113,21,270,2481,rrc04,codered,normal,0
2001-07-06 13:36:00+00:00,2445,138,4.667893660531697,13.0,1.9102917530416532,13,124,2583,rrc04,codered,normal,0
2001-07-06 13:39:00+00:00,288,52,5.920138888888889,15.0,2.356406157840765,14,38,340,rrc04,codered,normal,0
2001-07-06 13:42:00+00:00,386,69,5.867875647668394,15.0,2.0776765982011405,19,48,455,rrc04,codered,normal,0
2001-07-06 13:45:00+00:00,615,160,5.31219512195122,14.0,2.2938796392413003,18,134,775,rrc04,codered,normal,0
2001-07-06 13:48:00+00:00,581,78,6.359724612736661,15.0,1.9528951789401745,12,61,659,rrc04,codered,normal,0
2001-07-06 13:51:00+00:00,491,105,5.006109979633401,12.0,1.7379094530288057,7,98,596,rrc04,codered,normal,0
2001-07-06 13:54:00+00:00,229,51,4.620087336244541,10.0,1.4048381750398287,12,35,280,rrc04,codered,normal,0
2001-07-06 13:57:00+00:00,203,74,5.433497536945813,15.0,1.9973531953412111,17,50,277,rrc04,codered,normal,0
2001-07-06 14:00:00+00:00,728,95,5.230769230769231,15.0,1.762409209426357,15,74,823,rrc04,codered,normal,0
2001-07-06 14:03:00+00:00,402,111,5.629353233830845,13.0,1.9481932131141075,27,74,513,rrc04,codered,normal,0
2001-07-06 14:06:00+00:00,643,127,6.074650077760498,15.0,2.1687791737784368,41,68,770,rrc04,codered,normal,0
2001-07-06 14:09:00+00:00,347,97,5.518731988472623,14.0,2.062865192243223,27,68,444,rrc04,codered,normal,0
2001-07-06 14:12:00+00:00,552,37,5.693840579710145,13.0,2.1649627042554465,9,28,589,rrc04,codered,normal,0
2001-07-06 14:15:00+00:00,1026,85,4.925925925925926,12.0,1.54729543656094,11,68,1111,rrc04,codered,normal,0
2001-07-06 14:18:00+00:00,363,106,5.429752066115703,11.0,1.8294790522005533,11,93,469,rrc04,codered,normal,0
2001-07-06 14:21:00+00:00,718,114,5.576601671309192,13.0,1.8042378571668358,7,103,832,rrc04,codered,normal,0
2001-07-06 14:24:00+00:00,545,132,5.884403669724771,14.0,1.798938234857042,41,77,677,rrc04,codered,normal,0
2001-07-06 14:27:00+00:00,430,108,5.588372093023255,13.0,1.85029341511337,17,87,538,rrc04,codered,normal,0
2001-07-06 14:30:00+00:00,232,96,5.551724137931035,15.0,1.8115759360777515,18,69,328,rrc04,codered,normal,0
2001-07-06 14:33:00+00:00,431,84,5.976798143851508,15.0,2.590258379392897,21,52,515,rrc04,codered,normal,0
2001-07-06 14:36:00+00:00,651,65,5.680491551459293,15.0,1.9054220648770515,8,52,716,rrc04,codered,normal,0
2001-07-06 14:39:00+00:00,560,70,5.458928571428571,18.0,1.9977913506200404,7,63,630,rrc04,codered,normal,0
2001-07-06 14:42:00+00:00,942,75,4.53927813163482,15.0,1.83676961569942,12,55,1017,rrc04,codered,normal,0
2001-07-06 14:45:00+00:00,1779,153,3.8195615514333894,15.0,1.885282076847006,31,114,1932,rrc04,codered,normal,0
2001-07-06 14:48:00+00:00,1279,78,4.536356528537921,15.0,1.6870150787751854,7,66,1357,rrc04,codered,normal,0
2001-07-06 14:51:00+00:00,1513,51,3.6497025776602774,16.0,1.4625400421382873,8,38,1564,rrc04,codered,normal,0
2001-07-06 14:54:00+00:00,2142,440,4.437908496732026,16.0,1.281783929547925,2,438,2582,rrc04,codered,normal,0
2001-07-06 14:57:00+00:00,707,61,5.096181046676096,15.0,1.7781717836748683,10,49,768,rrc04,codered,normal,0
2001-07-06 15:00:00+00:00,2583,106,3.5377468060394888,15.0,1.3155123928543757,29,67,2689,rrc04,codered,normal,0
2001-07-06 15:03:00+00:00,339,86,5.607669616519174,15.0,2.024058875953126,19,67,425,rrc04,codered,normal,0
2001-07-06 15:06:00+00:00,482,107,5.817427385892116,12.0,1.5659324439454756,37,52,589,rrc04,codered,normal,0
2001-07-06 15:09:00+00:00,294,105,5.962585034013605,15.0,2.340553771451306,30,70,399,rrc04,codered,normal,0
2001-07-06 15:12:00+00:00,365,93,5.720547945205479,18.0,1.9384331268907071,23,59,458,rrc04,codered,normal,0
2001-07-06 15:15:00+00:00,404,73,5.824257425742574,14.0,2.2517992130978786,18,49,477,rrc04,codered,normal,0
2001-07-06 15:18:00+00:00,346,51,5.514450867052023,16.0,2.5378224164681322,11,35,397,rrc04,codered,normal,0
2001-07-06 15:21:00+00:00,785,78,4.945222929936306,15.0,1.7790875017371335,3,74,863,rrc04,codered,normal,0
2001-07-06 15:24:00+00:00,817,82,4.802937576499388,15.0,1.7629648964779376,14,65,899,rrc04,codered,normal,0
2001-07-06 15:27:00+00:00,566,86,5.3992932862190814,15.0,1.7742562853996076,19,60,652,rrc04,codered,normal,0
2001-07-06 15:30:00+00:00,558,104,5.775985663082437,15.0,2.2098663609204485,19,81,662,rrc04,codered,normal,0
2001-07-06 15:33:00+00:00,576,93,6.493055555555555,18.0,3.137467414124226,16,68,669,rrc04,codered,normal,0
2001-07-06 15:36:00+00:00,287,55,4.355400696864112,15.0,1.8663993255007032,4,50,342,rrc04,codered,normal,0
2001-07-06 15:39:00+00:00,2343,107,3.949637217242851,16.0,1.9662167202655771,26,70,2450,rrc04,codered,normal,0
2001-07-06 15:42:00+00:00,1873,316,4.041644420715429,15.0,1.2841702736044347,5,309,2189,rrc04,codered,normal,0
2001-07-06 15:45:00+00:00,361,70,6.03601108033241,15.0,2.2407284232840974,10,59,431,rrc04,codered,normal,0
2001-07-06 15:48:00+00:00,338,63,5.784023668639053,15.0,2.2222874082538433,12,47,401,rrc04,codered,normal,0
2001-07-06 15:51:00+00:00,348,91,5.908045977011494,18.0,2.3162702079090502,27,46,439,rrc04,codered,normal,0
2001-07-06 15:54:00+00:00,258,71,6.290697674418604,15.0,2.8141376709535484,11,58,329,rrc04,codered,normal,0
2001-07-06 15:57:00+00:00,302,62,5.562913907284768,15.0,2.079786536869989,5,55,364,rrc04,codered,normal,0
2001-07-06 16:00:00+00:00,555,74,5.812612612612613,18.0,2.068429230252184,13,51,629,rrc04,codered,normal,0
2001-07-06 16:03:00+00:00,514,83,5.632295719844358,15.0,1.879390522869714,12,70,597,rrc04,codered,normal,0
2001-07-06 16:06:00+00:00,678,187,5.932153392330384,17.0,1.9795708304165285,69,112,865,rrc04,codered,normal,0
2001-07-06 16:09:00+00:00,664,72,5.647590361445783,14.0,2.0178182720909743,8,60,736,rrc04,codered,normal,0
2001-07-06 16:12:00+00:00,722,119,6.678670360110804,16.0,2.4036708778702374,16,98,841,rrc04,codered,normal,0
2001-07-06 16:15:00+00:00,566,88,6.263250883392226,16.0,2.5835083175422864,12,72,654,rrc04,codered,normal,0
2001-07-06 16:18:00+00:00,793,217,6.738965952080706,17.0,2.332122834048503,94,112,1010,rrc04,codered,normal,0
2001-07-06 16:21:00+00:00,609,263,5.6600985221674875,19.0,3.7671644164681597,82,134,872,rrc04,codered,normal,0
2001-07-06 16:24:00+00:00,842,74,5.897862232779097,18.0,1.651032985516181,18,49,916,rrc04,codered,normal,0
2001-07-06 16:27:00+00:00,237,67,4.932489451476793,15.0,2.267845155810381,13,45,304,rrc04,codered,normal,0
2001-07-06 16:30:00+00:00,371,78,5.256064690026954,16.0,2.521430440744562,17,53,449,rrc04,codered,normal,0
2001-07-06 16:33:00+00:00,328,84,5.780487804878049,18.0,2.811233520785469,27,44,412,rrc04,codered,normal,0
2001-07-06 16:36:00+00:00,1587,75,4.733459357277883,15.0,1.3154726804886046,10,61,1662,rrc04,codered,normal,0
2001-07-06 16:39:00+00:00,1234,91,4.685575364667748,15.0,1.3676048345118317,16,67,1325,rrc04,codered,normal,0
2001-07-06 16:42:00+00:00,676,60,5.476331360946745,15.0,1.7678177056743665,12,42,736,rrc04,codered,normal,0
2001-07-06 16:45:00+00:00,714,45,5.373949579831932,18.0,1.790558596386519,10,33,759,rrc04,codered,normal,0
2001-07-06 16:48:00+00:00,272,70,5.75,15.0,2.7739597944412373,19,47,342,rrc04,codered,normal,0
2001-07-06 16:51:00+00:00,410,41,4.96829268292683,16.0,1.7055060080823512,9,31,451,rrc04,codered,normal,0
2001-07-06 16:54:00+00:00,763,411,5.610747051114023,15.0,2.1482999082180982,48,362,1174,rrc04,codered,normal,0
2001-07-06 16:57:00+00:00,1444,136,4.621191135734072,15.0,2.305868634624061,41,75,1580,rrc04,codered,normal,0
2001-07-06 17:00:00+00:00,501,52,5.650698602794411,16.0,2.2692389957293098,7,43,553,rrc04,codered,normal,0
2001-07-06 17:03:00+00:00,370,51,5.559459459459459,16.0,1.746960210790788,9,37,421,rrc04,codered,normal,0
2001-07-06 17:06:00+00:00,702,93,5.613960113960114,15.0,1.937919402592563,29,56,795,rrc04,codered,normal,0
2001-07-06 17:09:00+00:00,535,44,6.157009345794393,16.0,2.355669722400437,3,40,579,rrc04,codered,normal,0
2001-07-06 17:12:00+00:00,467,83,5.80728051391863,15.0,1.7466120439962367,13,64,550,rrc04,codered,normal,0
2001-07-06 17:15:00+00:00,776,107,5.021907216494846,15.0,1.562539722101105,20,87,883,rrc04,codered,normal,0
2001-07-06 17:18:00+00:00,599,169,4.871452420701169,15.0,1.4590125393475109,46,121,768,rrc04,codered,normal,0
2001-07-06 17:21:00+00:00,272,48,4.779411764705882,15.0,1.329480086739949,13,33,320,rrc04,codered,normal,0
2001-07-06 17:24:00+00:00,355,70,4.943661971830986,10.0,1.500115713317673,16,54,425,rrc04,codered,normal,0
2001-07-06 17:27:00+00:00,248,38,4.701612903225806,11.0,1.393995410679245,0,38,286,rrc04,codered,normal,0
2001-07-06 17:30:00+00:00,537,53,6.446927374301676,16.0,2.614505244317815,10,40,590,rrc04,codered,normal,0
2001-07-06 17:33:00+00:00,246,65,4.686991869918699,15.0,1.5099916195101253,11,53,311,rrc04,codered,normal,0
2001-07-06 17:36:00+00:00,452,116,5.174778761061947,15.0,1.6356052693333534,36,65,568,rrc04,codered,normal,0
2001-07-06 17:39:00+00:00,282,63,5.50709219858156,15.0,2.0888812503405365,16,43,345,rrc04,codered,normal,0
2001-07-06 17:42:00+00:00,338,105,4.831360946745562,11.0,1.1809478366102248,21,64,443,rrc04,codered,normal,0
2001-07-06 17:45:00+00:00,385,95,5.150649350649351,15.0,1.6943468554742334,16,65,480,rrc04,codered,normal,0
2001-07-06 17:48:00+00:00,357,109,5.361344537815126,15.0,1.6622236756707447,15,85,466,rrc04,codered,normal,0
2001-07-06 17:51:00+00:00,485,69,5.785567010309278,15.0,2.2122894653501626,19,39,554,rrc04,codered,normal,0
2001-07-06 17:54:00+00:00,574,107,5.689895470383275,13.0,2.002090107221932,7,96,681,rrc04,codered,normal,0
2001-07-06 17:57:00+00:00,253,58,5.936758893280633,15.0,2.630760678623516,14,36,311,rrc04,codered,normal,0
2001-07-06 18:00:00+00:00,316,66,4.8354430379746836,15.0,1.7677159671243041,13,36,382,rrc04,codered,normal,0
2001-07-06 18:03:00+00:00,274,46,5.156934306569343,15.0,1.826659654132301,15,28,320,rrc04,codered,normal,0
2001-07-06 18:06:00+00:00,278,67,5.41726618705036,16.0,2.1967905974726984,18,47,345,rrc04,codered,normal,0
2001-07-06 18:09:00+00:00,419,88,5.689737470167064,16.0,2.2374902147073232,19,60,507,rrc04,codered,normal,0
2001-07-06 18:12:00+00:00,330,96,5.46969696969697,15.0,2.1207467021875344,25,55,426,rrc04,codered,normal,0
2001-07-06 18:15:00+00:00,402,67,4.965174129353234,13.0,1.387141050168314,7,56,469,rrc04,codered,normal,0
2001-07-06 18:18:00+00:00,1131,315,5.294429708222812,13.0,1.4816755478063042,95,189,1446,rrc04,codered,normal,0
2001-07-06 18:21:00+00:00,1150,531,5.737391304347826,15.0,1.9861897483488642,157,254,1681,rrc04,codered,normal,0
2001-07-06 18:24:00+00:00,323,160,5.860681114551084,16.0,1.992812666173285,45,82,483,rrc04,codered,normal,0
2001-07-06 18:27:00+00:00,642,91,5.05607476635514,15.0,1.7499360506389599,20,55,733,rrc04,codered,normal,0
2001-07-06 18:30:00+00:00,765,136,5.537254901960784,15.0,1.8988087890511596,39,93,901,rrc04,codered,normal,0
2001-07-06 18:33:00+00:00,875,139,5.748571428571428,15.0,2.027436302127313,21,110,1014,rrc04,codered,normal,0
2001-07-06 18:36:00+00:00,502,156,5.161354581673307,15.0,1.7785408982819253,17,139,658,rrc04,codered,normal,0
2001-07-06 18:39:00+00:00,378,86,4.91005291005291,14.0,1.6434427979107635,20,51,464,rrc04,codered,normal,0
2001-07-06 18:42:00+00:00,523,118,5.177820267686425,16.0,2.0268101298109613,42,76,641,rrc04,codered,normal,0
2001-07-06 18:45:00+00:00,450,107,5.7844444444444445,16.0,2.1113929636412023,38,68,557,rrc04,codered,normal,0
2001-07-06 18:48:00+00:00,325,85,6.015384615384615,15.0,2.0880046249013597,23,48,410,rrc04,codered,normal,0
2001-07-06 18:51:00+00:00,204,51,4.9068627450980395,15.0,2.2570482113193586,9,39,255,rrc04,codered,normal,0
2001-07-06 18:54:00+00:00,338,45,4.890532544378698,15.0,1.5735890685414573,14,31,383,rrc04,codered,normal,0
2001-07-06 18:57:00+00:00,565,170,5.992920353982301,16.0,2.4407933141718634,52,97,735,rrc04,codered,normal,0
2001-07-06 19:00:00+00:00,573,120,5.2530541012216405,12.0,1.2999578160177307,40,76,693,rrc04,codered,normal,0
2001-07-06 19:03:00+00:00,405,46,5.1234567901234565,11.0,1.6434134609672826,5,40,451,rrc04,codered,normal,0
2001-07-06 19:06:00+00:00,472,67,6.016949152542373,16.0,1.3807579031984731,17,46,539,rrc04,codered,normal,0
2001-07-06 19:09:00+00:00,555,125,6.587387387387388,14.0,2.853324822662976,13,102,680,rrc04,codered,normal,0
2001-07-06 19:12:00+00:00,312,53,5.451923076923077,15.0,2.018566740633198,12,36,365,rrc04,codered,normal,0
2001-07-06 19:15:00+00:00,375,60,5.709333333333333,13.0,1.9386024748657358,8,47,435,rrc04,codered,normal,0
2001-07-06 19:18:00+00:00,722,82,5.911357340720222,13.0,1.8459834626371305,12,68,804,rrc04,codered,normal,0
2001-07-06 19:21:00+00:00,745,186,7.626845637583893,16.0,3.4165532863871126,30,155,931,rrc04,codered,normal,0
2001-07-06 19:24:00+00:00,322,66,6.22360248447205,17.0,2.123442521029955,14,51,388,rrc04,codered,normal,0
2001-07-06 19:27:00+00:00,167,54,4.970059880239521,10.0,1.5180556020072564,14,39,221,rrc04,codered,normal,0
2001-07-06 19:30:00+00:00,960,251,5.289583333333334,9.0,1.0633554562745653,98,134,1211,rrc04,codered,normal,0
2001-07-06 19:33:00+00:00,926,78,4.808855291576674,12.0,1.6203242704713396,21,52,1004,rrc04,codered,normal,0
2001-07-06 19:36:00+00:00,852,121,6.352112676056338,16.0,2.3069516798216223,41,78,973,rrc04,codered,normal,0
2001-07-06 19:39:00+00:00,357,42,5.582633053221288,12.0,1.4617555204221104,9,30,399,rrc04,codered,normal,0
2001-07-06 19:42:00+00:00,289,62,5.570934256055363,14.0,2.2250507149858514,12,42,351,rrc04,codered,normal,0
2001-07-06 19:45:00+00:00,414,139,6.195652173913044,14.0,2.2247792996513405,29,109,553,rrc04,codered,normal,0
2001-07-06 19:48:00+00:00,485,70,5.375257731958763,15.0,1.6103422782631853,20,47,555,rrc04,codered,normal,0
2001-07-06 19:51:00+00:00,343,39,5.559766763848397,24.0,3.248020155575337,4,33,382,rrc04,codered,normal,0
2001-07-06 19:54:00+00:00,425,37,6.548235294117647,24.0,4.1163265109362595,13,24,462,rrc04,codered,normal,0
2001-07-06 19:57:00+00:00,474,38,5.957805907172996,13.0,2.1094303619175134,5,32,512,rrc04,codered,normal,0
2001-07-06 20:00:00+00:00,343,58,5.518950437317784,13.0,1.7037318173395897,11,44,401,rrc04,codered,normal,0
2001-07-06 20:03:00+00:00,343,54,5.3615160349854225,12.0,1.6826780089526487,9,43,397,rrc04,codered,normal,0
2001-07-06 20:06:00+00:00,1233,246,4.7656123276561235,12.0,1.4099812089113335,52,192,1479,rrc04,codered,normal,0
2001-07-06 20:09:00+00:00,304,49,5.440789473684211,12.0,1.5442318505685113,4,45,353,rrc04,codered,normal,0
2001-07-06 20:12:00+00:00,284,39,5.950704225352113,14.0,1.8359764059544945,6,30,323,rrc04,codered,normal,0
2001-07-06 20:15:00+00:00,684,140,5.516081871345029,15.0,1.692269618333125,12,126,824,rrc04,codered,normal,0
2001-07-06 20:18:00+00:00,652,135,5.403374233128834,15.0,1.837289521640488,13,119,787,rrc04,codered,normal,0
2001-07-06 20:21:00+00:00,665,88,5.360902255639098,14.0,1.897914747543282,7,81,753,rrc04,codered,normal,0
2001-07-06 20:24:00+00:00,1242,205,5.504830917874396,15.0,1.91284980476723,40,162,1447,rrc04,codered,normal,0
2001-07-06 20:27:00+00:00,548,66,5.142335766423358,12.0,1.6349835431988242,11,55,614,rrc04,codered,normal,0
2001-07-06 20:30:00+00:00,518,94,5.93050193050193,11.0,1.8565848943890215,13,76,612,rrc04,codered,normal,0
2001-07-06 20:33:00+00:00,348,63,5.120689655172414,11.0,1.392643886871339,12,46,411,rrc04,codered,normal,0
2001-07-06 20:36:00+00:00,453,29,4.600441501103753,10.0,0.9521439867597188,5,23,482,rrc04,codered,normal,0
2001-07-06 20:39:00+00:00,757,48,4.968295904887714,16.0,1.5922695937987192,7,36,805,rrc04,codered,normal,0
2001-07-06 20:42:00+00:00,1240,122,4.95483870967742,15.0,1.436693944483119,26,89,1362,rrc04,codered,normal,0
2001-07-06 20:45:00+00:00,807,45,5.763320941759604,11.0,1.854628257248602,3,40,852,rrc04,codered,normal,0
2001-07-06 20:48:00+00:00,471,56,5.002123142250531,10.0,1.5135606960375598,11,43,527,rrc04,codered,normal,0
2001-07-06 20:51:00+00:00,1257,376,6.070803500397773,20.0,2.2516145517096486,127,158,1633,rrc04,codered,normal,0
2001-07-06 20:54:00+00:00,865,181,5.884393063583815,15.0,3.0098949161382134,42,119,1046,rrc04,codered,normal,0
2001-07-06 20:57:00+00:00,440,63,5.093181818181818,12.0,1.4702964647358967,10,41,503,rrc04,codered,normal,0
2001-07-06 21:00:00+00:00,666,61,5.375375375375375,15.0,1.901538872681427,12,33,727,rrc04,codered,normal,0
2001-07-06 21:03:00+00:00,570,171,5.984210526315789,15.0,2.711527663784411,43,73,741,rrc04,codered,normal,0
2001-07-06 21:06:00+00:00,441,77,6.172335600907029,16.0,2.3823341201773416,20,45,518,rrc04,codered,normal,0
2001-07-06 21:09:00+00:00,515,79,6.023300970873787,15.0,1.9165707585485408,9,66,594,rrc04,codered,normal,0
2001-07-06 21:12:00+00:00,1159,121,5.322691975841242,15.0,1.6831175112108954,24,81,1280,rrc04,codered,normal,0
2001-07-06 21:15:00+00:00,529,51,5.217391304347826,14.0,1.4833671399332158,6,45,580,rrc04,codered,normal,0
2001-07-06 21:18:00+00:00,1633,243,5.278628291488059,18.0,1.208315779204132,75,140,1876,rrc04,codered,normal,0
2001-07-06 21:21:00+00:00,683,156,6.147877013177159,16.0,2.0124300490445313,47,83,839,rrc04,codered,normal,0
2001-07-06 21:24:00+00:00,714,160,5.630252100840337,18.0,2.073707134815083,49,94,874,rrc04,codered,normal,0
2001-07-06 21:27:00+00:00,439,63,5.246013667425968,15.0,1.9465702118830501,5,57,502,rrc04,codered,normal,0
2001-07-06 21:30:00+00:00,1165,263,6.2,18.0,2.417816558358232,50,199,1428,rrc04,codered,normal,0
2001-07-06 21:33:00+00:00,536,247,5.468283582089552,19.0,3.0035615739545647,87,128,783,rrc04,codered,normal,0
2001-07-06 21:36:00+00:00,808,162,5.724009900990099,14.0,1.9034408031223558,49,110,970,rrc04,codered,normal,0
2001-07-06 21:39:00+00:00,1106,105,6.1528028933092225,17.0,1.8972656423783452,12,87,1211,rrc04,codered,normal,0
2001-07-06 21:42:00+00:00,1287,252,5.551670551670552,15.0,1.4076916879614638,82,165,1539,rrc04,codered,normal,0
2001-07-06 21:45:00+00:00,865,50,5.624277456647399,18.0,1.5254640811576659,13,33,915,rrc04,codered,normal,0
2001-07-06 21:48:00+00:00,2045,50,4.962347188264059,16.0,1.4850684265509615,4,43,2095,rrc04,codered,normal,0
2001-07-06 21:51:00+00:00,2090,46,4.294258373205742,15.0,1.845469183542756,11,30,2136,rrc04,codered,normal,0
2001-07-06 21:54:00+00:00,267,48,6.1722846441947565,15.0,2.7587619396346854,11,29,315,rrc04,codered,normal,0
2001-07-06 21:57:00+00:00,166,43,5.042168674698795,16.0,2.370380503333798,12,29,209,rrc04,codered,normal,0
2001-07-06 22:00:00+00:00,259,55,5.710424710424711,16.0,1.8901102634603208,7,45,314,rrc04,codered,normal,0
2001-07-06 22:03:00+00:00,314,105,5.624203821656051,15.0,1.9901477483763763,31,69,419,rrc04,codered,normal,0
2001-07-06 22:06:00+00:00,173,126,5.589595375722543,15.0,2.174286504027727,27,94,299,rrc04,codered,normal,0
2001-07-06 22:09:00+00:00,262,78,5.679389312977099,16.0,2.072234386417762,16,58,340,rrc04,codered,normal,0
2001-07-06 22:12:00+00:00,424,102,6.09433962264151,15.0,2.554235483177772,30,64,526,rrc04,codered,normal,0
2001-07-06 22:15:00+00:00,403,64,6.476426799007444,20.0,2.438588685215074,10,51,467,rrc04,codered,normal,0
2001-07-06 22:18:00+00:00,561,116,5.670231729055258,18.0,2.1033852986489636,10,102,677,rrc04,codered,normal,0
2001-07-06 22:21:00+00:00,193,54,6.637305699481865,33.0,4.6674994686627995,8,40,247,rrc04,codered,normal,0
2001-07-06 22:24:00+00:00,311,58,5.813504823151125,19.0,3.028897945531707,15,37,369,rrc04,codered,normal,0
2001-07-06 22:27:00+00:00,365,72,4.7835616438356166,16.0,2.0284965549877816,21,42,437,rrc04,codered,normal,0
2001-07-06 22:30:00+00:00,272,51,5.139705882352941,15.0,1.7049788428808377,13,28,323,rrc04,codered,normal,0
2001-07-06 22:33:00+00:00,1036,119,5.527992277992278,18.0,1.7254030428198597,7,104,1155,rrc04,codered,normal,0
2001-07-06 22:36:00+00:00,926,51,5.218142548596112,15.0,1.7270354395569052,16,31,977,rrc04,codered,normal,0
2001-07-06 22:39:00+00:00,370,69,5.532432432432432,18.0,2.286334733958458,9,54,439,rrc04,codered,normal,0
2001-07-06 22:42:00+00:00,299,61,6.254180602006689,18.0,2.8931254432290294,7,50,360,rrc04,codered,normal,0
2001-07-06 22:45:00+00:00,306,36,5.493464052287582,32.0,2.621234883421789,8,25,342,rrc04,codered,normal,0
2001-07-06 22:48:00+00:00,360,66,5.877777777777778,30.0,3.389781303262884,12,48,426,rrc04,codered,normal,0
2001-07-06 22:51:00+00:00,434,72,6.928571428571429,37.0,4.881731607650874,11,56,506,rrc04,codered,normal,0
2001-07-06 22:54:00+00:00,278,97,6.629496402877698,38.0,3.517089894944932,24,41,375,rrc04,codered,normal,0
2001-07-06 22:57:00+00:00,218,82,5.7110091743119265,18.0,2.7849477273285634,20,41,300,rrc04,codered,normal,0
2001-07-06 23:00:00+00:00,311,91,5.569131832797428,17.0,2.2080411839637235,32,48,402,rrc04,codered,normal,0
2001-07-06 23:03:00+00:00,410,45,5.736585365853658,15.0,2.0058154594445665,10,30,455,rrc04,codered,normal,0
2001-07-06 23:06:00+00:00,312,41,6.032051282051282,17.0,2.6358472383726674,11,28,353,rrc04,codered,normal,0
2001-07-06 23:09:00+00:00,518,80,5.528957528957529,18.0,2.290262093659953,13,61,598,rrc04,codered,normal,0
2001-07-06 23:12:00+00:00,303,38,4.815181518151816,15.0,1.6245336116867528,11,23,341,rrc04,codered,normal,0
2001-07-06 23:15:00+00:00,550,48,5.592727272727273,17.0,2.244496667241054,7,36,598,rrc04,codered,normal,0
2001-07-06 23:18:00+00:00,372,42,5.688172043010753,15.0,2.3565442834049426,11,27,414,rrc04,codered,normal,0
2001-07-06 23:21:00+00:00,375,70,6.661333333333333,15.0,2.603581806324169,21,40,445,rrc04,codered,normal,0
2001-07-06 23:24:00+00:00,324,49,6.5,15.0,2.6649299900469905,12,35,373,rrc04,codered,normal,0
2001-07-06 23:27:00+00:00,213,51,5.154929577464789,15.0,2.037082655714877,12,30,264,rrc04,codered,normal,0
2001-07-06 23:30:00+00:00,261,82,6.030651340996169,15.0,2.8037705792044356,10,64,343,rrc04,codered,normal,0
2001-07-06 23:33:00+00:00,256,49,5.76953125,18.0,2.4281892235312794,9,32,305,rrc04,codered,normal,0
2001-07-06 23:36:00+00:00,373,94,5.461126005361931,15.0,2.216611867041509,22,55,467,rrc04,codered,normal,0
2001-07-06 23:39:00+00:00,270,60,5.437037037037037,15.0,2.5345243031134466,19,31,330,rrc04,codered,normal,0
2001-07-06 23:42:00+00:00,251,95,5.6892430278884465,16.0,2.48962865130837,4,90,346,rrc04,codered,normal,0
2001-07-06 23:45:00+00:00,339,70,5.0825958702064895,22.0,2.71762917001302,19,38,409,rrc04,codered,normal,0
2001-07-06 23:48:00+00:00,234,33,5.004273504273504,15.0,1.6316785527653375,7,25,267,rrc04,codered,normal,0
2001-07-06 23:51:00+00:00,336,72,6.205357142857143,17.0,2.661917473242501,22,44,408,rrc04,codered,normal,0
2001-07-06 23:54:00+00:00,398,70,5.917085427135678,18.0,2.66385815106278,17,49,468,rrc04,codered,normal,0
2001-07-06 23:57:00+00:00,479,50,5.448851774530271,19.0,1.9697593022291189,14,32,529,rrc04,codered,normal,0
2001-07-07 00:00:00+00:00,369,64,5.130081300813008,20.0,2.271393980950115,20,34,433,rrc04,codered,normal,0
2001-07-07 00:03:00+00:00,497,82,5.971830985915493,16.0,2.1104347601541336,20,53,579,rrc04,codered,normal,0
2001-07-07 00:06:00+00:00,334,47,5.796407185628743,15.0,2.165430416358854,13,34,381,rrc04,codered,normal,0
2001-07-07 00:09:00+00:00,293,69,6.051194539249146,16.0,2.1243204750992284,18,34,362,rrc04,codered,normal,0
2001-07-07 00:12:00+00:00,346,74,5.890173410404624,15.0,1.8118321688498413,15,55,420,rrc04,codered,normal,0
2001-07-07 00:15:00+00:00,217,35,6.276497695852535,15.0,2.6582712741639787,8,24,252,rrc04,codered,normal,0
2001-07-07 00:18:00+00:00,265,66,6.460377358490566,16.0,2.5843023672792427,17,44,331,rrc04,codered,normal,0
2001-07-07 00:21:00+00:00,496,37,5.568548387096774,18.0,2.2734749207767004,11,23,533,rrc04,codered,normal,0
2001-07-07 00:24:00+00:00,223,39,6.04932735426009,18.0,2.4259965352001873,10,19,262,rrc04,codered,normal,0
2001-07-07 00:27:00+00:00,401,116,6.633416458852868,18.0,2.7137372062465834,30,59,517,rrc04,codered,normal,0
2001-07-07 00:30:00+00:00,543,78,5.383057090239411,15.0,1.9308125395902749,11,58,621,rrc04,codered,normal,0
2001-07-07 00:33:00+00:00,872,60,5.150229357798165,17.0,1.77886417288115,9,44,932,rrc04,codered,normal,0
2001-07-07 00:36:00+00:00,397,55,6.367758186397985,19.0,2.22890746230776,16,34,452,rrc04,codered,normal,0
2001-07-07 00:39:00+00:00,471,71,6.348195329087049,15.0,2.2922818742785345,21,45,542,rrc04,codered,normal,0
2001-07-07 00:42:00+00:00,260,45,5.6,15.0,2.2104646222352997,10,27,305,rrc04,codered,normal,0
2001-07-07 00:45:00+00:00,535,42,6.667289719626168,16.0,2.135055677924639,7,32,577,rrc04,codered,normal,0
2001-07-07 00:48:00+00:00,235,125,5.872340425531915,13.0,2.021343783877719,26,91,360,rrc04,codered,normal,0
2001-07-07 00:51:00+00:00,293,740,6.085324232081911,16.0,2.260256784317001,46,692,1033,rrc04,codered,normal,0
2001-07-07 00:54:00+00:00,271,64,5.977859778597786,15.0,2.054485829743881,14,43,335,rrc04,codered,normal,0
2001-07-07 00:57:00+00:00,261,68,5.773946360153257,12.0,2.0376370839802793,14,46,329,rrc04,codered,normal,0
2001-07-07 01:00:00+00:00,277,58,5.689530685920578,15.0,2.3327054983857627,16,36,335,rrc04,codered,normal,0
2001-07-07 01:03:00+00:00,409,160,5.787286063569682,15.0,1.6343604863497,26,128,569,rrc04,codered,normal,0
2001-07-07 01:06:00+00:00,266,43,5.650375939849624,19.0,2.363956288164703,16,24,309,rrc04,codered,normal,0
2001-07-07 01:09:00+00:00,269,64,6.092936802973978,13.0,1.5860410837762717,9,51,333,rrc04,codered,normal,0
2001-07-07 01:12:00+00:00,318,148,6.213836477987422,16.0,2.158396737489474,18,120,466,rrc04,codered,normal,0
2001-07-07 01:15:00+00:00,863,79,5.819235225955968,19.0,2.0744544286193562,14,56,942,rrc04,codered,normal,0
2001-07-07 01:18:00+00:00,1082,106,5.055452865064695,16.0,1.8588532300742828,14,89,1188,rrc04,codered,normal,0
2001-07-07 01:21:00+00:00,671,131,6.017883755588674,18.0,2.2323276481428738,18,97,802,rrc04,codered,normal,0
2001-07-07 01:24:00+00:00,254,35,6.551181102362205,15.0,2.0242959752833554,6,28,289,rrc04,codered,normal,0
2001-07-07 01:27:00+00:00,396,39,7.123737373737374,18.0,2.4837537109552574,6,28,435,rrc04,codered,normal,0
2001-07-07 01:30:00+00:00,334,94,6.664670658682635,15.0,2.209426669726689,13,81,428,rrc04,codered,normal,0
2001-07-07 01:33:00+00:00,288,69,5.979166666666667,16.0,2.184124379598276,7,58,357,rrc04,codered,normal,0
2001-07-07 01:36:00+00:00,266,52,6.650375939849624,15.0,2.2398349851997734,6,42,318,rrc04,codered,normal,0
2001-07-07 01:39:00+00:00,198,94,5.363636363636363,15.0,1.8880514537509352,8,85,292,rrc04,codered,normal,0
2001-07-07 01:42:00+00:00,421,87,6.375296912114014,16.0,2.298767142410491,13,70,508,rrc04,codered,normal,0
2001-07-07 01:45:00+00:00,229,42,6.039301310043668,15.0,2.7187255299984834,5,32,271,rrc04,codered,normal,0
2001-07-07 01:48:00+00:00,254,35,6.165354330708661,15.0,2.9637276472987755,8,25,289,rrc04,codered,normal,0
2001-07-07 01:51:00+00:00,318,66,6.040880503144654,19.0,2.3421678351711774,7,56,384,rrc04,codered,normal,0
2001-07-07 01:54:00+00:00,248,109,6.181451612903226,15.0,2.9789819362814116,9,100,357,rrc04,codered,normal,0
2001-07-07 01:57:00+00:00,529,59,5.948960302457467,16.0,1.9422775826987173,11,41,588,rrc04,codered,normal,0
2001-07-07 02:00:00+00:00,470,103,7.059574468085106,18.0,2.5071522859371815,9,89,573,rrc04,codered,normal,0
2001-07-07 02:03:00+00:00,558,81,6.326164874551972,17.0,2.287819544178079,9,56,639,rrc04,codered,normal,0
2001-07-07 02:06:00+00:00,711,203,5.9451476793248945,18.0,1.591494958150829,74,120,914,rrc04,codered,normal,0
2001-07-07 02:09:00+00:00,362,58,5.803867403314917,17.0,2.3060541181155716,8,46,420,rrc04,codered,normal,0
2001-07-07 02:12:00+00:00,265,57,6.158490566037736,18.0,2.7903765866266186,4,49,322,rrc04,codered,normal,0
2001-07-07 02:15:00+00:00,388,82,6.345360824742268,15.0,2.447237896775414,7,70,470,rrc04,codered,normal,0
2001-07-07 02:18:00+00:00,377,105,6.076923076923077,18.0,2.4423155245389148,20,70,482,rrc04,codered,normal,0
2001-07-07 02:21:00+00:00,374,93,5.713903743315508,15.0,2.041277059469243,21,65,467,rrc04,codered,normal,0
2001-07-07 02:24:00+00:00,335,114,6.074626865671642,16.0,2.253444678813364,13,90,449,rrc04,codered,normal,0
2001-07-07 02:27:00+00:00,318,108,6.8742138364779874,15.0,2.3492060437592457,10,88,426,rrc04,codered,normal,0
2001-07-07 02:30:00+00:00,309,80,6.88673139158576,18.0,2.667699394709907,5,73,389,rrc04,codered,normal,0
2001-07-07 02:33:00+00:00,274,72,5.656934306569343,16.0,2.601060862191244,8,64,346,rrc04,codered,normal,0
2001-07-07 02:36:00+00:00,304,112,5.605263157894737,15.0,2.2335889656760997,15,89,416,rrc04,codered,normal,0
2001-07-07 02:39:00+00:00,591,79,6.622673434856176,15.0,2.328683853008784,14,61,670,rrc04,codered,normal,0
2001-07-07 02:42:00+00:00,1187,279,7.989890480202191,19.0,2.7103779903704273,69,145,1466,rrc04,codered,normal,0
2001-07-07 02:45:00+00:00,379,124,9.015831134564644,17.0,3.8834963075081013,26,88,503,rrc04,codered,normal,0
2001-07-07 02:48:00+00:00,476,70,5.974789915966387,18.0,2.1691580865866356,10,60,546,rrc04,codered,normal,0
2001-07-07 02:51:00+00:00,390,98,6.441025641025641,22.0,3.2225740586439753,16,78,488,rrc04,codered,normal,0
2001-07-07 02:54:00+00:00,497,88,7.293762575452717,24.0,3.357058291151487,13,74,585,rrc04,codered,normal,0
2001-07-07 02:57:00+00:00,180,48,7.094444444444444,15.0,2.8160200879614603,13,29,228,rrc04,codered,normal,0
2001-07-07 03:00:00+00:00,276,86,6.721014492753623,15.0,2.6956205195274068,11,71,362,rrc04,codered,normal,0
2001-07-07 03:03:00+00:00,446,83,5.979820627802691,15.0,1.9389900667709408,24,54,529,rrc04,codered,normal,0
2001-07-07 03:06:00+00:00,204,62,5.642156862745098,16.0,2.6851785011870657,11,37,266,rrc04,codered,normal,0
2001-07-07 03:09:00+00:00,290,54,5.503448275862069,15.0,1.9427110028071755,2,51,344,rrc04,codered,normal,0
2001-07-07 03:12:00+00:00,668,162,5.9895209580838324,15.0,2.25902270968093,9,146,830,rrc04,codered,normal,0
2001-07-07 03:15:00+00:00,482,71,6.08298755186722,15.0,2.2447174030960015,7,64,553,rrc04,codered,normal,0
2001-07-07 03:18:00+00:00,352,76,7.028409090909091,19.0,2.9473196167965425,6,67,428,rrc04,codered,normal,0
2001-07-07 03:21:00+00:00,244,49,6.418032786885246,20.0,3.256368700512753,9,37,293,rrc04,codered,normal,0
2001-07-07 03:24:00+00:00,367,46,5.716621253405995,16.0,2.019340147948774,16,28,413,rrc04,codered,normal,0
2001-07-07 03:27:00+00:00,193,101,5.772020725388601,22.0,2.634927722575593,21,78,294,rrc04,codered,normal,0
2001-07-07 03:30:00+00:00,423,120,6.782505910165485,15.0,2.795635970873811,28,85,543,rrc04,codered,normal,0
2001-07-07 03:33:00+00:00,396,105,6.217171717171717,16.0,2.30355633723077,8,91,501,rrc04,codered,normal,0
2001-07-07 03:36:00+00:00,329,161,5.735562310030395,15.0,2.086280208730204,41,95,490,rrc04,codered,normal,0
2001-07-07 03:39:00+00:00,335,107,7.122388059701493,15.0,2.9755130447135354,16,84,442,rrc04,codered,normal,0
2001-07-07 03:42:00+00:00,394,114,7.434010152284264,16.0,3.289262744280572,22,79,508,rrc04,codered,normal,0
2001-07-07 03:45:00+00:00,174,36,7.712643678160919,16.0,3.2937001726110005,5,29,210,rrc04,codered,normal,0
2001-07-07 03:48:00+00:00,354,144,6.3841807909604515,15.0,2.5840402235489965,37,90,498,rrc04,codered,normal,0
2001-07-07 03:51:00+00:00,265,56,6.683018867924528,18.0,2.5604934554677263,4,51,321,rrc04,codered,normal,0
2001-07-07 03:54:00+00:00,298,72,6.110738255033557,18.0,2.7339192051119903,8,57,370,rrc04,codered,normal,0
2001-07-07 03:57:00+00:00,457,92,6.048140043763676,14.0,1.906421785479651,21,66,549,rrc04,codered,normal,0
2001-07-07 04:00:00+00:00,298,93,5.469798657718121,18.0,2.172299826599103,6,84,391,rrc04,codered,normal,0
2001-07-07 04:03:00+00:00,341,52,6.8885630498533725,19.0,2.5398671057058118,13,36,393,rrc04,codered,normal,0
2001-07-07 04:06:00+00:00,210,63,6.5095238095238095,19.0,2.7606770670400267,3,60,273,rrc04,codered,normal,0
2001-07-07 04:09:00+00:00,268,113,6.1940298507462686,15.0,2.2006702233512305,12,101,381,rrc04,codered,normal,0
2001-07-07 04:12:00+00:00,490,49,5.697959183673469,16.0,1.9708580743814192,7,39,539,rrc04,codered,normal,0
2001-07-07 04:15:00+00:00,348,97,6.790229885057471,15.0,2.4340064304505646,7,87,445,rrc04,codered,normal,0
2001-07-07 04:18:00+00:00,367,72,6.5967302452316074,15.0,2.750435227533334,7,62,439,rrc04,codered,normal,0
2001-07-07 04:21:00+00:00,399,76,7.634085213032582,21.0,4.027031606737281,6,65,475,rrc04,codered,normal,0
2001-07-07 04:24:00+00:00,532,91,6.934210526315789,16.0,2.3502908828215623,15,66,623,rrc04,codered,normal,0
2001-07-07 04:27:00+00:00,396,109,5.376262626262626,15.0,1.830532894679086,15,89,505,rrc04,codered,normal,0
2001-07-07 04:30:00+00:00,1516,260,6.012532981530343,19.0,1.7717293761806439,38,215,1776,rrc04,codered,normal,0
2001-07-07 04:33:00+00:00,1449,302,5.5438233264320225,16.0,1.4008444704342258,109,141,1751,rrc04,codered,normal,0
2001-07-07 04:36:00+00:00,759,106,5.840579710144928,16.0,1.7323208802977568,5,100,865,rrc04,codered,normal,0
2001-07-07 04:39:00+00:00,300,70,6.53,16.0,2.522386436161861,14,49,370,rrc04,codered,normal,0
2001-07-07 04:42:00+00:00,833,268,5.770708283313326,16.0,1.307107398202454,72,128,1101,rrc04,codered,normal,0
2001-07-07 04:45:00+00:00,506,58,6.071146245059288,16.0,1.8951981839580774,16,30,564,rrc04,codered,normal,0
2001-07-07 04:48:00+00:00,247,34,4.7894736842105265,12.0,1.3897435635340796,5,26,281,rrc04,codered,normal,0
2001-07-07 04:51:00+00:00,140,37,6.207142857142857,15.0,3.2082403467397795,11,26,177,rrc04,codered,normal,0
2001-07-07 04:54:00+00:00,245,31,5.1755102040816325,18.0,2.7385778084913315,6,21,276,rrc04,codered,normal,0
2001-07-07 04:57:00+00:00,842,285,5.690023752969121,15.0,2.1730633935759744,13,271,1127,rrc04,codered,normal,0
2001-07-07 05:00:00+00:00,1176,439,5.14030612244898,18.0,1.4309056791946948,184,255,1615,rrc04,codered,normal,0
2001-07-07 05:03:00+00:00,343,126,5.752186588921282,15.0,1.6215889159755918,33,89,469,rrc04,codered,normal,0
2001-07-07 05:06:00+00:00,1169,27,4.380667236954662,16.0,1.1936541216581802,5,21,1196,rrc04,codered,normal,0
2001-07-07 05:09:00+00:00,208,44,6.076923076923077,15.0,2.642814305928682,6,31,252,rrc04,codered,normal,0
2001-07-07 05:12:00+00:00,225,55,5.844444444444444,18.0,3.0648948182463913,15,29,280,rrc04,codered,normal,0
2001-07-07 05:15:00+00:00,456,48,6.421052631578948,18.0,3.4486069825419268,7,38,504,rrc04,codered,normal,0
2001-07-07 05:18:00+00:00,181,40,5.3812154696132595,15.0,2.9213409210116623,8,26,221,rrc04,codered,normal,0
2001-07-07 05:21:00+00:00,394,71,5.269035532994923,15.0,2.1275818794019985,14,45,465,rrc04,codered,normal,0
2001-07-07 05:24:00+00:00,145,33,5.682758620689655,16.0,2.682519269528404,8,25,178,rrc04,codered,normal,0
2001-07-07 05:27:00+00:00,329,68,5.449848024316109,18.0,2.1104908693065196,16,48,397,rrc04,codered,normal,0
2001-07-07 05:30:00+00:00,491,74,5.682281059063136,18.0,2.0385469872369413,18,51,565,rrc04,codered,normal,0
2001-07-07 05:33:00+00:00,551,104,6.323049001814882,15.0,2.465919161237556,28,66,655,rrc04,codered,normal,0
2001-07-07 05:36:00+00:00,419,99,6.281622911694511,15.0,2.5566463043574954,19,79,518,rrc04,codered,normal,0
2001-07-07 05:39:00+00:00,277,51,5.772563176895307,16.0,2.702232984998602,6,43,328,rrc04,codered,normal,0
2001-07-07 05:42:00+00:00,305,44,6.19344262295082,15.0,2.3114730845238856,9,33,349,rrc04,codered,normal,0
2001-07-07 05:45:00+00:00,313,32,5.1916932907348246,15.0,1.7535891105242514,5,26,345,rrc04,codered,normal,0
2001-07-07 05:48:00+00:00,290,84,6.0,15.0,2.8113072183349277,22,47,374,rrc04,codered,normal,0
2001-07-07 05:51:00+00:00,284,71,5.757042253521127,16.0,2.6164672959719364,12,56,355,rrc04,codered,normal,0
2001-07-07 05:54:00+00:00,603,98,5.7164179104477615,18.0,1.9835590668340366,12,82,701,rrc04,codered,normal,0
2001-07-07 05:57:00+00:00,717,86,6.694560669456067,18.0,2.3988923485964606,25,45,803,rrc04,codered,normal,0
2001-07-07 06:00:00+00:00,412,38,4.922330097087379,18.0,1.6321367279743764,6,31,450,rrc04,codered,normal,0
2001-07-07 06:03:00+00:00,414,73,4.888888888888889,15.0,2.0399920010789048,10,60,487,rrc04,codered,normal,0
2001-07-07 06:06:00+00:00,196,175,6.209183673469388,14.0,2.443675165238382,12,160,371,rrc04,codered,normal,0
2001-07-07 06:09:00+00:00,427,47,4.674473067915691,16.0,2.1640839592687073,9,32,474,rrc04,codered,normal,0
2001-07-07 06:12:00+00:00,585,148,4.9914529914529915,15.0,1.9431920452475286,41,85,733,rrc04,codered,normal,0
2001-07-07 06:15:00+00:00,428,68,5.572429906542056,18.0,2.3899882067207945,16,50,496,rrc04,codered,normal,0
2001-07-07 06:18:00+00:00,352,142,5.5625,15.0,2.078450717809695,41,76,494,rrc04,codered,normal,0
2001-07-07 06:21:00+00:00,522,122,5.879310344827586,16.0,2.5987753348165437,30,77,644,rrc04,codered,normal,0
2001-07-07 06:24:00+00:00,813,100,6.289052890528906,18.0,2.4300984168909245,12,85,913,rrc04,codered,normal,0
2001-07-07 06:27:00+00:00,371,84,5.649595687331536,15.0,2.165925435043894,17,64,455,rrc04,codered,normal,0
2001-07-07 06:30:00+00:00,186,41,6.333333333333333,16.0,2.7428630098930253,8,27,227,rrc04,codered,normal,0
2001-07-07 06:33:00+00:00,334,82,5.6946107784431135,13.0,1.9780610322507681,5,75,416,rrc04,codered,normal,0
2001-07-07 06:36:00+00:00,271,46,6.273062730627307,18.0,2.6754268948834325,13,31,317,rrc04,codered,normal,0
2001-07-07 06:39:00+00:00,619,50,5.8659127625201934,18.0,1.8435894079626685,5,44,669,rrc04,codered,normal,0
2001-07-07 06:42:00+00:00,1070,413,6.029906542056075,15.0,1.774966892057744,104,210,1483,rrc04,codered,normal,0
2001-07-07 06:45:00+00:00,795,59,5.261635220125786,16.0,1.4604125695244312,9,49,854,rrc04,codered,normal,0
2001-07-07 06:48:00+00:00,1763,141,4.768009075439592,15.0,1.4502754079316356,26,100,1904,rrc04,codered,normal,0
2001-07-07 06:51:00+00:00,1705,92,5.315542521994135,15.0,1.2258788512203393,16,72,1797,rrc04,codered,normal,0
2001-07-07 06:54:00+00:00,1239,110,5.076674737691687,15.0,1.616030444838059,15,93,1349,rrc04,codered,normal,0
2001-07-07 06:57:00+00:00,1425,81,4.941052631578947,15.0,1.740951226389905,22,57,1506,rrc04,codered,normal,0
2001-07-07 07:00:00+00:00,271,65,5.634686346863469,15.0,2.1552595483630044,7,55,336,rrc04,codered,normal,0
2001-07-07 07:03:00+00:00,570,55,5.005263157894737,19.0,2.396995272055557,3,51,625,rrc04,codered,normal,0
2001-07-07 07:06:00+00:00,779,186,5.182284980744544,20.0,2.3456499855266393,26,154,965,rrc04,codered,normal,0
2001-07-07 07:09:00+00:00,434,60,5.244239631336406,16.0,2.1381495289185484,16,35,494,rrc04,codered,normal,0
2001-07-07 07:12:00+00:00,2824,59,4.34985835694051,18.0,0.987230786508198,10,41,2883,rrc04,codered,normal,0
2001-07-07 07:15:00+00:00,308,78,5.0941558441558445,15.0,2.246403677482323,5,72,386,rrc04,codered,normal,0
2001-07-07 07:18:00+00:00,270,67,5.681481481481481,15.0,2.8691251779408478,3,62,337,rrc04,codered,normal,0
2001-07-07 07:21:00+00:00,423,111,5.215130023640662,18.0,2.094359851220307,10,98,534,rrc04,codered,normal,0
2001-07-07 07:24:00+00:00,518,135,5.552123552123552,15.0,2.0230776012980494,32,96,653,rrc04,codered,normal,0
2001-07-07 07:27:00+00:00,660,175,5.515151515151516,15.0,1.9008963136439023,35,118,835,rrc04,codered,normal,0
2001-07-07 07:30:00+00:00,516,97,5.327519379844961,15.0,1.8830379260704684,21,74,613,rrc04,codered,normal,0
2001-07-07 07:33:00+00:00,432,108,5.699074074074074,15.0,1.7683427777719503,16,88,540,rrc04,codered,normal,0
2001-07-07 07:36:00+00:00,420,118,5.966666666666667,15.0,2.6401358791390757,29,81,538,rrc04,codered,normal,0
2001-07-07 07:39:00+00:00,478,159,5.646443514644352,15.0,1.9020188316446143,49,106,637,rrc04,codered,normal,0
2001-07-07 07:42:00+00:00,266,80,6.2368421052631575,21.0,3.6522106537383325,30,50,346,rrc04,codered,normal,0
2001-07-07 07:45:00+00:00,309,124,6.051779935275081,22.0,3.3477865561230042,45,76,433,rrc04,codered,normal,0
2001-07-07 07:48:00+00:00,534,135,6.185393258426966,18.0,1.9777063036823652,38,93,669,rrc04,codered,normal,0
2001-07-07 07:51:00+00:00,464,122,6.163793103448276,16.0,2.7226507289177904,4,118,586,rrc04,codered,normal,0
2001-07-07 07:54:00+00:00,418,135,6.688995215311005,15.0,3.0692055055639083,31,85,553,rrc04,codered,normal,0
2001-07-07 07:57:00+00:00,899,273,5.60956618464961,15.0,2.133465987524614,41,198,1172,rrc04,codered,normal,0
2001-07-07 08:00:00+00:00,649,153,5.49768875192604,16.0,1.8014916491575588,28,124,802,rrc04,codered,normal,0
2001-07-07 08:03:00+00:00,698,85,5.510028653295129,16.0,2.278097343473784,14,67,783,rrc04,codered,normal,0
2001-07-07 08:06:00+00:00,340,122,6.079411764705882,16.0,2.7207567515377153,31,88,462,rrc04,codered,normal,0
2001-07-07 08:09:00+00:00,543,90,5.699815837937385,15.0,2.062588792255258,10,78,633,rrc04,codered,normal,0
2001-07-07 08:12:00+00:00,380,63,6.028947368421052,16.0,2.5405560823875217,12,44,443,rrc04,codered,normal,0
2001-07-07 08:15:00+00:00,332,139,7.021084337349397,15.0,3.5689644517629273,32,85,471,rrc04,codered,normal,0
2001-07-07 08:18:00+00:00,311,84,5.517684887459807,16.0,2.083199318139378,13,63,395,rrc04,codered,normal,0
2001-07-07 08:21:00+00:00,653,290,5.272588055130169,18.0,1.8066913767328503,37,240,943,rrc04,codered,normal,0
2001-07-07 08:24:00+00:00,2639,88,4.873057976506252,15.0,1.3902265937106797,21,65,2727,rrc04,codered,normal,0
2001-07-07 08:27:00+00:00,762,91,5.724409448818897,16.0,1.9868749068181897,15,75,853,rrc04,codered,normal,0
2001-07-07 08:30:00+00:00,607,148,4.8072487644151565,15.0,1.8883358718207146,31,107,755,rrc04,codered,normal,0
2001-07-07 08:33:00+00:00,533,55,5.846153846153846,15.0,1.8697676789723061,5,46,588,rrc04,codered,normal,0
2001-07-07 08:36:00+00:00,455,63,5.450549450549451,18.0,1.9970513222795203,16,40,518,rrc04,codered,normal,0
2001-07-07 08:39:00+00:00,471,112,5.83864118895966,18.0,1.7152598054935255,37,72,583,rrc04,codered,normal,0
2001-07-07 08:42:00+00:00,357,281,5.851540616246498,15.0,1.9979903437245203,19,260,638,rrc04,codered,normal,0
2001-07-07 08:45:00+00:00,622,127,5.440514469453376,16.0,1.860616982416551,11,114,749,rrc04,codered,normal,0
2001-07-07 08:48:00+00:00,351,51,6.264957264957265,14.0,2.1957995216968826,13,34,402,rrc04,codered,normal,0
2001-07-07 08:51:00+00:00,239,102,6.046025104602511,15.0,2.485517653877751,12,87,341,rrc04,codered,normal,0
2001-07-07 08:54:00+00:00,358,81,5.184357541899441,16.0,1.3961563380253956,10,69,439,rrc04,codered,normal,0
2001-07-07 08:57:00+00:00,316,83,5.822784810126582,15.0,2.118391398738741,11,70,399,rrc04,codered,normal,0
2001-07-07 09:00:00+00:00,342,51,5.652046783625731,18.0,2.242331680691406,11,34,393,rrc04,codered,normal,0
2001-07-07 09:03:00+00:00,643,88,5.2457231726283045,15.0,1.9840639360985304,10,74,731,rrc04,codered,normal,0
2001-07-07 09:06:00+00:00,663,53,6.266968325791855,16.0,2.2423816410986133,17,34,716,rrc04,codered,normal,0
2001-07-07 09:09:00+00:00,264,72,5.787878787878788,15.0,2.5747324163125476,10,57,336,rrc04,codered,normal,0
2001-07-07 09:12:00+00:00,156,44,5.666666666666667,15.0,2.4240603078447482,5,36,200,rrc04,codered,normal,0
2001-07-07 09:15:00+00:00,282,60,5.308510638297872,15.0,1.978752001623594,5,52,342,rrc04,codered,normal,0
2001-07-07 09:18:00+00:00,280,112,5.628571428571429,18.0,2.4909632593002398,15,88,392,rrc04,codered,normal,0
2001-07-07 09:21:00+00:00,296,94,4.760135135135135,14.0,1.5044636228733834,22,71,390,rrc04,codered,normal,0
2001-07-07 09:24:00+00:00,904,366,4.878318584070796,15.0,1.5481272744177803,42,324,1270,rrc04,codered,normal,0
2001-07-07 09:27:00+00:00,373,66,6.214477211796247,24.0,2.886987456945119,4,59,439,rrc04,codered,normal,0
2001-07-07 09:30:00+00:00,475,119,5.4,15.0,1.8558584338024788,13,97,594,rrc04,codered,normal,0
2001-07-07 09:33:00+00:00,428,131,5.955607476635514,15.0,2.1037108635283692,16,100,559,rrc04,codered,normal,0
2001-07-07 09:36:00+00:00,504,54,4.513888888888889,16.0,1.7468240896989982,6,47,558,rrc04,codered,normal,0
2001-07-07 09:39:00+00:00,439,254,6.2984054669703875,18.0,2.4550208345370748,76,137,693,rrc04,codered,normal,0
2001-07-07 09:42:00+00:00,577,114,5.9393414211438476,15.0,2.324191572143066,19,84,691,rrc04,codered,normal,0
2001-07-07 09:45:00+00:00,559,34,5.001788908765653,15.0,1.9914837516931998,4,30,593,rrc04,codered,normal,0
2001-07-07 09:48:00+00:00,591,96,5.6209813874788495,16.0,1.9078162456234462,17,68,687,rrc04,codered,normal,0
2001-07-07 09:51:00+00:00,319,51,5.137931034482759,18.0,2.0295088233878844,8,38,370,rrc04,codered,normal,0
2001-07-07 09:54:00+00:00,559,67,5.622540250447227,18.0,2.0700418673202274,13,52,626,rrc04,codered,normal,0
2001-07-07 09:57:00+00:00,533,74,5.859287054409005,15.0,2.2105183185282833,20,36,607,rrc04,codered,normal,0
2001-07-07 10:00:00+00:00,289,88,5.529411764705882,17.0,2.357348812883986,11,74,377,rrc04,codered,normal,0
2001-07-07 10:03:00+00:00,279,65,5.648745519713262,18.0,2.8796511766874633,10,48,344,rrc04,codered,normal,0
2001-07-07 10:06:00+00:00,360,78,5.6194444444444445,16.0,2.3362267113689077,12,58,438,rrc04,codered,normal,0
2001-07-07 10:09:00+00:00,225,74,5.7555555555555555,16.0,2.793290019994785,12,61,299,rrc04,codered,normal,0
2001-07-07 10:12:00+00:00,617,175,4.47001620745543,18.0,1.74356668847054,4,166,792,rrc04,codered,normal,0
2001-07-07 10:15:00+00:00,143,29,6.111888111888112,15.0,2.599367580710524,8,20,172,rrc04,codered,normal,0
2001-07-07 10:18:00+00:00,95,34,6.273684210526316,16.0,3.391761241793066,7,24,129,rrc04,codered,normal,0
2001-07-07 10:21:00+00:00,649,94,5.203389830508475,16.0,1.576577666246925,8,86,743,rrc04,codered,normal,0
2001-07-07 10:24:00+00:00,613,82,5.531810766721044,18.0,1.9237630037757967,8,73,695,rrc04,codered,normal,0
2001-07-07 10:27:00+00:00,653,69,5.996937212863706,15.0,1.8808268824521197,9,57,722,rrc04,codered,normal,0
2001-07-07 10:30:00+00:00,214,198,6.271028037383178,15.0,2.312380710569904,10,179,412,rrc04,codered,normal,0
2001-07-07 10:33:00+00:00,434,109,5.806451612903226,16.0,2.183801876259718,28,81,543,rrc04,codered,normal,0
2001-07-07 10:36:00+00:00,569,133,6.697715289982425,15.0,2.4118945983161457,31,93,702,rrc04,codered,normal,0
2001-07-07 10:39:00+00:00,329,105,6.103343465045593,18.0,2.759061512939452,11,92,434,rrc04,codered,normal,0
2001-07-07 10:42:00+00:00,211,56,5.137440758293839,14.0,1.945969486336074,8,46,267,rrc04,codered,normal,0
2001-07-07 10:45:00+00:00,415,105,5.187951807228916,15.0,2.179499090808272,21,77,520,rrc04,codered,normal,0
2001-07-07 10:48:00+00:00,345,106,5.272463768115942,16.0,2.262734273752618,19,86,451,rrc04,codered,normal,0
2001-07-07 10:51:00+00:00,249,117,4.859437751004016,15.0,1.9554067986311938,39,72,366,rrc04,codered,normal,0
2001-07-07 10:54:00+00:00,504,88,4.865079365079365,15.0,1.4217872421551518,9,76,592,rrc04,codered,normal,0
2001-07-07 10:57:00+00:00,284,123,5.492957746478873,15.0,1.7492311344116083,49,63,407,rrc04,codered,normal,0
2001-07-07 11:00:00+00:00,202,108,5.321782178217822,15.0,2.3272855884010917,15,86,310,rrc04,codered,normal,0
2001-07-07 11:03:00+00:00,283,50,6.480565371024735,18.0,2.7192827400410082,4,44,333,rrc04,codered,normal,0
2001-07-07 11:06:00+00:00,176,65,5.545454545454546,15.0,2.9092684604908174,5,55,241,rrc04,codered,normal,0
2001-07-07 11:09:00+00:00,298,87,5.184563758389261,15.0,1.922010441842686,6,80,385,rrc04,codered,normal,0
2001-07-07 11:12:00+00:00,309,49,5.233009708737864,16.0,2.300431436227996,6,40,358,rrc04,codered,normal,0
2001-07-07 11:15:00+00:00,342,65,4.9678362573099415,16.0,1.9092313437783084,5,59,407,rrc04,codered,normal,0
2001-07-07 11:18:00+00:00,324,61,4.996913580246914,16.0,1.99613586091921,10,41,385,rrc04,codered,normal,0
2001-07-07 11:21:00+00:00,471,74,5.1571125265392785,18.0,2.388211348674255,16,53,545,rrc04,codered,normal,0
2001-07-07 11:24:00+00:00,992,107,5.23991935483871,15.0,1.889833580302322,25,69,1099,rrc04,codered,normal,0
2001-07-07 11:27:00+00:00,297,58,4.831649831649831,17.0,1.950207181933833,6,50,355,rrc04,codered,normal,0
2001-07-07 11:30:00+00:00,293,48,5.078498293515358,18.0,2.3274548779818387,6,38,341,rrc04,codered,normal,0
2001-07-07 11:33:00+00:00,393,84,5.379134860050891,15.0,2.0776950099405473,12,64,477,rrc04,codered,normal,0
2001-07-07 11:36:00+00:00,651,202,5.082949308755761,15.0,2.084807430806037,9,188,853,rrc04,codered,normal,0
2001-07-07 11:39:00+00:00,361,120,5.238227146814404,16.0,2.5856585424198633,12,104,481,rrc04,codered,normal,0
2001-07-07 11:42:00+00:00,457,111,4.774617067833698,18.0,1.8521886976020778,14,87,568,rrc04,codered,normal,0
2001-07-07 11:45:00+00:00,430,81,4.972093023255814,16.0,1.7531799124163392,12,59,511,rrc04,codered,normal,0
2001-07-07 11:48:00+00:00,426,102,5.234741784037559,16.0,2.1254802393526284,15,81,528,rrc04,codered,normal,0
2001-07-07 11:51:00+00:00,523,100,5.317399617590822,17.0,2.3019285552717266,15,78,623,rrc04,codered,normal,0
2001-07-07 11:54:00+00:00,475,153,5.941052631578947,18.0,2.8589101617608397,30,96,628,rrc04,codered,normal,0
2001-07-07 11:57:00+00:00,224,107,5.892857142857143,14.0,2.4233136362410534,10,94,331,rrc04,codered,normal,0
2001-07-07 12:00:00+00:00,476,79,4.957983193277311,15.0,1.7639954552390686,11,62,555,rrc04,codered,normal,0
2001-07-07 12:03:00+00:00,1105,57,7.046153846153846,24.0,3.3451046360472962,9,47,1162,rrc04,codered,normal,0
2001-07-07 12:06:00+00:00,965,77,6.248704663212435,24.0,2.985684476565667,12,58,1042,rrc04,codered,normal,0
2001-07-07 12:09:00+00:00,276,88,5.521739130434782,16.0,2.5769811326499905,16,65,364,rrc04,codered,normal,0
2001-07-07 12:12:00+00:00,568,118,4.801056338028169,15.0,1.8320884749172508,19,91,686,rrc04,codered,normal,0
2001-07-07 12:15:00+00:00,1393,109,6.168700646087581,23.0,2.270848269955768,20,81,1502,rrc04,codered,normal,0
2001-07-07 12:18:00+00:00,595,77,5.633613445378152,15.0,1.9446663670529587,18,51,672,rrc04,codered,normal,0
2001-07-07 12:21:00+00:00,1002,86,5.684630738522954,15.0,1.7521994485668968,5,79,1088,rrc04,codered,normal,0
2001-07-07 12:24:00+00:00,409,77,5.49877750611247,18.0,2.6398531988306977,5,68,486,rrc04,codered,normal,0
2001-07-07 12:27:00+00:00,713,80,5.357643758765779,15.0,1.9365100842681577,15,49,793,rrc04,codered,normal,0
2001-07-07 12:30:00+00:00,418,54,5.157894736842105,16.0,2.345503153174441,17,33,472,rrc04,codered,normal,0
2001-07-07 12:33:00+00:00,270,56,5.496296296296296,16.0,1.9317007439198126,8,43,326,rrc04,codered,normal,0
2001-07-07 12:36:00+00:00,362,79,4.856353591160221,15.0,1.695403590162775,20,53,441,rrc04,codered,normal,0
2001-07-07 12:39:00+00:00,305,54,5.222950819672131,15.0,2.240344926796746,9,40,359,rrc04,codered,normal,0
2001-07-07 12:42:00+00:00,352,60,4.872159090909091,16.0,1.7379840390937507,15,38,412,rrc04,codered,normal,0
2001-07-07 12:45:00+00:00,192,44,5.307291666666667,15.0,2.385797595130516,6,37,236,rrc04,codered,normal,0
2001-07-07 12:48:00+00:00,504,50,4.8313492063492065,16.0,1.587816136838309,4,43,554,rrc04,codered,normal,0
2001-07-07 12:51:00+00:00,503,39,4.654075546719682,15.0,1.2419195246169137,7,29,542,rrc04,codered,normal,0
2001-07-07 12:54:00+00:00,485,59,4.942268041237114,15.0,1.4361916314965422,19,34,544,rrc04,codered,normal,0
2001-07-07 12:57:00+00:00,435,84,5.2091954022988505,18.0,1.7990822809899398,14,68,519,rrc04,codered,normal,0
2001-07-07 13:00:00+00:00,996,48,5.534136546184739,22.0,2.611343681079258,9,34,1044,rrc04,codered,normal,0
2001-07-07 13:03:00+00:00,365,50,4.890410958904109,16.0,1.7529751136057232,9,34,415,rrc04,codered,normal,0
2001-07-07 13:06:00+00:00,362,48,5.030386740331492,15.0,1.5878211780694444,14,27,410,rrc04,codered,normal,0
2001-07-07 13:09:00+00:00,428,46,5.549065420560748,15.0,2.0913538220024517,9,30,474,rrc04,codered,normal,0
2001-07-07 13:12:00+00:00,472,57,4.8474576271186445,15.0,2.025796008620691,10,40,529,rrc04,codered,normal,0
2001-07-07 13:15:00+00:00,447,48,5.199105145413871,15.0,1.909167593339826,10,32,495,rrc04,codered,normal,0
2001-07-07 13:18:00+00:00,360,64,5.222222222222222,15.0,2.216241953186007,15,37,424,rrc04,codered,normal,0
2001-07-07 13:21:00+00:00,918,43,5.606753812636166,16.0,2.14278902366944,13,23,961,rrc04,codered,normal,0
2001-07-07 13:24:00+00:00,271,41,5.723247232472325,17.0,3.0736611956294357,9,29,312,rrc04,codered,normal,0
2001-07-07 13:27:00+00:00,386,51,5.0932642487046635,18.0,2.210808638690462,11,35,437,rrc04,codered,normal,0
2001-07-07 13:30:00+00:00,433,63,5.187066974595843,16.0,2.13074251934299,16,39,496,rrc04,codered,normal,0
2001-07-07 13:33:00+00:00,443,104,6.3724604966139955,18.0,3.002460998879733,30,52,547,rrc04,codered,normal,0
2001-07-07 13:36:00+00:00,394,42,5.050761421319797,16.0,2.1510148540795986,11,29,436,rrc04,codered,normal,0
2001-07-07 13:39:00+00:00,246,43,5.7682926829268295,16.0,2.674626851055206,12,21,289,rrc04,codered,normal,0
2001-07-07 13:42:00+00:00,356,35,5.202247191011236,18.0,2.4537509707664005,7,26,391,rrc04,codered,normal,0
2001-07-07 13:45:00+00:00,396,139,5.0606060606060606,16.0,2.056368191190733,7,124,535,rrc04,codered,normal,0
2001-07-07 13:48:00+00:00,303,84,5.854785478547854,16.0,2.651116310774477,9,73,387,rrc04,codered,normal,0
2001-07-07 13:51:00+00:00,759,75,6.10935441370224,16.0,2.4963540168983918,2,73,834,rrc04,codered,normal,0
2001-07-07 13:54:00+00:00,284,42,6.637323943661972,15.0,2.633508588672116,12,28,326,rrc04,codered,normal,0
2001-07-07 13:57:00+00:00,330,113,5.8090909090909095,18.0,2.837504626760466,10,99,443,rrc04,codered,normal,0
2001-07-07 14:00:00+00:00,366,48,6.909836065573771,17.0,3.6544847028098033,12,27,414,rrc04,codered,normal,0
2001-07-07 14:03:00+00:00,347,126,5.204610951008646,15.0,2.220206277561457,18,95,473,rrc04,codered,normal,0
2001-07-07 14:06:00+00:00,439,200,4.922551252847381,18.0,2.531517386719634,26,171,639,rrc04,codered,normal,0
2001-07-07 14:09:00+00:00,488,70,5.436475409836065,15.0,2.3417236268350052,11,54,558,rrc04,codered,normal,0
2001-07-07 14:12:00+00:00,626,28,5.608626198083067,15.0,2.4757976797401984,6,22,654,rrc04,codered,normal,0
2001-07-07 14:15:00+00:00,401,53,6.478802992518704,24.0,2.760637926131031,13,35,454,rrc04,codered,normal,0
2001-07-07 14:18:00+00:00,622,489,5.07556270096463,15.0,2.4695732193923656,182,303,1111,rrc04,codered,normal,0
2001-07-07 14:21:00+00:00,444,131,5.238738738738738,16.0,2.1206267631715607,11,116,575,rrc04,codered,normal,0
2001-07-07 14:24:00+00:00,277,90,6.433212996389892,16.0,2.566103987887903,23,56,367,rrc04,codered,normal,0
2001-07-07 14:27:00+00:00,745,162,6.9583892617449665,15.0,3.150308404443312,12,148,907,rrc04,codered,normal,0
2001-07-07 14:30:00+00:00,481,144,7.8004158004158,18.0,3.7134469131520063,19,110,625,rrc04,codered,normal,0
2001-07-07 14:33:00+00:00,445,66,5.334831460674157,15.0,2.305396752205061,16,45,511,rrc04,codered,normal,0
2001-07-07 14:36:00+00:00,261,102,5.475095785440613,18.0,2.6674482494022156,11,84,363,rrc04,codered,normal,0
2001-07-07 14:39:00+00:00,267,102,5.1722846441947565,15.0,2.102321622307557,14,81,369,rrc04,codered,normal,0
2001-07-07 14:42:00+00:00,634,102,4.968454258675079,16.0,2.083194391436721,21,72,736,rrc04,codered,normal,0
2001-07-07 14:45:00+00:00,2244,35,4.7727272727272725,15.0,1.1289598380784704,7,26,2279,rrc04,codered,normal,0
2001-07-07 14:48:00+00:00,300,166,4.723333333333334,18.0,2.350912352447213,38,127,466,rrc04,codered,normal,0
2001-07-07 14:51:00+00:00,447,76,5.076062639821029,14.0,1.7643079967754067,11,60,523,rrc04,codered,normal,0
2001-07-07 14:54:00+00:00,246,110,4.894308943089431,12.0,1.9119351629058436,42,64,356,rrc04,codered,normal,0
2001-07-07 14:57:00+00:00,205,36,5.482926829268293,16.0,2.3861288619572822,6,28,241,rrc04,codered,normal,0
2001-07-07 15:00:00+00:00,164,33,6.402439024390244,16.0,3.3708208311255983,8,22,197,rrc04,codered,normal,0
2001-07-07 15:03:00+00:00,197,37,6.319796954314721,18.0,2.7417183021077403,1,36,234,rrc04,codered,normal,0
2001-07-07 15:06:00+00:00,433,71,5.660508083140877,21.0,2.845154987202784,13,49,504,rrc04,codered,normal,0
2001-07-07 15:09:00+00:00,158,27,6.860759493670886,17.0,3.5586734024344917,6,20,185,rrc04,codered,normal,0
2001-07-07 15:12:00+00:00,132,37,6.818181818181818,18.0,3.915428266792369,6,29,169,rrc04,codered,normal,0
2001-07-07 15:15:00+00:00,149,33,6.456375838926174,20.0,3.433907554615358,4,28,182,rrc04,codered,normal,0
2001-07-07 15:18:00+00:00,532,89,5.909774436090226,15.0,2.2989328894780576,25,61,621,rrc04,codered,normal,0
2001-07-07 15:21:00+00:00,317,88,5.337539432176656,16.0,1.9053993353084804,14,67,405,rrc04,codered,normal,0
2001-07-07 15:24:00+00:00,422,45,5.781990521327014,15.0,2.2104572278848234,7,37,467,rrc04,codered,normal,0
2001-07-07 15:27:00+00:00,331,63,5.688821752265861,15.0,2.2387338893763697,11,50,394,rrc04,codered,normal,0
2001-07-07 15:30:00+00:00,242,65,5.859504132231405,15.0,1.951078468983676,17,42,307,rrc04,codered,normal,0
2001-07-07 15:33:00+00:00,217,46,5.857142857142857,16.0,3.2828077707621213,5,41,263,rrc04,codered,normal,0
2001-07-07 15:36:00+00:00,198,36,5.5,15.0,2.219632329186002,6,28,234,rrc04,codered,normal,0
2001-07-07 15:39:00+00:00,422,55,5.151658767772512,16.0,1.620582832712907,6,49,477,rrc04,codered,normal,0
2001-07-07 15:42:00+00:00,552,39,5.731884057971015,15.0,1.8099557808373195,6,33,591,rrc04,codered,normal,0
2001-07-07 15:45:00+00:00,373,36,6.1233243967828415,16.0,2.0268486598512947,8,27,409,rrc04,codered,normal,0
2001-07-07 15:48:00+00:00,448,63,5.71875,15.0,2.0324172470414212,15,48,511,rrc04,codered,normal,0
2001-07-07 15:51:00+00:00,445,74,5.9460674157303375,16.0,2.6877606977721857,17,50,519,rrc04,codered,normal,0
2001-07-07 15:54:00+00:00,352,88,5.730113636363637,15.0,1.947726526864183,19,56,440,rrc04,codered,normal,0
2001-07-07 15:57:00+00:00,349,35,5.587392550143266,15.0,2.332395823733429,6,26,384,rrc04,codered,normal,0
2001-07-07 16:00:00+00:00,366,102,5.543715846994536,16.0,2.0978785449120796,28,58,468,rrc04,codered,normal,0
2001-07-07 16:03:00+00:00,274,48,6.321167883211679,15.0,2.816619878712478,6,38,322,rrc04,codered,normal,0
2001-07-07 16:06:00+00:00,330,59,5.8,17.0,2.2901634188084667,17,40,389,rrc04,codered,normal,0
2001-07-07 16:09:00+00:00,1557,750,5.02504816955684,18.0,1.804515694680689,25,716,2307,rrc04,codered,normal,0
2001-07-07 16:12:00+00:00,481,102,5.731808731808732,12.0,1.5343626917588244,19,68,583,rrc04,codered,normal,0
2001-07-07 16:15:00+00:00,2345,309,4.682302771855011,16.0,2.205857250844002,96,130,2654,rrc04,codered,normal,0
2001-07-07 16:18:00+00:00,957,68,6.204806687565308,18.0,2.3256009861875104,9,56,1025,rrc04,codered,normal,0
2001-07-07 16:21:00+00:00,377,120,5.323607427055703,15.0,2.1437218768169948,12,99,497,rrc04,codered,normal,0
2001-07-07 16:24:00+00:00,572,66,5.328671328671328,15.0,2.231454177240037,21,40,638,rrc04,codered,normal,0
2001-07-07 16:27:00+00:00,210,62,6.504761904761905,18.0,3.5419225597831936,14,39,272,rrc04,codered,normal,0
2001-07-07 16:30:00+00:00,603,91,5.215588723051409,16.0,2.545758175195096,21,63,694,rrc04,codered,normal,0
2001-07-07 16:33:00+00:00,584,102,5.482876712328767,14.0,1.6633791151419934,18,73,686,rrc04,codered,normal,0
2001-07-07 16:36:00+00:00,298,44,5.741610738255034,13.0,1.7485411242634228,14,30,342,rrc04,codered,normal,0
2001-07-07 16:39:00+00:00,365,85,5.8493150684931505,16.0,2.481003071984716,22,49,450,rrc04,codered,normal,0
2001-07-07 16:42:00+00:00,769,172,5.05591677503251,15.0,1.6870175045606048,52,90,941,rrc04,codered,normal,0
2001-07-07 16:45:00+00:00,425,61,6.136470588235294,16.0,2.329395127688657,21,38,486,rrc04,codered,normal,0
2001-07-07 16:48:00+00:00,1077,102,5.418755803156917,18.0,1.8754488494701365,24,62,1179,rrc04,codered,normal,0
2001-07-07 16:51:00+00:00,435,49,5.296551724137931,16.0,1.8832259114433165,10,34,484,rrc04,codered,normal,0
2001-07-07 16:54:00+00:00,271,45,5.398523985239852,15.0,2.1960711392590864,14,25,316,rrc04,codered,normal,0
2001-07-07 16:57:00+00:00,201,35,5.597014925373134,16.0,2.525844727381695,7,26,236,rrc04,codered,normal,0
2001-07-07 17:00:00+00:00,445,47,5.568539325842696,18.0,2.3783478122152797,10,32,492,rrc04,codered,normal,0
2001-07-07 17:03:00+00:00,518,53,4.818532818532819,16.0,2.2304241008768635,14,39,571,rrc04,codered,normal,0
2001-07-07 17:06:00+00:00,314,112,6.560509554140127,18.0,3.1649706524390453,26,65,426,rrc04,codered,normal,0
2001-07-07 17:09:00+00:00,398,73,6.238693467336684,17.0,2.670480788117763,13,58,471,rrc04,codered,normal,0
2001-07-07 17:12:00+00:00,405,84,5.970370370370371,18.0,3.3853877887340675,22,43,489,rrc04,codered,normal,0
2001-07-07 17:15:00+00:00,515,168,4.675728155339806,18.0,1.488366930657638,9,157,683,rrc04,codered,normal,0
2001-07-07 17:18:00+00:00,367,60,4.346049046321526,15.0,1.9426741949094835,10,41,427,rrc04,codered,normal,0
2001-07-07 17:21:00+00:00,296,64,5.476351351351352,15.0,2.1528065116382913,15,38,360,rrc04,codered,normal,0
2001-07-07 17:24:00+00:00,651,71,5.0691244239631335,15.0,1.9031421188683844,12,51,722,rrc04,codered,normal,0
2001-07-07 17:27:00+00:00,375,45,5.605333333333333,16.0,1.9524953834061227,7,36,420,rrc04,codered,normal,0
2001-07-07 17:30:00+00:00,536,60,5.253731343283582,17.0,2.8499451871245896,15,38,596,rrc04,codered,normal,0
2001-07-07 17:33:00+00:00,293,44,5.593856655290103,16.0,2.2811506452099373,6,37,337,rrc04,codered,normal,0
2001-07-07 17:36:00+00:00,275,46,5.676363636363637,15.0,2.003811244636638,7,33,321,rrc04,codered,normal,0
2001-07-07 17:39:00+00:00,193,56,5.5025906735751295,15.0,2.2810877151170876,7,47,249,rrc04,codered,normal,0
2001-07-07 17:42:00+00:00,175,41,5.537142857142857,15.0,2.7375782534710402,10,27,216,rrc04,codered,normal,0
2001-07-07 17:45:00+00:00,243,30,5.333333333333333,16.0,2.0608041101101566,6,22,273,rrc04,codered,normal,0
2001-07-07 17:48:00+00:00,170,51,6.523529411764706,16.0,2.966881787879759,10,36,221,rrc04,codered,normal,0
2001-07-07 17:51:00+00:00,237,33,5.265822784810126,18.0,2.471997743977916,4,27,270,rrc04,codered,normal,0
2001-07-07 17:54:00+00:00,505,65,6.8,15.0,2.6909455807971816,18,38,570,rrc04,codered,normal,0
2001-07-07 17:57:00+00:00,449,82,7.919821826280623,18.0,4.168797443941175,18,53,531,rrc04,codered,normal,0
2001-07-07 18:00:00+00:00,156,67,5.339743589743589,15.0,2.5305740578886264,21,35,223,rrc04,codered,normal,0
2001-07-07 18:03:00+00:00,147,24,5.714285714285714,15.0,2.404644032943352,4,18,171,rrc04,codered,normal,0
2001-07-07 18:06:00+00:00,321,97,5.021806853582555,16.0,2.2135573151867063,2,92,418,rrc04,codered,normal,0
2001-07-07 18:09:00+00:00,449,54,5.164810690423162,16.0,1.7819960836412876,5,47,503,rrc04,codered,normal,0
2001-07-07 18:12:00+00:00,168,36,6.261904761904762,15.0,2.7216899845283784,9,25,204,rrc04,codered,normal,0
2001-07-07 18:15:00+00:00,644,113,4.77639751552795,24.0,2.057330946782773,5,108,757,rrc04,codered,normal,0
2001-07-07 18:18:00+00:00,241,39,5.784232365145228,15.0,2.039831661539066,13,25,280,rrc04,codered,normal,0
2001-07-07 18:21:00+00:00,130,34,5.1,15.0,2.3885946946655925,5,29,164,rrc04,codered,normal,0
2001-07-07 18:24:00+00:00,144,33,7.194444444444445,24.0,4.17877869215692,4,29,177,rrc04,codered,normal,0
2001-07-07 18:27:00+00:00,175,41,8.085714285714285,24.0,5.2468844010867395,9,29,216,rrc04,codered,normal,0
2001-07-07 18:30:00+00:00,204,47,6.53921568627451,17.0,2.868597965350454,10,28,251,rrc04,codered,normal,0
2001-07-07 18:33:00+00:00,243,50,5.584362139917696,15.0,2.3994345837154167,8,37,293,rrc04,codered,normal,0
2001-07-07 18:36:00+00:00,154,22,5.025974025974026,18.0,2.0762980666713085,1,21,176,rrc04,codered,normal,0
2001-07-07 18:39:00+00:00,321,39,5.330218068535825,16.0,2.4052103908176523,9,25,360,rrc04,codered,normal,0
2001-07-07 18:42:00+00:00,464,67,4.948275862068965,16.0,2.2180483328049325,16,37,531,rrc04,codered,normal,0
2001-07-07 18:45:00+00:00,200,30,5.26,14.0,1.7240649639732257,9,19,230,rrc04,codered,normal,0
2001-07-07 18:48:00+00:00,604,149,4.991721854304636,16.0,1.9149804216623743,14,133,753,rrc04,codered,normal,0
2001-07-07 18:51:00+00:00,353,72,5.456090651558074,15.0,2.118025568557365,25,40,425,rrc04,codered,normal,0
2001-07-07 18:54:00+00:00,239,34,5.179916317991632,15.0,2.069163514539411,6,27,273,rrc04,codered,normal,0
2001-07-07 18:57:00+00:00,860,140,4.811627906976744,15.0,1.4164661731528632,7,130,1000,rrc04,codered,normal,0
2001-07-07 19:00:00+00:00,268,62,6.294776119402985,15.0,2.385991991960236,18,36,330,rrc04,codered,normal,0
2001-07-07 19:03:00+00:00,332,59,6.445783132530121,14.0,2.466659670256948,13,40,391,rrc04,codered,normal,0
2001-07-07 19:06:00+00:00,228,66,6.4605263157894735,15.0,2.6346582860771908,15,43,294,rrc04,codered,normal,0
2001-07-07 19:09:00+00:00,364,82,5.579670329670329,15.0,1.878660939149081,11,71,446,rrc04,codered,normal,0
2001-07-07 19:12:00+00:00,445,36,6.741573033707865,18.0,2.116431647567051,5,31,481,rrc04,codered,normal,0
2001-07-07 19:15:00+00:00,1673,255,7.43335325762104,23.0,2.6506964752833064,78,111,1928,rrc04,codered,normal,0
2001-07-07 19:18:00+00:00,991,115,6.587285570131181,17.0,2.215485313595299,17,90,1106,rrc04,codered,normal,0
2001-07-07 19:21:00+00:00,173,57,5.901734104046243,16.0,2.3937895076125613,7,44,230,rrc04,codered,normal,0
2001-07-07 19:24:00+00:00,508,72,5.618110236220472,15.0,1.9910792120839536,4,66,580,rrc04,codered,normal,0
2001-07-07 19:27:00+00:00,295,70,5.827118644067797,16.0,2.7235215556131895,16,50,365,rrc04,codered,normal,0
2001-07-07 19:30:00+00:00,229,51,5.986899563318778,16.0,2.7714709246142815,8,42,280,rrc04,codered,normal,0
2001-07-07 19:33:00+00:00,178,68,5.926966292134831,15.0,3.024293549041477,22,44,246,rrc04,codered,normal,0
2001-07-07 19:36:00+00:00,296,47,6.043918918918919,16.0,2.28126110071646,10,31,343,rrc04,codered,normal,0
2001-07-07 19:39:00+00:00,240,46,5.529166666666667,15.0,2.028747389948345,12,31,286,rrc04,codered,normal,0
2001-07-07 19:42:00+00:00,303,68,5.861386138613861,16.0,2.0618955502493077,10,50,371,rrc04,codered,normal,0
2001-07-07 19:45:00+00:00,159,72,5.553459119496855,15.0,2.4766781331801693,12,52,231,rrc04,codered,normal,0
2001-07-07 19:48:00+00:00,629,39,6.015898251192369,15.0,1.963029122208642,6,31,668,rrc04,codered,normal,0
2001-07-07 19:51:00+00:00,252,87,5.444444444444445,18.0,2.280196160997528,5,81,339,rrc04,codered,normal,0
2001-07-07 19:54:00+00:00,523,56,6.0573613766730405,24.0,3.503147767436704,9,42,579,rrc04,codered,normal,0
2001-07-07 19:57:00+00:00,301,43,6.235880398671096,22.0,3.5156283690898475,9,28,344,rrc04,codered,normal,0
2001-07-07 20:00:00+00:00,254,65,5.299212598425197,16.0,2.3886706368804433,8,51,319,rrc04,codered,normal,0
2001-07-07 20:03:00+00:00,228,49,5.223684210526316,18.0,2.1980774147717455,9,38,277,rrc04,codered,normal,0
2001-07-07 20:06:00+00:00,378,63,5.85978835978836,15.0,1.8050258928134353,9,48,441,rrc04,codered,normal,0
2001-07-07 20:09:00+00:00,209,59,5.22488038277512,18.0,2.040769418191973,17,37,268,rrc04,codered,normal,0
2001-07-07 20:12:00+00:00,238,57,5.121848739495798,16.0,1.976188490987177,8,43,295,rrc04,codered,normal,0
2001-07-07 20:15:00+00:00,323,50,6.089783281733746,18.0,2.202163504747094,8,36,373,rrc04,codered,normal,0
2001-07-07 20:18:00+00:00,360,41,5.3805555555555555,15.0,1.7069009351655813,5,34,401,rrc04,codered,normal,0
2001-07-07 20:21:00+00:00,252,36,5.170634920634921,16.0,1.8957583171057928,4,32,288,rrc04,codered,normal,0
2001-07-07 20:24:00+00:00,191,42,5.460732984293194,15.0,2.050993243461215,2,40,233,rrc04,codered,normal,0
2001-07-07 20:27:00+00:00,313,102,5.447284345047923,16.0,1.986681044079568,38,51,415,rrc04,codered,normal,0
2001-07-07 20:30:00+00:00,265,72,5.618867924528302,18.0,2.282423125141066,18,46,337,rrc04,codered,normal,0
2001-07-07 20:33:00+00:00,185,69,6.037837837837838,15.0,2.3397102328500923,15,42,254,rrc04,codered,normal,0
2001-07-07 20:36:00+00:00,315,88,5.161904761904762,15.0,2.2273500926828165,27,56,403,rrc04,codered,normal,0
2001-07-07 20:39:00+00:00,342,93,5.187134502923977,15.0,2.0362384996662346,13,74,435,rrc04,codered,normal,0
2001-07-07 20:42:00+00:00,220,27,5.327272727272727,15.0,2.216094397846195,2,24,247,rrc04,codered,normal,0
2001-07-07 20:45:00+00:00,398,80,4.952261306532663,15.0,1.7160877594256518,3,76,478,rrc04,codered,normal,0
2001-07-07 20:48:00+00:00,260,30,5.415384615384616,15.0,1.7619247141194347,3,27,290,rrc04,codered,normal,0
2001-07-07 20:51:00+00:00,320,64,4.940625,15.0,1.7409335453643828,4,55,384,rrc04,codered,normal,0
2001-07-07 20:54:00+00:00,197,52,5.395939086294416,16.0,2.031624030015201,3,49,249,rrc04,codered,normal,0
2001-07-07 20:57:00+00:00,266,75,5.2819548872180455,16.0,1.9426489390058295,21,42,341,rrc04,codered,normal,0
2001-07-07 21:00:00+00:00,318,57,5.150943396226415,15.0,1.7327357917005228,6,50,375,rrc04,codered,normal,0
2001-07-07 21:03:00+00:00,154,44,5.818181818181818,16.0,2.614779535427452,8,29,198,rrc04,codered,normal,0
2001-07-07 21:06:00+00:00,331,49,5.477341389728097,15.0,2.009479092910096,19,27,380,rrc04,codered,normal,0
2001-07-07 21:09:00+00:00,238,87,5.436974789915967,15.0,2.238466820224683,22,63,325,rrc04,codered,normal,0
2001-07-07 21:12:00+00:00,248,50,5.536290322580645,16.0,2.5397432775209388,10,40,298,rrc04,codered,normal,0
2001-07-07 21:15:00+00:00,196,21,5.48469387755102,16.0,2.6273231523939673,5,16,217,rrc04,codered,normal,0
2001-07-07 21:18:00+00:00,114,32,5.614035087719298,18.0,2.7096603397222294,4,24,146,rrc04,codered,normal,0
2001-07-07 21:21:00+00:00,251,34,5.609561752988048,15.0,2.2456128559429405,4,29,285,rrc04,codered,normal,0
2001-07-07 21:24:00+00:00,131,32,6.015267175572519,15.0,3.049176419463813,5,22,163,rrc04,codered,normal,0
2001-07-07 21:27:00+00:00,209,44,5.349282296650718,18.0,2.2472762805392112,8,30,253,rrc04,codered,normal,0
2001-07-07 21:30:00+00:00,160,47,5.74375,15.0,2.2974085264706408,10,32,207,rrc04,codered,normal,0
2001-07-07 21:33:00+00:00,166,33,5.4156626506024095,18.0,2.2039385297285152,6,23,199,rrc04,codered,normal,0
2001-07-07 21:36:00+00:00,170,34,5.8882352941176475,15.0,2.3897778269713146,12,18,204,rrc04,codered,normal,0
2001-07-07 21:39:00+00:00,163,37,5.441717791411043,15.0,2.4746522579261367,7,27,200,rrc04,codered,normal,0
2001-07-07 21:42:00+00:00,400,52,5.03,18.0,2.002273707563479,4,47,452,rrc04,codered,normal,0
2001-07-07 21:45:00+00:00,236,45,5.080508474576271,15.0,1.7240452270295685,10,33,281,rrc04,codered,normal,0
2001-07-07 21:48:00+00:00,156,12,5.269230769230769,19.0,2.489326326966832,0,12,168,rrc04,codered,normal,0
2001-07-07 21:51:00+00:00,214,110,5.014018691588785,15.0,2.55496396441588,12,92,324,rrc04,codered,normal,0
2001-07-07 21:54:00+00:00,420,55,5.916666666666667,15.0,2.7071700798564247,13,39,475,rrc04,codered,normal,0
2001-07-07 21:57:00+00:00,113,41,6.265486725663717,18.0,3.1058543040182025,8,26,154,rrc04,codered,normal,0
2001-07-07 22:00:00+00:00,245,35,5.179591836734694,15.0,1.8517481637561242,10,22,280,rrc04,codered,normal,0
2001-07-07 22:03:00+00:00,101,46,6.287128712871287,15.0,3.504838617669613,12,29,147,rrc04,codered,normal,0
2001-07-07 22:06:00+00:00,139,41,5.712230215827338,15.0,2.921625162009741,12,28,180,rrc04,codered,normal,0
2001-07-07 22:09:00+00:00,265,57,6.528301886792453,15.0,2.5888277640436477,14,42,322,rrc04,codered,normal,0
2001-07-07 22:12:00+00:00,174,28,5.977011494252873,15.0,2.488950346522423,5,22,202,rrc04,codered,normal,0
2001-07-07 22:15:00+00:00,137,31,5.510948905109489,16.0,2.6474523997738175,10,21,168,rrc04,codered,normal,0
2001-07-07 22:18:00+00:00,148,35,5.52027027027027,12.0,2.1855471038552787,5,29,183,rrc04,codered,normal,0
2001-07-07 22:21:00+00:00,2485,49,3.8301810865191146,16.0,1.907133323205093,12,36,2534,rrc04,codered,normal,0
2001-07-07 22:24:00+00:00,457,41,4.715536105032823,16.0,2.1965856206258363,12,25,498,rrc04,codered,normal,0
2001-07-07 22:27:00+00:00,248,45,5.67741935483871,15.0,2.6260125147012015,10,31,293,rrc04,codered,normal,0
2001-07-07 22:30:00+00:00,208,64,6.1875,18.0,2.8753657794069634,11,41,272,rrc04,codered,normal,0
2001-07-07 22:33:00+00:00,193,30,6.020725388601036,18.0,2.9502938278589417,3,25,223,rrc04,codered,normal,0
2001-07-07 22:36:00+00:00,203,45,5.512315270935961,15.0,2.4259670884818987,3,42,248,rrc04,codered,normal,0
2001-07-07 22:39:00+00:00,189,34,5.603174603174603,16.0,2.3494208396290017,6,24,223,rrc04,codered,normal,0
2001-07-07 22:42:00+00:00,433,28,5.304849884526559,12.0,1.4716409398991606,7,16,461,rrc04,codered,normal,0
2001-07-07 22:45:00+00:00,500,33,5.626,18.0,1.8050274236143893,6,23,533,rrc04,codered,normal,0
2001-07-07 22:48:00+00:00,367,91,5.664850136239782,15.0,1.697711688579911,4,84,458,rrc04,codered,normal,0
2001-07-07 22:51:00+00:00,398,45,6.788944723618091,15.0,1.8917111957697992,9,35,443,rrc04,codered,normal,0
2001-07-07 22:54:00+00:00,202,94,6.712871287128713,15.0,2.5381705178124663,23,66,296,rrc04,codered,normal,0
2001-07-07 22:57:00+00:00,634,102,6.436908517350158,18.0,1.9440016700631233,19,63,736,rrc04,codered,normal,0
2001-07-07 23:00:00+00:00,331,35,6.217522658610272,15.0,2.0376652481170376,6,25,366,rrc04,codered,normal,0
2001-07-07 23:03:00+00:00,277,46,7.111913357400722,15.0,3.8704334620076857,11,34,323,rrc04,codered,normal,0
2001-07-07 23:06:00+00:00,293,74,6.017064846416382,15.0,3.0863094563963216,23,44,367,rrc04,codered,normal,0
2001-07-07 23:09:00+00:00,286,46,5.423076923076923,18.0,2.378375549156209,11,34,332,rrc04,codered,normal,0
2001-07-07 23:12:00+00:00,122,52,5.122950819672131,15.0,2.5400976773927515,17,30,174,rrc04,codered,normal,0
2001-07-07 23:15:00+00:00,209,38,6.837320574162679,16.0,3.240347387840218,10,26,247,rrc04,codered,normal,0
2001-07-07 23:18:00+00:00,263,41,5.566539923954372,16.0,2.5293603328258705,9,29,304,rrc04,codered,normal,0
2001-07-07 23:21:00+00:00,158,34,5.715189873417722,16.0,3.0316719958680167,4,27,192,rrc04,codered,normal,0
2001-07-07 23:24:00+00:00,568,60,6.144366197183099,17.0,2.01323174599516,13,43,628,rrc04,codered,normal,0
2001-07-07 23:27:00+00:00,444,57,7.2792792792792795,19.0,2.7309410686064397,10,37,501,rrc04,codered,normal,0
2001-07-07 23:30:00+00:00,494,113,6.718623481781377,19.0,2.762490465283933,9,98,607,rrc04,codered,normal,0
2001-07-07 23:33:00+00:00,538,49,7.184014869888476,21.0,2.9684783028890616,10,36,587,rrc04,codered,normal,0
2001-07-07 23:36:00+00:00,790,118,6.749367088607595,15.0,2.5838776383675914,9,105,908,rrc04,codered,normal,0
2001-07-07 23:39:00+00:00,272,99,6.235294117647059,15.0,2.858772088619742,2,97,371,rrc04,codered,normal,0
2001-07-07 23:42:00+00:00,223,48,6.7174887892376685,18.0,2.930588481989783,10,29,271,rrc04,codered,normal,0
2001-07-07 23:45:00+00:00,198,68,6.353535353535354,15.0,3.0094569170564336,6,60,266,rrc04,codered,normal,0
2001-07-07 23:48:00+00:00,284,44,5.658450704225352,15.0,2.122871525829003,5,36,328,rrc04,codered,normal,0
2001-07-07 23:51:00+00:00,421,104,6.7007125890736345,16.0,2.5716755105663585,30,64,525,rrc04,codered,normal,0
2001-07-07 23:54:00+00:00,508,69,6.559055118110236,20.0,2.4403225012993306,12,54,577,rrc04,codered,normal,0
2001-07-07 23:57:00+00:00,620,113,7.111290322580645,15.0,2.4400294048142044,30,63,733,rrc04,codered,normal,0
2001-07-08 00:00:00+00:00,450,72,6.388888888888889,18.0,2.4344492621282012,4,67,522,rrc04,codered,normal,0
2001-07-08 00:03:00+00:00,250,42,5.796,19.0,2.9574286128324387,11,26,292,rrc04,codered,normal,0
2001-07-08 00:06:00+00:00,515,71,6.912621359223301,16.0,2.6325328204612983,10,58,586,rrc04,codered,normal,0
2001-07-08 00:09:00+00:00,456,128,7.732456140350878,15.0,2.941445986872845,22,90,584,rrc04,codered,normal,0
2001-07-08 00:12:00+00:00,309,69,6.776699029126213,15.0,3.1010971192585197,20,38,378,rrc04,codered,normal,0
2001-07-08 00:15:00+00:00,444,111,7.218468468468468,17.0,3.0645490235064328,10,96,555,rrc04,codered,normal,0
2001-07-08 00:18:00+00:00,533,105,6.326454033771107,15.0,2.443814030028785,25,72,638,rrc04,codered,normal,0
2001-07-08 00:21:00+00:00,227,45,4.762114537444934,15.0,1.7143527117723907,9,31,272,rrc04,codered,normal,0
2001-07-08 00:24:00+00:00,518,79,6.523166023166024,17.0,2.3925649019983024,19,53,597,rrc04,codered,normal,0
2001-07-08 00:27:00+00:00,379,77,6.195250659630607,18.0,2.8532957619180976,22,50,456,rrc04,codered,normal,0
2001-07-08 00:30:00+00:00,281,56,6.555160142348755,18.0,2.895200973235199,13,37,337,rrc04,codered,normal,0
2001-07-08 00:33:00+00:00,317,47,7.318611987381703,16.0,3.18257290775382,5,39,364,rrc04,codered,normal,0
2001-07-08 00:36:00+00:00,325,66,5.424615384615384,18.0,2.609687913509422,11,50,391,rrc04,codered,normal,0
2001-07-08 00:39:00+00:00,211,19,6.947867298578199,18.0,2.8321332708590745,3,15,230,rrc04,codered,normal,0
2001-07-08 00:42:00+00:00,266,43,6.548872180451128,13.0,2.4478505698333777,8,33,309,rrc04,codered,normal,0
2001-07-08 00:45:00+00:00,275,63,5.952727272727273,16.0,2.395742780657886,17,43,338,rrc04,codered,normal,0
2001-07-08 00:48:00+00:00,117,35,6.410256410256411,18.0,3.116413252151487,12,23,152,rrc04,codered,normal,0
2001-07-08 00:51:00+00:00,209,185,6.578947368421052,15.0,2.559294318501327,8,170,394,rrc04,codered,normal,0
2001-07-08 00:54:00+00:00,429,146,5.596736596736597,16.0,1.8731543713525294,10,135,575,rrc04,codered,normal,0
2001-07-08 00:57:00+00:00,528,240,6.145833333333333,17.0,2.5142664276468234,84,153,768,rrc04,codered,normal,0
2001-07-08 01:00:00+00:00,727,267,5.962861072902339,20.0,2.740996828926945,69,192,994,rrc04,codered,normal,0
2001-07-08 01:03:00+00:00,518,226,5.83976833976834,15.0,2.313173943201696,65,158,744,rrc04,codered,normal,0
2001-07-08 01:06:00+00:00,535,83,5.807476635514019,17.0,2.6052320087753333,21,56,618,rrc04,codered,normal,0
2001-07-08 01:09:00+00:00,527,94,6.582542694497154,15.0,2.583027140455358,15,72,621,rrc04,codered,normal,0
2001-07-08 01:12:00+00:00,484,159,5.785123966942149,15.0,1.8969597754277436,5,153,643,rrc04,codered,normal,0
2001-07-08 01:15:00+00:00,523,106,7.145315487571701,15.0,2.623965159926067,18,81,629,rrc04,codered,normal,0
2001-07-08 01:18:00+00:00,386,82,6.339378238341969,15.0,2.7194089625579343,8,67,468,rrc04,codered,normal,0
2001-07-08 01:21:00+00:00,425,77,6.235294117647059,15.0,2.2640258719345345,27,48,502,rrc04,codered,normal,0
2001-07-08 01:24:00+00:00,418,93,6.576555023923445,17.0,2.772925423603582,2,91,511,rrc04,codered,normal,0
2001-07-08 01:27:00+00:00,309,48,5.524271844660194,16.0,2.4222992909430223,6,36,357,rrc04,codered,normal,0
2001-07-08 01:30:00+00:00,328,127,6.527439024390244,18.0,2.163833156509255,22,93,455,rrc04,codered,normal,0
2001-07-08 01:33:00+00:00,287,48,6.655052264808362,16.0,2.5132749809108774,8,33,335,rrc04,codered,normal,0
2001-07-08 01:36:00+00:00,262,64,6.679389312977099,17.0,2.95840677044719,19,39,326,rrc04,codered,normal,0
2001-07-08 01:39:00+00:00,369,74,7.121951219512195,20.0,3.042388964298712,3,71,443,rrc04,codered,normal,0
2001-07-08 01:42:00+00:00,339,146,6.530973451327434,16.0,2.7675025101773514,14,127,485,rrc04,codered,normal,0
2001-07-08 01:45:00+00:00,354,99,6.409604519774011,19.0,3.0723881216651425,6,89,453,rrc04,codered,normal,0
2001-07-08 01:48:00+00:00,342,31,5.953216374269005,15.0,2.0414215477549744,7,24,373,rrc04,codered,normal,0
2001-07-08 01:51:00+00:00,345,102,5.6753623188405795,17.0,2.878022962568729,28,69,447,rrc04,codered,normal,0
2001-07-08 01:54:00+00:00,580,179,6.444827586206896,16.0,2.6520111050498953,43,118,759,rrc04,codered,normal,0
2001-07-08 01:57:00+00:00,339,141,5.79646017699115,18.0,2.313839185517811,50,82,480,rrc04,codered,normal,0
2001-07-08 02:00:00+00:00,336,35,6.446428571428571,15.0,2.569878004727787,7,27,371,rrc04,codered,normal,0
2001-07-08 02:03:00+00:00,262,69,6.805343511450381,16.0,3.3183922571143123,9,57,331,rrc04,codered,normal,0
2001-07-08 02:06:00+00:00,1265,121,5.259288537549407,16.0,2.1366283068164114,22,95,1386,rrc04,codered,normal,0
2001-07-08 02:09:00+00:00,1209,108,5.467328370554177,18.0,1.8004133958329858,24,82,1317,rrc04,codered,normal,0
2001-07-08 02:12:00+00:00,439,119,6.314350797266515,16.0,2.431109868675206,40,73,558,rrc04,codered,normal,0
2001-07-08 02:15:00+00:00,298,41,7.181208053691275,15.0,2.8791164082551663,6,35,339,rrc04,codered,normal,0
2001-07-08 02:18:00+00:00,205,83,5.404878048780488,18.0,2.540784516785643,8,70,288,rrc04,codered,normal,0
2001-07-08 02:21:00+00:00,399,95,6.290726817042606,15.0,2.54595639356854,13,81,494,rrc04,codered,normal,0
2001-07-08 02:24:00+00:00,230,134,6.943478260869565,15.0,2.822475953909435,9,123,364,rrc04,codered,normal,0
2001-07-08 02:27:00+00:00,302,89,6.367549668874172,15.0,2.9399069604793153,7,79,391,rrc04,codered,normal,0
2001-07-08 02:30:00+00:00,554,111,6.332129963898917,16.0,2.414190929882156,17,89,665,rrc04,codered,normal,0
2001-07-08 02:33:00+00:00,479,99,6.2839248434238,16.0,2.699797495419269,14,80,578,rrc04,codered,normal,0
2001-07-08 02:36:00+00:00,251,56,7.390438247011952,15.0,2.7102704557659414,12,39,307,rrc04,codered,normal,0
2001-07-08 02:39:00+00:00,355,82,6.230985915492957,17.0,2.386026902631929,13,69,437,rrc04,codered,normal,0
2001-07-08 02:42:00+00:00,467,127,6.197002141327623,15.0,2.440677672505339,11,107,594,rrc04,codered,normal,0
2001-07-08 02:45:00+00:00,432,79,7.361111111111111,15.0,2.7001657470844997,26,45,511,rrc04,codered,normal,0
2001-07-08 02:48:00+00:00,566,97,6.918727915194347,16.0,2.8884629424290895,10,83,663,rrc04,codered,normal,0
2001-07-08 02:51:00+00:00,418,165,6.684210526315789,15.0,2.8327864236800218,32,123,583,rrc04,codered,normal,0
2001-07-08 02:54:00+00:00,357,64,7.03641456582633,17.0,3.235191044473513,9,53,421,rrc04,codered,normal,0
2001-07-08 02:57:00+00:00,285,61,7.105263157894737,16.0,3.07499371288084,14,39,346,rrc04,codered,normal,0
2001-07-08 03:00:00+00:00,307,56,7.394136807817589,15.0,2.8612367467054,6,46,363,rrc04,codered,normal,0
2001-07-08 03:03:00+00:00,312,82,6.038461538461538,17.0,2.311855219561341,24,55,394,rrc04,codered,normal,0
2001-07-08 03:06:00+00:00,323,104,6.637770897832818,16.0,2.6838694831568386,15,86,427,rrc04,codered,normal,0
2001-07-08 03:09:00+00:00,356,73,7.522471910112359,15.0,3.1152128648025292,6,62,429,rrc04,codered,normal,0
2001-07-08 03:12:00+00:00,381,97,6.191601049868766,16.0,2.818672796597206,29,54,478,rrc04,codered,normal,0
2001-07-08 03:15:00+00:00,414,122,5.888888888888889,16.0,2.478355037715204,30,88,536,rrc04,codered,normal,0
2001-07-08 03:18:00+00:00,236,67,6.186440677966102,18.0,2.8461962500745663,9,54,303,rrc04,codered,normal,0
2001-07-08 03:21:00+00:00,344,58,6.101744186046512,16.0,2.804397996113557,5,51,402,rrc04,codered,normal,0
2001-07-08 03:24:00+00:00,546,80,5.591575091575091,16.0,2.157668514049929,8,68,626,rrc04,codered,normal,0
2001-07-08 03:27:00+00:00,972,136,5.864197530864198,15.0,2.107226951707417,17,117,1108,rrc04,codered,normal,0
2001-07-08 03:30:00+00:00,432,69,7.44212962962963,19.0,3.174899109194894,5,62,501,rrc04,codered,normal,0
2001-07-08 03:33:00+00:00,237,70,6.544303797468355,16.0,2.539797003522034,6,61,307,rrc04,codered,normal,0
2001-07-08 03:36:00+00:00,166,60,6.873493975903615,15.0,3.0737357803744407,21,34,226,rrc04,codered,normal,0
2001-07-08 03:39:00+00:00,341,72,5.835777126099707,16.0,2.388144913165929,11,59,413,rrc04,codered,normal,0
2001-07-08 03:42:00+00:00,267,83,7.224719101123595,17.0,3.440514754368655,11,68,350,rrc04,codered,normal,0
2001-07-08 03:45:00+00:00,282,53,7.209219858156028,15.0,3.025105372040134,4,49,335,rrc04,codered,normal,0
2001-07-08 03:48:00+00:00,655,83,5.625954198473282,18.0,1.9250691585181536,5,77,738,rrc04,codered,normal,0
2001-07-08 03:51:00+00:00,298,54,5.748322147651007,15.0,1.9713758363557163,13,39,352,rrc04,codered,normal,0
2001-07-08 03:54:00+00:00,295,85,7.223728813559322,15.0,2.7229308102932683,4,80,380,rrc04,codered,normal,0
2001-07-08 03:57:00+00:00,156,40,7.2243589743589745,16.0,3.3312308458076707,5,32,196,rrc04,codered,normal,0
2001-07-08 04:00:00+00:00,325,65,6.7784615384615385,15.0,2.5188820662955473,5,60,390,rrc04,codered,normal,0
2001-07-08 04:03:00+00:00,242,82,7.3347107438016526,15.0,3.0423243273893505,11,63,324,rrc04,codered,normal,0
2001-07-08 04:06:00+00:00,571,122,6.992994746059544,16.0,2.659277115929609,26,92,693,rrc04,codered,normal,0
2001-07-08 04:09:00+00:00,506,106,5.756916996047431,16.0,2.1619695266624515,7,97,612,rrc04,codered,normal,0
2001-07-08 04:12:00+00:00,572,131,6.11013986013986,15.0,2.790487459237081,55,73,703,rrc04,codered,normal,0
2001-07-08 04:15:00+00:00,215,61,6.181395348837209,15.0,2.7584336483838987,13,41,276,rrc04,codered,normal,0
2001-07-08 04:18:00+00:00,312,51,6.708333333333333,15.0,3.0458348679360543,13,32,363,rrc04,codered,normal,0
2001-07-08 04:21:00+00:00,219,32,7.059360730593608,15.0,3.3448852185958793,7,23,251,rrc04,codered,normal,0
2001-07-08 04:24:00+00:00,193,72,5.290155440414508,15.0,3.0655627713964617,9,61,265,rrc04,codered,normal,0
2001-07-08 04:27:00+00:00,289,76,6.221453287197232,15.0,2.5841056557744415,10,60,365,rrc04,codered,normal,0
2001-07-08 04:30:00+00:00,282,103,5.620567375886525,18.0,2.8746882095625743,11,89,385,rrc04,codered,normal,0
2001-07-08 04:33:00+00:00,297,37,6.602693602693603,14.0,3.461728147627071,5,29,334,rrc04,codered,normal,0
2001-07-08 04:36:00+00:00,330,134,5.206060606060606,18.0,2.3341911056164673,6,128,464,rrc04,codered,normal,0
2001-07-08 04:39:00+00:00,517,151,5.702127659574468,16.0,2.2725881680957496,24,118,668,rrc04,codered,normal,0
2001-07-08 04:42:00+00:00,475,103,6.564210526315789,18.0,2.895656121975001,17,85,578,rrc04,codered,normal,0
2001-07-08 04:45:00+00:00,624,180,6.774038461538462,15.0,2.4765371499194124,19,154,804,rrc04,codered,normal,0
2001-07-08 04:48:00+00:00,216,53,6.583333333333333,15.0,2.8074800879871695,14,35,269,rrc04,codered,normal,0
2001-07-08 04:51:00+00:00,222,76,5.9774774774774775,16.0,2.4722672486185298,5,68,298,rrc04,codered,normal,0
2001-07-08 04:54:00+00:00,264,84,6.871212121212121,16.0,2.929487759107754,7,76,348,rrc04,codered,normal,0
2001-07-08 04:57:00+00:00,250,65,6.096,16.0,2.562573706257051,9,56,315,rrc04,codered,normal,0
2001-07-08 05:00:00+00:00,678,88,6.6371681415929205,15.0,2.773330469324272,11,70,766,rrc04,codered,normal,0
2001-07-08 05:03:00+00:00,297,158,6.05050505050505,15.0,2.4674598944628405,19,130,455,rrc04,codered,normal,0
2001-07-08 05:06:00+00:00,485,128,5.692783505154639,18.0,2.2517918373826604,23,95,613,rrc04,codered,normal,0
2001-07-08 05:09:00+00:00,470,160,4.8382978723404255,15.0,1.8216841858495114,23,123,630,rrc04,codered,normal,0
2001-07-08 05:12:00+00:00,296,95,5.347972972972973,15.0,2.1896244770784077,7,85,391,rrc04,codered,normal,0
2001-07-08 05:15:00+00:00,350,119,6.728571428571429,24.0,3.018615711932629,25,90,469,rrc04,codered,normal,0
2001-07-08 05:18:00+00:00,312,89,5.983974358974359,24.0,3.1342401196378793,24,63,401,rrc04,codered,normal,0
2001-07-08 05:21:00+00:00,368,95,6.994565217391305,18.0,2.9014563108907154,15,74,463,rrc04,codered,normal,0
2001-07-08 05:24:00+00:00,477,61,6.060796645702306,18.0,2.9790452290065583,8,53,538,rrc04,codered,normal,0
2001-07-08 05:27:00+00:00,572,95,6.5174825174825175,20.0,3.337335201878044,18,69,667,rrc04,codered,normal,0
2001-07-08 05:30:00+00:00,292,93,6.691780821917808,22.0,3.3567863555627833,10,77,385,rrc04,codered,normal,0
2001-07-08 05:33:00+00:00,187,73,5.684491978609626,15.0,2.263858126941619,5,64,260,rrc04,codered,normal,0
2001-07-08 05:36:00+00:00,255,51,5.470588235294118,18.0,2.8474477128664986,11,39,306,rrc04,codered,normal,0
2001-07-08 05:39:00+00:00,196,62,5.413265306122449,15.0,2.4759305715061526,19,37,258,rrc04,codered,normal,0
2001-07-08 05:42:00+00:00,204,81,6.269607843137255,18.0,2.662531937235914,6,72,285,rrc04,codered,normal,0
2001-07-08 05:45:00+00:00,163,80,5.914110429447852,15.0,2.213729532213244,10,65,243,rrc04,codered,normal,0
2001-07-08 05:48:00+00:00,727,95,6.240715268225585,18.0,1.9536847801438648,10,79,822,rrc04,codered,normal,0
2001-07-08 05:51:00+00:00,432,52,6.24537037037037,13.0,2.1719970439947853,11,35,484,rrc04,codered,normal,0
2001-07-08 05:54:00+00:00,534,95,6.192883895131086,16.0,2.5736830597681677,7,82,629,rrc04,codered,normal,0
2001-07-08 05:57:00+00:00,470,109,5.727659574468085,15.0,1.835315745072345,17,78,579,rrc04,codered,normal,0
2001-07-08 06:00:00+00:00,848,96,5.8950471698113205,15.0,1.620061144211093,9,83,944,rrc04,codered,normal,0
2001-07-08 06:03:00+00:00,486,103,5.621399176954733,15.0,1.8427577342112031,23,74,589,rrc04,codered,normal,0
2001-07-08 06:06:00+00:00,366,116,5.7349726775956285,14.0,2.3301846532794714,45,70,482,rrc04,codered,normal,0
2001-07-08 06:09:00+00:00,323,76,5.975232198142415,16.0,2.032096827354313,17,47,399,rrc04,codered,normal,0
2001-07-08 06:12:00+00:00,764,83,6.1557591623036645,16.0,1.700194268113808,12,63,847,rrc04,codered,normal,0
2001-07-08 06:15:00+00:00,1208,38,5.524834437086093,15.0,1.504753771547449,6,31,1246,rrc04,codered,normal,0
2001-07-08 06:18:00+00:00,229,54,6.323144104803493,16.0,2.531967956022648,8,39,283,rrc04,codered,normal,0
2001-07-08 06:21:00+00:00,362,147,5.505524861878453,15.0,2.064223631212987,14,123,509,rrc04,codered,normal,0
2001-07-08 06:24:00+00:00,329,83,6.76595744680851,16.0,2.863128309830694,10,62,412,rrc04,codered,normal,0
2001-07-08 06:27:00+00:00,243,63,5.37037037037037,18.0,2.6764224837243953,11,49,306,rrc04,codered,normal,0
2001-07-08 06:30:00+00:00,361,155,7.445983379501385,18.0,3.3066694443394535,42,106,516,rrc04,codered,normal,0
2001-07-08 06:33:00+00:00,337,72,6.3026706231454,18.0,2.6266877272971447,10,62,409,rrc04,codered,normal,0
2001-07-08 06:36:00+00:00,297,101,5.151515151515151,15.0,1.8946867212433705,12,84,398,rrc04,codered,normal,0
2001-07-08 06:39:00+00:00,272,41,6.055147058823529,18.0,2.4451127681483196,3,38,313,rrc04,codered,normal,0
2001-07-08 06:42:00+00:00,267,31,6.157303370786517,15.0,2.975173968681701,7,21,298,rrc04,codered,normal,0
2001-07-08 06:45:00+00:00,228,44,6.109649122807017,18.0,3.1093088671393136,10,26,272,rrc04,codered,normal,0
2001-07-08 06:48:00+00:00,229,57,7.008733624454148,15.0,2.698845404717306,13,39,286,rrc04,codered,normal,0
2001-07-08 06:51:00+00:00,218,75,7.454128440366972,18.0,3.52191128547684,19,53,293,rrc04,codered,normal,0
2001-07-08 06:54:00+00:00,232,59,5.068965517241379,16.0,1.9901660731735278,13,36,291,rrc04,codered,normal,0
2001-07-08 06:57:00+00:00,573,84,5.108202443280978,18.0,2.616664092833378,8,67,657,rrc04,codered,normal,0
2001-07-08 07:00:00+00:00,369,95,5.623306233062331,15.0,2.3984183849027967,25,68,464,rrc04,codered,normal,0
2001-07-08 07:03:00+00:00,484,57,4.948347107438017,18.0,2.3015035858215565,8,41,541,rrc04,codered,normal,0
2001-07-08 07:06:00+00:00,520,63,5.998076923076923,18.0,2.686504046913542,14,35,583,rrc04,codered,normal,0
2001-07-08 07:09:00+00:00,329,35,5.778115501519757,18.0,2.4623625393944732,7,23,364,rrc04,codered,normal,0
2001-07-08 07:12:00+00:00,235,74,5.897872340425532,19.0,2.414097722440056,19,43,309,rrc04,codered,normal,0
2001-07-08 07:15:00+00:00,340,47,5.647058823529412,18.0,2.7789370898746464,4,43,387,rrc04,codered,normal,0
2001-07-08 07:18:00+00:00,266,81,5.575187969924812,15.0,2.6049376485123843,20,51,347,rrc04,codered,normal,0
2001-07-08 07:21:00+00:00,258,60,5.89922480620155,19.0,2.57701516313206,12,43,318,rrc04,codered,normal,0
2001-07-08 07:24:00+00:00,275,78,6.618181818181818,18.0,3.0824483131604636,11,58,353,rrc04,codered,normal,0
2001-07-08 07:27:00+00:00,209,72,6.090909090909091,16.0,3.00021747798064,17,46,281,rrc04,codered,normal,0
2001-07-08 07:30:00+00:00,165,35,5.048484848484849,16.0,2.319367888301807,4,30,200,rrc04,codered,normal,0
2001-07-08 07:33:00+00:00,190,54,5.742105263157895,18.0,3.000318542645217,15,30,244,rrc04,codered,normal,0
2001-07-08 07:36:00+00:00,233,38,6.686695278969957,20.0,3.4851793848973305,3,33,271,rrc04,codered,normal,0
2001-07-08 07:39:00+00:00,252,77,5.607142857142857,15.0,2.5433598129879296,13,60,329,rrc04,codered,normal,0
2001-07-08 07:42:00+00:00,498,60,5.634538152610442,18.0,2.377727114805255,15,43,558,rrc04,codered,normal,0
2001-07-08 07:45:00+00:00,606,71,4.536303630363037,15.0,1.7738015152207312,16,46,677,rrc04,codered,normal,0
2001-07-08 07:48:00+00:00,1334,230,5.643178410794603,18.0,1.3474816656392976,7,220,1564,rrc04,codered,normal,0
2001-07-08 07:51:00+00:00,2641,334,5.751987883377509,18.0,1.3201253000683117,96,211,2975,rrc04,codered,normal,0
2001-07-08 07:54:00+00:00,8034,71,4.538212596465024,18.0,0.9438273933721231,8,59,8105,rrc04,codered,normal,0
2001-07-08 07:57:00+00:00,438,75,6.559360730593608,19.0,2.775445425193874,10,63,513,rrc04,codered,normal,0
2001-07-08 08:00:00+00:00,315,71,5.647619047619048,18.0,2.458471401634166,12,43,386,rrc04,codered,normal,0
2001-07-08 08:03:00+00:00,566,75,5.823321554770318,15.0,2.0942172422490635,11,62,641,rrc04,codered,normal,0
2001-07-08 08:06:00+00:00,440,88,5.368181818181818,15.0,2.2735407635021163,19,66,528,rrc04,codered,normal,0
2001-07-08 08:09:00+00:00,424,72,7.14622641509434,18.0,2.738153713737956,5,64,496,rrc04,codered,normal,0
2001-07-08 08:12:00+00:00,214,50,5.742990654205608,18.0,2.2515461831519086,11,36,264,rrc04,codered,normal,0
2001-07-08 08:15:00+00:00,232,36,5.698275862068965,15.0,2.2097738516925793,3,33,268,rrc04,codered,normal,0
2001-07-08 08:18:00+00:00,201,43,5.54228855721393,15.0,2.17389595386423,8,32,244,rrc04,codered,normal,0
2001-07-08 08:21:00+00:00,297,45,5.801346801346801,18.0,2.3059573420961654,14,30,342,rrc04,codered,normal,0
2001-07-08 08:24:00+00:00,261,72,5.973180076628353,18.0,2.6772865119723863,14,52,333,rrc04,codered,normal,0
2001-07-08 08:27:00+00:00,191,33,6.340314136125654,15.0,2.5011825278144237,11,21,224,rrc04,codered,normal,0
2001-07-08 08:30:00+00:00,257,39,5.272373540856031,18.0,1.7498569726322102,6,32,296,rrc04,codered,normal,0
2001-07-08 08:33:00+00:00,233,65,6.120171673819742,16.0,2.625915081156768,10,52,298,rrc04,codered,normal,0
2001-07-08 08:36:00+00:00,180,24,6.277777777777778,18.0,3.249026444876399,7,15,204,rrc04,codered,normal,0
2001-07-08 08:39:00+00:00,148,41,6.79054054054054,16.0,3.754732830273659,9,28,189,rrc04,codered,normal,0
2001-07-08 08:42:00+00:00,7926,47,4.529396921524098,14.0,0.8987788921686657,3,42,7973,rrc04,codered,normal,0
2001-07-08 08:45:00+00:00,7849,35,4.505287297744935,14.0,0.8569509675457669,6,28,7884,rrc04,codered,normal,0
2001-07-08 08:48:00+00:00,212,60,5.740566037735849,15.0,2.5446309849195425,13,42,272,rrc04,codered,normal,0
2001-07-08 08:51:00+00:00,458,52,5.076419213973799,16.0,1.696596469322673,8,42,510,rrc04,codered,normal,0
2001-07-08 08:54:00+00:00,362,56,5.348066298342541,16.0,2.146655915584499,17,34,418,rrc04,codered,normal,0
2001-07-08 08:57:00+00:00,212,33,7.10377358490566,18.0,3.2633737759512615,7,21,245,rrc04,codered,normal,0
2001-07-08 09:00:00+00:00,268,45,6.514925373134329,22.0,3.0154702477932616,6,38,313,rrc04,codered,normal,0
2001-07-08 09:03:00+00:00,4471,30,4.536345336613733,24.0,0.9944875893528955,2,27,4501,rrc04,codered,normal,0
2001-07-08 09:06:00+00:00,4490,67,4.59109131403118,16.0,1.0188910138579812,14,49,4557,rrc04,codered,normal,0
2001-07-08 09:09:00+00:00,158,34,4.955696202531645,18.0,2.3582468727362684,5,29,192,rrc04,codered,normal,0
2001-07-08 09:12:00+00:00,363,37,5.570247933884297,18.0,1.9896139953203282,3,32,400,rrc04,codered,normal,0
2001-07-08 09:15:00+00:00,172,41,5.895348837209302,16.0,2.8592122421664437,3,35,213,rrc04,codered,normal,0
2001-07-08 09:18:00+00:00,241,66,5.626556016597511,15.0,1.9879199929359388,18,47,307,rrc04,codered,normal,0
2001-07-08 09:21:00+00:00,228,87,6.276315789473684,18.0,3.2630252519730596,24,50,315,rrc04,codered,normal,0
2001-07-08 09:24:00+00:00,245,51,5.387755102040816,18.0,2.8371898034571665,5,46,296,rrc04,codered,normal,0
2001-07-08 09:27:00+00:00,231,71,6.83982683982684,16.0,2.9797829557741364,6,62,302,rrc04,codered,normal,0
2001-07-08 09:30:00+00:00,217,37,5.990783410138249,15.0,2.6829222382504807,3,34,254,rrc04,codered,normal,0
2001-07-08 09:33:00+00:00,160,67,5.21875,12.0,1.9706340191674354,13,49,227,rrc04,codered,normal,0
2001-07-08 09:36:00+00:00,312,57,5.371794871794871,15.0,2.141524584884799,5,50,369,rrc04,codered,normal,0
2001-07-08 09:39:00+00:00,200,35,6.41,16.0,3.0416936071866276,4,29,235,rrc04,codered,normal,0
2001-07-08 09:42:00+00:00,233,42,6.450643776824034,15.0,2.929561044206394,8,28,275,rrc04,codered,normal,0
2001-07-08 09:45:00+00:00,214,59,5.9672897196261685,16.0,2.618027926603105,5,52,273,rrc04,codered,normal,0
2001-07-08 09:48:00+00:00,198,50,6.611111111111111,20.0,3.701661895099838,13,34,248,rrc04,codered,normal,0
2001-07-08 09:51:00+00:00,236,58,5.673728813559322,15.0,2.6472540287172306,9,45,294,rrc04,codered,normal,0
2001-07-08 09:54:00+00:00,193,26,7.0880829015544045,15.0,3.315454931446627,8,17,219,rrc04,codered,normal,0
2001-07-08 09:57:00+00:00,239,70,6.2092050209205025,18.0,2.5610044356604886,15,48,309,rrc04,codered,normal,0
2001-07-08 10:00:00+00:00,327,52,5.6452599388379205,15.0,2.4110158459653515,12,34,379,rrc04,codered,normal,0
2001-07-08 10:03:00+00:00,283,89,6.279151943462898,18.0,2.8476926351705076,18,55,372,rrc04,codered,normal,0
2001-07-08 10:06:00+00:00,305,55,6.586885245901639,18.0,2.699087606000273,16,37,360,rrc04,codered,normal,0
2001-07-08 10:09:00+00:00,296,76,6.14527027027027,15.0,2.7018220693675494,20,46,372,rrc04,codered,normal,0
2001-07-08 10:12:00+00:00,409,80,5.931540342298288,15.0,2.262743390620218,22,52,489,rrc04,codered,normal,0
2001-07-08 10:15:00+00:00,258,58,5.3565891472868215,15.0,2.323784835776108,18,35,316,rrc04,codered,normal,0
2001-07-08 10:18:00+00:00,122,41,6.180327868852459,15.0,2.991836963654968,9,29,163,rrc04,codered,normal,0
2001-07-08 10:21:00+00:00,211,36,5.5829383886255926,16.0,2.242732949218898,8,23,247,rrc04,codered,normal,0
2001-07-08 10:24:00+00:00,314,43,5.751592356687898,15.0,2.1300281118787634,7,34,357,rrc04,codered,normal,0
2001-07-08 10:27:00+00:00,331,69,5.785498489425982,18.0,2.4665559931857164,25,42,400,rrc04,codered,normal,0
2001-07-08 10:30:00+00:00,335,48,5.901492537313433,15.0,2.987411025956088,9,33,383,rrc04,codered,normal,0
2001-07-08 10:33:00+00:00,360,74,6.236111111111111,15.0,2.493842726237939,5,66,434,rrc04,codered,normal,0
2001-07-08 10:36:00+00:00,385,147,6.916883116883117,18.0,3.0268668210828347,42,89,532,rrc04,codered,normal,0
2001-07-08 10:39:00+00:00,440,139,6.429545454545455,18.0,2.853154517806447,35,91,579,rrc04,codered,normal,0
2001-07-08 10:42:00+00:00,503,127,5.685884691848907,18.0,2.1113956552353175,11,109,630,rrc04,codered,normal,0
2001-07-08 10:45:00+00:00,506,148,5.037549407114624,16.0,1.7127091553211806,54,92,654,rrc04,codered,normal,0
2001-07-08 10:48:00+00:00,448,132,6.475446428571429,15.0,2.252840424724521,21,92,580,rrc04,codered,normal,0
2001-07-08 10:51:00+00:00,557,115,5.330341113105924,15.0,1.8210899113798478,43,66,672,rrc04,codered,normal,0
2001-07-08 10:54:00+00:00,677,239,5.7695716395864105,18.0,2.100169922004688,85,153,916,rrc04,codered,normal,0
2001-07-08 10:57:00+00:00,583,308,5.036020583190394,16.0,1.9707307539465158,78,173,891,rrc04,codered,normal,0
2001-07-08 11:00:00+00:00,179,92,6.245810055865922,18.0,2.915173517016146,6,84,271,rrc04,codered,normal,0
2001-07-08 11:03:00+00:00,287,53,6.003484320557491,15.0,2.752886679842417,10,39,340,rrc04,codered,normal,0
2001-07-08 11:06:00+00:00,255,56,6.854901960784313,16.0,3.1458851882799683,10,39,311,rrc04,codered,normal,0
2001-07-08 11:09:00+00:00,224,35,6.977678571428571,16.0,3.2437359914761807,8,26,259,rrc04,codered,normal,0
2001-07-08 11:12:00+00:00,258,58,5.810077519379845,18.0,2.9344873952805646,15,34,316,rrc04,codered,normal,0
2001-07-08 11:15:00+00:00,282,44,6.173758865248227,15.0,2.3113087812491786,7,35,326,rrc04,codered,normal,0
2001-07-08 11:18:00+00:00,278,126,6.794964028776978,18.0,3.116048589424708,11,112,404,rrc04,codered,normal,0
2001-07-08 11:21:00+00:00,419,46,5.572792362768497,16.0,2.19922411623964,7,35,465,rrc04,codered,normal,0
2001-07-08 11:24:00+00:00,373,34,4.954423592493297,16.0,2.2463704422318544,5,26,407,rrc04,codered,normal,0
2001-07-08 11:27:00+00:00,815,103,5.585276073619632,16.0,1.9615391830723499,5,97,918,rrc04,codered,normal,0
2001-07-08 11:30:00+00:00,595,107,5.689075630252101,15.0,2.1613406171142087,40,66,702,rrc04,codered,normal,0
2001-07-08 11:33:00+00:00,594,103,4.925925925925926,16.0,2.1220109660337707,16,83,697,rrc04,codered,normal,0
2001-07-08 11:36:00+00:00,443,66,5.356659142212189,15.0,2.1697946223615405,11,51,509,rrc04,codered,normal,0
2001-07-08 11:39:00+00:00,289,39,6.034602076124568,16.0,3.001530162961092,9,26,328,rrc04,codered,normal,0
2001-07-08 11:42:00+00:00,404,83,5.7772277227722775,18.0,2.4403530497754375,11,69,487,rrc04,codered,normal,0
2001-07-08 11:45:00+00:00,285,48,5.333333333333333,16.0,2.7359422722270774,9,35,333,rrc04,codered,normal,0
2001-07-08 11:48:00+00:00,386,82,4.83678756476684,17.0,2.410425121374257,7,71,468,rrc04,codered,normal,0
2001-07-08 11:51:00+00:00,337,28,4.8486646884272995,14.0,2.024539291922842,6,21,365,rrc04,codered,normal,0
2001-07-08 11:54:00+00:00,265,29,5.679245283018868,15.0,2.492052158102668,6,22,294,rrc04,codered,normal,0
2001-07-08 11:57:00+00:00,251,55,5.940239043824701,15.0,2.7902102518682996,12,38,306,rrc04,codered,normal,0
2001-07-08 12:00:00+00:00,527,105,5.774193548387097,18.0,2.3263726160864224,9,94,632,rrc04,codered,normal,0
2001-07-08 12:03:00+00:00,740,130,5.478378378378379,16.0,1.9757496196463016,10,114,870,rrc04,codered,normal,0
2001-07-08 12:06:00+00:00,216,23,5.300925925925926,14.0,2.202103176947084,3,18,239,rrc04,codered,normal,0
2001-07-08 12:09:00+00:00,586,29,5.621160409556314,18.0,1.5783829862875107,6,21,615,rrc04,codered,normal,0
2001-07-08 12:12:00+00:00,194,55,5.912371134020619,18.0,2.052795817022056,10,38,249,rrc04,codered,normal,0
2001-07-08 12:15:00+00:00,622,90,5.498392282958199,18.0,1.94187994911872,5,81,712,rrc04,codered,normal,0
2001-07-08 12:18:00+00:00,211,49,6.085308056872038,14.0,2.5559747447152703,9,34,260,rrc04,codered,normal,0
2001-07-08 12:21:00+00:00,251,56,5.50597609561753,14.0,2.3403110732864776,13,36,307,rrc04,codered,normal,0
2001-07-08 12:24:00+00:00,192,58,5.53125,15.0,2.5164174476492036,13,37,250,rrc04,codered,normal,0
2001-07-08 12:27:00+00:00,540,63,6.857407407407408,19.0,3.081612243486255,16,33,603,rrc04,codered,normal,0
2001-07-08 12:30:00+00:00,273,81,5.7765567765567765,15.0,2.3544595386848113,22,48,354,rrc04,codered,normal,0
2001-07-08 12:33:00+00:00,175,54,5.937142857142857,15.0,2.662231686202463,9,40,229,rrc04,codered,normal,0
2001-07-08 12:36:00+00:00,233,21,6.055793991416309,16.0,2.2083286342168584,1,19,254,rrc04,codered,normal,0
2001-07-08 12:39:00+00:00,172,49,5.854651162790698,18.0,2.7059003993746438,12,28,221,rrc04,codered,normal,0
2001-07-08 12:42:00+00:00,145,28,5.820689655172414,16.0,3.1330693676180834,6,17,173,rrc04,codered,normal,0
2001-07-08 12:45:00+00:00,121,28,5.7190082644628095,14.0,3.2606421831002383,4,24,149,rrc04,codered,normal,0
2001-07-08 12:48:00+00:00,237,43,5.936708860759493,15.0,2.893358197294966,6,36,280,rrc04,codered,normal,0
2001-07-08 12:51:00+00:00,371,56,5.7331536388140165,15.0,2.2882461946989325,11,39,427,rrc04,codered,normal,0
2001-07-08 12:54:00+00:00,201,56,6.378109452736318,18.0,3.185214350037026,11,38,257,rrc04,codered,normal,0
2001-07-08 12:57:00+00:00,310,39,5.54516129032258,12.0,1.5891443649634571,6,31,349,rrc04,codered,normal,0
2001-07-08 13:00:00+00:00,420,69,6.571428571428571,15.0,2.4323500016675736,18,49,489,rrc04,codered,normal,0
2001-07-08 13:03:00+00:00,183,65,6.415300546448087,16.0,3.5975379851338016,2,61,248,rrc04,codered,normal,0
2001-07-08 13:06:00+00:00,397,64,6.642317380352645,18.0,2.7449101364992097,2,62,461,rrc04,codered,normal,0
2001-07-08 13:09:00+00:00,201,26,5.72636815920398,18.0,2.9974701179894847,5,18,227,rrc04,codered,normal,0
2001-07-08 13:12:00+00:00,334,72,5.634730538922156,12.0,1.4879125007961516,22,45,406,rrc04,codered,normal,0
2001-07-08 13:15:00+00:00,177,61,6.186440677966102,18.0,2.489352986556675,24,32,238,rrc04,codered,normal,0
2001-07-08 13:18:00+00:00,184,49,5.717391304347826,18.0,2.213231392039024,13,28,233,rrc04,codered,normal,0
2001-07-08 13:21:00+00:00,245,55,5.542857142857143,15.0,1.9046666642855952,13,37,300,rrc04,codered,normal,0
2001-07-08 13:24:00+00:00,234,41,5.888888888888889,15.0,2.1985923149009463,10,29,275,rrc04,codered,normal,0
2001-07-08 13:27:00+00:00,259,43,5.957528957528957,16.0,2.501376314999141,4,35,302,rrc04,codered,normal,0
2001-07-08 13:30:00+00:00,205,37,6.009756097560976,16.0,2.749705516653825,5,29,242,rrc04,codered,normal,0
2001-07-08 13:33:00+00:00,166,46,6.228915662650603,16.0,2.649506892993438,9,35,212,rrc04,codered,normal,0
2001-07-08 13:36:00+00:00,215,51,5.8279069767441865,17.0,2.6383861858653823,11,38,266,rrc04,codered,normal,0
2001-07-08 13:39:00+00:00,201,33,5.850746268656716,18.0,2.876843893291166,2,31,234,rrc04,codered,normal,0
2001-07-08 13:42:00+00:00,464,94,7.178879310344827,22.0,3.1989198800887633,28,59,558,rrc04,codered,normal,0
2001-07-08 13:45:00+00:00,289,62,6.2145328719723185,15.0,2.389929102289718,5,52,351,rrc04,codered,normal,0
2001-07-08 13:48:00+00:00,337,60,7.121661721068249,18.0,2.756170239665613,7,49,397,rrc04,codered,normal,0
2001-07-08 13:51:00+00:00,274,59,6.733576642335766,15.0,3.0070180047053765,13,43,333,rrc04,codered,normal,0
2001-07-08 13:54:00+00:00,150,34,6.226666666666667,15.0,2.394846318428155,3,30,184,rrc04,codered,normal,0
2001-07-08 13:57:00+00:00,185,46,5.864864864864865,15.0,1.9053574845421155,4,36,231,rrc04,codered,normal,0
2001-07-08 14:00:00+00:00,423,64,5.971631205673759,16.0,1.9127910705546438,12,50,487,rrc04,codered,normal,0
2001-07-08 14:03:00+00:00,252,82,5.876984126984127,15.0,1.8270308421481958,14,56,334,rrc04,codered,normal,0
2001-07-08 14:06:00+00:00,181,51,5.94475138121547,15.0,2.716277426872237,13,35,232,rrc04,codered,normal,0
2001-07-08 14:09:00+00:00,291,31,5.786941580756014,18.0,2.399019256949102,4,27,322,rrc04,codered,normal,0
2001-07-08 14:12:00+00:00,279,59,5.942652329749104,15.0,2.4750239398400393,18,36,338,rrc04,codered,normal,0
2001-07-08 14:15:00+00:00,215,66,6.283720930232558,19.0,3.2145693214052895,22,40,281,rrc04,codered,normal,0
2001-07-08 14:18:00+00:00,283,82,6.141342756183746,19.0,2.5292258412440023,23,54,365,rrc04,codered,normal,0
2001-07-08 14:21:00+00:00,369,63,6.53929539295393,16.0,2.749565236291687,7,51,432,rrc04,codered,normal,0
2001-07-08 14:24:00+00:00,246,115,7.2073170731707314,19.0,3.3144343281659343,14,92,361,rrc04,codered,normal,0
2001-07-08 14:27:00+00:00,214,49,7.098130841121495,18.0,3.17034982321702,8,33,263,rrc04,codered,normal,0
2001-07-08 14:30:00+00:00,178,59,5.758426966292135,13.0,2.3158132014460753,10,46,237,rrc04,codered,normal,0
2001-07-08 14:33:00+00:00,241,47,5.365145228215767,15.0,2.3806509273368763,13,30,288,rrc04,codered,normal,0
2001-07-08 14:36:00+00:00,328,52,4.963414634146342,18.0,1.7699739694325363,8,42,380,rrc04,codered,normal,0
2001-07-08 14:39:00+00:00,384,52,5.325520833333333,18.0,2.2640245185066585,9,37,436,rrc04,codered,normal,0
2001-07-08 14:42:00+00:00,308,77,5.402597402597403,16.0,1.9239417078119048,26,49,385,rrc04,codered,normal,0
2001-07-08 14:45:00+00:00,438,103,5.892694063926941,16.0,2.018157655369925,18,82,541,rrc04,codered,normal,0
2001-07-08 14:48:00+00:00,385,30,6.2623376623376625,16.0,2.1840650150305163,6,23,415,rrc04,codered,normal,0
2001-07-08 14:51:00+00:00,448,86,5.830357142857143,18.0,1.9623163829348962,15,64,534,rrc04,codered,normal,0
2001-07-08 14:54:00+00:00,170,34,5.852941176470588,16.0,2.8628693231172244,3,29,204,rrc04,codered,normal,0
2001-07-08 14:57:00+00:00,256,33,5.90625,15.0,1.782893978199489,5,28,289,rrc04,codered,normal,0
2001-07-08 15:00:00+00:00,233,38,5.587982832618025,15.0,2.2412886697150003,8,29,271,rrc04,codered,normal,0
2001-07-08 15:03:00+00:00,237,63,5.544303797468355,15.0,2.0935754752519187,17,43,300,rrc04,codered,normal,0
2001-07-08 15:06:00+00:00,211,37,5.545023696682464,18.0,2.5166010656457023,7,26,248,rrc04,codered,normal,0
2001-07-08 15:09:00+00:00,140,24,6.4071428571428575,18.0,2.9201184627913115,1,23,164,rrc04,codered,normal,0
2001-07-08 15:12:00+00:00,428,63,5.955607476635514,16.0,1.916575839545398,5,53,491,rrc04,codered,normal,0
2001-07-08 15:15:00+00:00,246,54,5.085365853658536,15.0,2.088691305630428,4,50,300,rrc04,codered,normal,0
2001-07-08 15:18:00+00:00,1579,23,4.79290690310323,16.0,1.5302068384809056,6,15,1602,rrc04,codered,normal,0
2001-07-08 15:21:00+00:00,180,30,5.7555555555555555,18.0,2.743927076740403,5,23,210,rrc04,codered,normal,0
2001-07-08 15:24:00+00:00,176,46,5.5852272727272725,15.0,2.29960667450719,7,34,222,rrc04,codered,normal,0
2001-07-08 15:27:00+00:00,243,43,5.7366255144032925,15.0,2.731574285621303,5,36,286,rrc04,codered,normal,0
2001-07-08 15:30:00+00:00,129,26,5.635658914728682,15.0,2.7192622816729273,8,17,155,rrc04,codered,normal,0
2001-07-08 15:33:00+00:00,267,58,5.977528089887641,16.0,2.5246835145146203,17,39,325,rrc04,codered,normal,0
2001-07-08 15:36:00+00:00,347,87,5.9077809798270895,18.0,2.8824466229511914,26,50,434,rrc04,codered,normal,0
2001-07-08 15:39:00+00:00,424,144,6.356132075471698,15.0,2.4385001850250885,39,72,568,rrc04,codered,normal,0
2001-07-08 15:42:00+00:00,411,151,5.416058394160584,15.0,1.7618932077235099,45,103,562,rrc04,codered,normal,0
2001-07-08 15:45:00+00:00,208,37,5.730769230769231,14.0,2.392820870014371,9,28,245,rrc04,codered,normal,0
2001-07-08 15:48:00+00:00,266,45,5.838345864661654,18.0,2.251189219709002,9,34,311,rrc04,codered,normal,0
2001-07-08 15:51:00+00:00,215,35,5.488372093023256,15.0,2.3483996829434948,11,15,250,rrc04,codered,normal,0
2001-07-08 15:54:00+00:00,180,68,6.7,15.0,2.812472222085047,16,39,248,rrc04,codered,normal,0
2001-07-08 15:57:00+00:00,312,93,7.291666666666667,26.0,3.6674496541618624,20,44,405,rrc04,codered,normal,0
2001-07-08 16:00:00+00:00,196,48,6.760204081632653,17.0,3.0836381837282087,10,37,244,rrc04,codered,normal,0
2001-07-08 16:03:00+00:00,278,48,6.9496402877697845,17.0,3.1618766420251267,12,32,326,rrc04,codered,normal,0
2001-07-08 16:06:00+00:00,145,41,5.937931034482759,16.0,2.3670749872456,8,29,186,rrc04,codered,normal,0
2001-07-08 16:09:00+00:00,181,67,5.066298342541437,15.0,1.873343717653648,20,44,248,rrc04,codered,normal,0
2001-07-08 16:12:00+00:00,449,108,5.195991091314031,18.0,2.061824382946368,32,52,557,rrc04,codered,normal,0
2001-07-08 16:15:00+00:00,719,236,5.890125173852573,18.0,1.7800938735128202,91,130,955,rrc04,codered,normal,0
2001-07-08 16:18:00+00:00,304,90,5.223684210526316,18.0,1.7980156036039632,28,47,394,rrc04,codered,normal,0
2001-07-08 16:21:00+00:00,379,53,5.810026385224274,15.0,2.3797307555605554,5,45,432,rrc04,codered,normal,0
2001-07-08 16:24:00+00:00,392,165,5.49234693877551,15.0,1.9859050787170827,20,141,557,rrc04,codered,normal,0
2001-07-08 16:27:00+00:00,404,68,5.616336633663367,18.0,1.8994085701556545,22,39,472,rrc04,codered,normal,0
2001-07-08 16:30:00+00:00,393,76,5.653944020356234,15.0,1.9267346282389497,12,58,469,rrc04,codered,normal,0
2001-07-08 16:33:00+00:00,416,47,6.403846153846154,16.0,2.706009092205825,5,37,463,rrc04,codered,normal,0
2001-07-08 16:36:00+00:00,597,102,5.927973199329983,16.0,1.7660026157434512,26,53,699,rrc04,codered,normal,0
2001-07-08 16:39:00+00:00,591,112,5.6937394247038915,16.0,1.576888299925619,25,70,703,rrc04,codered,normal,0
2001-07-08 16:42:00+00:00,259,43,5.764478764478764,17.0,1.829227746663316,4,38,302,rrc04,codered,normal,0
2001-07-08 16:45:00+00:00,180,36,5.538888888888889,18.0,2.747451119550808,5,31,216,rrc04,codered,normal,0
2001-07-08 16:48:00+00:00,294,51,5.374149659863946,17.0,2.2397487843634845,11,33,345,rrc04,codered,normal,0
2001-07-08 16:51:00+00:00,354,38,5.163841807909605,16.0,2.0519366456043744,4,34,392,rrc04,codered,normal,0
2001-07-08 16:54:00+00:00,534,89,5.47565543071161,16.0,2.0247455662042495,23,62,623,rrc04,codered,normal,0
2001-07-08 16:57:00+00:00,277,60,5.6606498194945845,18.0,2.5829914953594497,10,45,337,rrc04,codered,normal,0
2001-07-08 17:00:00+00:00,245,62,5.865306122448979,16.0,2.2718823464442357,16,43,307,rrc04,codered,normal,0
2001-07-08 17:03:00+00:00,205,32,6.146341463414634,15.0,2.625958367304663,3,26,237,rrc04,codered,normal,0
2001-07-08 17:06:00+00:00,208,51,5.9951923076923075,18.0,2.2944280252424027,16,31,259,rrc04,codered,normal,0
2001-07-08 17:09:00+00:00,290,52,5.824137931034483,15.0,2.2667240789166527,7,44,342,rrc04,codered,normal,0
2001-07-08 17:12:00+00:00,334,104,6.110778443113772,15.0,2.0081430019254123,18,78,438,rrc04,codered,normal,0
2001-07-08 17:15:00+00:00,159,59,5.9937106918239,18.0,2.455892299243428,11,43,218,rrc04,codered,normal,0
2001-07-08 17:18:00+00:00,662,50,5.640483383685801,15.0,1.9481322084724242,11,36,712,rrc04,codered,normal,0
2001-07-08 17:21:00+00:00,336,52,5.372023809523809,16.0,2.06767714146524,9,40,388,rrc04,codered,normal,0
2001-07-08 17:24:00+00:00,122,46,4.901639344262295,15.0,1.9728062564948294,5,39,168,rrc04,codered,normal,0
2001-07-08 17:27:00+00:00,284,86,5.651408450704225,15.0,2.3199148817403055,20,56,370,rrc04,codered,normal,0
2001-07-08 17:30:00+00:00,208,40,5.538461538461538,18.0,2.8920417226319173,6,31,248,rrc04,codered,normal,0
2001-07-08 17:33:00+00:00,164,42,6.152439024390244,15.0,2.681450536181731,3,36,206,rrc04,codered,normal,0
2001-07-08 17:36:00+00:00,146,65,6.273972602739726,18.0,2.9178725312868674,17,44,211,rrc04,codered,normal,0
2001-07-08 17:39:00+00:00,182,33,5.631868131868132,16.0,2.67295692219039,5,26,215,rrc04,codered,normal,0
2001-07-08 17:42:00+00:00,216,36,5.74537037037037,16.0,2.188982693672145,4,30,252,rrc04,codered,normal,0
2001-07-08 17:45:00+00:00,316,51,5.180379746835443,15.0,1.9638491931053912,4,47,367,rrc04,codered,normal,0
2001-07-08 17:48:00+00:00,285,38,5.203508771929824,12.0,1.519691209664013,2,36,323,rrc04,codered,normal,0
2001-07-08 17:51:00+00:00,203,42,5.512315270935961,16.0,1.8013667660216754,8,32,245,rrc04,codered,normal,0
2001-07-08 17:54:00+00:00,265,60,5.566037735849057,16.0,1.8964657691796984,21,36,325,rrc04,codered,normal,0
2001-07-08 17:57:00+00:00,194,65,6.010309278350515,18.0,2.4262093184480644,10,46,259,rrc04,codered,normal,0
2001-07-08 18:00:00+00:00,241,67,5.634854771784233,18.0,2.229440154421123,7,52,308,rrc04,codered,normal,0
2001-07-08 18:03:00+00:00,285,45,4.5964912280701755,15.0,2.1558541200102477,6,30,330,rrc04,codered,normal,0
2001-07-08 18:06:00+00:00,256,75,5.13671875,15.0,2.231009128936598,17,53,331,rrc04,codered,normal,0
2001-07-08 18:09:00+00:00,502,64,4.804780876494024,15.0,1.8632900078034305,11,51,566,rrc04,codered,normal,0
2001-07-08 18:12:00+00:00,207,67,6.0772946859903385,16.0,2.493240412342917,13,42,274,rrc04,codered,normal,0
2001-07-08 18:15:00+00:00,393,47,5.343511450381679,18.0,2.1582588603763595,7,39,440,rrc04,codered,normal,0
2001-07-08 18:18:00+00:00,563,89,4.865008880994671,22.0,1.957696781248341,8,78,652,rrc04,codered,normal,0
2001-07-08 18:21:00+00:00,616,75,4.7938311688311686,14.0,1.7436417696438355,7,67,691,rrc04,codered,normal,0
2001-07-08 18:24:00+00:00,286,151,5.2622377622377625,15.0,2.061410481742622,6,141,437,rrc04,codered,normal,0
2001-07-08 18:27:00+00:00,351,54,5.803418803418803,18.0,2.1651446971614696,13,38,405,rrc04,codered,normal,0
2001-07-08 18:30:00+00:00,253,26,7.225296442687747,15.0,2.8313309924488825,4,19,279,rrc04,codered,normal,0
2001-07-08 18:33:00+00:00,310,48,5.583870967741936,19.0,2.7222614856501024,8,37,358,rrc04,codered,normal,0
2001-07-08 18:36:00+00:00,123,28,6.585365853658536,16.0,3.32012055141183,3,23,151,rrc04,codered,normal,0
2001-07-08 18:39:00+00:00,214,36,7.5327102803738315,18.0,3.794530636038961,7,28,250,rrc04,codered,normal,0
2001-07-08 18:42:00+00:00,518,64,6.3301158301158305,17.0,2.429925318239318,14,46,582,rrc04,codered,normal,0
2001-07-08 18:45:00+00:00,369,111,7.260162601626016,18.0,2.703517928117521,2,109,480,rrc04,codered,normal,0
2001-07-08 18:48:00+00:00,440,97,7.052272727272728,19.0,2.913057487524034,7,87,537,rrc04,codered,normal,0
2001-07-08 18:51:00+00:00,934,259,6.615631691648822,19.0,2.224308900032632,30,222,1193,rrc04,codered,normal,0
2001-07-08 18:54:00+00:00,961,352,6.841831425598335,18.0,2.204422377732878,113,151,1313,rrc04,codered,normal,0
2001-07-08 18:57:00+00:00,373,96,6.445040214477212,18.0,2.7883919301316924,6,85,469,rrc04,codered,normal,0
2001-07-08 19:00:00+00:00,472,42,6.728813559322034,18.0,2.5266746986971795,6,30,514,rrc04,codered,normal,0
2001-07-08 19:03:00+00:00,1057,110,5.333017975402082,18.0,1.9892753306693178,13,91,1167,rrc04,codered,normal,0
2001-07-08 19:06:00+00:00,1253,294,6.123703112529928,18.0,2.24831692260756,80,180,1547,rrc04,codered,normal,0
2001-07-08 19:09:00+00:00,511,126,6.01761252446184,15.0,2.221070371568532,19,98,637,rrc04,codered,normal,0
2001-07-08 19:12:00+00:00,388,84,6.443298969072165,16.0,2.797160092079212,23,54,472,rrc04,codered,normal,0
2001-07-08 19:15:00+00:00,218,95,6.715596330275229,19.0,2.449833333103812,14,76,313,rrc04,codered,normal,0
2001-07-08 19:18:00+00:00,167,63,6.18562874251497,15.0,2.572593357048633,4,59,230,rrc04,codered,normal,0
2001-07-08 19:21:00+00:00,328,95,6.338414634146342,15.0,2.6546300874602577,8,83,423,rrc04,codered,normal,0
2001-07-08 19:24:00+00:00,365,70,5.531506849315068,15.0,1.6376458807614682,4,65,435,rrc04,codered,normal,0
2001-07-08 19:27:00+00:00,267,68,5.535580524344569,19.0,2.5250890776876376,8,59,335,rrc04,codered,normal,0
2001-07-08 19:30:00+00:00,370,55,6.132432432432433,22.0,3.102096418775627,9,45,425,rrc04,codered,normal,0
2001-07-08 19:33:00+00:00,455,158,6.208791208791209,22.0,2.5699723499452585,42,86,613,rrc04,codered,normal,0
2001-07-08 19:36:00+00:00,527,124,6.20303605313093,24.0,3.0867517430428952,26,80,651,rrc04,codered,normal,0
2001-07-08 19:39:00+00:00,311,86,7.842443729903537,24.0,4.516949053827402,25,51,397,rrc04,codered,normal,0
2001-07-08 19:42:00+00:00,506,143,6.798418972332016,17.0,3.8518612961807888,6,134,649,rrc04,codered,normal,0
2001-07-08 19:45:00+00:00,327,78,5.9296636085626915,18.0,3.387954134898248,6,72,405,rrc04,codered,normal,0
2001-07-08 19:48:00+00:00,264,92,6.8977272727272725,15.0,2.89999910943275,13,73,356,rrc04,codered,normal,0
2001-07-08 19:51:00+00:00,276,104,5.851449275362318,18.0,2.4263868141878557,20,74,380,rrc04,codered,normal,0
2001-07-08 19:54:00+00:00,189,71,5.624338624338624,15.0,1.820413410701717,8,58,260,rrc04,codered,normal,0
2001-07-08 19:57:00+00:00,213,68,6.286384976525822,16.0,3.0051056057247525,10,54,281,rrc04,codered,normal,0
2001-07-08 20:00:00+00:00,250,78,6.36,15.0,2.712637093309756,10,59,328,rrc04,codered,normal,0
2001-07-08 20:03:00+00:00,358,109,6.148044692737431,18.0,2.5209477862540743,20,82,467,rrc04,codered,normal,0
2001-07-08 20:06:00+00:00,374,100,5.270053475935829,18.0,1.9193112337798648,21,60,474,rrc04,codered,normal,0
2001-07-08 20:09:00+00:00,4678,196,5.128901239846088,24.0,2.2335462015680054,14,177,4874,rrc04,codered,normal,0
2001-07-08 20:12:00+00:00,4510,34,4.235476718403548,22.0,1.6319919490431873,3,30,4544,rrc04,codered,normal,0
2001-07-08 20:15:00+00:00,312,47,5.669871794871795,15.0,1.9927728353495375,6,39,359,rrc04,codered,normal,0
2001-07-08 20:18:00+00:00,462,103,5.632034632034632,18.0,2.4100465621437808,17,84,565,rrc04,codered,normal,0
2001-07-08 20:21:00+00:00,400,52,5.635,18.0,1.9765563488046578,7,45,452,rrc04,codered,normal,0
2001-07-08 20:24:00+00:00,498,122,6.947791164658635,15.0,2.6941266514807953,5,113,620,rrc04,codered,normal,0
2001-07-08 20:27:00+00:00,126,36,6.26984126984127,18.0,3.510557090536465,8,25,162,rrc04,codered,normal,0
2001-07-08 20:30:00+00:00,353,68,6.994334277620396,18.0,2.107580187133809,3,62,421,rrc04,codered,normal,0
2001-07-08 20:33:00+00:00,258,87,5.883720930232558,15.0,1.6688105915103484,0,87,345,rrc04,codered,normal,0
2001-07-08 20:36:00+00:00,250,56,7.04,16.0,2.4029981273400947,3,51,306,rrc04,codered,normal,0
2001-07-08 20:39:00+00:00,417,88,6.932853717026379,16.0,2.5643375573620752,7,77,505,rrc04,codered,normal,0
2001-07-08 20:42:00+00:00,689,58,6.81422351233672,15.0,2.1766075951999255,9,43,747,rrc04,codered,normal,0
2001-07-08 20:45:00+00:00,807,98,6.148698884758364,16.0,1.874023871093627,16,75,905,rrc04,codered,normal,0
2001-07-08 20:48:00+00:00,462,64,5.83982683982684,15.0,2.5312536403253976,16,41,526,rrc04,codered,normal,0
2001-07-08 20:51:00+00:00,475,114,5.661052631578947,16.0,2.357710519119504,18,95,589,rrc04,codered,normal,0
2001-07-08 20:54:00+00:00,177,86,5.977401129943503,15.0,2.3791818426141185,15,66,263,rrc04,codered,normal,0
2001-07-08 20:57:00+00:00,225,82,6.435555555555555,18.0,2.83416893996228,20,57,307,rrc04,codered,normal,0
2001-07-08 21:00:00+00:00,356,145,6.047752808988764,18.0,2.269848904939744,20,120,501,rrc04,codered,normal,0
2001-07-08 21:03:00+00:00,626,89,5.6309904153354635,18.0,2.114063205377233,8,79,715,rrc04,codered,normal,0
2001-07-08 21:06:00+00:00,405,99,7.649382716049383,19.0,3.0218187417264812,15,76,504,rrc04,codered,normal,0
2001-07-08 21:09:00+00:00,737,186,6.434192672998643,23.0,2.1938171242875772,38,141,923,rrc04,codered,normal,0
2001-07-08 21:12:00+00:00,561,129,5.921568627450981,22.0,2.5945744225669416,37,82,690,rrc04,codered,normal,0
2001-07-08 21:15:00+00:00,365,42,7.46027397260274,15.0,2.6866865943845895,10,29,407,rrc04,codered,normal,0
2001-07-08 21:18:00+00:00,514,116,5.262645914396887,15.0,2.046893252581544,6,108,630,rrc04,codered,normal,0
2001-07-08 21:21:00+00:00,318,122,5.729559748427673,15.0,2.0882586847611675,10,111,440,rrc04,codered,normal,0
2001-07-08 21:24:00+00:00,296,66,6.469594594594595,18.0,2.5159802448356414,9,52,362,rrc04,codered,normal,0
2001-07-08 21:27:00+00:00,351,77,6.669515669515669,18.0,2.436465504144963,9,62,428,rrc04,codered,normal,0
2001-07-08 21:30:00+00:00,466,66,4.622317596566524,16.0,1.524849881442431,7,59,532,rrc04,codered,normal,0
2001-07-08 21:33:00+00:00,295,101,6.6440677966101696,16.0,2.9490746142051716,18,80,396,rrc04,codered,normal,0
2001-07-08 21:36:00+00:00,372,73,5.314516129032258,18.0,2.207149680494154,10,62,445,rrc04,codered,normal,0
2001-07-08 21:39:00+00:00,245,94,5.979591836734694,15.0,2.121703165666363,13,77,339,rrc04,codered,normal,0
2001-07-08 21:42:00+00:00,380,49,5.35,15.0,2.374452845560314,11,33,429,rrc04,codered,normal,0
2001-07-08 21:45:00+00:00,617,78,5.012965964343598,15.0,2.013687471339317,20,51,695,rrc04,codered,normal,0
2001-07-08 21:48:00+00:00,415,71,5.99277108433735,18.0,2.8483680862603653,25,46,486,rrc04,codered,normal,0
2001-07-08 21:51:00+00:00,308,109,6.366883116883117,18.0,3.0040785089003648,15,87,417,rrc04,codered,normal,0
2001-07-08 21:54:00+00:00,532,140,6.609022556390977,24.0,4.261798459837486,12,122,672,rrc04,codered,normal,0
2001-07-08 21:57:00+00:00,319,96,5.664576802507837,15.0,2.0972513119361706,13,75,415,rrc04,codered,normal,0
2001-07-08 22:00:00+00:00,365,174,5.3863013698630136,19.0,2.4731608674527203,26,141,539,rrc04,codered,normal,0
2001-07-08 22:03:00+00:00,508,117,6.919291338582677,15.0,2.952941595211143,18,88,625,rrc04,codered,normal,0
2001-07-08 22:06:00+00:00,443,83,5.37020316027088,16.0,2.2200027869522576,8,71,526,rrc04,codered,normal,0
2001-07-08 22:09:00+00:00,447,92,5.080536912751678,16.0,2.448165395900454,15,71,539,rrc04,codered,normal,0
2001-07-08 22:12:00+00:00,650,126,6.707692307692308,18.0,2.76640881857315,20,93,776,rrc04,codered,normal,0
2001-07-08 22:15:00+00:00,464,77,6.422413793103448,18.0,2.7201383777838415,17,53,541,rrc04,codered,normal,0
2001-07-08 22:18:00+00:00,319,108,5.507836990595611,18.0,2.2547271189550733,27,71,427,rrc04,codered,normal,0
2001-07-08 22:21:00+00:00,593,65,5.320404721753794,16.0,2.023938983737748,17,43,658,rrc04,codered,normal,0
2001-07-08 22:24:00+00:00,530,158,6.122641509433962,15.0,2.7516815791428244,52,98,688,rrc04,codered,normal,0
2001-07-08 22:27:00+00:00,479,147,5.578288100208768,15.0,2.497102369282598,14,129,626,rrc04,codered,normal,0
2001-07-08 22:30:00+00:00,303,91,5.676567656765677,18.0,2.318175872132102,6,79,394,rrc04,codered,normal,0
2001-07-08 22:33:00+00:00,403,95,6.630272952853598,18.0,2.539958905304024,8,86,498,rrc04,codered,normal,0
2001-07-08 22:36:00+00:00,822,203,5.827250608272506,18.0,2.1880758432542877,60,143,1025,rrc04,codered,normal,0
2001-07-08 22:39:00+00:00,918,113,5.978213507625273,18.0,2.4715294476545577,19,90,1031,rrc04,codered,normal,0
2001-07-08 22:42:00+00:00,520,69,5.621153846153846,18.0,2.092278527794477,19,49,589,rrc04,codered,normal,0
2001-07-08 22:45:00+00:00,660,180,5.834848484848485,18.0,2.278023626679457,44,129,840,rrc04,codered,normal,0
2001-07-08 22:48:00+00:00,481,158,5.505197505197505,16.0,1.8845233581452427,14,138,639,rrc04,codered,normal,0
2001-07-08 22:51:00+00:00,381,59,6.099737532808399,15.0,2.383346625747093,12,46,440,rrc04,codered,normal,0
2001-07-08 22:54:00+00:00,249,104,6.176706827309237,22.0,3.692076014871842,14,84,353,rrc04,codered,normal,0
2001-07-08 22:57:00+00:00,347,79,6.69164265129683,23.0,4.743570125153023,9,68,426,rrc04,codered,normal,0
2001-07-08 23:00:00+00:00,383,83,5.731070496083551,22.0,2.724657863445811,8,71,466,rrc04,codered,normal,0
2001-07-08 23:03:00+00:00,475,99,5.785263157894737,18.0,1.8273344648797594,19,79,574,rrc04,codered,normal,0
2001-07-08 23:06:00+00:00,1165,130,6.759656652360515,16.0,2.33699558834981,14,114,1295,rrc04,codered,normal,0
2001-07-08 23:09:00+00:00,346,81,6.196531791907514,18.0,2.7033675414227667,6,73,427,rrc04,codered,normal,0
2001-07-08 23:12:00+00:00,393,90,6.012722646310433,15.0,2.218896630401755,11,79,483,rrc04,codered,normal,0
2001-07-08 23:15:00+00:00,409,66,5.9559902200489,18.0,2.1537525243942652,2,63,475,rrc04,codered,normal,0
2001-07-08 23:18:00+00:00,627,84,6.543859649122807,18.0,2.4447789173631405,14,64,711,rrc04,codered,normal,0
2001-07-08 23:21:00+00:00,321,45,6.542056074766355,18.0,2.696300825234047,6,39,366,rrc04,codered,normal,0
2001-07-08 23:24:00+00:00,315,57,6.155555555555556,18.0,2.438694536132882,7,46,372,rrc04,codered,normal,0
2001-07-08 23:27:00+00:00,410,83,6.221951219512195,15.0,2.0065760419816163,14,68,493,rrc04,codered,normal,0
2001-07-08 23:30:00+00:00,596,69,6.12248322147651,16.0,2.2180084803368083,6,62,665,rrc04,codered,normal,0
2001-07-08 23:33:00+00:00,401,141,6.630922693266833,15.0,2.483550149111318,12,127,542,rrc04,codered,normal,0
2001-07-08 23:36:00+00:00,491,75,6.030549898167006,18.0,2.8279020569751325,9,65,566,rrc04,codered,normal,0
2001-07-08 23:39:00+00:00,351,120,7.452991452991453,20.0,3.48009167404481,4,115,471,rrc04,codered,normal,0
2001-07-08 23:42:00+00:00,287,61,6.70383275261324,20.0,3.1874239945694756,12,46,348,rrc04,codered,normal,0
2001-07-08 23:45:00+00:00,299,125,6.351170568561873,16.0,3.0272602547247454,17,103,424,rrc04,codered,normal,0
2001-07-08 23:48:00+00:00,305,116,6.442622950819672,15.0,2.295573717809883,9,105,421,rrc04,codered,normal,0
2001-07-08 23:51:00+00:00,445,60,6.851685393258427,18.0,2.8269216337731238,9,48,505,rrc04,codered,normal,0
2001-07-08 23:54:00+00:00,320,41,5.86875,19.0,2.729747870683298,6,32,361,rrc04,codered,normal,0
2001-07-08 23:57:00+00:00,418,59,5.34688995215311,15.0,1.7088994170385052,14,42,477,rrc04,codered,normal,0
2001-07-09 00:00:00+00:00,150,26,6.0,19.0,2.837839553839035,4,22,176,rrc04,codered,normal,0
2001-07-09 00:03:00+00:00,371,63,6.061994609164421,19.0,2.3766463290855553,2,60,434,rrc04,codered,normal,0
2001-07-09 00:06:00+00:00,495,176,6.218181818181818,18.0,2.2698891369877243,35,93,671,rrc04,codered,normal,0
2001-07-09 00:09:00+00:00,547,169,6.16636197440585,20.0,2.176768255273091,35,101,716,rrc04,codered,normal,0
2001-07-09 00:12:00+00:00,521,87,5.798464491362764,18.0,2.1816890969883036,14,68,608,rrc04,codered,normal,0
2001-07-09 00:15:00+00:00,518,115,6.428571428571429,16.0,2.5555062599997593,7,103,633,rrc04,codered,normal,0
2001-07-09 00:18:00+00:00,344,129,5.808139534883721,16.0,2.47976532630676,7,120,473,rrc04,codered,normal,0
2001-07-09 00:21:00+00:00,467,96,5.9593147751606,15.0,2.553172012399374,11,84,563,rrc04,codered,normal,0
2001-07-09 00:24:00+00:00,326,101,6.420245398773006,18.0,2.908326517082202,22,71,427,rrc04,codered,normal,0
2001-07-09 00:27:00+00:00,303,33,6.5016501650165015,18.0,2.8515233465232757,4,25,336,rrc04,codered,normal,0
2001-07-09 00:30:00+00:00,312,27,5.698717948717949,15.0,1.8960818973537814,5,21,339,rrc04,codered,normal,0
2001-07-09 00:33:00+00:00,390,124,6.892307692307693,15.0,2.713440867463833,15,104,514,rrc04,codered,normal,0
2001-07-09 00:36:00+00:00,321,118,6.021806853582555,15.0,2.1550833566757785,16,93,439,rrc04,codered,normal,0
2001-07-09 00:39:00+00:00,323,112,5.972136222910216,15.0,2.1967815086902007,1,110,435,rrc04,codered,normal,0
2001-07-09 00:42:00+00:00,595,134,5.73109243697479,15.0,2.038690793406217,7,125,729,rrc04,codered,normal,0
2001-07-09 00:45:00+00:00,584,110,5.751712328767123,15.0,2.327985742197619,15,91,694,rrc04,codered,normal,0
2001-07-09 00:48:00+00:00,414,73,6.340579710144928,15.0,2.4715669406667944,4,65,487,rrc04,codered,normal,0
2001-07-09 00:51:00+00:00,883,102,5.489241223103058,18.0,2.1189560752753187,9,88,985,rrc04,codered,normal,0
2001-07-09 00:54:00+00:00,302,130,5.483443708609271,18.0,2.428730637953073,7,119,432,rrc04,codered,normal,0
2001-07-09 00:57:00+00:00,304,71,6.25,18.0,2.415002451780383,9,58,375,rrc04,codered,normal,0
2001-07-09 01:00:00+00:00,408,56,6.313725490196078,16.0,2.7546053849154424,10,41,464,rrc04,codered,normal,0
2001-07-09 01:03:00+00:00,389,49,5.737789203084833,15.0,2.291851273295578,5,41,438,rrc04,codered,normal,0
2001-07-09 01:06:00+00:00,847,81,5.851239669421488,16.0,1.827009801574615,4,75,928,rrc04,codered,normal,0
2001-07-09 01:09:00+00:00,1056,58,5.6543560606060606,15.0,1.497738181759293,7,51,1114,rrc04,codered,normal,0
2001-07-09 01:12:00+00:00,359,76,5.623955431754875,15.0,2.0029462861773704,7,68,435,rrc04,codered,normal,0
2001-07-09 01:15:00+00:00,467,91,5.676659528907923,18.0,2.0633311193461665,17,71,558,rrc04,codered,normal,0
2001-07-09 01:18:00+00:00,326,64,6.04601226993865,15.0,2.1807227202630632,19,35,390,rrc04,codered,normal,0
2001-07-09 01:21:00+00:00,1088,174,5.7536764705882355,18.0,1.5176611305207186,5,168,1262,rrc04,codered,normal,0
2001-07-09 01:24:00+00:00,906,49,5.684326710816777,18.0,1.4125413664042157,9,33,955,rrc04,codered,normal,0
2001-07-09 01:27:00+00:00,584,105,5.859589041095891,19.0,2.4165830843808203,16,88,689,rrc04,codered,normal,0
2001-07-09 01:30:00+00:00,406,139,6.145320197044335,15.0,2.1839236329184373,10,127,545,rrc04,codered,normal,0
2001-07-09 01:33:00+00:00,501,88,6.910179640718563,18.0,2.5676313415777132,14,67,589,rrc04,codered,normal,0
2001-07-09 01:36:00+00:00,232,89,6.668103448275862,18.0,2.800434053115727,10,72,321,rrc04,codered,normal,0
2001-07-09 01:39:00+00:00,248,65,6.153225806451613,15.0,2.682212479972667,5,60,313,rrc04,codered,normal,0
2001-07-09 01:42:00+00:00,355,70,6.32112676056338,15.0,2.5439193169151437,10,56,425,rrc04,codered,normal,0
2001-07-09 01:45:00+00:00,269,54,6.360594795539034,16.0,2.837627094468045,12,33,323,rrc04,codered,normal,0
2001-07-09 01:48:00+00:00,190,59,5.926315789473684,15.0,2.4376092915337653,3,55,249,rrc04,codered,normal,0
2001-07-09 01:51:00+00:00,402,38,6.930348258706467,16.0,2.4918023563664686,9,23,440,rrc04,codered,normal,0
2001-07-09 01:54:00+00:00,508,88,6.28740157480315,15.0,2.439035956642049,13,73,596,rrc04,codered,normal,0
2001-07-09 01:57:00+00:00,394,126,6.99746192893401,18.0,2.6776938435184454,13,108,520,rrc04,codered,normal,0
2001-07-09 02:00:00+00:00,293,97,6.863481228668942,15.0,2.7041487839155733,12,85,390,rrc04,codered,normal,0
2001-07-09 02:03:00+00:00,593,141,5.87858347386172,15.0,2.1176437039455216,35,106,734,rrc04,codered,normal,0
2001-07-09 02:06:00+00:00,367,96,6.310626702997276,18.0,2.123303012652135,12,79,463,rrc04,codered,normal,0
2001-07-09 02:09:00+00:00,865,168,5.50635838150289,15.0,1.9609526494864724,13,151,1033,rrc04,codered,normal,0
2001-07-09 02:12:00+00:00,1196,395,5.839464882943144,18.0,1.5925141713311497,103,205,1591,rrc04,codered,normal,0
2001-07-09 02:15:00+00:00,532,140,6.842105263157895,15.0,2.5141467566018694,8,130,672,rrc04,codered,normal,0
2001-07-09 02:18:00+00:00,470,133,5.308510638297872,15.0,2.144892973299158,5,128,603,rrc04,codered,normal,0
2001-07-09 02:21:00+00:00,402,78,7.604477611940299,15.0,2.728198036819494,6,72,480,rrc04,codered,normal,0
2001-07-09 02:24:00+00:00,587,158,6.090289608177172,19.0,2.1288217065328574,23,132,745,rrc04,codered,normal,0
2001-07-09 02:27:00+00:00,324,49,5.842592592592593,17.0,2.176595641616886,6,42,373,rrc04,codered,normal,0
2001-07-09 02:30:00+00:00,487,139,6.919917864476386,18.0,2.810904549696462,41,98,626,rrc04,codered,normal,0
2001-07-09 02:33:00+00:00,469,92,5.535181236673774,18.0,1.9098384651296758,7,83,561,rrc04,codered,normal,0
2001-07-09 02:36:00+00:00,255,48,6.019607843137255,18.0,2.3588813905833517,12,36,303,rrc04,codered,normal,0
2001-07-09 02:39:00+00:00,337,138,5.845697329376854,16.0,2.2420160101337663,39,98,475,rrc04,codered,normal,0
2001-07-09 02:42:00+00:00,406,102,6.123152709359606,18.0,2.5344145390005925,28,65,508,rrc04,codered,normal,0
2001-07-09 02:45:00+00:00,251,79,5.876494023904383,14.0,2.0715982193068236,8,61,330,rrc04,codered,normal,0
2001-07-09 02:48:00+00:00,944,32,5.109110169491525,18.0,1.68924867103942,7,23,976,rrc04,codered,normal,0
2001-07-09 02:51:00+00:00,589,131,6.030560271646859,18.0,2.478926432259353,34,97,720,rrc04,codered,normal,0
2001-07-09 02:54:00+00:00,459,97,5.111111111111111,15.0,2.2662308949301266,6,86,556,rrc04,codered,normal,0
2001-07-09 02:57:00+00:00,351,78,6.495726495726496,19.0,2.490862840779712,11,64,429,rrc04,codered,normal,0
2001-07-09 03:00:00+00:00,499,108,5.703406813627255,19.0,2.445438356275282,14,89,607,rrc04,codered,normal,0
2001-07-09 03:03:00+00:00,370,67,6.143243243243243,18.0,2.2465638074251806,13,40,437,rrc04,codered,normal,0
2001-07-09 03:06:00+00:00,363,103,6.597796143250688,19.0,3.0293687515425702,14,86,466,rrc04,codered,normal,0
2001-07-09 03:09:00+00:00,314,94,6.1369426751592355,18.0,2.4631755854722837,18,70,408,rrc04,codered,normal,0
2001-07-09 03:12:00+00:00,359,94,6.401114206128134,16.0,2.6050302498350852,15,76,453,rrc04,codered,normal,0
2001-07-09 03:15:00+00:00,251,76,6.027888446215139,19.0,2.7227862317945153,12,60,327,rrc04,codered,normal,0
2001-07-09 03:18:00+00:00,241,44,6.850622406639004,15.0,2.8200691603294965,7,37,285,rrc04,codered,normal,0
2001-07-09 03:21:00+00:00,397,81,7.173803526448363,19.0,3.101558703234509,10,64,478,rrc04,codered,normal,0
2001-07-09 03:24:00+00:00,334,109,6.9640718562874255,18.0,2.7367365844306653,5,103,443,rrc04,codered,normal,0
2001-07-09 03:27:00+00:00,383,46,5.83289817232376,18.0,2.3199135005869373,7,34,429,rrc04,codered,normal,0
2001-07-09 03:30:00+00:00,555,106,5.967567567567568,16.0,2.3889445881883953,27,61,661,rrc04,codered,normal,0
2001-07-09 03:33:00+00:00,313,158,6.830670926517572,15.0,3.0720972216052975,15,135,471,rrc04,codered,normal,0
2001-07-09 03:36:00+00:00,422,27,6.509478672985782,19.0,2.8507345379644287,7,18,449,rrc04,codered,normal,0
2001-07-09 03:39:00+00:00,403,98,6.538461538461538,13.0,2.6881570273805986,14,84,501,rrc04,codered,normal,0
2001-07-09 03:42:00+00:00,363,131,6.096418732782369,19.0,2.423271781640095,24,98,494,rrc04,codered,normal,0
2001-07-09 03:45:00+00:00,556,58,5.764388489208633,18.0,2.5601170766584946,8,48,614,rrc04,codered,normal,0
2001-07-09 03:48:00+00:00,412,89,6.584951456310679,19.0,2.46530620945581,23,57,501,rrc04,codered,normal,0
2001-07-09 03:51:00+00:00,250,46,6.236,16.0,2.5290915365008044,9,31,296,rrc04,codered,normal,0
2001-07-09 03:54:00+00:00,662,81,6.2039274924471295,18.0,1.8942869221380214,2,78,743,rrc04,codered,normal,0
2001-07-09 03:57:00+00:00,533,81,6.617260787992495,19.0,2.5858328123625007,12,61,614,rrc04,codered,normal,0
2001-07-09 04:00:00+00:00,392,128,6.040816326530612,18.0,2.043747894447839,21,97,520,rrc04,codered,normal,0
2001-07-09 04:03:00+00:00,470,74,5.738297872340426,15.0,1.759358344287057,5,68,544,rrc04,codered,normal,0
2001-07-09 04:06:00+00:00,696,223,6.913793103448276,15.0,2.0771151752964228,14,202,919,rrc04,codered,normal,0
2001-07-09 04:09:00+00:00,691,185,5.558610709117222,18.0,2.1588093231234113,37,140,876,rrc04,codered,normal,0
2001-07-09 04:12:00+00:00,578,137,6.854671280276817,16.0,2.539580240614133,26,93,715,rrc04,codered,normal,0
2001-07-09 04:15:00+00:00,450,132,7.195555555555556,18.0,2.7539027301111383,31,92,582,rrc04,codered,normal,0
2001-07-09 04:18:00+00:00,439,97,6.100227790432802,18.0,2.3467080501172477,25,69,536,rrc04,codered,normal,0
2001-07-09 04:21:00+00:00,1152,151,5.5546875,13.0,2.017405746004114,31,108,1303,rrc04,codered,normal,0
2001-07-09 04:24:00+00:00,631,67,5.459587955625991,18.0,2.4510159906616966,13,51,698,rrc04,codered,normal,0
2001-07-09 04:27:00+00:00,339,43,6.0294985250737465,15.0,1.8686238802257764,5,32,382,rrc04,codered,normal,0
2001-07-09 04:30:00+00:00,448,78,5.279017857142857,19.0,2.0111978750332513,23,53,526,rrc04,codered,normal,0
2001-07-09 04:33:00+00:00,920,208,6.195652173913044,15.0,2.2966853735555444,17,189,1128,rrc04,codered,normal,0
2001-07-09 04:36:00+00:00,536,81,5.835820895522388,18.0,2.306525557418791,29,51,617,rrc04,codered,normal,0
2001-07-09 04:39:00+00:00,511,163,6.176125244618396,18.0,2.576481288066733,16,131,674,rrc04,codered,normal,0
2001-07-09 04:42:00+00:00,597,162,5.236180904522613,15.0,2.2542342411947183,11,143,759,rrc04,codered,normal,0
2001-07-09 04:45:00+00:00,257,89,5.365758754863813,15.0,2.013204152900554,5,80,346,rrc04,codered,normal,0
2001-07-09 04:48:00+00:00,549,105,6.377049180327869,19.0,2.355070806956346,7,92,654,rrc04,codered,normal,0
2001-07-09 04:51:00+00:00,488,101,6.504098360655738,18.0,2.7236034935954208,14,85,589,rrc04,codered,normal,0
2001-07-09 04:54:00+00:00,575,154,6.742608695652174,16.0,2.7968634876625704,13,139,729,rrc04,codered,normal,0
2001-07-09 04:57:00+00:00,489,76,5.627811860940695,18.0,2.215515911468421,20,50,565,rrc04,codered,normal,0
2001-07-09 05:00:00+00:00,652,147,5.967791411042945,19.0,2.256661447582686,59,82,799,rrc04,codered,normal,0
2001-07-09 05:03:00+00:00,820,214,6.103658536585366,24.0,2.8580628405400583,32,173,1034,rrc04,codered,normal,0
2001-07-09 05:06:00+00:00,285,71,7.382456140350877,24.0,2.780453251389789,7,59,356,rrc04,codered,normal,0
2001-07-09 05:09:00+00:00,414,88,5.473429951690822,15.0,2.2018918794886293,9,75,502,rrc04,codered,normal,0
2001-07-09 05:12:00+00:00,323,66,5.309597523219814,15.0,2.2512743193406393,5,60,389,rrc04,codered,normal,0
2001-07-09 05:15:00+00:00,357,84,7.644257703081233,18.0,3.1399748113547123,11,67,441,rrc04,codered,normal,0
2001-07-09 05:18:00+00:00,555,142,5.493693693693694,18.0,2.158047135191439,15,109,697,rrc04,codered,normal,0
2001-07-09 05:21:00+00:00,357,173,6.140056022408964,18.0,2.3496809479343312,11,159,530,rrc04,codered,normal,0
2001-07-09 05:24:00+00:00,605,100,7.028099173553719,16.0,2.7165006397388893,16,78,705,rrc04,codered,normal,0
2001-07-09 05:27:00+00:00,267,67,6.456928838951311,17.0,2.815323693078429,2,64,334,rrc04,codered,normal,0
2001-07-09 05:30:00+00:00,420,84,6.992857142857143,17.0,2.831362860224472,3,81,504,rrc04,codered,normal,0
2001-07-09 05:33:00+00:00,339,101,6.020648967551622,15.0,2.2094296820320096,9,87,440,rrc04,codered,normal,0
2001-07-09 05:36:00+00:00,652,112,6.32361963190184,17.0,2.564719413750953,13,97,764,rrc04,codered,normal,0
2001-07-09 05:39:00+00:00,376,83,5.167553191489362,15.0,1.946385185343296,7,72,459,rrc04,codered,normal,0
2001-07-09 05:42:00+00:00,464,58,5.310344827586207,12.0,1.7722175525334716,10,45,522,rrc04,codered,normal,0
2001-07-09 05:45:00+00:00,444,42,6.166666666666667,17.0,2.772803353726773,7,31,486,rrc04,codered,normal,0
2001-07-09 05:48:00+00:00,481,100,6.835758835758836,15.0,2.7220608510022593,11,83,581,rrc04,codered,normal,0
2001-07-09 05:51:00+00:00,453,76,5.76158940397351,15.0,2.0823295536591346,9,63,529,rrc04,codered,normal,0
2001-07-09 05:54:00+00:00,801,165,5.645443196004994,17.0,2.70323842125128,13,143,966,rrc04,codered,normal,0
2001-07-09 05:57:00+00:00,238,43,6.474789915966387,18.0,2.8663131382116753,7,33,281,rrc04,codered,normal,0
2001-07-09 06:00:00+00:00,258,48,5.891472868217054,15.0,2.2524416040147246,3,45,306,rrc04,codered,normal,0
2001-07-09 06:03:00+00:00,904,96,5.290929203539823,17.0,2.126134683904786,21,73,1000,rrc04,codered,normal,0
2001-07-09 06:06:00+00:00,456,64,6.576754385964913,18.0,3.091199164241456,11,45,520,rrc04,codered,normal,0
2001-07-09 06:09:00+00:00,359,69,7.309192200557103,16.0,2.657139258874735,8,58,428,rrc04,codered,normal,0
2001-07-09 06:12:00+00:00,853,174,5.822977725674091,23.0,2.4274392830978004,8,163,1027,rrc04,codered,normal,0
2001-07-09 06:15:00+00:00,519,89,6.630057803468208,17.0,2.7175909860337093,7,77,608,rrc04,codered,normal,0
2001-07-09 06:18:00+00:00,420,147,5.735714285714286,15.0,2.393276438032919,14,126,567,rrc04,codered,normal,0
2001-07-09 06:21:00+00:00,451,120,5.842572062084257,15.0,2.016463621113133,28,73,571,rrc04,codered,normal,0
2001-07-09 06:24:00+00:00,526,122,5.665399239543726,16.0,2.3257159926849624,19,89,648,rrc04,codered,normal,0
2001-07-09 06:27:00+00:00,541,118,6.057301293900185,19.0,2.534502638135442,18,99,659,rrc04,codered,normal,0
2001-07-09 06:30:00+00:00,903,226,5.863787375415282,20.0,1.9513024435255073,62,161,1129,rrc04,codered,normal,0
2001-07-09 06:33:00+00:00,474,77,6.474683544303797,20.0,2.630635883777979,22,51,551,rrc04,codered,normal,0
2001-07-09 06:36:00+00:00,412,106,6.262135922330097,16.0,2.7894084178067122,4,98,518,rrc04,codered,normal,0
2001-07-09 06:39:00+00:00,749,198,5.879839786381843,16.0,2.225950114651354,42,154,947,rrc04,codered,normal,0
2001-07-09 06:42:00+00:00,379,69,5.54353562005277,18.0,2.0066062807341174,3,66,448,rrc04,codered,normal,0
2001-07-09 06:45:00+00:00,560,137,7.1875,16.0,2.714153544714395,39,85,697,rrc04,codered,normal,0
2001-07-09 06:48:00+00:00,457,148,6.87308533916849,15.0,2.5853648654003885,56,80,605,rrc04,codered,normal,0
2001-07-09 06:51:00+00:00,499,62,6.338677354709419,15.0,2.587066462205398,9,46,561,rrc04,codered,normal,0
2001-07-09 06:54:00+00:00,604,286,5.410596026490066,16.0,2.1088634243984763,86,191,890,rrc04,codered,normal,0
2001-07-09 06:57:00+00:00,390,253,5.912820512820513,18.0,2.2286226040705266,64,138,643,rrc04,codered,normal,0
2001-07-09 07:00:00+00:00,486,182,5.179012345679013,15.0,1.7970173768003694,25,150,668,rrc04,codered,normal,0
2001-07-09 07:03:00+00:00,530,114,5.988679245283019,18.0,2.431682419166296,7,105,644,rrc04,codered,normal,0
2001-07-09 07:06:00+00:00,827,148,6.042321644498187,17.0,2.7577567295712,6,139,975,rrc04,codered,normal,0
2001-07-09 07:09:00+00:00,326,98,5.300613496932515,16.0,2.1525700699001886,7,89,424,rrc04,codered,normal,0
2001-07-09 07:12:00+00:00,528,119,5.386363636363637,18.0,2.2195676867925074,24,93,647,rrc04,codered,normal,0
2001-07-09 07:15:00+00:00,745,216,6.5087248322147655,17.0,2.748567238377116,36,173,961,rrc04,codered,normal,0
2001-07-09 07:18:00+00:00,548,126,5.531021897810219,15.0,1.8972091622591067,18,102,674,rrc04,codered,normal,0
2001-07-09 07:21:00+00:00,266,60,5.7894736842105265,16.0,2.236244944614744,18,36,326,rrc04,codered,normal,0
2001-07-09 07:24:00+00:00,270,91,6.962962962962963,17.0,3.4756452263384134,8,80,361,rrc04,codered,normal,0
2001-07-09 07:27:00+00:00,426,34,5.922535211267606,17.0,2.4839596503435426,4,30,460,rrc04,codered,normal,0
2001-07-09 07:30:00+00:00,795,40,4.939622641509434,16.0,1.8295622347458194,5,35,835,rrc04,codered,normal,0
2001-07-09 07:33:00+00:00,511,85,5.988258317025441,15.0,2.1653423595485064,7,75,596,rrc04,codered,normal,0
2001-07-09 07:36:00+00:00,1057,223,7.290444654683065,17.0,3.194696629924209,62,156,1280,rrc04,codered,normal,0
2001-07-09 07:39:00+00:00,894,314,5.874720357941834,18.0,2.775727463768774,29,283,1208,rrc04,codered,normal,0
2001-07-09 07:42:00+00:00,617,173,5.544570502431118,16.0,2.246201299404022,21,148,790,rrc04,codered,normal,0
2001-07-09 07:45:00+00:00,644,91,6.950310559006211,17.0,2.6669154076857895,17,69,735,rrc04,codered,normal,0
2001-07-09 07:48:00+00:00,522,175,5.787356321839081,15.0,2.260520975335398,13,152,697,rrc04,codered,normal,0
2001-07-09 07:51:00+00:00,655,243,5.702290076335878,16.0,1.92490569408553,5,235,898,rrc04,codered,normal,0
2001-07-09 07:54:00+00:00,594,216,6.328282828282828,15.0,2.3053826812947023,30,181,810,rrc04,codered,normal,0
2001-07-09 07:57:00+00:00,650,165,6.595384615384615,18.0,3.143879561660219,11,149,815,rrc04,codered,normal,0
2001-07-09 08:00:00+00:00,850,104,6.402352941176471,17.0,2.441406367629755,14,86,954,rrc04,codered,normal,0
2001-07-09 08:03:00+00:00,732,160,7.020491803278689,18.0,2.852640571133154,45,99,892,rrc04,codered,normal,0
2001-07-09 08:06:00+00:00,1430,147,6.394405594405594,16.0,2.0554473497322063,18,124,1577,rrc04,codered,normal,0
2001-07-09 08:09:00+00:00,1349,222,8.27353595255745,17.0,3.4930902070506646,46,163,1571,rrc04,codered,normal,0
2001-07-09 08:12:00+00:00,1275,353,7.696470588235294,19.0,2.6508650630441903,141,199,1628,rrc04,codered,normal,0
2001-07-09 08:15:00+00:00,640,134,6.31875,18.0,2.2350108361034855,15,116,774,rrc04,codered,normal,0
2001-07-09 08:18:00+00:00,449,75,6.599109131403118,16.0,2.7791138144885292,13,59,524,rrc04,codered,normal,0
2001-07-09 08:21:00+00:00,838,344,6.047732696897374,19.0,2.5408572332702404,87,210,1182,rrc04,codered,normal,0
2001-07-09 08:24:00+00:00,1451,627,5.773259820813232,17.0,2.2124269164920314,158,383,2078,rrc04,codered,normal,0
2001-07-09 08:27:00+00:00,2270,678,5.412334801762115,15.0,1.8393705379867067,221,442,2948,rrc04,codered,normal,0
2001-07-09 08:30:00+00:00,1141,129,5.553023663453112,16.0,1.5992006297300256,23,100,1270,rrc04,codered,normal,0
2001-07-09 08:33:00+00:00,404,64,6.101485148514851,16.0,2.329768137929632,6,56,468,rrc04,codered,normal,0
2001-07-09 08:36:00+00:00,354,158,6.31638418079096,16.0,2.6524506160311856,7,147,512,rrc04,codered,normal,0
2001-07-09 08:39:00+00:00,607,158,5.673805601317957,15.0,2.2669509779677606,14,140,765,rrc04,codered,normal,0
2001-07-09 08:42:00+00:00,991,85,5.613521695257316,17.0,1.8416031956574834,21,60,1076,rrc04,codered,normal,0
2001-07-09 08:45:00+00:00,635,109,6.110236220472441,14.0,1.9683653494522548,14,88,744,rrc04,codered,normal,0
2001-07-09 08:48:00+00:00,519,76,6.7842003853564545,16.0,2.500801583693072,7,64,595,rrc04,codered,normal,0
2001-07-09 08:51:00+00:00,291,97,5.828178694158075,15.0,1.9542964692486866,13,80,388,rrc04,codered,normal,0
2001-07-09 08:54:00+00:00,474,38,5.719409282700422,18.0,1.7011298272112436,5,31,512,rrc04,codered,normal,0
2001-07-09 08:57:00+00:00,702,97,5.605413105413105,18.0,1.7789924123315117,8,84,799,rrc04,codered,normal,0
2001-07-09 09:00:00+00:00,232,42,5.737068965517241,15.0,2.6021884083373243,8,30,274,rrc04,codered,normal,0
2001-07-09 09:03:00+00:00,368,65,7.0896739130434785,18.0,2.8685138369542043,6,55,433,rrc04,codered,normal,0
2001-07-09 09:06:00+00:00,597,127,5.61641541038526,16.0,1.6830812101908597,41,82,724,rrc04,codered,normal,0
2001-07-09 09:09:00+00:00,683,153,5.411420204978038,15.0,1.7920398751712432,27,113,836,rrc04,codered,normal,0
2001-07-09 09:12:00+00:00,511,114,5.966731898238748,16.0,2.020653845018871,23,74,625,rrc04,codered,normal,0
2001-07-09 09:15:00+00:00,902,100,5.1086474501108645,16.0,1.681170188847108,17,76,1002,rrc04,codered,normal,0
2001-07-09 09:18:00+00:00,7574,182,4.819910219170848,24.0,2.089885279888193,19,158,7756,rrc04,codered,normal,0
2001-07-09 09:21:00+00:00,1592,88,4.450376884422111,15.0,1.4177800818429829,4,82,1680,rrc04,codered,normal,0
2001-07-09 09:24:00+00:00,205,52,5.8585365853658535,15.0,2.0205017017340747,8,41,257,rrc04,codered,normal,0
2001-07-09 09:27:00+00:00,674,104,5.724035608308605,15.0,1.734905492233311,13,88,778,rrc04,codered,normal,0
2001-07-09 09:30:00+00:00,657,113,5.894977168949771,15.0,2.196494171017615,13,99,770,rrc04,codered,normal,0
2001-07-09 09:33:00+00:00,827,99,5.4159613059250304,15.0,1.9844953155679739,6,91,926,rrc04,codered,normal,0
2001-07-09 09:36:00+00:00,367,116,6.021798365122616,15.0,2.7022170799834484,9,106,483,rrc04,codered,normal,0
2001-07-09 09:39:00+00:00,526,74,5.395437262357414,15.0,1.9960745933420578,21,48,600,rrc04,codered,normal,0
2001-07-09 09:42:00+00:00,370,146,6.1,18.0,2.81276049844661,41,74,516,rrc04,codered,normal,0
2001-07-09 09:45:00+00:00,1127,53,4.0479148181011535,16.0,2.0188579884385844,12,40,1180,rrc04,codered,normal,0
2001-07-09 09:48:00+00:00,313,69,5.904153354632588,15.0,2.5896849948687755,9,57,382,rrc04,codered,normal,0
2001-07-09 09:51:00+00:00,450,128,5.684444444444445,15.0,2.3253153244290745,17,103,578,rrc04,codered,normal,0
2001-07-09 09:54:00+00:00,465,126,5.795698924731183,18.0,2.389759243665984,6,117,591,rrc04,codered,normal,0
2001-07-09 09:57:00+00:00,381,98,5.456692913385827,15.0,2.5598020311161194,12,81,479,rrc04,codered,normal,0
2001-07-09 10:00:00+00:00,369,41,5.878048780487805,15.0,2.079394452140662,2,37,410,rrc04,codered,normal,0
2001-07-09 10:03:00+00:00,408,95,5.198529411764706,18.0,2.4288498436215518,16,76,503,rrc04,codered,normal,0
2001-07-09 10:06:00+00:00,562,137,5.97153024911032,15.0,2.107242418914899,19,93,699,rrc04,codered,normal,0
2001-07-09 10:09:00+00:00,294,49,5.959183673469388,16.0,2.235695423685558,8,40,343,rrc04,codered,normal,0
2001-07-09 10:12:00+00:00,665,111,4.493233082706767,14.0,1.522868064265967,15,90,776,rrc04,codered,normal,0
2001-07-09 10:15:00+00:00,2441,556,4.751331421548546,15.0,1.3092270428640236,17,529,2997,rrc04,codered,normal,0
2001-07-09 10:18:00+00:00,1220,91,4.614754098360656,15.0,1.8745347895510773,23,60,1311,rrc04,codered,normal,0
2001-07-09 10:21:00+00:00,282,75,5.1879432624113475,17.0,1.8784320901614255,15,57,357,rrc04,codered,normal,0
2001-07-09 10:24:00+00:00,1214,160,4.827841845140033,15.0,1.459790258691038,20,132,1374,rrc04,codered,normal,0
2001-07-09 10:27:00+00:00,542,169,5.387453874538745,15.0,1.569211783210338,30,133,711,rrc04,codered,normal,0
2001-07-09 10:30:00+00:00,478,132,5.060669456066946,14.0,1.7567804006466936,36,77,610,rrc04,codered,normal,0
2001-07-09 10:33:00+00:00,533,80,5.378986866791744,14.0,2.2278489162078587,24,55,613,rrc04,codered,normal,0
2001-07-09 10:36:00+00:00,534,111,5.803370786516854,18.0,2.5077982989487495,34,69,645,rrc04,codered,normal,0
2001-07-09 10:39:00+00:00,394,139,5.769035532994923,18.0,2.341407356677799,40,89,533,rrc04,codered,normal,0
2001-07-09 10:42:00+00:00,1691,187,7.363098758131283,17.0,2.7599674063789292,38,147,1878,rrc04,codered,normal,0
2001-07-09 10:45:00+00:00,1447,196,7.42294402211472,16.0,3.0685733724538093,70,123,1643,rrc04,codered,normal,0
2001-07-09 10:48:00+00:00,301,99,5.691029900332226,15.0,2.1460508277420063,17,77,400,rrc04,codered,normal,0
2001-07-09 10:51:00+00:00,434,59,6.211981566820277,15.0,2.4098959267031437,7,49,493,rrc04,codered,normal,0
2001-07-09 10:54:00+00:00,438,60,7.155251141552512,18.0,3.546637394642147,13,44,498,rrc04,codered,normal,0
2001-07-09 10:57:00+00:00,364,72,5.024725274725275,15.0,1.6448199344711616,9,58,436,rrc04,codered,normal,0
2001-07-09 11:00:00+00:00,605,122,5.171900826446281,15.0,1.9370772539280068,16,104,727,rrc04,codered,normal,0
2001-07-09 11:03:00+00:00,436,126,5.676605504587156,15.0,1.9379132445638372,39,76,562,rrc04,codered,normal,0
2001-07-09 11:06:00+00:00,425,117,5.134117647058823,15.0,1.8351825003766198,7,104,542,rrc04,codered,normal,0
2001-07-09 11:09:00+00:00,398,70,5.494974874371859,15.0,1.7302292741360161,12,47,468,rrc04,codered,normal,0
2001-07-09 11:12:00+00:00,421,92,6.0736342042755345,18.0,2.2081243530098136,14,72,513,rrc04,codered,normal,0
2001-07-09 11:15:00+00:00,219,50,5.3744292237442925,15.0,2.0014798219985717,8,42,269,rrc04,codered,normal,0
2001-07-09 11:18:00+00:00,295,64,5.288135593220339,15.0,2.0638194594672026,7,54,359,rrc04,codered,normal,0
2001-07-09 11:21:00+00:00,393,144,5.786259541984733,15.0,2.1138377249800655,15,126,537,rrc04,codered,normal,0
2001-07-09 11:24:00+00:00,507,60,5.285996055226825,15.0,1.8860698584179125,10,47,567,rrc04,codered,normal,0
2001-07-09 11:27:00+00:00,644,114,5.220496894409938,12.0,1.8876393622171574,21,77,758,rrc04,codered,normal,0
2001-07-09 11:30:00+00:00,715,129,5.151048951048951,14.0,1.5235616687364366,32,87,844,rrc04,codered,normal,0
2001-07-09 11:33:00+00:00,342,67,5.716374269005848,15.0,1.9296761417319475,10,54,409,rrc04,codered,normal,0
2001-07-09 11:36:00+00:00,708,109,5.435028248587571,16.0,1.8579540792990388,8,98,817,rrc04,codered,normal,0
2001-07-09 11:39:00+00:00,554,55,5.709386281588448,15.0,1.928417165486746,7,46,609,rrc04,codered,normal,0
2001-07-09 11:42:00+00:00,1081,111,5.843663274745606,15.0,1.9237497816546434,32,74,1192,rrc04,codered,normal,0
2001-07-09 11:45:00+00:00,2346,88,5.67774936061381,15.0,1.2408881050556329,21,50,2434,rrc04,codered,normal,0
2001-07-09 11:48:00+00:00,2526,780,5.653998416468725,15.0,1.1352682383813355,239,360,3306,rrc04,codered,normal,0
2001-07-09 11:51:00+00:00,1746,144,5.4719358533791524,15.0,1.0748411153038038,25,111,1890,rrc04,codered,normal,0
2001-07-09 11:54:00+00:00,1437,270,5.5977731384829506,16.0,1.3907720714757326,56,181,1707,rrc04,codered,normal,0
2001-07-09 11:57:00+00:00,1700,171,5.19,13.0,0.9435945041358041,36,128,1871,rrc04,codered,normal,0
2001-07-09 12:00:00+00:00,2578,380,5.622575640031032,15.0,0.8484380980747042,72,294,2958,rrc04,codered,normal,0
2001-07-09 12:03:00+00:00,2060,240,5.391747572815534,15.0,1.1049007574679872,60,162,2300,rrc04,codered,normal,0
2001-07-09 12:06:00+00:00,1896,343,5.587025316455696,15.0,1.1203056824563047,57,268,2239,rrc04,codered,normal,0
2001-07-09 12:09:00+00:00,868,241,5.53110599078341,15.0,1.5081041208939117,51,182,1109,rrc04,codered,normal,0
2001-07-09 12:12:00+00:00,768,186,5.346354166666667,15.0,1.5561829769983044,19,162,954,rrc04,codered,normal,0
2001-07-09 12:15:00+00:00,792,227,5.41919191919192,15.0,1.3289835690494398,58,167,1019,rrc04,codered,normal,0
2001-07-09 12:18:00+00:00,1391,242,5.490294751976995,15.0,1.470930636313355,47,167,1633,rrc04,codered,normal,0
2001-07-09 12:21:00+00:00,1132,340,5.752650176678445,22.0,2.1239718047674185,134,196,1472,rrc04,codered,normal,0
2001-07-09 12:24:00+00:00,1557,353,5.609505459216442,24.0,1.5993293631456615,143,196,1910,rrc04,codered,normal,0
2001-07-09 12:27:00+00:00,1075,72,5.999069767441861,15.0,1.6455716670542107,16,47,1147,rrc04,codered,normal,0
2001-07-09 12:30:00+00:00,2834,1107,5.075864502470007,15.0,1.5833342889932676,12,1094,3941,rrc04,codered,normal,0
2001-07-09 12:33:00+00:00,4670,70,4.204496788008566,15.0,1.6140248259059233,11,57,4740,rrc04,codered,normal,0
2001-07-09 12:36:00+00:00,1661,248,4.452739313666466,15.0,1.5590986829783389,83,119,1909,rrc04,codered,normal,0
2001-07-09 12:39:00+00:00,1565,342,5.13482428115016,19.0,1.4653728607013554,103,236,1907,rrc04,codered,normal,0
2001-07-09 12:42:00+00:00,1667,195,4.807438512297541,15.0,2.1409801256174354,14,177,1862,rrc04,codered,normal,0
2001-07-09 12:45:00+00:00,664,270,5.332831325301205,12.0,1.599813749093878,30,221,934,rrc04,codered,normal,0
2001-07-09 12:48:00+00:00,971,255,5.5262615859938204,15.0,1.6046021382887992,73,171,1226,rrc04,codered,normal,0
2001-07-09 12:51:00+00:00,898,216,5.493318485523385,15.0,1.9107187720753624,76,127,1114,rrc04,codered,normal,0
2001-07-09 12:54:00+00:00,671,143,5.502235469448584,15.0,1.5108877813796253,38,97,814,rrc04,codered,normal,0
2001-07-09 12:57:00+00:00,1212,134,4.962046204620462,13.0,1.3387639382481074,44,80,1346,rrc04,codered,normal,0
2001-07-09 13:00:00+00:00,670,114,5.8059701492537314,17.0,2.2956077852251995,27,62,784,rrc04,codered,normal,0
2001-07-09 13:03:00+00:00,467,124,6.593147751605995,21.0,3.570248845028672,35,80,591,rrc04,codered,normal,0
2001-07-09 13:06:00+00:00,527,131,5.969639468690702,15.0,2.3984159191538423,27,89,658,rrc04,codered,normal,0
2001-07-09 13:09:00+00:00,529,122,5.693761814744802,15.0,2.308195890389193,15,105,651,rrc04,codered,normal,0
2001-07-09 13:12:00+00:00,782,118,5.434782608695652,15.0,2.3274669042958878,38,71,900,rrc04,codered,normal,0
2001-07-09 13:15:00+00:00,821,80,5.973203410475031,15.0,1.9523590387311047,12,61,901,rrc04,codered,normal,0
2001-07-09 13:18:00+00:00,579,102,5.060449050086356,15.0,1.6217883278628,11,90,681,rrc04,codered,normal,0
2001-07-09 13:21:00+00:00,501,112,5.3532934131736525,15.0,1.7512282919925592,33,78,613,rrc04,codered,normal,0
2001-07-09 13:24:00+00:00,1034,132,5.283365570599613,12.0,1.267040096907164,13,114,1166,rrc04,codered,normal,0
2001-07-09 13:27:00+00:00,1219,341,5.732567678424939,15.0,1.314654283250175,132,187,1560,rrc04,codered,normal,0
2001-07-09 13:30:00+00:00,861,252,5.031358885017422,13.0,1.1426446645347352,95,150,1113,rrc04,codered,normal,0
2001-07-09 13:33:00+00:00,543,49,5.629834254143646,17.0,1.8787346771860245,11,32,592,rrc04,codered,normal,0
2001-07-09 13:36:00+00:00,544,65,5.354779411764706,13.0,1.832372083213677,13,50,609,rrc04,codered,normal,0
2001-07-09 13:39:00+00:00,694,80,5.246397694524496,14.0,1.684334497844383,9,68,774,rrc04,codered,normal,0
2001-07-09 13:42:00+00:00,1822,69,4.198133918770582,16.0,1.50911494320787,10,57,1891,rrc04,codered,normal,0
2001-07-09 13:45:00+00:00,392,43,5.64030612244898,18.0,2.082656248435202,7,34,435,rrc04,codered,normal,0
2001-07-09 13:48:00+00:00,437,82,5.379862700228833,18.0,2.3624361973693095,21,60,519,rrc04,codered,normal,0
2001-07-09 13:51:00+00:00,633,95,5.358609794628752,19.0,2.4325321377721343,15,74,728,rrc04,codered,normal,0
2001-07-09 13:54:00+00:00,992,143,5.631048387096774,12.0,1.702987090355283,13,129,1135,rrc04,codered,normal,0
2001-07-09 13:57:00+00:00,1237,128,5.797089733225546,16.0,2.0870446749831677,11,111,1365,rrc04,codered,normal,0
2001-07-09 14:00:00+00:00,654,86,5.58256880733945,15.0,2.0284826903580084,23,60,740,rrc04,codered,normal,0
2001-07-09 14:03:00+00:00,851,144,5.393654524089307,19.0,1.8038754905658696,11,131,995,rrc04,codered,normal,0
2001-07-09 14:06:00+00:00,512,88,5.369140625,16.0,1.6985934104354137,7,81,600,rrc04,codered,normal,0
2001-07-09 14:09:00+00:00,263,79,5.733840304182509,14.0,1.9532256846707967,20,55,342,rrc04,codered,normal,0
2001-07-09 14:12:00+00:00,524,55,5.234732824427481,15.0,1.8790365519945897,11,42,579,rrc04,codered,normal,0
2001-07-09 14:15:00+00:00,788,125,5.908629441624366,19.0,2.259616033540138,29,88,913,rrc04,codered,normal,0
2001-07-09 14:18:00+00:00,615,84,5.40650406504065,16.0,1.7261141017499098,15,64,699,rrc04,codered,normal,0
2001-07-09 14:21:00+00:00,940,58,5.264893617021277,18.0,1.471372744969849,4,54,998,rrc04,codered,normal,0
2001-07-09 14:24:00+00:00,411,128,5.357664233576642,20.0,1.9634267661030083,34,85,539,rrc04,codered,normal,0
2001-07-09 14:27:00+00:00,496,78,5.362903225806452,16.0,1.818740602101226,18,55,574,rrc04,codered,normal,0
2001-07-09 14:30:00+00:00,543,90,5.488029465930018,16.0,1.564848789480437,13,74,633,rrc04,codered,normal,0
2001-07-09 14:33:00+00:00,713,93,5.697054698457223,15.0,1.665828416307064,22,63,806,rrc04,codered,normal,0
2001-07-09 14:36:00+00:00,783,113,4.9948914431673055,16.0,1.5420788268653778,5,108,896,rrc04,codered,normal,0
2001-07-09 14:39:00+00:00,408,101,5.215686274509804,15.0,1.7911955202524361,12,87,509,rrc04,codered,normal,0
2001-07-09 14:42:00+00:00,353,74,5.243626062322946,16.0,1.9359782490644104,19,47,427,rrc04,codered,normal,0
2001-07-09 14:45:00+00:00,363,99,5.487603305785124,15.0,2.086750947661179,23,63,462,rrc04,codered,normal,0
2001-07-09 14:48:00+00:00,330,104,5.948484848484848,16.0,2.560849907700651,26,72,434,rrc04,codered,normal,0
2001-07-09 14:51:00+00:00,669,52,5.300448430493273,15.0,1.7609829881094365,14,36,721,rrc04,codered,normal,0
2001-07-09 14:54:00+00:00,434,60,5.341013824884793,19.0,1.9233766594202033,13,44,494,rrc04,codered,normal,0
2001-07-09 14:57:00+00:00,847,69,4.6103896103896105,12.0,1.2899706536975604,15,46,916,rrc04,codered,normal,0
2001-07-09 15:00:00+00:00,6171,581,4.062550640090747,19.0,1.2985573095545426,14,562,6752,rrc04,codered,normal,0
2001-07-09 15:03:00+00:00,2254,51,4.256876663708962,12.0,1.7161310476536238,5,44,2305,rrc04,codered,normal,0
2001-07-09 15:06:00+00:00,476,68,5.695378151260504,16.0,2.4626750809801554,11,56,544,rrc04,codered,normal,0
2001-07-09 15:09:00+00:00,686,60,5.2682215743440235,13.0,1.5586901273197105,7,53,746,rrc04,codered,normal,0
2001-07-09 15:12:00+00:00,4872,1088,4.6876026272577995,16.0,1.0483519005791622,17,1065,5960,rrc04,codered,normal,0
2001-07-09 15:15:00+00:00,6383,583,4.1768760770797435,14.0,1.379405091532229,29,543,6966,rrc04,codered,normal,0
2001-07-09 15:18:00+00:00,2888,247,4.96191135734072,20.0,1.862835447241602,27,211,3135,rrc04,codered,normal,0
2001-07-09 15:21:00+00:00,1022,131,4.368884540117417,15.0,1.9689195901859817,31,73,1153,rrc04,codered,normal,0
2001-07-09 15:24:00+00:00,323,65,5.3312693498452015,15.0,1.7905446354496022,12,52,388,rrc04,codered,normal,0
2001-07-09 15:27:00+00:00,449,101,5.596881959910913,20.0,2.199430800401489,23,69,550,rrc04,codered,normal,0
2001-07-09 15:30:00+00:00,563,77,5.373001776198934,19.0,1.5356449383080126,11,66,640,rrc04,codered,normal,0
2001-07-09 15:33:00+00:00,259,98,5.100386100386101,16.0,1.7721460948320322,30,66,357,rrc04,codered,normal,0
2001-07-09 15:36:00+00:00,555,93,5.859459459459459,15.0,1.5275475474163565,17,73,648,rrc04,codered,normal,0
2001-07-09 15:39:00+00:00,446,185,5.13677130044843,14.0,1.884951588316637,55,88,631,rrc04,codered,normal,0
2001-07-09 15:42:00+00:00,675,60,5.232592592592592,16.0,1.562753013808437,6,54,735,rrc04,codered,normal,0
2001-07-09 15:45:00+00:00,263,51,5.433460076045628,16.0,1.9986550147981872,9,38,314,rrc04,codered,normal,0
2001-07-09 15:48:00+00:00,654,160,5.111620795107034,12.0,1.2867542565517736,31,128,814,rrc04,codered,normal,0
2001-07-09 15:51:00+00:00,689,109,5.294629898403484,20.0,1.7446539243801324,9,89,798,rrc04,codered,normal,0
2001-07-09 15:54:00+00:00,272,50,5.4375,15.0,1.867817124031025,7,42,322,rrc04,codered,normal,0
2001-07-09 15:57:00+00:00,456,140,5.065789473684211,15.0,1.7014095780175622,22,110,596,rrc04,codered,normal,0
2001-07-09 16:00:00+00:00,598,63,4.929765886287625,19.0,1.7707443058487542,8,54,661,rrc04,codered,normal,0
2001-07-09 16:03:00+00:00,450,106,5.611111111111111,19.0,2.3223285462102923,13,93,556,rrc04,codered,normal,0
2001-07-09 16:06:00+00:00,952,109,5.815126050420168,19.0,2.5510465361277603,25,78,1061,rrc04,codered,normal,0
2001-07-09 16:09:00+00:00,3154,287,4.473050095117311,12.0,1.2973082295221325,22,262,3441,rrc04,codered,normal,0
2001-07-09 16:12:00+00:00,5334,81,3.722159730033746,14.0,1.4282122255508722,14,61,5415,rrc04,codered,normal,0
2001-07-09 16:15:00+00:00,379,90,5.337730870712401,14.0,1.7650748738099407,14,69,469,rrc04,codered,normal,0
2001-07-09 16:18:00+00:00,331,59,5.051359516616314,11.0,1.5173984815184736,11,42,390,rrc04,codered,normal,0
2001-07-09 16:21:00+00:00,398,62,5.00251256281407,19.0,1.7094163447773407,9,48,460,rrc04,codered,normal,0
2001-07-09 16:24:00+00:00,543,105,5.556169429097606,16.0,1.4977188501125793,21,80,648,rrc04,codered,normal,0
2001-07-09 16:27:00+00:00,382,94,5.109947643979058,15.0,1.8780784145743916,26,60,476,rrc04,codered,normal,0
2001-07-09 16:30:00+00:00,745,359,5.6281879194630875,10.0,1.7737867783801053,104,250,1104,rrc04,codered,normal,0
2001-07-09 16:33:00+00:00,1290,243,6.525581395348837,18.0,2.0927441674393794,21,217,1533,rrc04,codered,normal,0
2001-07-09 16:36:00+00:00,568,179,5.903169014084507,18.0,1.8104130995859893,24,149,747,rrc04,codered,normal,0
2001-07-09 16:39:00+00:00,1336,286,5.461826347305389,12.0,1.0596198701637958,67,217,1622,rrc04,codered,normal,0
2001-07-09 16:42:00+00:00,578,368,5.737024221453288,16.0,1.542942231425768,142,218,946,rrc04,codered,normal,0
2001-07-09 16:45:00+00:00,411,106,5.963503649635037,16.0,1.8059462170944558,17,81,517,rrc04,codered,normal,0
2001-07-09 16:48:00+00:00,438,74,6.365296803652968,16.0,2.479851460888731,13,57,512,rrc04,codered,normal,0
2001-07-09 16:51:00+00:00,484,66,6.074380165289257,14.0,2.2805874596821485,11,50,550,rrc04,codered,normal,0
2001-07-09 16:54:00+00:00,434,209,5.403225806451613,15.0,1.6365887613863903,6,201,643,rrc04,codered,normal,0
2001-07-09 16:57:00+00:00,370,73,5.108108108108108,16.0,1.7302364122762794,10,62,443,rrc04,codered,normal,0
2001-07-09 17:00:00+00:00,1883,391,4.459373340414232,18.0,1.1973687873973047,15,370,2274,rrc04,codered,normal,0
2001-07-09 17:03:00+00:00,625,141,5.0784,15.0,1.575389932683334,25,103,766,rrc04,codered,normal,0
2001-07-09 17:06:00+00:00,1073,131,5.2385834109972045,19.0,1.5327802607848107,31,97,1204,rrc04,codered,normal,0
2001-07-09 17:09:00+00:00,1610,124,5.363975155279503,15.0,1.1643542605681643,18,104,1734,rrc04,codered,normal,0
2001-07-09 17:12:00+00:00,2541,350,5.0602125147579695,16.0,1.5294289413876165,121,228,2891,rrc04,codered,normal,0
2001-07-09 17:15:00+00:00,2318,99,4.868421052631579,15.0,2.0187717437453236,12,78,2417,rrc04,codered,normal,0
2001-07-09 17:18:00+00:00,647,121,5.517774343122102,16.0,1.707129153282722,18,84,768,rrc04,codered,normal,0
2001-07-09 17:21:00+00:00,449,104,5.719376391982182,18.0,2.6989404113193127,15,86,553,rrc04,codered,normal,0
2001-07-09 17:24:00+00:00,562,135,5.806049822064057,15.0,1.7915675508706637,32,97,697,rrc04,codered,normal,0
2001-07-09 17:27:00+00:00,402,52,5.348258706467662,19.0,2.0559607437490466,6,44,454,rrc04,codered,normal,0
2001-07-09 17:30:00+00:00,618,150,6.733009708737864,16.0,2.535491310253648,14,132,768,rrc04,codered,normal,0
2001-07-09 17:33:00+00:00,770,139,6.1688311688311686,14.0,2.373022607598031,14,125,909,rrc04,codered,normal,0
2001-07-09 17:36:00+00:00,475,113,7.330526315789474,18.0,2.807923888764963,16,96,588,rrc04,codered,normal,0
2001-07-09 17:39:00+00:00,583,136,6.322469982847341,19.0,2.1842158093762527,13,117,719,rrc04,codered,normal,0
2001-07-09 17:42:00+00:00,827,167,5.525997581620314,12.0,1.9609830999406697,23,143,994,rrc04,codered,normal,0
2001-07-09 17:45:00+00:00,365,100,5.978082191780822,15.0,2.347732603344375,17,77,465,rrc04,codered,normal,0
2001-07-09 17:48:00+00:00,468,118,5.348290598290598,20.0,1.8583541061726374,13,104,586,rrc04,codered,normal,0
2001-07-09 17:51:00+00:00,1014,83,5.517751479289941,18.0,1.5705564012915458,8,73,1097,rrc04,codered,normal,0
2001-07-09 17:54:00+00:00,483,107,5.743271221532091,15.0,1.9316293080148008,18,88,590,rrc04,codered,normal,0
2001-07-09 17:57:00+00:00,451,83,5.70509977827051,19.0,2.104676595340852,15,61,534,rrc04,codered,normal,0
2001-07-09 18:00:00+00:00,289,74,5.83044982698962,14.0,2.1682611800842913,7,66,363,rrc04,codered,normal,0
2001-07-09 18:03:00+00:00,447,115,6.136465324384788,20.0,2.3242114513790564,10,95,562,rrc04,codered,normal,0
2001-07-09 18:06:00+00:00,428,148,4.876168224299065,16.0,1.7670642768774636,27,116,576,rrc04,codered,normal,0
2001-07-09 18:09:00+00:00,572,103,5.888111888111888,16.0,2.405863743256757,16,86,675,rrc04,codered,normal,0
2001-07-09 18:12:00+00:00,421,53,5.923990498812351,16.0,2.4317611849680736,5,45,474,rrc04,codered,normal,0
2001-07-09 18:15:00+00:00,435,150,5.020689655172414,16.0,1.9135414559622397,13,137,585,rrc04,codered,normal,0
2001-07-09 18:18:00+00:00,319,113,6.304075235109718,15.0,2.604255440977937,13,97,432,rrc04,codered,normal,0
2001-07-09 18:21:00+00:00,925,159,5.682162162162162,16.0,1.9003714219254617,12,147,1084,rrc04,codered,normal,0
2001-07-09 18:24:00+00:00,485,94,5.91340206185567,14.0,2.289538235800317,26,63,579,rrc04,codered,normal,0
2001-07-09 18:27:00+00:00,463,96,6.913606911447085,13.0,2.661031595080567,13,79,559,rrc04,codered,normal,0
2001-07-09 18:30:00+00:00,507,105,6.392504930966469,19.0,2.2623282759757553,34,65,612,rrc04,codered,normal,0
2001-07-09 18:33:00+00:00,485,112,5.3278350515463915,13.0,1.7128226097233876,15,89,597,rrc04,codered,normal,0
2001-07-09 18:36:00+00:00,623,138,5.971107544141252,13.0,2.255537126718887,31,106,761,rrc04,codered,normal,0
2001-07-09 18:39:00+00:00,519,92,6.119460500963391,16.0,2.4809848908823784,18,66,611,rrc04,codered,normal,0
2001-07-09 18:42:00+00:00,520,95,6.219230769230769,19.0,2.4214616105486675,22,68,615,rrc04,codered,normal,0
2001-07-09 18:45:00+00:00,639,139,5.643192488262911,17.0,2.399350423088742,7,124,778,rrc04,codered,normal,0
2001-07-09 18:48:00+00:00,656,123,5.6310975609756095,16.0,2.258697825856889,39,83,779,rrc04,codered,normal,0
2001-07-09 18:51:00+00:00,1978,283,4.673913043478261,13.0,1.3659653847286115,25,247,2261,rrc04,codered,normal,0
2001-07-09 18:54:00+00:00,437,160,4.899313501144165,13.0,1.571754251794097,32,127,597,rrc04,codered,normal,0
2001-07-09 18:57:00+00:00,1870,150,4.463101604278075,14.0,1.888177970557887,18,127,2020,rrc04,codered,normal,0
2001-07-09 19:00:00+00:00,358,99,5.893854748603352,19.0,2.2879124199741265,16,80,457,rrc04,codered,normal,0
2001-07-09 19:03:00+00:00,504,79,4.936507936507937,15.0,1.5786071404580895,10,68,583,rrc04,codered,normal,0
2001-07-09 19:06:00+00:00,296,50,5.5608108108108105,13.0,2.1188547115203002,8,41,346,rrc04,codered,normal,0
2001-07-09 19:09:00+00:00,1152,162,5.116319444444445,15.0,1.8564857207338226,58,98,1314,rrc04,codered,normal,0
2001-07-09 19:12:00+00:00,920,102,5.9728260869565215,19.0,2.366046200294526,12,89,1022,rrc04,codered,normal,0
2001-07-09 19:15:00+00:00,806,535,5.6464019851116625,15.0,1.3358135065435033,163,212,1341,rrc04,codered,normal,0
2001-07-09 19:18:00+00:00,344,120,5.5813953488372094,15.0,1.9497472482533191,8,109,464,rrc04,codered,normal,0
2001-07-09 19:21:00+00:00,796,176,6.1457286432160805,19.0,2.2725960509486955,43,110,972,rrc04,codered,normal,0
2001-07-09 19:24:00+00:00,1043,124,5.1169702780441035,15.0,1.6058765601507572,28,94,1167,rrc04,codered,normal,0
2001-07-09 19:27:00+00:00,798,192,5.329573934837093,15.0,2.016946392643916,10,182,990,rrc04,codered,normal,0
2001-07-09 19:30:00+00:00,829,256,6.1145958986731,18.0,2.4067941101331956,49,203,1085,rrc04,codered,normal,0
2001-07-09 19:33:00+00:00,635,173,5.7291338582677165,15.0,2.6936527971382622,33,135,808,rrc04,codered,normal,0
2001-07-09 19:36:00+00:00,1173,100,4.79539641943734,16.0,1.8306137638740316,28,59,1273,rrc04,codered,normal,0
2001-07-09 19:39:00+00:00,739,403,6.197564276048714,15.0,2.5710882411614775,111,213,1142,rrc04,codered,normal,0
2001-07-09 19:42:00+00:00,1143,120,6.109361329833771,16.0,2.3157057872035085,18,95,1263,rrc04,codered,normal,0
2001-07-09 19:45:00+00:00,982,207,5.785132382892057,18.0,2.3583415530074894,23,179,1189,rrc04,codered,normal,0
2001-07-09 19:48:00+00:00,824,325,5.725728155339806,15.0,2.159876435670017,32,291,1149,rrc04,codered,normal,0
2001-07-09 19:51:00+00:00,1177,227,5.212404418011895,13.0,2.0927716548235304,53,171,1404,rrc04,codered,normal,0
2001-07-09 19:54:00+00:00,953,191,5.40083945435467,15.0,2.076420190215416,24,150,1144,rrc04,codered,normal,0
2001-07-09 19:57:00+00:00,610,155,5.2098360655737705,16.0,2.1860740255665294,19,134,765,rrc04,codered,normal,0
2001-07-09 20:00:00+00:00,754,144,5.572944297082228,16.0,1.8123098322118292,31,111,898,rrc04,codered,normal,0
2001-07-09 20:03:00+00:00,582,95,5.316151202749141,18.0,1.893118383580681,17,72,677,rrc04,codered,normal,0
2001-07-09 20:06:00+00:00,691,243,6.140376266280753,18.0,2.4728287563303386,73,143,934,rrc04,codered,normal,0
2001-07-09 20:09:00+00:00,785,151,6.105732484076433,21.0,2.6213781088545254,29,116,936,rrc04,codered,normal,0
2001-07-09 20:12:00+00:00,678,104,5.1386430678466075,18.0,2.315450080046946,15,83,782,rrc04,codered,normal,0
2001-07-09 20:15:00+00:00,528,46,5.140151515151516,16.0,2.4793193056698852,9,35,574,rrc04,codered,normal,0
2001-07-09 20:18:00+00:00,685,129,5.684671532846715,15.0,2.3057810719934673,17,101,814,rrc04,codered,normal,0
2001-07-09 20:21:00+00:00,1132,175,5.11660777385159,15.0,1.7413612556954094,42,124,1307,rrc04,codered,normal,0
2001-07-09 20:24:00+00:00,619,107,6.237479806138934,14.0,2.5146069135595424,19,87,726,rrc04,codered,normal,0
2001-07-09 20:27:00+00:00,765,155,5.580392156862745,18.0,2.1814146283669955,39,106,920,rrc04,codered,normal,0
2001-07-09 20:30:00+00:00,486,129,5.545267489711934,15.0,1.9054308971353162,14,106,615,rrc04,codered,normal,0
2001-07-09 20:33:00+00:00,513,127,5.42495126705653,15.0,1.8738794566081365,17,107,640,rrc04,codered,normal,0
2001-07-09 20:36:00+00:00,543,236,4.802946593001842,12.0,1.704676314144679,33,203,779,rrc04,codered,normal,0
2001-07-09 20:39:00+00:00,975,267,5.111794871794872,15.0,1.5308165607079784,42,213,1242,rrc04,codered,normal,0
2001-07-09 20:42:00+00:00,920,256,5.397826086956521,16.0,1.9677828099527541,19,226,1176,rrc04,codered,normal,0
2001-07-09 20:45:00+00:00,681,138,6.039647577092511,15.0,2.0392368196906268,17,121,819,rrc04,codered,normal,0
2001-07-09 20:48:00+00:00,975,201,5.547692307692308,18.0,2.05751463407384,38,158,1176,rrc04,codered,normal,0
2001-07-09 20:51:00+00:00,451,92,5.753880266075388,16.0,2.0802527933190427,23,65,543,rrc04,codered,normal,0
2001-07-09 20:54:00+00:00,606,159,4.904290429042904,15.0,1.4027606238400712,12,142,765,rrc04,codered,normal,0
2001-07-09 20:57:00+00:00,821,112,4.79658952496955,11.0,1.3063279189215296,25,79,933,rrc04,codered,normal,0
2001-07-09 21:00:00+00:00,659,57,4.942336874051593,16.0,1.6107608552947468,10,46,716,rrc04,codered,normal,0
2001-07-09 21:03:00+00:00,778,164,5.5681233933161955,15.0,2.0491673210623436,37,111,942,rrc04,codered,normal,0
2001-07-09 21:06:00+00:00,617,242,4.609400324149108,18.0,2.016490154085409,94,141,859,rrc04,codered,normal,0
2001-07-09 21:09:00+00:00,381,63,5.561679790026247,15.0,2.1818870958508314,7,53,444,rrc04,codered,normal,0
2001-07-09 21:12:00+00:00,416,60,5.242788461538462,12.0,1.9528568602921057,9,48,476,rrc04,codered,normal,0
2001-07-09 21:15:00+00:00,398,55,4.974874371859296,18.0,1.7362154473725193,7,46,453,rrc04,codered,normal,0
2001-07-09 21:18:00+00:00,392,83,5.091836734693878,18.0,1.6480460582396153,12,67,475,rrc04,codered,normal,0
2001-07-09 21:21:00+00:00,557,78,4.457809694793537,15.0,1.5923169031250735,4,74,635,rrc04,codered,normal,0
2001-07-09 21:24:00+00:00,723,171,4.485477178423237,15.0,1.4813723546344797,34,128,894,rrc04,codered,normal,0
2001-07-09 21:27:00+00:00,430,131,5.0418604651162795,16.0,1.6880196954295061,17,110,561,rrc04,codered,normal,0
2001-07-09 21:30:00+00:00,419,67,5.673031026252984,16.0,2.326666647027074,13,54,486,rrc04,codered,normal,0
2001-07-09 21:33:00+00:00,387,79,6.17312661498708,18.0,2.2865749731858025,17,48,466,rrc04,codered,normal,0
2001-07-09 21:36:00+00:00,449,44,5.494432071269488,13.0,2.6905079707573116,4,40,493,rrc04,codered,normal,0
2001-07-09 21:39:00+00:00,577,57,5.2166377816291165,15.0,1.5554010986355493,10,45,634,rrc04,codered,normal,0
2001-07-09 21:42:00+00:00,362,90,5.3646408839779,18.0,2.0584466890323316,23,63,452,rrc04,codered,normal,0
2001-07-09 21:45:00+00:00,428,72,5.761682242990654,16.0,2.4692934726700004,14,45,500,rrc04,codered,normal,0
2001-07-09 21:48:00+00:00,338,64,4.819526627218935,15.0,1.8873536811975768,12,51,402,rrc04,codered,normal,0
2001-07-09 21:51:00+00:00,605,86,4.953719008264462,15.0,1.4897468486658263,7,78,691,rrc04,codered,normal,0
2001-07-09 21:54:00+00:00,762,97,5.241469816272966,18.0,1.521313820321958,25,70,859,rrc04,codered,normal,0
2001-07-09 21:57:00+00:00,711,87,4.779184247538678,15.0,1.740690297001551,16,67,798,rrc04,codered,normal,0
2001-07-09 22:00:00+00:00,337,53,5.136498516320475,16.0,1.5596174949999646,6,46,390,rrc04,codered,normal,0
2001-07-09 22:03:00+00:00,709,94,4.966149506346968,15.0,1.5598938465891503,6,86,803,rrc04,codered,normal,0
2001-07-09 22:06:00+00:00,524,116,5.290076335877862,18.0,1.5919096488339708,8,107,640,rrc04,codered,normal,0
2001-07-09 22:09:00+00:00,399,103,4.972431077694235,16.0,1.8371662429260338,24,74,502,rrc04,codered,normal,0
2001-07-09 22:12:00+00:00,422,122,5.687203791469194,16.0,2.065692968928674,11,105,544,rrc04,codered,normal,0
2001-07-09 22:15:00+00:00,938,187,7.520255863539446,16.0,2.860307574860922,66,112,1125,rrc04,codered,normal,0
2001-07-09 22:18:00+00:00,422,64,6.919431279620853,14.0,3.215506219132146,6,55,486,rrc04,codered,normal,0
2001-07-09 22:21:00+00:00,252,44,5.321428571428571,15.0,1.7694096918453828,2,40,296,rrc04,codered,normal,0
2001-07-09 22:24:00+00:00,208,55,5.596153846153846,16.0,2.2404465161471663,15,37,263,rrc04,codered,normal,0
2001-07-09 22:27:00+00:00,285,61,5.3543859649122805,15.0,1.8910750841355042,8,46,346,rrc04,codered,normal,0
2001-07-09 22:30:00+00:00,946,60,6.797040169133193,13.0,2.351067346220127,9,51,1006,rrc04,codered,normal,0
2001-07-09 22:33:00+00:00,412,84,4.91747572815534,12.0,1.3230537774234905,23,60,496,rrc04,codered,normal,0
2001-07-09 22:36:00+00:00,256,33,4.99609375,9.0,1.2732158070063917,9,23,289,rrc04,codered,normal,0
2001-07-09 22:39:00+00:00,289,45,5.197231833910035,12.0,1.5781354087651562,4,38,334,rrc04,codered,normal,0
2001-07-09 22:42:00+00:00,479,82,5.392484342379959,18.0,1.8639604409238282,20,59,561,rrc04,codered,normal,0
2001-07-09 22:45:00+00:00,293,90,6.5563139931740615,15.0,2.347259544444346,12,78,383,rrc04,codered,normal,0
2001-07-09 22:48:00+00:00,311,98,5.556270096463023,16.0,1.7974305287899268,29,64,409,rrc04,codered,normal,0
2001-07-09 22:51:00+00:00,288,59,5.517361111111111,18.0,1.861444699581152,12,36,347,rrc04,codered,normal,0
2001-07-09 22:54:00+00:00,297,62,5.2727272727272725,15.0,1.702552145390771,22,37,359,rrc04,codered,normal,0
2001-07-09 22:57:00+00:00,256,66,5.30859375,18.0,2.0103454050140086,20,37,322,rrc04,codered,normal,0
2001-07-09 23:00:00+00:00,359,131,5.091922005571031,15.0,1.6672885714675776,34,80,490,rrc04,codered,normal,0
2001-07-09 23:03:00+00:00,241,49,5.634854771784233,17.0,2.4374900531062176,12,34,290,rrc04,codered,normal,0
2001-07-09 23:06:00+00:00,336,106,6.056547619047619,24.0,3.826569704070916,36,59,442,rrc04,codered,normal,0
2001-07-09 23:09:00+00:00,290,56,5.558620689655172,15.0,2.1826142568155964,16,39,346,rrc04,codered,normal,0
2001-07-09 23:12:00+00:00,302,55,5.3509933774834435,14.0,1.907457221784089,2,51,357,rrc04,codered,normal,0
2001-07-09 23:15:00+00:00,315,52,4.996825396825397,15.0,1.768325210157569,16,34,367,rrc04,codered,normal,0
2001-07-09 23:18:00+00:00,352,63,5.1335227272727275,16.0,1.9632449598078034,9,52,415,rrc04,codered,normal,0
2001-07-09 23:21:00+00:00,1014,127,5.27120315581854,16.0,1.7075130225100257,18,106,1141,rrc04,codered,normal,0
2001-07-09 23:24:00+00:00,457,85,4.765864332603939,16.0,1.6643694856184472,20,57,542,rrc04,codered,normal,0
2001-07-09 23:27:00+00:00,457,57,5.4485776805251644,18.0,1.774510488479861,16,38,514,rrc04,codered,normal,0
2001-07-09 23:30:00+00:00,607,58,5.0,12.0,1.8233340210241382,16,39,665,rrc04,codered,normal,0
2001-07-09 23:33:00+00:00,333,43,5.045045045045045,16.0,1.9361615879537637,10,32,376,rrc04,codered,normal,0
2001-07-09 23:36:00+00:00,478,59,4.97907949790795,18.0,1.581661905339261,6,52,537,rrc04,codered,normal,0
2001-07-09 23:39:00+00:00,374,51,4.874331550802139,15.0,1.5102976146198708,8,41,425,rrc04,codered,normal,0
2001-07-09 23:42:00+00:00,570,91,7.649122807017544,25.0,5.44732745697511,31,55,661,rrc04,codered,normal,0
2001-07-09 23:45:00+00:00,500,174,7.692,25.0,6.305008802531523,72,96,674,rrc04,codered,normal,0
2001-07-09 23:48:00+00:00,265,37,5.871698113207547,24.0,4.030842290296375,7,29,302,rrc04,codered,normal,0
2001-07-09 23:51:00+00:00,342,68,5.584795321637427,16.0,1.863029771331366,16,49,410,rrc04,codered,normal,0
2001-07-09 23:54:00+00:00,322,73,5.8602484472049685,18.0,2.4103240549924463,18,51,395,rrc04,codered,normal,0
2001-07-09 23:57:00+00:00,454,156,5.720264317180617,18.0,2.037897318511711,8,148,610,rrc04,codered,normal,0
2001-07-10 00:00:00+00:00,361,69,5.293628808864266,17.0,2.0185259330881906,16,52,430,rrc04,codered,normal,0
2001-07-10 00:03:00+00:00,571,65,6.168126094570928,24.0,3.037379474426242,10,54,636,rrc04,codered,normal,0
2001-07-10 00:06:00+00:00,896,231,6.243303571428571,24.0,2.525972192045519,74,150,1127,rrc04,codered,normal,0
2001-07-10 00:09:00+00:00,945,57,5.365079365079365,15.0,1.4257821093458896,7,43,1002,rrc04,codered,normal,0
2001-07-10 00:12:00+00:00,385,84,5.3896103896103895,15.0,1.516625133728072,12,71,469,rrc04,codered,normal,0
2001-07-10 00:15:00+00:00,1059,286,6.117091595845137,15.0,1.623563690684876,100,152,1345,rrc04,codered,normal,0
2001-07-10 00:18:00+00:00,627,59,5.770334928229665,16.0,1.7512484631511058,12,44,686,rrc04,codered,normal,0
2001-07-10 00:21:00+00:00,505,124,5.091089108910891,18.0,2.00978295512552,40,65,629,rrc04,codered,normal,0
2001-07-10 00:24:00+00:00,1001,40,6.005994005994006,24.0,2.2002551927108334,9,24,1041,rrc04,codered,normal,0
2001-07-10 00:27:00+00:00,2078,80,4.9254090471607315,15.0,1.3730245941866943,26,50,2158,rrc04,codered,normal,0
2001-07-10 00:30:00+00:00,1063,73,5.280338664158044,24.0,1.337799501139892,14,56,1136,rrc04,codered,normal,0
2001-07-10 00:33:00+00:00,677,60,4.790251107828656,24.0,3.4832826453169745,9,49,737,rrc04,codered,normal,0
2001-07-10 00:36:00+00:00,331,67,5.809667673716012,24.0,3.4888727147995575,15,52,398,rrc04,codered,normal,0
2001-07-10 00:39:00+00:00,373,51,6.273458445040214,25.0,3.670075803545366,10,41,424,rrc04,codered,normal,0
2001-07-10 00:42:00+00:00,322,84,5.537267080745342,22.0,2.226361538217504,24,47,406,rrc04,codered,normal,0
2001-07-10 00:45:00+00:00,914,33,4.532822757111598,18.0,1.880894183413211,3,29,947,rrc04,codered,normal,0
2001-07-10 00:48:00+00:00,236,58,5.516949152542373,15.0,1.9538447574967637,18,33,294,rrc04,codered,normal,0
2001-07-10 00:51:00+00:00,310,45,5.048387096774194,15.0,1.461632089920415,3,41,355,rrc04,codered,normal,0
2001-07-10 00:54:00+00:00,674,255,5.2195845697329375,12.0,1.44303375392081,14,238,929,rrc04,codered,normal,0
2001-07-10 00:57:00+00:00,217,85,5.221198156682028,24.0,2.5844113400460875,21,62,302,rrc04,codered,normal,0
2001-07-10 01:00:00+00:00,277,93,5.877256317689531,24.0,2.819367465482351,22,58,370,rrc04,codered,normal,0
2001-07-10 01:03:00+00:00,2187,487,5.662551440329218,25.0,1.67759966391156,121,160,2674,rrc04,codered,normal,0
2001-07-10 01:06:00+00:00,1691,75,5.536369012418687,24.0,1.343999808540001,17,54,1766,rrc04,codered,normal,0
2001-07-10 01:09:00+00:00,738,222,5.705962059620596,15.0,1.6134570296839046,30,191,960,rrc04,codered,normal,0
2001-07-10 01:12:00+00:00,306,350,4.6797385620915035,16.0,1.7041034473004273,37,309,656,rrc04,codered,normal,0
2001-07-10 01:15:00+00:00,830,369,4.8349397590361445,15.0,1.8374900202951523,117,143,1199,rrc04,codered,normal,0
2001-07-10 01:18:00+00:00,1305,152,5.618390804597701,12.0,1.3504529169831287,21,127,1457,rrc04,codered,normal,0
2001-07-10 01:21:00+00:00,1269,123,5.60441292356186,22.0,1.410144292207291,39,75,1392,rrc04,codered,normal,0
2001-07-10 01:24:00+00:00,1985,494,5.725944584382871,24.0,1.8634646983690484,203,253,2479,rrc04,codered,normal,0
2001-07-10 01:27:00+00:00,1122,217,5.523172905525847,18.0,1.5489337096113396,10,203,1339,rrc04,codered,normal,0
2001-07-10 01:30:00+00:00,454,348,5.654185022026431,24.0,3.1091406551238467,5,341,802,rrc04,codered,normal,0
2001-07-10 01:33:00+00:00,360,116,5.194444444444445,15.0,1.70488586200635,21,92,476,rrc04,codered,normal,0
2001-07-10 01:36:00+00:00,561,94,4.5579322638146165,15.0,2.5807346027606095,22,63,655,rrc04,codered,normal,0
2001-07-10 01:39:00+00:00,649,147,5.289676425269645,18.0,1.8300440908617914,32,95,796,rrc04,codered,normal,0
2001-07-10 01:42:00+00:00,668,61,5.091317365269461,22.0,1.609956688857762,12,45,729,rrc04,codered,normal,0
2001-07-10 01:45:00+00:00,479,69,4.947807933194155,24.0,2.1507367278458127,14,49,548,rrc04,codered,normal,0
2001-07-10 01:48:00+00:00,483,108,4.786749482401656,15.0,1.4596258608277124,21,81,591,rrc04,codered,normal,0
2001-07-10 01:51:00+00:00,351,92,5.925925925925926,18.0,2.336429005113901,23,58,443,rrc04,codered,normal,0
2001-07-10 01:54:00+00:00,336,59,5.7976190476190474,18.0,2.087546759697349,10,49,395,rrc04,codered,normal,0
2001-07-10 01:57:00+00:00,251,63,5.48605577689243,18.0,1.9110719496892152,16,41,314,rrc04,codered,normal,0
2001-07-10 02:00:00+00:00,401,47,5.219451371571072,18.0,1.8407199876873412,4,42,448,rrc04,codered,normal,0
2001-07-10 02:03:00+00:00,277,66,5.747292418772563,18.0,2.559268897545259,10,45,343,rrc04,codered,normal,0
2001-07-10 02:06:00+00:00,404,77,5.398514851485149,22.0,2.072234593422152,16,59,481,rrc04,codered,normal,0
2001-07-10 02:09:00+00:00,677,309,6.672082717872969,20.0,3.6910211553082752,130,171,986,rrc04,codered,normal,0
2001-07-10 02:12:00+00:00,760,156,7.061842105263158,24.0,3.9653256023892904,18,134,916,rrc04,codered,normal,0
2001-07-10 02:15:00+00:00,443,96,6.27765237020316,24.0,4.046247532418213,25,60,539,rrc04,codered,normal,0
2001-07-10 02:18:00+00:00,642,88,5.065420560747664,15.0,1.5594413172295236,23,61,730,rrc04,codered,normal,0
2001-07-10 02:21:00+00:00,422,90,5.327014218009479,15.0,2.162186907403396,20,66,512,rrc04,codered,normal,0
2001-07-10 02:24:00+00:00,307,91,5.863192182410423,18.0,2.318495294121592,26,61,398,rrc04,codered,normal,0
2001-07-10 02:27:00+00:00,443,74,6.051918735891648,24.0,3.1176356545722683,9,60,517,rrc04,codered,normal,0
2001-07-10 02:30:00+00:00,351,63,5.951566951566951,24.0,2.109655349295456,10,52,414,rrc04,codered,normal,0
2001-07-10 02:33:00+00:00,391,69,5.675191815856778,15.0,1.9818546176132632,11,56,460,rrc04,codered,normal,0
2001-07-10 02:36:00+00:00,448,105,5.125,15.0,2.0857723817740585,21,74,553,rrc04,codered,normal,0
2001-07-10 02:39:00+00:00,441,100,5.183673469387755,15.0,1.7535984700204408,19,75,541,rrc04,codered,normal,0
2001-07-10 02:42:00+00:00,317,59,5.839116719242902,18.0,2.844439454949787,11,45,376,rrc04,codered,normal,0
2001-07-10 02:45:00+00:00,245,56,5.187755102040816,13.0,1.8108102429419148,8,44,301,rrc04,codered,normal,0
2001-07-10 02:48:00+00:00,269,114,5.442379182156134,12.0,1.6701589058287338,41,56,383,rrc04,codered,normal,0
2001-07-10 02:51:00+00:00,888,98,5.761261261261262,18.0,1.8470171312399635,20,70,986,rrc04,codered,normal,0
2001-07-10 02:54:00+00:00,1108,78,5.831227436823105,24.0,2.3934778124154814,8,70,1186,rrc04,codered,normal,0
2001-07-10 02:57:00+00:00,421,90,6.32541567695962,27.0,2.6038606693537654,27,62,511,rrc04,codered,normal,0
2001-07-10 03:00:00+00:00,969,212,5.179566563467493,18.0,1.8445119608005476,42,163,1181,rrc04,codered,normal,0
2001-07-10 03:03:00+00:00,449,70,5.2271714922049,18.0,1.6889715033015178,14,54,519,rrc04,codered,normal,0
2001-07-10 03:06:00+00:00,278,48,5.4784172661870505,15.0,1.7167923322929493,13,34,326,rrc04,codered,normal,0
2001-07-10 03:09:00+00:00,239,66,5.443514644351464,16.0,1.8958084658860694,14,44,305,rrc04,codered,normal,0
2001-07-10 03:12:00+00:00,447,84,5.228187919463087,18.0,2.066416687025591,17,63,531,rrc04,codered,normal,0
2001-07-10 03:15:00+00:00,887,245,6.777903043968433,15.0,2.647081926936967,35,207,1132,rrc04,codered,normal,0
2001-07-10 03:18:00+00:00,1162,245,6.469879518072289,18.0,2.9944650292908572,51,163,1407,rrc04,codered,normal,0
2001-07-10 03:21:00+00:00,731,79,5.960328317373461,15.0,2.579475317862824,25,52,810,rrc04,codered,normal,0
2001-07-10 03:24:00+00:00,350,70,5.457142857142857,18.0,2.354847367123606,15,48,420,rrc04,codered,normal,0
2001-07-10 03:27:00+00:00,274,49,5.0583941605839415,18.0,2.1282473628171523,9,36,323,rrc04,codered,normal,0
2001-07-10 03:30:00+00:00,235,82,5.476595744680851,14.0,2.1992467536377416,22,52,317,rrc04,codered,normal,0
2001-07-10 03:33:00+00:00,624,59,5.668269230769231,18.0,2.412019757823343,11,38,683,rrc04,codered,normal,0
2001-07-10 03:36:00+00:00,740,197,5.9,24.0,2.850462266920075,27,164,937,rrc04,codered,normal,0
2001-07-10 03:39:00+00:00,750,123,4.713333333333333,24.0,1.906958019697573,16,105,873,rrc04,codered,normal,0
2001-07-10 03:42:00+00:00,472,91,5.694915254237288,19.0,1.9701521690187642,24,56,563,rrc04,codered,normal,0
2001-07-10 03:45:00+00:00,438,99,5.703196347031963,20.0,2.0526269643066,21,68,537,rrc04,codered,normal,0
2001-07-10 03:48:00+00:00,618,136,6.033980582524272,19.0,2.5429280092964457,24,107,754,rrc04,codered,normal,0
2001-07-10 03:51:00+00:00,389,46,5.984575835475578,18.0,2.8609180466140205,5,41,435,rrc04,codered,normal,0
2001-07-10 03:54:00+00:00,386,52,6.098445595854923,19.0,2.512280236751631,13,39,438,rrc04,codered,normal,0
2001-07-10 03:57:00+00:00,483,117,5.7060041407867494,19.0,2.355669162002808,37,66,600,rrc04,codered,normal,0
2001-07-10 04:00:00+00:00,348,71,5.75,24.0,2.369132194775513,17,52,419,rrc04,codered,normal,0
2001-07-10 04:03:00+00:00,389,99,6.048843187660668,25.0,2.61106601925361,19,80,488,rrc04,codered,normal,0
2001-07-10 04:06:00+00:00,432,88,5.791666666666667,17.0,2.149100802489092,23,58,520,rrc04,codered,normal,0
2001-07-10 04:09:00+00:00,564,86,5.859929078014185,19.0,2.3527313224890634,15,67,650,rrc04,codered,normal,0
2001-07-10 04:12:00+00:00,1138,156,5.947275922671353,20.0,2.5628885414827383,20,127,1294,rrc04,codered,normal,0
2001-07-10 04:15:00+00:00,673,306,6.637444279346211,22.0,2.8325051272556214,86,137,979,rrc04,codered,normal,0
2001-07-10 04:18:00+00:00,778,69,4.726221079691516,25.0,2.2614135221623854,11,55,847,rrc04,codered,normal,0
2001-07-10 04:21:00+00:00,372,93,5.755376344086022,16.0,1.7694687004920553,11,76,465,rrc04,codered,normal,0
2001-07-10 04:24:00+00:00,244,45,5.901639344262295,24.0,2.5604489746711714,8,37,289,rrc04,codered,normal,0
2001-07-10 04:27:00+00:00,347,63,5.645533141210374,16.0,2.0267665481827195,14,46,410,rrc04,codered,normal,0
2001-07-10 04:30:00+00:00,547,109,5.8939670932358315,15.0,1.8695335140511093,18,81,656,rrc04,codered,normal,0
2001-07-10 04:33:00+00:00,325,70,5.821538461538461,25.0,3.0095485124052597,6,58,395,rrc04,codered,normal,0
2001-07-10 04:36:00+00:00,348,66,5.919540229885057,25.0,3.5386808075294045,13,50,414,rrc04,codered,normal,0
2001-07-10 04:39:00+00:00,451,65,5.337028824833703,24.0,2.802743199550774,9,50,516,rrc04,codered,normal,0
2001-07-10 04:42:00+00:00,447,125,5.906040268456376,25.0,2.7261488316886067,26,94,572,rrc04,codered,normal,0
2001-07-10 04:45:00+00:00,414,77,5.103864734299517,15.0,1.7366007501086913,6,69,491,rrc04,codered,normal,0
2001-07-10 04:48:00+00:00,241,61,5.522821576763485,24.0,2.8064274785270222,14,46,302,rrc04,codered,normal,0
2001-07-10 04:51:00+00:00,286,64,5.674825174825175,24.0,2.7676697055116217,11,48,350,rrc04,codered,normal,0
2001-07-10 04:54:00+00:00,492,87,5.729674796747967,15.0,2.0417625237000347,11,70,579,rrc04,codered,normal,0
2001-07-10 04:57:00+00:00,1607,336,4.992532669570629,15.0,1.5999981316173846,115,210,1943,rrc04,codered,normal,0
2001-07-10 05:00:00+00:00,258,42,6.290697674418604,24.0,2.879490207369297,3,38,300,rrc04,codered,normal,0
2001-07-10 05:03:00+00:00,232,58,6.038793103448276,18.0,2.7532511049392117,12,38,290,rrc04,codered,normal,0
2001-07-10 05:06:00+00:00,253,74,5.446640316205533,18.0,1.962624729068017,11,63,327,rrc04,codered,normal,0
2001-07-10 05:09:00+00:00,503,118,5.9840954274353875,12.0,1.8340022197334014,18,90,621,rrc04,codered,normal,0
2001-07-10 05:12:00+00:00,842,110,6.268408551068884,18.0,2.2753819515600173,38,69,952,rrc04,codered,normal,0
2001-07-10 05:15:00+00:00,416,91,5.53125,15.0,2.4256213270243534,10,76,507,rrc04,codered,normal,0
2001-07-10 05:18:00+00:00,519,110,5.371868978805395,17.0,1.7476818045521159,17,82,629,rrc04,codered,normal,0
2001-07-10 05:21:00+00:00,443,59,5.444695259593679,16.0,1.5537001882857286,10,47,502,rrc04,codered,normal,0
2001-07-10 05:24:00+00:00,1012,272,5.938735177865612,15.0,1.6188738525353348,115,146,1284,rrc04,codered,normal,0
2001-07-10 05:27:00+00:00,592,179,5.2550675675675675,24.0,2.073189863869404,7,168,771,rrc04,codered,normal,0
2001-07-10 05:30:00+00:00,538,79,5.724907063197026,15.0,2.1406345884285987,23,55,617,rrc04,codered,normal,0
2001-07-10 05:33:00+00:00,608,121,4.8930921052631575,24.0,1.8717300375913946,17,99,729,rrc04,codered,normal,0
2001-07-10 05:36:00+00:00,209,88,5.660287081339713,18.0,2.4503494358510767,2,86,297,rrc04,codered,normal,0
2001-07-10 05:39:00+00:00,280,48,5.439285714285714,11.0,1.916999009932356,2,46,328,rrc04,codered,normal,0
2001-07-10 05:42:00+00:00,263,58,5.653992395437262,15.0,2.298547489759525,7,43,321,rrc04,codered,normal,0
2001-07-10 05:45:00+00:00,326,42,5.904907975460123,15.0,2.2456858075280057,8,30,368,rrc04,codered,normal,0
2001-07-10 05:48:00+00:00,364,71,5.6923076923076925,15.0,2.3924896577557653,15,55,435,rrc04,codered,normal,0
2001-07-10 05:51:00+00:00,398,71,5.2462311557788945,18.0,2.7636683375968523,17,53,469,rrc04,codered,normal,0
2001-07-10 05:54:00+00:00,311,48,5.482315112540193,16.0,2.017330646194089,14,32,359,rrc04,codered,normal,0
2001-07-10 05:57:00+00:00,430,57,5.4581395348837205,15.0,1.6724487767230944,4,53,487,rrc04,codered,normal,0
2001-07-10 06:00:00+00:00,364,76,5.381868131868132,16.0,1.854546188432194,8,66,440,rrc04,codered,normal,0
2001-07-10 06:03:00+00:00,400,110,6.0075,25.0,2.8569990812039125,27,79,510,rrc04,codered,normal,0
2001-07-10 06:06:00+00:00,2482,71,4.643432715551974,24.0,1.279516609164539,16,49,2553,rrc04,codered,normal,0
2001-07-10 06:09:00+00:00,354,102,6.553672316384181,16.0,2.5431197898456936,31,66,456,rrc04,codered,normal,0
2001-07-10 06:12:00+00:00,352,60,4.823863636363637,15.0,2.185359046752533,8,45,412,rrc04,codered,normal,0
2001-07-10 06:15:00+00:00,357,120,5.991596638655462,16.0,2.328110274610076,21,90,477,rrc04,codered,normal,0
2001-07-10 06:18:00+00:00,560,115,5.507142857142857,16.0,2.01865028660039,26,77,675,rrc04,codered,normal,0
2001-07-10 06:21:00+00:00,349,92,5.277936962750716,15.0,2.0607118381020495,9,81,441,rrc04,codered,normal,0
2001-07-10 06:24:00+00:00,644,112,5.245341614906832,15.0,1.9848948314696444,20,68,756,rrc04,codered,normal,0
2001-07-10 06:27:00+00:00,377,59,5.151193633952254,15.0,2.1657950818374294,8,39,436,rrc04,codered,normal,0
2001-07-10 06:30:00+00:00,286,80,5.314685314685315,18.0,2.1626828082141825,30,46,366,rrc04,codered,normal,0
2001-07-10 06:33:00+00:00,494,98,5.55668016194332,16.0,1.8030074714870237,17,76,592,rrc04,codered,normal,0
2001-07-10 06:36:00+00:00,642,57,4.8847352024922115,15.0,1.927611472541163,13,37,699,rrc04,codered,normal,0
2001-07-10 06:39:00+00:00,447,85,5.143176733780761,16.0,2.620192066084532,21,57,532,rrc04,codered,normal,0
2001-07-10 06:42:00+00:00,454,93,5.36784140969163,25.0,3.7778541110133164,26,56,547,rrc04,codered,normal,0
2001-07-10 06:45:00+00:00,441,85,6.482993197278912,21.0,2.924647952137941,19,61,526,rrc04,codered,normal,0
2001-07-10 06:48:00+00:00,737,48,6.404341926729987,24.0,2.8393212314576752,4,39,785,rrc04,codered,normal,0
2001-07-10 06:51:00+00:00,685,79,5.376642335766423,15.0,1.7226809344748966,14,61,764,rrc04,codered,normal,0
2001-07-10 06:54:00+00:00,414,97,5.181159420289855,24.0,2.6545981634454168,11,79,511,rrc04,codered,normal,0
2001-07-10 06:57:00+00:00,403,64,4.955334987593052,15.0,2.000741816382867,12,50,467,rrc04,codered,normal,0
2001-07-10 07:00:00+00:00,713,108,5.203366058906031,15.0,1.9829256868943974,7,98,821,rrc04,codered,normal,0
2001-07-10 07:03:00+00:00,1087,101,5.333026678932843,24.0,2.1883366382160037,30,65,1188,rrc04,codered,normal,0
2001-07-10 07:06:00+00:00,1003,173,5.266201395812562,16.0,2.2482793303937165,30,132,1176,rrc04,codered,normal,0
2001-07-10 07:09:00+00:00,888,153,5.474099099099099,18.0,2.5025672132524304,18,130,1041,rrc04,codered,normal,0
2001-07-10 07:12:00+00:00,548,69,5.145985401459854,20.0,2.4052562453148933,10,57,617,rrc04,codered,normal,0
2001-07-10 07:15:00+00:00,573,111,5.4171029668411865,15.0,2.5932226041286204,27,77,684,rrc04,codered,normal,0
2001-07-10 07:18:00+00:00,351,112,5.27065527065527,14.0,1.964998386497927,24,74,463,rrc04,codered,normal,0
2001-07-10 07:21:00+00:00,775,119,6.247741935483871,15.0,2.742834311881592,20,97,894,rrc04,codered,normal,0
2001-07-10 07:24:00+00:00,1211,188,5.224607762180017,18.0,1.7481632896951258,36,121,1399,rrc04,codered,normal,0
2001-07-10 07:27:00+00:00,737,120,5.402985074626866,24.0,2.3060634583924027,47,70,857,rrc04,codered,normal,0
2001-07-10 07:30:00+00:00,781,244,5.113956466069142,20.0,1.6832601569892154,64,173,1025,rrc04,codered,normal,0
2001-07-10 07:33:00+00:00,819,234,5.233211233211233,24.0,1.93813243392935,49,181,1053,rrc04,codered,normal,0
2001-07-10 07:36:00+00:00,595,212,5.573109243697479,15.0,2.0446978975554053,40,156,807,rrc04,codered,normal,0
2001-07-10 07:39:00+00:00,656,337,5.5823170731707314,17.0,2.5265525527690156,121,207,993,rrc04,codered,normal,0
2001-07-10 07:42:00+00:00,749,149,4.873164218958611,18.0,1.8251142952307486,24,110,898,rrc04,codered,normal,0
2001-07-10 07:45:00+00:00,812,131,4.857142857142857,18.0,1.6776671917257076,24,98,943,rrc04,codered,normal,0
2001-07-10 07:48:00+00:00,710,114,5.295774647887324,15.0,1.8277544615597678,15,93,824,rrc04,codered,normal,0
2001-07-10 07:51:00+00:00,1370,199,5.392700729927007,17.0,2.2820670306402557,35,158,1569,rrc04,codered,normal,0
2001-07-10 07:54:00+00:00,788,146,5.393401015228426,15.0,1.987283712740289,25,101,934,rrc04,codered,normal,0
2001-07-10 07:57:00+00:00,1177,203,4.911639762107052,15.0,1.7334753339578315,22,172,1380,rrc04,codered,normal,0
2001-07-10 08:00:00+00:00,1138,295,4.840949033391916,15.0,1.3967737666577014,22,267,1433,rrc04,codered,normal,0
2001-07-10 08:03:00+00:00,918,285,5.260348583877995,16.0,1.9088078978534169,9,275,1203,rrc04,codered,normal,0
2001-07-10 08:06:00+00:00,943,185,4.993637327677624,24.0,2.1713359268618677,19,155,1128,rrc04,codered,normal,0
2001-07-10 08:09:00+00:00,732,88,4.614754098360656,19.0,1.5361582980219077,23,56,820,rrc04,codered,normal,0
2001-07-10 08:12:00+00:00,904,246,4.838495575221239,24.0,2.5612886418007617,34,205,1150,rrc04,codered,normal,0
2001-07-10 08:15:00+00:00,2000,178,4.559,24.0,1.443786341533954,41,125,2178,rrc04,codered,normal,0
2001-07-10 08:18:00+00:00,1015,185,4.998029556650247,27.0,1.9369357901809858,45,138,1200,rrc04,codered,normal,0
2001-07-10 08:21:00+00:00,1689,278,4.648312611012433,16.0,1.7749486422479253,30,237,1967,rrc04,codered,normal,0
2001-07-10 08:24:00+00:00,912,188,5.298245614035087,27.0,2.2867076791424794,39,140,1100,rrc04,codered,normal,0
2001-07-10 08:27:00+00:00,833,156,6.008403361344538,24.0,2.5164384349161804,29,110,989,rrc04,codered,normal,0
2001-07-10 08:30:00+00:00,965,125,5.553367875647669,15.0,2.1198547106349497,25,86,1090,rrc04,codered,normal,0
2001-07-10 08:33:00+00:00,734,86,5.136239782016348,18.0,1.7369113578765005,12,70,820,rrc04,codered,normal,0
2001-07-10 08:36:00+00:00,699,105,5.163090128755365,18.0,1.9976408565797827,27,64,804,rrc04,codered,normal,0
2001-07-10 08:39:00+00:00,715,165,6.061538461538461,15.0,2.40142507448824,54,102,880,rrc04,codered,normal,0
2001-07-10 08:42:00+00:00,683,121,5.043923865300147,24.0,2.012654797131706,11,105,804,rrc04,codered,normal,0
2001-07-10 08:45:00+00:00,1178,180,4.792020373514431,24.0,1.6528118222558354,54,118,1358,rrc04,codered,normal,0
2001-07-10 08:48:00+00:00,870,225,5.005747126436781,16.0,1.685970256608907,59,164,1095,rrc04,codered,normal,0
2001-07-10 08:51:00+00:00,547,61,5.669104204753199,15.0,2.013259456693061,12,44,608,rrc04,codered,normal,0
2001-07-10 08:54:00+00:00,852,82,5.151408450704225,16.0,1.9986698363807271,13,66,934,rrc04,codered,normal,0
2001-07-10 08:57:00+00:00,452,71,5.088495575221239,15.0,1.7285091131970347,16,54,523,rrc04,codered,normal,0
2001-07-10 09:00:00+00:00,251,78,5.258964143426295,15.0,2.1219469097876447,13,62,329,rrc04,codered,normal,0
2001-07-10 09:03:00+00:00,405,117,5.266666666666667,16.0,2.3036203390894663,12,104,522,rrc04,codered,normal,0
2001-07-10 09:06:00+00:00,523,110,5.135755258126195,15.0,1.9306134793481091,17,91,633,rrc04,codered,normal,0
2001-07-10 09:09:00+00:00,230,107,6.543478260869565,24.0,3.2296622635321994,42,59,337,rrc04,codered,normal,0
2001-07-10 09:12:00+00:00,538,123,5.628252788104089,16.0,1.9783449193993055,22,97,661,rrc04,codered,normal,0
2001-07-10 09:15:00+00:00,642,131,6.40809968847352,15.0,1.987922208380678,33,79,773,rrc04,codered,normal,0
2001-07-10 09:18:00+00:00,530,118,5.639622641509434,24.0,2.1944045156614327,35,71,648,rrc04,codered,normal,0
2001-07-10 09:21:00+00:00,1131,212,5.099027409372237,17.0,1.6552862377451616,23,184,1343,rrc04,codered,normal,0
2001-07-10 09:24:00+00:00,1040,270,4.9375,15.0,2.26021984550176,67,187,1310,rrc04,codered,normal,0
2001-07-10 09:27:00+00:00,378,50,5.298941798941799,15.0,2.2708292641405667,10,38,428,rrc04,codered,normal,0
2001-07-10 09:30:00+00:00,618,124,5.262135922330097,18.0,2.3197247565016017,33,83,742,rrc04,codered,normal,0
2001-07-10 09:33:00+00:00,379,83,5.870712401055409,19.0,2.677308590110596,16,59,462,rrc04,codered,normal,0
2001-07-10 09:36:00+00:00,454,67,5.691629955947136,16.0,2.61932339593543,14,49,521,rrc04,codered,normal,0
2001-07-10 09:39:00+00:00,479,94,5.776617954070981,15.0,1.9087197564698162,16,74,573,rrc04,codered,normal,0
2001-07-10 09:42:00+00:00,1025,176,6.020487804878049,15.0,1.9194942820002792,43,102,1201,rrc04,codered,normal,0
2001-07-10 09:45:00+00:00,707,76,5.635077793493635,18.0,2.1100721850678736,11,56,783,rrc04,codered,normal,0
2001-07-10 09:48:00+00:00,415,68,5.734939759036145,18.0,2.3972089059028003,14,50,483,rrc04,codered,normal,0
2001-07-10 09:51:00+00:00,390,144,5.058974358974359,15.0,1.8282986274505075,50,86,534,rrc04,codered,normal,0
2001-07-10 09:54:00+00:00,598,148,5.31438127090301,24.0,2.22139803559806,43,95,746,rrc04,codered,normal,0
2001-07-10 09:57:00+00:00,629,127,5.1907790143084265,15.0,1.839811681748238,45,77,756,rrc04,codered,normal,0
2001-07-10 10:00:00+00:00,353,92,6.062322946175637,15.0,2.4231116272323723,26,59,445,rrc04,codered,normal,0
2001-07-10 10:03:00+00:00,420,109,5.4714285714285715,15.0,2.5665694830969654,26,59,529,rrc04,codered,normal,0
2001-07-10 10:06:00+00:00,420,73,5.347619047619047,15.0,2.546354826510699,12,58,493,rrc04,codered,normal,0
2001-07-10 10:09:00+00:00,466,105,5.339055793991417,15.0,2.1511695514178135,21,78,571,rrc04,codered,normal,0
2001-07-10 10:12:00+00:00,363,60,4.988980716253444,15.0,2.020525477068994,9,49,423,rrc04,codered,normal,0
2001-07-10 10:15:00+00:00,529,129,5.446124763705104,24.0,2.670540310433716,12,113,658,rrc04,codered,normal,0
2001-07-10 10:18:00+00:00,451,82,5.106430155210643,24.0,2.2606688925125753,8,71,533,rrc04,codered,normal,0
2001-07-10 10:21:00+00:00,805,187,5.6919254658385094,15.0,1.8847533128622642,49,93,992,rrc04,codered,normal,0
2001-07-10 10:24:00+00:00,455,145,5.127472527472528,25.0,2.375981737362101,27,101,600,rrc04,codered,normal,0
2001-07-10 10:27:00+00:00,548,145,4.994525547445256,15.0,1.847756371119191,31,102,693,rrc04,codered,normal,0
2001-07-10 10:30:00+00:00,1099,204,5.532302092811647,18.0,2.048014035195503,57,137,1303,rrc04,codered,normal,0
2001-07-10 10:33:00+00:00,534,145,5.696629213483146,18.0,2.628301003669128,17,128,679,rrc04,codered,normal,0
2001-07-10 10:36:00+00:00,839,165,5.550655542312277,15.0,1.8487495820756645,14,141,1004,rrc04,codered,normal,0
2001-07-10 10:39:00+00:00,763,199,5.343381389252949,16.0,2.2896525104546672,9,189,962,rrc04,codered,normal,0
2001-07-10 10:42:00+00:00,800,165,5.26625,15.0,1.7889552642534134,23,138,965,rrc04,codered,normal,0
2001-07-10 10:45:00+00:00,1365,411,5.182417582417583,24.0,1.812770737031808,112,244,1776,rrc04,codered,normal,0
2001-07-10 10:48:00+00:00,1293,114,5.643464810518175,22.0,2.338791088764097,29,80,1407,rrc04,codered,normal,0
2001-07-10 10:51:00+00:00,1223,264,6.65494685200327,19.0,2.565636740048174,79,162,1487,rrc04,codered,normal,0
2001-07-10 10:54:00+00:00,1750,218,5.570285714285714,16.0,1.5803896187139348,46,162,1968,rrc04,codered,normal,0
2001-07-10 10:57:00+00:00,1198,257,5.248747913188648,18.0,1.4241751037360735,44,193,1455,rrc04,codered,normal,0
2001-07-10 11:00:00+00:00,1854,486,6.435814455231931,25.0,3.2601895630696256,88,374,2340,rrc04,codered,normal,0
2001-07-10 11:03:00+00:00,2772,552,5.034271284271284,18.0,1.8406724636186733,164,332,3324,rrc04,codered,normal,0
2001-07-10 11:06:00+00:00,1260,265,5.323015873015873,15.0,1.3667051503532193,71,104,1525,rrc04,codered,normal,0
2001-07-10 11:09:00+00:00,2328,83,5.302835051546392,18.0,2.155618935111344,21,60,2411,rrc04,codered,normal,0
2001-07-10 11:12:00+00:00,1079,56,4.946246524559777,25.0,3.0834669741315883,7,46,1135,rrc04,codered,normal,0
2001-07-10 11:15:00+00:00,1395,100,5.0939068100358424,16.0,1.9459908621985036,16,82,1495,rrc04,codered,normal,0
2001-07-10 11:18:00+00:00,1232,254,4.829545454545454,14.0,1.946150993497762,87,154,1486,rrc04,codered,normal,0
2001-07-10 11:21:00+00:00,428,122,6.516355140186916,25.0,3.5883005355862445,27,85,550,rrc04,codered,normal,0
2001-07-10 11:24:00+00:00,674,144,5.198813056379822,24.0,2.38546508987711,16,124,818,rrc04,codered,normal,0
2001-07-10 11:27:00+00:00,1021,122,5.397649363369246,15.0,1.3146333633345264,6,114,1143,rrc04,codered,normal,0
2001-07-10 11:30:00+00:00,964,65,5.301867219917012,15.0,1.4443898620717872,16,37,1029,rrc04,codered,normal,0
2001-07-10 11:33:00+00:00,1254,275,5.478468899521531,15.0,1.6978546037315285,9,260,1529,rrc04,codered,normal,0
2001-07-10 11:36:00+00:00,1097,140,5.602552415679125,24.0,1.8107127917628207,28,94,1237,rrc04,codered,normal,0
2001-07-10 11:39:00+00:00,1076,108,5.901486988847584,22.0,2.3363853863655564,15,82,1184,rrc04,codered,normal,0
2001-07-10 11:42:00+00:00,967,149,6.965873836608067,20.0,3.385881300119441,28,119,1116,rrc04,codered,normal,0
2001-07-10 11:45:00+00:00,1499,92,5.964643095396931,18.0,2.2336988001049782,13,64,1591,rrc04,codered,normal,0
2001-07-10 11:48:00+00:00,1537,106,5.4847104749512035,19.0,1.1469431795992544,31,62,1643,rrc04,codered,normal,0
2001-07-10 11:51:00+00:00,862,136,5.416473317865429,15.0,1.5389325250229284,22,109,998,rrc04,codered,normal,0
2001-07-10 11:54:00+00:00,541,87,7.035120147874307,18.0,3.0644140530184774,12,66,628,rrc04,codered,normal,0
2001-07-10 11:57:00+00:00,722,109,5.9944598337950135,19.0,2.342542194411277,18,88,831,rrc04,codered,normal,0
2001-07-10 12:00:00+00:00,579,139,5.68566493955095,24.0,2.5499470071361374,31,103,718,rrc04,codered,normal,0
2001-07-10 12:03:00+00:00,613,162,5.370309951060359,24.0,1.878416795930055,47,86,775,rrc04,codered,normal,0
2001-07-10 12:06:00+00:00,638,58,5.630094043887147,15.0,1.5016721058249702,6,52,696,rrc04,codered,normal,0
2001-07-10 12:09:00+00:00,1698,127,5.783274440518257,15.0,1.5761482239491,13,112,1825,rrc04,codered,normal,0
2001-07-10 12:12:00+00:00,993,188,6.57804632426989,18.0,2.4540492894960395,47,135,1181,rrc04,codered,normal,0
2001-07-10 12:15:00+00:00,469,47,5.690831556503198,24.0,2.1971927115553784,8,37,516,rrc04,codered,normal,0
2001-07-10 12:18:00+00:00,689,87,5.702467343976778,16.0,2.0230908703845802,17,65,776,rrc04,codered,normal,0
2001-07-10 12:21:00+00:00,453,86,5.379690949227373,16.0,2.0505171677017233,15,68,539,rrc04,codered,normal,0
2001-07-10 12:24:00+00:00,806,102,5.281637717121588,24.0,2.206202692493149,15,86,908,rrc04,codered,normal,0
2001-07-10 12:27:00+00:00,1473,227,6.010183299389002,19.0,2.636992986310369,69,120,1700,rrc04,codered,normal,0
2001-07-10 12:30:00+00:00,847,308,5.4994096812278634,19.0,2.2341530899487982,30,269,1155,rrc04,codered,normal,0
2001-07-10 12:33:00+00:00,364,77,5.541208791208791,18.0,2.318334631130876,5,72,441,rrc04,codered,normal,0
2001-07-10 12:36:00+00:00,323,52,5.272445820433436,15.0,1.4076579233279363,10,38,375,rrc04,codered,normal,0
2001-07-10 12:39:00+00:00,412,118,5.754854368932039,15.0,2.107683753325985,12,102,530,rrc04,codered,normal,0
2001-07-10 12:42:00+00:00,768,145,5.1875,15.0,1.8967488631866898,17,118,913,rrc04,codered,normal,0
2001-07-10 12:45:00+00:00,528,123,5.433712121212121,15.0,1.2951540830897246,9,111,651,rrc04,codered,normal,0
2001-07-10 12:48:00+00:00,567,60,6.4109347442680775,24.0,2.4685864846250087,7,50,627,rrc04,codered,normal,0
2001-07-10 12:51:00+00:00,614,98,5.337133550488599,18.0,1.9849652131646323,37,54,712,rrc04,codered,normal,0
2001-07-10 12:54:00+00:00,518,145,5.521235521235521,17.0,2.0378969444289274,36,104,663,rrc04,codered,normal,0
2001-07-10 12:57:00+00:00,288,115,5.8125,15.0,2.33918536983379,19,86,403,rrc04,codered,normal,0
2001-07-10 13:00:00+00:00,553,78,5.3851717902350815,14.0,2.004045821340525,18,48,631,rrc04,codered,normal,0
2001-07-10 13:03:00+00:00,563,105,5.856127886323268,24.0,2.590235235822324,18,75,668,rrc04,codered,normal,0
2001-07-10 13:06:00+00:00,742,286,6.3059299191374665,15.0,2.135426350542841,69,153,1028,rrc04,codered,normal,0
2001-07-10 13:09:00+00:00,483,101,5.451345755693581,22.0,1.7312178274750079,24,72,584,rrc04,codered,normal,0
2001-07-10 13:12:00+00:00,2752,87,4.493459302325581,22.0,0.8494787790275387,30,55,2839,rrc04,codered,normal,0
2001-07-10 13:15:00+00:00,1233,68,5.034063260340632,14.0,1.443324916690084,10,52,1301,rrc04,codered,normal,0
2001-07-10 13:18:00+00:00,516,73,5.604651162790698,12.0,1.801887918853737,22,45,589,rrc04,codered,normal,0
2001-07-10 13:21:00+00:00,5756,69,4.51772063933287,14.0,0.8569700019388542,7,61,5825,rrc04,codered,normal,0
2001-07-10 13:24:00+00:00,8797,95,4.544503808116404,15.0,1.007859686672167,6,86,8892,rrc04,codered,normal,0
2001-07-10 13:27:00+00:00,12418,5038,4.621033982928008,15.0,1.1867289029518242,22,4996,17456,rrc04,codered,normal,0
2001-07-10 13:30:00+00:00,484,84,5.349173553719008,12.0,1.6958808076279297,10,73,568,rrc04,codered,normal,0
2001-07-10 13:33:00+00:00,756,89,5.264550264550264,14.0,1.4175253919741488,16,65,845,rrc04,codered,normal,0
2001-07-10 13:36:00+00:00,595,112,5.573109243697479,14.0,2.4050261613556954,20,88,707,rrc04,codered,normal,0
2001-07-10 13:39:00+00:00,541,73,5.0591497227356745,15.0,1.8037275067019907,16,46,614,rrc04,codered,normal,0
2001-07-10 13:42:00+00:00,880,124,5.526136363636364,16.0,2.6105987783274855,15,102,1004,rrc04,codered,normal,0
2001-07-10 13:45:00+00:00,4171,2431,4.490050347638456,15.0,1.1481419521655254,13,2409,6602,rrc04,codered,normal,0
2001-07-10 13:48:00+00:00,1325,56,5.473207547169811,15.0,1.1720966113585238,11,43,1381,rrc04,codered,normal,0
2001-07-10 13:51:00+00:00,2227,254,5.634036820835204,12.0,1.0124372530088268,10,238,2481,rrc04,codered,normal,0
2001-07-10 13:54:00+00:00,703,80,5.469416785206259,13.0,1.3873501153813177,11,62,783,rrc04,codered,normal,0
2001-07-10 13:57:00+00:00,794,467,5.5705289672544085,12.0,1.066167586361899,153,193,1261,rrc04,codered,normal,0
2001-07-10 14:00:00+00:00,1300,382,5.71076923076923,14.0,1.4420202790554302,172,200,1682,rrc04,codered,normal,0
2001-07-10 14:03:00+00:00,655,106,5.687022900763359,13.0,1.4254179484347143,29,66,761,rrc04,codered,normal,0
2001-07-10 14:06:00+00:00,595,120,5.776470588235294,13.0,1.665906565840275,36,75,715,rrc04,codered,normal,0
2001-07-10 14:09:00+00:00,887,283,5.7102593010146565,12.0,1.7493876011296663,35,233,1170,rrc04,codered,normal,0
2001-07-10 14:12:00+00:00,1666,653,5.588835534213685,15.0,1.3228421557802987,233,290,2319,rrc04,codered,normal,0
2001-07-10 14:15:00+00:00,866,357,5.704387990762124,13.0,1.4875632715540417,147,185,1223,rrc04,codered,normal,0
2001-07-10 14:18:00+00:00,399,82,5.380952380952381,11.0,1.307483030454089,11,58,481,rrc04,codered,normal,0
2001-07-10 14:21:00+00:00,328,51,5.567073170731708,15.0,1.8466551752044718,11,37,379,rrc04,codered,normal,0
2001-07-10 14:24:00+00:00,1278,79,5.672143974960877,15.0,1.3805116664752748,15,56,1357,rrc04,codered,normal,0
2001-07-10 14:27:00+00:00,1404,198,5.615384615384615,12.0,1.0474183743525816,43,143,1602,rrc04,codered,normal,0
2001-07-10 14:30:00+00:00,815,175,5.338650306748466,14.0,1.3917074807841114,44,107,990,rrc04,codered,normal,0
2001-07-10 14:33:00+00:00,1097,141,5.637192342752963,12.0,1.44343437069789,11,125,1238,rrc04,codered,normal,0
2001-07-10 14:36:00+00:00,696,87,6.117816091954023,14.0,2.1234660049607124,22,55,783,rrc04,codered,normal,0
2001-07-10 14:39:00+00:00,1289,342,5.453064391000776,13.0,1.5833232904530876,73,261,1631,rrc04,codered,normal,0
2001-07-10 14:42:00+00:00,1963,173,4.880285277636271,14.0,1.2523776755448084,69,94,2136,rrc04,codered,normal,0
2001-07-10 14:45:00+00:00,556,97,5.402877697841727,14.0,1.8484659183304495,25,63,653,rrc04,codered,normal,0
2001-07-10 14:48:00+00:00,386,84,5.922279792746114,13.0,1.792087093222674,27,50,470,rrc04,codered,normal,0
2001-07-10 14:51:00+00:00,326,91,5.754601226993865,14.0,2.0532542613711984,17,63,417,rrc04,codered,normal,0
2001-07-10 14:54:00+00:00,630,81,5.6571428571428575,17.0,2.1550762727793646,13,66,711,rrc04,codered,normal,0
2001-07-10 14:57:00+00:00,445,139,5.579775280898876,11.0,1.7186472192128515,17,107,584,rrc04,codered,normal,0
2001-07-10 15:00:00+00:00,322,80,5.74223602484472,13.0,2.147948313324749,10,69,402,rrc04,codered,normal,0
2001-07-10 15:03:00+00:00,346,84,5.028901734104046,9.0,1.1993627675341945,15,62,430,rrc04,codered,normal,0
2001-07-10 15:06:00+00:00,410,86,5.297560975609756,14.0,1.4412880088069684,11,70,496,rrc04,codered,normal,0
2001-07-10 15:09:00+00:00,566,58,5.521201413427562,18.0,2.1511955682504076,8,47,624,rrc04,codered,normal,0
2001-07-10 15:12:00+00:00,520,92,6.1826923076923075,11.0,2.0706948995117327,28,64,612,rrc04,codered,normal,0
2001-07-10 15:15:00+00:00,1100,118,4.948181818181818,14.0,1.132995371745487,5,109,1218,rrc04,codered,normal,0
2001-07-10 15:18:00+00:00,1051,229,5.470980019029496,16.0,2.088404143225831,50,149,1280,rrc04,codered,normal,0
2001-07-10 15:21:00+00:00,538,64,6.301115241635688,13.0,1.6815306195956057,5,58,602,rrc04,codered,normal,0
2001-07-10 15:24:00+00:00,1025,120,6.170731707317073,12.0,1.8486968254446914,32,87,1145,rrc04,codered,normal,0
2001-07-10 15:27:00+00:00,686,166,5.320699708454811,12.0,1.5421417767764463,23,142,852,rrc04,codered,normal,0
2001-07-10 15:30:00+00:00,871,144,6.994259471871412,17.0,2.9946318786817043,31,101,1015,rrc04,codered,normal,0
2001-07-10 15:33:00+00:00,483,85,5.111801242236025,13.0,1.6380331669864092,21,61,568,rrc04,codered,normal,0
2001-07-10 15:36:00+00:00,765,189,5.750326797385621,11.0,1.8714617747229623,57,123,954,rrc04,codered,normal,0
2001-07-10 15:39:00+00:00,988,257,5.251012145748988,17.0,1.8236383606126039,70,140,1245,rrc04,codered,normal,0
2001-07-10 15:42:00+00:00,972,257,6.016460905349795,18.0,2.079623023351468,78,133,1229,rrc04,codered,normal,0
2001-07-10 15:45:00+00:00,400,190,5.635,11.0,2.1741147623803116,47,127,590,rrc04,codered,normal,0
2001-07-10 15:48:00+00:00,1051,195,5.686013320647003,14.0,1.9967586473886907,61,132,1246,rrc04,codered,normal,0
2001-07-10 15:51:00+00:00,847,83,5.095631641086187,14.0,1.3962565219806766,20,61,930,rrc04,codered,normal,0
2001-07-10 15:54:00+00:00,408,63,5.492647058823529,13.0,1.8523818405705839,18,42,471,rrc04,codered,normal,0
2001-07-10 15:57:00+00:00,658,118,5.079027355623101,13.0,1.5873218146691672,8,105,776,rrc04,codered,normal,0
2001-07-10 16:00:00+00:00,676,59,5.235207100591716,16.0,1.5411524884359444,11,45,735,rrc04,codered,normal,0
2001-07-10 16:03:00+00:00,249,37,6.016064257028113,11.0,1.730816534295044,4,31,286,rrc04,codered,normal,0
2001-07-10 16:06:00+00:00,355,89,5.335211267605634,12.0,1.6142934259994846,20,54,444,rrc04,codered,normal,0
2001-07-10 16:09:00+00:00,387,89,5.180878552971576,12.0,1.7692014149749393,16,63,476,rrc04,codered,normal,0
2001-07-10 16:12:00+00:00,477,88,5.49475890985325,15.0,1.8751586360702925,9,74,565,rrc04,codered,normal,0
2001-07-10 16:15:00+00:00,810,210,5.509876543209876,14.0,2.011823381435794,69,140,1020,rrc04,codered,normal,0
2001-07-10 16:18:00+00:00,1046,71,5.6558317399617595,14.0,1.9015188219413353,13,54,1117,rrc04,codered,normal,0
2001-07-10 16:21:00+00:00,672,151,5.791666666666667,12.0,1.8719551997420425,24,109,823,rrc04,codered,normal,0
2001-07-10 16:24:00+00:00,463,92,5.058315334773218,10.0,1.5590781223879353,12,79,555,rrc04,codered,normal,0
2001-07-10 16:27:00+00:00,675,115,6.162962962962963,19.0,2.372707181469856,31,60,790,rrc04,codered,normal,0
2001-07-10 16:30:00+00:00,1007,98,5.624627606752731,19.0,1.7220196784421304,16,76,1105,rrc04,codered,normal,0
2001-07-10 16:33:00+00:00,861,55,5.229965156794425,10.0,1.4460755892080777,11,39,916,rrc04,codered,normal,0
2001-07-10 16:36:00+00:00,402,70,4.6393034825870645,11.0,1.262449452192485,15,54,472,rrc04,codered,normal,0
2001-07-10 16:39:00+00:00,604,80,5.177152317880795,14.0,1.6427871154232332,18,60,684,rrc04,codered,normal,0
2001-07-10 16:42:00+00:00,1373,200,4.742170429715951,12.0,1.060008771597042,92,108,1573,rrc04,codered,normal,0
2001-07-10 16:45:00+00:00,2552,299,4.834639498432602,14.0,1.1768099293643526,56,216,2851,rrc04,codered,normal,0
2001-07-10 16:48:00+00:00,782,203,4.904092071611253,13.0,1.6355258762179745,41,161,985,rrc04,codered,normal,0
2001-07-10 16:51:00+00:00,1043,175,5.3595397890699905,14.0,1.5439153385085682,14,158,1218,rrc04,codered,normal,0
2001-07-10 16:54:00+00:00,1269,114,5.3546099290780145,11.0,1.0185147841711344,34,80,1383,rrc04,codered,normal,0
2001-07-10 16:57:00+00:00,543,68,5.593001841620626,11.0,1.310851021141718,19,43,611,rrc04,codered,normal,0
2001-07-10 17:00:00+00:00,700,87,4.757142857142857,12.0,1.345210703471651,17,61,787,rrc04,codered,normal,0
2001-07-10 17:03:00+00:00,754,234,5.287798408488063,14.0,1.8094021116935783,21,212,988,rrc04,codered,normal,0
2001-07-10 17:06:00+00:00,1806,265,4.674972314507198,13.0,1.347284860098311,108,152,2071,rrc04,codered,normal,0
2001-07-10 17:09:00+00:00,813,94,4.93849938499385,15.0,1.8739244456768802,20,58,907,rrc04,codered,normal,0
2001-07-10 17:12:00+00:00,648,115,5.040123456790123,13.0,1.6919183310903065,26,76,763,rrc04,codered,normal,0
2001-07-10 17:15:00+00:00,470,180,5.802127659574468,18.0,2.7283374535234413,5,175,650,rrc04,codered,normal,0
2001-07-10 17:18:00+00:00,594,70,5.008417508417509,11.0,1.4278129024044361,11,58,664,rrc04,codered,normal,0
2001-07-10 17:21:00+00:00,616,115,4.615259740259741,13.0,1.621595613934744,6,109,731,rrc04,codered,normal,0
2001-07-10 17:24:00+00:00,551,150,4.455535390199637,13.0,1.7245218791138754,30,118,701,rrc04,codered,normal,0
2001-07-10 17:27:00+00:00,594,157,5.833333333333333,12.0,1.7448818855764405,23,132,751,rrc04,codered,normal,0
2001-07-10 17:30:00+00:00,572,49,5.075174825174825,11.0,1.6807047111493187,8,39,621,rrc04,codered,normal,0
2001-07-10 17:33:00+00:00,193,41,5.512953367875648,11.0,1.968952822045776,5,34,234,rrc04,codered,normal,0
2001-07-10 17:36:00+00:00,311,64,4.852090032154341,14.0,1.6426746105478662,12,49,375,rrc04,codered,normal,0
2001-07-10 17:39:00+00:00,609,133,5.218390804597701,16.0,1.8076438787625622,29,89,742,rrc04,codered,normal,0
2001-07-10 17:42:00+00:00,270,48,5.42962962962963,13.0,1.542200163502543,12,30,318,rrc04,codered,normal,0
2001-07-10 17:45:00+00:00,219,45,5.6255707762557075,12.0,2.224086497255407,10,31,264,rrc04,codered,normal,0
2001-07-10 17:48:00+00:00,1057,79,5.644276253547777,11.0,1.188978028579427,25,51,1136,rrc04,codered,normal,0
2001-07-10 17:51:00+00:00,532,84,5.492481203007519,19.0,1.4759793007570312,8,74,616,rrc04,codered,normal,0
2001-07-10 17:54:00+00:00,587,35,4.998296422487223,14.0,1.8005291179644856,3,30,622,rrc04,codered,normal,0
2001-07-10 17:57:00+00:00,575,98,5.187826086956521,13.0,1.5332345931332036,14,80,673,rrc04,codered,normal,0
2001-07-10 18:00:00+00:00,1072,116,5.257462686567164,10.0,1.283847811787514,11,99,1188,rrc04,codered,normal,0
2001-07-10 18:03:00+00:00,338,85,5.106508875739645,19.0,1.597118041004944,22,60,423,rrc04,codered,normal,0
2001-07-10 18:06:00+00:00,649,78,5.359013867488444,11.0,1.3807781067517846,6,68,727,rrc04,codered,normal,0
2001-07-10 18:09:00+00:00,372,47,5.247311827956989,13.0,1.6091533469999602,3,44,419,rrc04,codered,normal,0
2001-07-10 18:12:00+00:00,442,84,4.947963800904978,11.0,1.5085001746669333,13,70,526,rrc04,codered,normal,0
2001-07-10 18:15:00+00:00,434,94,5.175115207373272,16.0,2.209474385563223,20,67,528,rrc04,codered,normal,0
2001-07-10 18:18:00+00:00,476,60,5.426470588235294,14.0,1.6642726668545482,12,47,536,rrc04,codered,normal,0
2001-07-10 18:21:00+00:00,538,68,4.9182156133829,12.0,1.672209703297057,11,54,606,rrc04,codered,normal,0
2001-07-10 18:24:00+00:00,603,63,5.371475953565506,13.0,1.7000582305905148,16,46,666,rrc04,codered,normal,0
2001-07-10 18:27:00+00:00,1443,294,5.564795564795565,14.0,1.2855321627926042,94,179,1737,rrc04,codered,normal,0
2001-07-10 18:30:00+00:00,1934,87,5.764736297828335,13.0,1.2733760498692062,17,63,2021,rrc04,codered,normal,0
2001-07-10 18:33:00+00:00,2227,369,5.572968118545128,14.0,1.1642968667245388,106,245,2596,rrc04,codered,normal,0
2001-07-10 18:36:00+00:00,1767,255,5.654782116581777,14.0,1.2831715384191582,74,169,2022,rrc04,codered,normal,0
2001-07-10 18:39:00+00:00,1660,176,5.610240963855421,14.0,0.955902999444012,27,136,1836,rrc04,codered,normal,0
2001-07-10 18:42:00+00:00,1673,276,5.4931261207411834,14.0,0.9675459774104702,32,217,1949,rrc04,codered,normal,0
2001-07-10 18:45:00+00:00,944,221,5.598516949152542,15.0,1.7181847448715568,28,190,1165,rrc04,codered,normal,0
2001-07-10 18:48:00+00:00,963,220,5.489096573208723,13.0,1.2681232459810847,41,172,1183,rrc04,codered,normal,0
2001-07-10 18:51:00+00:00,227,25,4.6784140969163,13.0,1.8578612935935221,4,20,252,rrc04,codered,normal,0
2001-07-10 18:54:00+00:00,253,32,4.928853754940712,12.0,1.5764062892823862,4,28,285,rrc04,codered,normal,0
2001-07-10 18:57:00+00:00,487,80,4.9897330595482545,14.0,1.4235830271214596,24,53,567,rrc04,codered,normal,0
2001-07-10 19:00:00+00:00,293,71,5.163822525597269,12.0,1.7013711783710144,4,66,364,rrc04,codered,normal,0
2001-07-10 19:03:00+00:00,512,49,5.82421875,13.0,2.0330183108246804,9,37,561,rrc04,codered,normal,0
2001-07-10 19:06:00+00:00,938,108,5.537313432835821,12.0,1.588603478730315,7,101,1046,rrc04,codered,normal,0
2001-07-10 19:09:00+00:00,1314,164,5.5220700152207005,13.0,1.2623393909199048,25,133,1478,rrc04,codered,normal,0
2001-07-10 19:12:00+00:00,409,66,5.924205378973105,14.0,2.4518095541556275,12,52,475,rrc04,codered,normal,0
2001-07-10 19:15:00+00:00,265,50,5.7320754716981135,14.0,2.5858667817913488,4,46,315,rrc04,codered,normal,0
2001-07-10 19:18:00+00:00,294,37,6.272108843537415,16.0,2.9359554370407492,8,27,331,rrc04,codered,normal,0
2001-07-10 19:21:00+00:00,383,47,6.002610966057441,19.0,2.9552791145672246,8,37,430,rrc04,codered,normal,0
2001-07-10 19:24:00+00:00,509,36,6.3968565815324165,18.0,2.897677062511624,4,32,545,rrc04,codered,normal,0
2001-07-10 19:27:00+00:00,1234,69,5.935980551053484,11.0,1.6768860697828538,7,59,1303,rrc04,codered,normal,0
2001-07-10 19:30:00+00:00,388,52,5.164948453608248,19.0,1.8580025433112886,8,40,440,rrc04,codered,normal,0
2001-07-10 19:33:00+00:00,736,349,5.638586956521739,17.0,1.328954379366938,92,171,1085,rrc04,codered,normal,0
2001-07-10 19:36:00+00:00,1182,85,5.4754653130287645,13.0,1.4114555776862359,25,59,1267,rrc04,codered,normal,0
2001-07-10 19:39:00+00:00,527,97,5.795066413662239,13.0,2.0863099319639966,14,82,624,rrc04,codered,normal,0
2001-07-10 19:42:00+00:00,599,157,5.988313856427379,14.0,2.4030163977811294,37,95,756,rrc04,codered,normal,0
2001-07-10 19:45:00+00:00,345,34,5.072463768115942,14.0,1.8767752220749552,6,25,379,rrc04,codered,normal,0
2001-07-10 19:48:00+00:00,249,42,5.943775100401607,12.0,2.146457669681241,6,34,291,rrc04,codered,normal,0
2001-07-10 19:51:00+00:00,513,33,5.701754385964913,12.0,1.7865473148211883,11,20,546,rrc04,codered,normal,0
2001-07-10 19:54:00+00:00,435,74,5.101149425287356,20.0,2.529617401122725,5,67,509,rrc04,codered,normal,0
2001-07-10 19:57:00+00:00,367,25,4.970027247956403,12.0,1.515290189676741,4,21,392,rrc04,codered,normal,0
2001-07-10 20:00:00+00:00,1217,46,4.972884141331142,10.0,1.3004345322268218,6,38,1263,rrc04,codered,normal,0
2001-07-10 20:03:00+00:00,1266,70,5.5371248025276465,15.0,1.2900013882088373,8,58,1336,rrc04,codered,normal,0
2001-07-10 20:06:00+00:00,635,103,5.24251968503937,15.0,1.3496292687246843,5,96,738,rrc04,codered,normal,0
2001-07-10 20:09:00+00:00,590,31,5.532203389830508,13.0,1.3434638607246772,5,25,621,rrc04,codered,normal,0
2001-07-10 20:12:00+00:00,1286,83,5.331259720062208,13.0,1.2335648499052858,9,72,1369,rrc04,codered,normal,0
2001-07-10 20:15:00+00:00,1817,287,5.574023115024766,13.0,1.2063613016006203,18,256,2104,rrc04,codered,normal,0
2001-07-10 20:18:00+00:00,465,108,6.98494623655914,15.0,3.5216365402807646,29,74,573,rrc04,codered,normal,0
2001-07-10 20:21:00+00:00,1153,138,5.686903729401561,15.0,1.8372582816071017,4,130,1291,rrc04,codered,normal,0
2001-07-10 20:24:00+00:00,2494,272,5.563753007217321,15.0,1.5015847378289018,83,138,2766,rrc04,codered,normal,0
2001-07-10 20:27:00+00:00,1872,154,5.205128205128205,13.0,1.0897812964818838,19,124,2026,rrc04,codered,normal,0
2001-07-10 20:30:00+00:00,1108,124,5.573104693140794,14.0,1.0489286780858011,31,88,1232,rrc04,codered,normal,0
2001-07-10 20:33:00+00:00,421,107,5.228028503562945,13.0,1.731439931593712,4,99,528,rrc04,codered,normal,0
2001-07-10 20:36:00+00:00,453,62,5.145695364238411,14.0,1.7531958242439092,8,52,515,rrc04,codered,normal,0
2001-07-10 20:39:00+00:00,291,32,5.247422680412371,13.0,1.4924616614948576,3,27,323,rrc04,codered,normal,0
2001-07-10 20:42:00+00:00,702,103,5.021367521367521,16.0,1.5692375193047006,10,90,805,rrc04,codered,normal,0
2001-07-10 20:45:00+00:00,553,74,4.739602169981917,15.0,1.6117239500854967,11,61,627,rrc04,codered,normal,0
2001-07-10 20:48:00+00:00,560,97,5.008928571428571,19.0,1.3880583542841272,31,66,657,rrc04,codered,normal,0
2001-07-10 20:51:00+00:00,341,152,5.55425219941349,15.0,1.9884168493789196,49,88,493,rrc04,codered,normal,0
2001-07-10 20:54:00+00:00,351,55,5.014245014245014,11.0,1.1946327916642783,4,49,406,rrc04,codered,normal,0
2001-07-10 20:57:00+00:00,129,34,5.37984496124031,11.0,1.989093511934217,2,32,163,rrc04,codered,normal,0
2001-07-10 21:00:00+00:00,224,41,4.848214285714286,15.0,1.5130965259819928,5,32,265,rrc04,codered,normal,0
2001-07-10 21:03:00+00:00,337,35,4.943620178041543,12.0,1.4817673137357819,5,29,372,rrc04,codered,normal,0
2001-07-10 21:06:00+00:00,380,59,5.076315789473684,16.0,1.4643004815532255,12,42,439,rrc04,codered,normal,0
2001-07-10 21:09:00+00:00,832,38,5.549278846153846,13.0,1.4943722823977525,5,29,870,rrc04,codered,normal,0
2001-07-10 21:12:00+00:00,473,82,5.069767441860465,11.0,1.5282385460847145,19,62,555,rrc04,codered,normal,0
2001-07-10 21:15:00+00:00,214,49,4.906542056074766,11.0,1.62073428772543,15,30,263,rrc04,codered,normal,0
2001-07-10 21:18:00+00:00,230,47,5.543478260869565,11.0,1.7433915190392102,6,39,277,rrc04,codered,normal,0
2001-07-10 21:21:00+00:00,402,49,5.422885572139304,19.0,1.6840704159894093,11,32,451,rrc04,codered,normal,0
2001-07-10 21:24:00+00:00,324,65,5.45679012345679,20.0,2.236340610533692,9,53,389,rrc04,codered,normal,0
2001-07-10 21:27:00+00:00,500,55,5.11,13.0,1.7680214930820268,6,47,555,rrc04,codered,normal,0
2001-07-10 21:30:00+00:00,295,58,5.149152542372882,13.0,2.105229395395974,12,46,353,rrc04,codered,normal,0
2001-07-10 21:33:00+00:00,604,65,5.344370860927152,13.0,1.657998304890106,22,39,669,rrc04,codered,normal,0
2001-07-10 21:36:00+00:00,301,49,5.6245847176079735,13.0,1.9052106144329144,11,33,350,rrc04,codered,normal,0
2001-07-10 21:39:00+00:00,404,59,5.235148514851486,13.0,1.9654572006651043,8,47,463,rrc04,codered,normal,0
2001-07-10 21:42:00+00:00,514,55,5.702334630350195,13.0,1.5301491486797645,5,46,569,rrc04,codered,normal,0
2001-07-10 21:45:00+00:00,262,64,5.232824427480916,18.0,1.858339682015762,11,48,326,rrc04,codered,normal,0
2001-07-10 21:48:00+00:00,208,32,4.865384615384615,13.0,1.481018959960781,3,28,240,rrc04,codered,normal,0
2001-07-10 21:51:00+00:00,357,53,5.226890756302521,11.0,1.51982404327593,15,33,410,rrc04,codered,normal,0
2001-07-10 21:54:00+00:00,363,60,5.78236914600551,13.0,1.8073976867768997,9,50,423,rrc04,codered,normal,0
2001-07-10 21:57:00+00:00,412,64,5.900485436893204,18.0,2.0041945716062295,8,53,476,rrc04,codered,normal,0
2001-07-10 22:00:00+00:00,881,33,5.517593643586833,18.0,1.342561504909864,7,23,914,rrc04,codered,normal,0
2001-07-10 22:03:00+00:00,639,265,4.807511737089202,16.0,1.6431790743919295,27,233,904,rrc04,codered,normal,0
2001-07-10 22:06:00+00:00,727,110,4.863823933975241,13.0,1.5975904180018305,12,95,837,rrc04,codered,normal,0
2001-07-10 22:09:00+00:00,375,198,5.1226666666666665,18.0,1.6002977500730573,71,96,573,rrc04,codered,normal,0
2001-07-10 22:12:00+00:00,271,46,5.022140221402214,13.0,1.6545444057715892,14,30,317,rrc04,codered,normal,0
2001-07-10 22:15:00+00:00,310,50,5.048387096774194,11.0,1.4236189612850347,11,33,360,rrc04,codered,normal,0
2001-07-10 22:18:00+00:00,833,313,5.503001200480192,14.0,2.236401482971198,36,252,1146,rrc04,codered,normal,0
2001-07-10 22:21:00+00:00,819,203,5.577533577533577,14.0,2.152837414919026,19,174,1022,rrc04,codered,normal,0
2001-07-10 22:24:00+00:00,620,168,5.09516129032258,12.0,1.650701455916871,51,91,788,rrc04,codered,normal,0
2001-07-10 22:27:00+00:00,429,111,5.778554778554779,13.0,1.8958688396763421,22,76,540,rrc04,codered,normal,0
2001-07-10 22:30:00+00:00,340,54,5.33235294117647,12.0,2.0186222133273,6,46,394,rrc04,codered,normal,0
2001-07-10 22:33:00+00:00,366,41,5.385245901639344,10.0,1.508337781476567,4,35,407,rrc04,codered,normal,0
2001-07-10 22:36:00+00:00,371,88,5.056603773584905,14.0,1.991769669697934,10,72,459,rrc04,codered,normal,0
2001-07-10 22:39:00+00:00,319,54,5.736677115987461,18.0,2.270073036637958,15,33,373,rrc04,codered,normal,0
2001-07-10 22:42:00+00:00,180,70,5.638888888888889,12.0,1.8701274136298511,19,35,250,rrc04,codered,normal,0
2001-07-10 22:45:00+00:00,523,54,5.372848948374761,13.0,1.9081662360625662,9,42,577,rrc04,codered,normal,0
2001-07-10 22:48:00+00:00,495,92,5.9535353535353535,18.0,2.2256227425564448,12,79,587,rrc04,codered,normal,0
2001-07-10 22:51:00+00:00,555,104,5.818018018018018,22.0,2.3559852168504145,21,77,659,rrc04,codered,normal,0
2001-07-10 22:54:00+00:00,617,149,5.813614262560778,10.0,1.4535295667057018,55,89,766,rrc04,codered,normal,0
2001-07-10 22:57:00+00:00,455,156,5.279120879120879,16.0,2.298375751542456,20,134,611,rrc04,codered,normal,0
2001-07-10 23:00:00+00:00,325,79,5.44,11.0,1.6843898689938832,25,44,404,rrc04,codered,normal,0
2001-07-10 23:03:00+00:00,267,35,5.49063670411985,10.0,1.5943798669548406,4,27,302,rrc04,codered,normal,0
2001-07-10 23:06:00+00:00,313,51,5.07667731629393,11.0,1.3472961260045215,7,43,364,rrc04,codered,normal,0
2001-07-10 23:09:00+00:00,340,89,4.991176470588235,11.0,1.3492629027075627,27,56,429,rrc04,codered,normal,0
2001-07-10 23:12:00+00:00,833,85,4.695078031212485,13.0,1.4799783506122237,28,46,918,rrc04,codered,normal,0
2001-07-10 23:15:00+00:00,343,57,5.481049562682216,14.0,1.8717064929615086,12,41,400,rrc04,codered,normal,0
2001-07-10 23:18:00+00:00,392,53,5.63265306122449,14.0,1.8905660263639694,14,38,445,rrc04,codered,normal,0
2001-07-10 23:21:00+00:00,413,166,5.932203389830509,12.0,1.7230116764209522,26,121,579,rrc04,codered,normal,0
2001-07-10 23:24:00+00:00,1152,154,4.835069444444445,15.0,1.4453779285323891,20,133,1306,rrc04,codered,normal,0
2001-07-10 23:27:00+00:00,288,78,5.229166666666667,14.0,1.7449082672481986,15,60,366,rrc04,codered,normal,0
2001-07-10 23:30:00+00:00,227,77,4.86784140969163,11.0,1.2836402708286956,19,52,304,rrc04,codered,normal,0
2001-07-10 23:33:00+00:00,536,149,5.102611940298507,14.0,1.361351078839485,10,138,685,rrc04,codered,normal,0
2001-07-10 23:36:00+00:00,339,233,6.327433628318584,11.0,2.1345969252309485,74,139,572,rrc04,codered,normal,0
2001-07-10 23:39:00+00:00,386,89,5.712435233160622,13.0,1.7771435359474093,13,72,475,rrc04,codered,normal,0
2001-07-10 23:42:00+00:00,1713,392,4.900175131348512,14.0,1.3828931379871692,40,326,2105,rrc04,codered,normal,0
2001-07-10 23:45:00+00:00,380,63,5.347368421052631,13.0,1.7030524982026682,12,43,443,rrc04,codered,normal,0
2001-07-10 23:48:00+00:00,374,64,6.229946524064171,13.0,2.436478895641214,11,48,438,rrc04,codered,normal,0
2001-07-10 23:51:00+00:00,364,87,6.266483516483516,13.0,2.4355150970974973,8,77,451,rrc04,codered,normal,0
2001-07-10 23:54:00+00:00,186,71,5.005376344086022,12.0,1.63791538055206,10,58,257,rrc04,codered,normal,0
2001-07-10 23:57:00+00:00,530,178,4.886792452830188,16.0,1.6581460135365615,23,142,708,rrc04,codered,normal,0
2001-07-11 00:00:00+00:00,210,152,5.809523809523809,16.0,2.6262239345103473,14,129,362,rrc04,codered,normal,0
2001-07-11 00:03:00+00:00,317,90,5.220820189274448,13.0,1.8290872616062668,16,74,407,rrc04,codered,normal,0
2001-07-11 00:06:00+00:00,328,73,5.076219512195122,14.0,1.8976031995741123,4,65,401,rrc04,codered,normal,0
2001-07-11 00:09:00+00:00,318,33,5.10062893081761,14.0,1.7436135706317812,2,31,351,rrc04,codered,normal,0
2001-07-11 00:12:00+00:00,439,80,5.995444191343964,16.0,2.849285922764586,13,58,519,rrc04,codered,normal,0
2001-07-11 00:15:00+00:00,283,36,5.745583038869258,13.0,1.8163781564041512,9,27,319,rrc04,codered,normal,0
2001-07-11 00:18:00+00:00,282,77,5.414893617021277,13.0,1.4567736707154457,5,69,359,rrc04,codered,normal,0
2001-07-11 00:21:00+00:00,322,66,5.795031055900621,12.0,2.1209338515762908,19,39,388,rrc04,codered,normal,0
2001-07-11 00:24:00+00:00,528,45,6.041666666666667,14.0,2.394391858852133,9,33,573,rrc04,codered,normal,0
2001-07-11 00:27:00+00:00,500,46,5.35,14.0,2.079302767756538,8,36,546,rrc04,codered,normal,0
2001-07-11 00:30:00+00:00,394,57,5.33502538071066,12.0,1.7852871982027092,10,44,451,rrc04,codered,normal,0
2001-07-11 00:33:00+00:00,241,56,5.863070539419087,13.0,1.96703256907563,20,35,297,rrc04,codered,normal,0
2001-07-11 00:36:00+00:00,298,30,5.275167785234899,13.0,1.7755198138663526,4,25,328,rrc04,codered,normal,0
2001-07-11 00:39:00+00:00,304,45,4.9506578947368425,16.0,1.7624182217133217,8,36,349,rrc04,codered,normal,0
2001-07-11 00:42:00+00:00,194,29,5.262886597938144,14.0,1.658456591379614,6,23,223,rrc04,codered,normal,0
2001-07-11 00:45:00+00:00,277,47,5.368231046931408,12.0,1.6503368359971502,11,33,324,rrc04,codered,normal,0
2001-07-11 00:48:00+00:00,584,69,5.787671232876712,15.0,1.8779867685559137,4,64,653,rrc04,codered,normal,0
2001-07-11 00:51:00+00:00,602,88,5.358803986710964,12.0,1.3655091288043055,25,58,690,rrc04,codered,normal,0
2001-07-11 00:54:00+00:00,606,85,5.326732673267327,12.0,1.7469005700965767,22,52,691,rrc04,codered,normal,0
2001-07-11 00:57:00+00:00,303,54,5.306930693069307,13.0,1.9904519989723568,11,41,357,rrc04,codered,normal,0
2001-07-11 01:00:00+00:00,460,124,5.15,12.0,1.9419006825452134,17,99,584,rrc04,codered,normal,0
2001-07-11 01:03:00+00:00,465,62,5.462365591397849,12.0,1.7336588183956478,6,50,527,rrc04,codered,normal,0
2001-07-11 01:06:00+00:00,720,86,5.451388888888889,13.0,1.2089358331877802,6,80,806,rrc04,codered,normal,0
2001-07-11 01:09:00+00:00,657,143,5.809741248097413,11.0,1.504542920731392,38,73,800,rrc04,codered,normal,0
2001-07-11 01:12:00+00:00,465,65,5.655913978494624,10.0,1.2451594332075218,5,59,530,rrc04,codered,normal,0
2001-07-11 01:15:00+00:00,832,91,6.725961538461538,20.0,2.5681853512783515,10,78,923,rrc04,codered,normal,0
2001-07-11 01:18:00+00:00,639,102,5.993740219092332,18.0,1.6329811639482112,25,55,741,rrc04,codered,normal,0
2001-07-11 01:21:00+00:00,252,37,5.892857142857143,12.0,2.373888330353528,8,26,289,rrc04,codered,normal,0
2001-07-11 01:24:00+00:00,291,31,5.639175257731959,12.0,1.8097800383345328,4,25,322,rrc04,codered,normal,0
2001-07-11 01:27:00+00:00,344,41,6.142441860465116,15.0,2.673089596479295,4,34,385,rrc04,codered,normal,0
2001-07-11 01:30:00+00:00,381,83,7.1443569553805775,22.0,4.025854881404217,25,42,464,rrc04,codered,normal,0
2001-07-11 01:33:00+00:00,313,56,5.785942492012779,22.0,2.680337913800439,9,39,369,rrc04,codered,normal,0
2001-07-11 01:36:00+00:00,229,114,5.711790393013101,17.0,1.8655438884499698,42,59,343,rrc04,codered,normal,0
2001-07-11 01:39:00+00:00,245,111,5.183673469387755,21.0,2.138791088897929,9,99,356,rrc04,codered,normal,0
2001-07-11 01:42:00+00:00,263,89,6.011406844106464,10.0,1.4604621637742885,8,80,352,rrc04,codered,normal,0
2001-07-11 01:45:00+00:00,421,28,5.855106888361045,11.0,1.4573603184657309,5,23,449,rrc04,codered,normal,0
2001-07-11 01:48:00+00:00,348,23,5.086206896551724,11.0,1.1663552044471457,5,15,371,rrc04,codered,normal,0
2001-07-11 01:51:00+00:00,235,19,5.829787234042553,11.0,1.8068327635898436,3,16,254,rrc04,codered,normal,0
2001-07-11 01:54:00+00:00,310,33,5.290322580645161,14.0,1.590162263724676,6,25,343,rrc04,codered,normal,0
2001-07-11 01:57:00+00:00,330,75,6.427272727272728,15.0,2.2728666623921816,16,53,405,rrc04,codered,normal,0
2001-07-11 02:00:00+00:00,320,57,5.690625,17.0,1.8048302162184118,9,48,377,rrc04,codered,normal,0
2001-07-11 02:03:00+00:00,348,98,5.132183908045977,12.0,1.8051009621124272,11,81,446,rrc04,codered,normal,0
2001-07-11 02:06:00+00:00,203,63,5.16256157635468,11.0,1.8404800562193975,5,54,266,rrc04,codered,normal,0
2001-07-11 02:09:00+00:00,213,24,5.333333333333333,15.0,1.91280995933524,6,17,237,rrc04,codered,normal,0
2001-07-11 02:12:00+00:00,187,66,5.171122994652406,12.0,1.7710144894299173,23,43,253,rrc04,codered,normal,0
2001-07-11 02:15:00+00:00,444,68,5.0157657657657655,11.0,1.4665102596063624,8,57,512,rrc04,codered,normal,0
2001-07-11 02:18:00+00:00,445,125,5.701123595505618,13.0,1.905196582621336,9,114,570,rrc04,codered,normal,0
2001-07-11 02:21:00+00:00,458,125,5.329694323144105,12.0,1.5063302794966553,46,77,583,rrc04,codered,normal,0
2001-07-11 02:24:00+00:00,664,80,4.980421686746988,13.0,1.355902692429259,19,58,744,rrc04,codered,normal,0
2001-07-11 02:27:00+00:00,274,93,6.124087591240876,12.0,2.2063122962382624,18,52,367,rrc04,codered,normal,0
2001-07-11 02:30:00+00:00,251,33,5.673306772908367,14.0,2.0288861735182606,4,27,284,rrc04,codered,normal,0
2001-07-11 02:33:00+00:00,431,72,4.763341067285383,14.0,1.8592346733126641,14,54,503,rrc04,codered,normal,0
2001-07-11 02:36:00+00:00,388,63,5.505154639175258,15.0,1.411467842684376,18,41,451,rrc04,codered,normal,0
2001-07-11 02:39:00+00:00,312,128,5.246794871794871,12.0,1.5358919513193459,40,79,440,rrc04,codered,normal,0
2001-07-11 02:42:00+00:00,303,116,4.9438943894389435,13.0,1.5564686745068135,44,63,419,rrc04,codered,normal,0
2001-07-11 02:45:00+00:00,273,55,5.153846153846154,13.0,1.8372802617494548,13,40,328,rrc04,codered,normal,0
2001-07-11 02:48:00+00:00,143,45,6.06993006993007,11.0,2.2737490978876167,15,25,188,rrc04,codered,normal,0
2001-07-11 02:51:00+00:00,184,39,5.755434782608695,15.0,2.451701455796645,7,31,223,rrc04,codered,normal,0
2001-07-11 02:54:00+00:00,193,34,5.227979274611399,16.0,1.8797653253337063,8,23,227,rrc04,codered,normal,0
2001-07-11 02:57:00+00:00,159,31,5.528301886792453,13.0,1.919156394709647,6,23,190,rrc04,codered,normal,0
2001-07-11 03:00:00+00:00,422,63,6.0663507109004735,18.0,2.4974594579893474,18,36,485,rrc04,codered,normal,0
2001-07-11 03:03:00+00:00,506,70,7.290513833992095,23.0,4.0089559980714,22,37,576,rrc04,codered,normal,0
2001-07-11 03:06:00+00:00,599,101,7.367278797996661,22.0,4.219202201771516,26,73,700,rrc04,codered,normal,0
2001-07-11 03:09:00+00:00,470,149,6.140425531914894,22.0,2.1131462450491076,42,99,619,rrc04,codered,normal,0
2001-07-11 03:12:00+00:00,808,51,5.5977722772277225,18.0,2.5626496551563642,10,38,859,rrc04,codered,normal,0
2001-07-11 03:15:00+00:00,1214,231,5.070840197693575,18.0,1.5625106900453694,40,170,1445,rrc04,codered,normal,0
2001-07-11 03:18:00+00:00,499,140,5.236472945891784,12.0,1.9900031683365527,16,124,639,rrc04,codered,normal,0
2001-07-11 03:21:00+00:00,474,136,5.4113924050632916,11.0,1.5418073132418153,5,128,610,rrc04,codered,normal,0
2001-07-11 03:24:00+00:00,334,34,5.107784431137724,17.0,1.7983023934923308,2,32,368,rrc04,codered,normal,0
2001-07-11 03:27:00+00:00,254,28,5.267716535433071,15.0,1.882153310706163,6,20,282,rrc04,codered,normal,0
2001-07-11 03:30:00+00:00,384,35,6.40625,15.0,2.272242490910686,3,31,419,rrc04,codered,normal,0
2001-07-11 03:33:00+00:00,853,34,5.21453692848769,18.0,1.6925946362554842,3,29,887,rrc04,codered,normal,0
2001-07-11 03:36:00+00:00,210,53,5.276190476190476,11.0,1.3938315679842013,8,41,263,rrc04,codered,normal,0
2001-07-11 03:39:00+00:00,291,79,5.213058419243986,10.0,1.441637072981768,19,47,370,rrc04,codered,normal,0
2001-07-11 03:42:00+00:00,359,85,5.350974930362117,11.0,1.7692649582263604,17,54,444,rrc04,codered,normal,0
2001-07-11 03:45:00+00:00,288,38,5.090277777777778,13.0,1.613369466040131,4,32,326,rrc04,codered,normal,0
2001-07-11 03:48:00+00:00,493,119,4.955375253549696,16.0,1.3859760187316283,34,67,612,rrc04,codered,normal,0
2001-07-11 03:51:00+00:00,448,89,4.770089285714286,13.0,1.4633309577904998,6,82,537,rrc04,codered,normal,0
2001-07-11 03:54:00+00:00,290,58,5.096551724137931,14.0,2.0871499720780253,6,49,348,rrc04,codered,normal,0
2001-07-11 03:57:00+00:00,398,84,4.507537688442211,12.0,1.5671545341818456,6,77,482,rrc04,codered,normal,0
2001-07-11 04:00:00+00:00,453,47,5.666666666666667,13.0,1.6866353424832567,11,31,500,rrc04,codered,normal,0
2001-07-11 04:03:00+00:00,670,472,6.485074626865671,16.0,2.058600722512585,165,300,1142,rrc04,codered,normal,0
2001-07-11 04:06:00+00:00,1409,82,5.633073101490419,15.0,1.9268560302838211,3,78,1491,rrc04,codered,normal,0
2001-07-11 04:09:00+00:00,370,127,5.8108108108108105,16.0,2.6806396759571323,8,118,497,rrc04,codered,normal,0
2001-07-11 04:12:00+00:00,542,106,6.160516605166052,22.0,3.5971070416255975,17,76,648,rrc04,codered,normal,0
2001-07-11 04:15:00+00:00,320,78,6.640625,11.0,2.3911764069961463,23,49,398,rrc04,codered,normal,0
2001-07-11 04:18:00+00:00,131,34,5.625954198473282,11.0,1.9353516273706808,13,19,165,rrc04,codered,normal,0
2001-07-11 04:21:00+00:00,278,40,6.9352517985611515,14.0,3.037436994860727,5,29,318,rrc04,codered,normal,0
2001-07-11 04:24:00+00:00,251,40,5.824701195219124,10.0,1.6822092907740995,9,28,291,rrc04,codered,normal,0
2001-07-11 04:27:00+00:00,289,52,5.356401384083045,14.0,2.0783033550063403,12,35,341,rrc04,codered,normal,0
2001-07-11 04:30:00+00:00,234,81,4.846153846153846,13.0,1.717757356353254,23,52,315,rrc04,codered,normal,0
2001-07-11 04:33:00+00:00,489,87,5.541922290388548,13.0,1.9718834451253908,9,72,576,rrc04,codered,normal,0
2001-07-11 04:36:00+00:00,515,87,5.194174757281553,12.0,2.010932510476894,20,48,602,rrc04,codered,normal,0
2001-07-11 04:39:00+00:00,328,58,5.387195121951219,13.0,2.1525836854587173,15,43,386,rrc04,codered,normal,0
2001-07-11 04:42:00+00:00,233,40,5.227467811158799,13.0,1.671452050499321,9,31,273,rrc04,codered,normal,0
2001-07-11 04:45:00+00:00,266,40,5.2180451127819545,12.0,1.9975110296952834,6,34,306,rrc04,codered,normal,0
2001-07-11 04:48:00+00:00,314,53,5.503184713375796,12.0,1.86357714997433,19,31,367,rrc04,codered,normal,0
2001-07-11 04:51:00+00:00,398,37,5.233668341708543,17.0,1.7731022442021602,7,27,435,rrc04,codered,normal,0
2001-07-11 04:54:00+00:00,398,59,5.108040201005025,18.0,2.4166270107189987,8,49,457,rrc04,codered,normal,0
2001-07-11 04:57:00+00:00,392,111,5.75765306122449,21.0,3.056432260879958,32,72,503,rrc04,codered,normal,0
2001-07-11 05:00:00+00:00,501,253,6.36127744510978,25.0,4.429444390626318,71,122,754,rrc04,codered,normal,0
2001-07-11 05:03:00+00:00,1287,102,5.603729603729604,24.0,1.994534509161934,23,76,1389,rrc04,codered,normal,0
2001-07-11 05:06:00+00:00,550,69,5.609090909090909,14.0,2.387449969187187,16,47,619,rrc04,codered,normal,0
2001-07-11 05:09:00+00:00,615,87,4.9105691056910565,12.0,1.4816390072023036,8,78,702,rrc04,codered,normal,0
2001-07-11 05:12:00+00:00,514,94,5.877431906614786,15.0,2.4705574482868173,24,60,608,rrc04,codered,normal,0
2001-07-11 05:15:00+00:00,383,48,5.248041775456919,11.0,1.6250615825499897,4,39,431,rrc04,codered,normal,0
2001-07-11 05:18:00+00:00,547,100,4.979890310786106,11.0,1.5145719937819173,9,87,647,rrc04,codered,normal,0
2001-07-11 05:21:00+00:00,287,86,5.951219512195122,10.0,1.987168834348164,17,49,373,rrc04,codered,normal,0
2001-07-11 05:24:00+00:00,649,56,5.5053929121725735,12.0,1.6543499762986045,12,43,705,rrc04,codered,normal,0
2001-07-11 05:27:00+00:00,935,142,5.002139037433155,13.0,1.6087979110617052,13,127,1077,rrc04,codered,normal,0
2001-07-11 05:30:00+00:00,953,71,5.161594963273872,14.0,1.695965948689475,5,63,1024,rrc04,codered,normal,0
2001-07-11 05:33:00+00:00,932,157,5.124463519313305,14.0,1.7497891447955285,35,109,1089,rrc04,codered,normal,0
2001-07-11 05:36:00+00:00,429,126,5.9020979020979025,15.0,2.050577331796726,32,82,555,rrc04,codered,normal,0
2001-07-11 05:39:00+00:00,1244,110,5.348070739549839,14.0,1.870030471099756,19,85,1354,rrc04,codered,normal,0
2001-07-11 05:42:00+00:00,562,150,5.1138790035587185,14.0,1.382858805685911,11,136,712,rrc04,codered,normal,0
2001-07-11 05:45:00+00:00,756,84,5.3994708994708995,11.0,1.6294900476194156,12,69,840,rrc04,codered,normal,0
2001-07-11 05:48:00+00:00,818,140,5.256723716381418,13.0,1.539253311644381,22,116,958,rrc04,codered,normal,0
2001-07-11 05:51:00+00:00,521,129,6.769673704414587,18.0,2.9409938794729595,23,101,650,rrc04,codered,normal,0
2001-07-11 05:54:00+00:00,1031,124,5.338506304558681,16.0,1.8889800643521635,12,110,1155,rrc04,codered,normal,0
2001-07-11 05:57:00+00:00,1138,153,6.6889279437609845,18.0,2.8907890343042317,17,128,1291,rrc04,codered,normal,0
2001-07-11 06:00:00+00:00,797,171,5.816813048933501,15.0,1.896061659927967,16,152,968,rrc04,codered,normal,0
2001-07-11 06:03:00+00:00,1235,253,5.723076923076923,14.0,2.3401602609040304,73,179,1488,rrc04,codered,normal,0
2001-07-11 06:06:00+00:00,428,158,6.710280373831775,14.0,2.8342344589182256,39,114,586,rrc04,codered,normal,0
2001-07-11 06:09:00+00:00,318,42,6.915094339622642,12.0,2.8154490393162557,9,32,360,rrc04,codered,normal,0
2001-07-11 06:12:00+00:00,595,74,7.181512605042017,14.0,3.052040683522211,7,63,669,rrc04,codered,normal,0
2001-07-11 06:15:00+00:00,549,233,5.571948998178506,18.0,2.4555828420026833,42,186,782,rrc04,codered,normal,0
2001-07-11 06:18:00+00:00,630,285,7.458730158730159,18.0,2.9294419491662396,67,197,915,rrc04,codered,normal,0
2001-07-11 06:21:00+00:00,501,113,6.726546906187624,13.0,3.0705402484677657,20,81,614,rrc04,codered,normal,0
2001-07-11 06:24:00+00:00,683,224,5.6281112737920935,18.0,2.008598013250379,79,118,907,rrc04,codered,normal,0
2001-07-11 06:27:00+00:00,904,190,6.178097345132743,18.0,2.764008233100585,70,116,1094,rrc04,codered,normal,0
2001-07-11 06:30:00+00:00,485,48,5.2082474226804125,13.0,1.8864503350518054,10,32,533,rrc04,codered,normal,0
2001-07-11 06:33:00+00:00,431,33,6.146171693735499,12.0,2.616116027680967,2,30,464,rrc04,codered,normal,0
2001-07-11 06:36:00+00:00,747,180,6.014725568942437,15.0,2.34644566397879,32,139,927,rrc04,codered,normal,0
2001-07-11 06:39:00+00:00,1384,163,5.444364161849711,18.0,2.282712747124188,20,138,1547,rrc04,codered,normal,0
2001-07-11 06:42:00+00:00,989,163,6.323559150657229,13.0,2.55821227071407,36,118,1152,rrc04,codered,normal,0
2001-07-11 06:45:00+00:00,710,217,6.140845070422535,18.0,2.769531280055904,72,141,927,rrc04,codered,normal,0
2001-07-11 06:48:00+00:00,810,291,6.4185185185185185,17.0,2.716915967252917,78,204,1101,rrc04,codered,normal,0
2001-07-11 06:51:00+00:00,1116,394,5.315412186379929,18.0,1.87536732612045,105,281,1510,rrc04,codered,normal,0
2001-07-11 06:54:00+00:00,641,115,5.182527301092044,15.0,1.5993584447840565,14,99,756,rrc04,codered,normal,0
2001-07-11 06:57:00+00:00,550,109,5.136363636363637,15.0,1.5307590079747588,24,77,659,rrc04,codered,normal,0
2001-07-11 07:00:00+00:00,452,73,4.856194690265487,11.0,1.1265624890531898,17,49,525,rrc04,codered,normal,0
2001-07-11 07:03:00+00:00,567,90,4.982363315696649,15.0,1.3684680560329703,14,76,657,rrc04,codered,normal,0
2001-07-11 07:06:00+00:00,810,112,4.808641975308642,15.0,1.4543843914997414,23,87,922,rrc04,codered,normal,0
2001-07-11 07:09:00+00:00,1408,164,5.772017045454546,19.0,2.2887784355376515,13,149,1572,rrc04,codered,normal,0
2001-07-11 07:12:00+00:00,695,103,5.333812949640288,15.0,1.6701162651482928,24,74,798,rrc04,codered,normal,0
2001-07-11 07:15:00+00:00,1090,371,5.1669724770642205,15.0,1.4366152272508785,93,218,1461,rrc04,codered,normal,0
2001-07-11 07:18:00+00:00,657,129,5.43531202435312,15.0,1.8821846664912414,28,99,786,rrc04,codered,normal,0
2001-07-11 07:21:00+00:00,1311,220,5.082379862700229,15.0,1.8831427257173317,66,148,1531,rrc04,codered,normal,0
2001-07-11 07:24:00+00:00,1019,225,5.611383709519137,15.0,1.840581666863519,70,144,1244,rrc04,codered,normal,0
2001-07-11 07:27:00+00:00,399,136,6.406015037593985,13.0,2.524181578527559,32,98,535,rrc04,codered,normal,0
2001-07-11 07:30:00+00:00,390,111,5.876923076923077,13.0,2.2578026007218677,29,59,501,rrc04,codered,normal,0
2001-07-11 07:33:00+00:00,515,102,5.776699029126213,14.0,2.38006297883122,30,70,617,rrc04,codered,normal,0
2001-07-11 07:36:00+00:00,401,50,5.915211970074813,13.0,1.766350201650054,7,39,451,rrc04,codered,normal,0
2001-07-11 07:39:00+00:00,236,79,6.627118644067797,13.0,2.2371918315174337,29,47,315,rrc04,codered,normal,0
2001-07-11 07:42:00+00:00,878,51,5.5364464692482915,12.0,1.8343513228409278,10,32,929,rrc04,codered,normal,0
2001-07-11 07:45:00+00:00,744,48,5.377688172043011,15.0,1.8574427528682222,8,35,792,rrc04,codered,normal,0
2001-07-11 07:48:00+00:00,717,106,5.691771269177127,16.0,2.178531439661989,23,73,823,rrc04,codered,normal,0
2001-07-11 07:51:00+00:00,367,100,7.081743869209809,18.0,3.3193133477587726,28,58,467,rrc04,codered,normal,0
2001-07-11 07:54:00+00:00,663,75,5.766214177978884,19.0,2.329806599210237,15,56,738,rrc04,codered,normal,0
2001-07-11 07:57:00+00:00,577,64,6.878682842287695,18.0,3.013978927542043,16,43,641,rrc04,codered,normal,0
2001-07-11 08:00:00+00:00,1256,56,5.673566878980892,16.0,1.8133796833814066,11,44,1312,rrc04,codered,normal,0
2001-07-11 08:03:00+00:00,382,66,5.225130890052356,18.0,1.9767223541990684,12,52,448,rrc04,codered,normal,0
2001-07-11 08:06:00+00:00,556,91,6.683453237410072,18.0,2.8316961671523053,26,56,647,rrc04,codered,normal,0
2001-07-11 08:09:00+00:00,584,153,5.47945205479452,15.0,1.9248525226631328,18,133,737,rrc04,codered,normal,0
2001-07-11 08:12:00+00:00,2417,91,5.563094745552338,15.0,1.3862359108532751,5,83,2508,rrc04,codered,normal,0
2001-07-11 08:15:00+00:00,1977,403,5.712190187152251,24.0,2.2503005157025098,20,378,2380,rrc04,codered,normal,0
2001-07-11 08:18:00+00:00,947,190,6.081309398099261,24.0,2.2501294521827186,60,115,1137,rrc04,codered,normal,0
2001-07-11 08:21:00+00:00,655,145,6.615267175572519,20.0,2.793407541332985,29,112,800,rrc04,codered,normal,0
2001-07-11 08:24:00+00:00,646,156,5.479876160990712,11.0,1.6093950126197496,10,139,802,rrc04,codered,normal,0
2001-07-11 08:27:00+00:00,385,152,4.927272727272728,11.0,1.4753063836436942,61,84,537,rrc04,codered,normal,0
2001-07-11 08:30:00+00:00,538,72,6.105947955390334,18.0,3.1133962159178132,11,53,610,rrc04,codered,normal,0
2001-07-11 08:33:00+00:00,414,59,5.403381642512077,14.0,1.7008347380153706,17,32,473,rrc04,codered,normal,0
2001-07-11 08:36:00+00:00,369,68,5.300813008130081,14.0,1.4591174487551313,8,56,437,rrc04,codered,normal,0
2001-07-11 08:39:00+00:00,822,285,5.399026763990268,12.0,1.5587127469510003,128,139,1107,rrc04,codered,normal,0
2001-07-11 08:42:00+00:00,334,92,4.712574850299402,12.0,1.2999391805542089,10,73,426,rrc04,codered,normal,0
2001-07-11 08:45:00+00:00,394,75,5.66751269035533,25.0,2.3723471223934105,13,51,469,rrc04,codered,normal,0
2001-07-11 08:48:00+00:00,249,50,7.068273092369478,24.0,4.304587707439941,6,39,299,rrc04,codered,normal,0
2001-07-11 08:51:00+00:00,251,43,5.752988047808765,20.0,2.4288154433847944,8,29,294,rrc04,codered,normal,0
2001-07-11 08:54:00+00:00,832,237,5.5829326923076925,15.0,1.9002396243855824,83,144,1069,rrc04,codered,normal,0
2001-07-11 08:57:00+00:00,698,52,5.356733524355301,13.0,1.6077237251950973,4,47,750,rrc04,codered,normal,0
2001-07-11 09:00:00+00:00,543,105,7.377532228360957,23.0,5.169254248942843,24,62,648,rrc04,codered,normal,0
2001-07-11 09:03:00+00:00,510,258,5.245098039215686,23.0,2.307006695341194,76,131,768,rrc04,codered,normal,0
2001-07-11 09:06:00+00:00,672,80,4.9523809523809526,12.0,1.5130760367445257,16,59,752,rrc04,codered,normal,0
2001-07-11 09:09:00+00:00,404,63,5.356435643564357,18.0,2.3168951501842625,6,54,467,rrc04,codered,normal,0
2001-07-11 09:12:00+00:00,375,59,5.208,14.0,1.5644176765386753,11,40,434,rrc04,codered,normal,0
2001-07-11 09:15:00+00:00,678,70,5.094395280235989,17.0,1.890029225970321,18,47,748,rrc04,codered,normal,0
2001-07-11 09:18:00+00:00,979,51,5.498467824310521,14.0,1.7888394505697471,10,36,1030,rrc04,codered,normal,0
2001-07-11 09:21:00+00:00,385,172,5.025974025974026,12.0,1.3898895216679032,49,83,557,rrc04,codered,normal,0
2001-07-11 09:24:00+00:00,487,157,4.6652977412731005,15.0,1.7447154188777154,7,145,644,rrc04,codered,normal,0
2001-07-11 09:27:00+00:00,316,18,4.981012658227848,15.0,1.9760320776727458,1,16,334,rrc04,codered,normal,0
2001-07-11 09:30:00+00:00,522,53,5.524904214559387,14.0,1.3786663034490116,3,48,575,rrc04,codered,normal,0
2001-07-11 09:33:00+00:00,453,76,5.6092715231788075,15.0,1.9743616397034658,15,56,529,rrc04,codered,normal,0
2001-07-11 09:36:00+00:00,336,84,5.589285714285714,16.0,2.158400965504592,6,68,420,rrc04,codered,normal,0
2001-07-11 09:39:00+00:00,335,75,5.611940298507463,15.0,2.0011580518975847,13,57,410,rrc04,codered,normal,0
2001-07-11 09:42:00+00:00,630,121,6.742857142857143,13.0,2.6175060398174304,6,115,751,rrc04,codered,normal,0
2001-07-11 09:45:00+00:00,545,113,6.807339449541284,13.0,2.5045905165148676,16,96,658,rrc04,codered,normal,0
2001-07-11 09:48:00+00:00,448,143,6.002232142857143,16.0,1.7506362158927844,57,82,591,rrc04,codered,normal,0
2001-07-11 09:51:00+00:00,561,209,5.033868092691622,18.0,2.0459762285272283,80,126,770,rrc04,codered,normal,0
2001-07-11 09:54:00+00:00,507,170,5.165680473372781,16.0,2.1038533446821686,43,126,677,rrc04,codered,normal,0
2001-07-11 09:57:00+00:00,534,82,6.640449438202247,24.0,4.957302012556647,19,53,616,rrc04,codered,normal,0
2001-07-11 10:00:00+00:00,2580,95,4.518604651162791,24.0,2.6102145042942313,16,72,2675,rrc04,codered,normal,0
2001-07-11 10:03:00+00:00,1380,120,4.980434782608696,18.0,1.9416248497948554,22,93,1500,rrc04,codered,normal,0
2001-07-11 10:06:00+00:00,365,52,6.364383561643836,18.0,2.6403284282537367,13,34,417,rrc04,codered,normal,0
2001-07-11 10:09:00+00:00,319,58,5.495297805642633,17.0,2.1229769619344143,15,41,377,rrc04,codered,normal,0
2001-07-11 10:12:00+00:00,383,149,4.6945169712793735,12.0,1.4553928575530437,48,90,532,rrc04,codered,normal,0
2001-07-11 10:15:00+00:00,328,44,5.314024390243903,15.0,1.7691939461001192,10,29,372,rrc04,codered,normal,0
2001-07-11 10:18:00+00:00,790,39,5.360759493670886,16.0,1.8357158243383767,6,29,829,rrc04,codered,normal,0
2001-07-11 10:21:00+00:00,366,81,5.136612021857924,16.0,1.8070667284160733,18,55,447,rrc04,codered,normal,0
2001-07-11 10:24:00+00:00,508,99,5.482283464566929,14.0,1.5310696631272618,11,86,607,rrc04,codered,normal,0
2001-07-11 10:27:00+00:00,380,64,5.326315789473684,16.0,1.66665189282464,12,39,444,rrc04,codered,normal,0
2001-07-11 10:30:00+00:00,684,47,5.143274853801169,12.0,1.4326799124273824,5,37,731,rrc04,codered,normal,0
2001-07-11 10:33:00+00:00,1217,49,5.645028759244043,20.0,2.1159200954777404,10,38,1266,rrc04,codered,normal,0
2001-07-11 10:36:00+00:00,1588,78,5.7726700251889165,24.0,3.105100001542639,14,48,1666,rrc04,codered,normal,0
2001-07-11 10:39:00+00:00,4216,126,5.296489563567363,24.0,2.1981635882497508,5,117,4342,rrc04,codered,normal,0
2001-07-11 10:42:00+00:00,1391,232,5.708842559309849,14.0,1.5108239325225907,29,196,1623,rrc04,codered,normal,0
2001-07-11 10:45:00+00:00,1522,114,6.0900131406044675,23.0,3.1586050622672888,15,99,1636,rrc04,codered,normal,0
2001-07-11 10:48:00+00:00,1878,240,4.815228966986155,16.0,2.179985008832613,78,138,2118,rrc04,codered,normal,0
2001-07-11 10:51:00+00:00,2325,98,4.316129032258065,23.0,2.3204231317224013,16,68,2423,rrc04,codered,normal,0
2001-07-11 10:54:00+00:00,1615,126,4.504643962848297,15.0,1.9174472145553232,21,103,1741,rrc04,codered,normal,0
2001-07-11 10:57:00+00:00,770,93,5.049350649350649,15.0,1.735842426314406,20,61,863,rrc04,codered,normal,0
2001-07-11 11:00:00+00:00,510,68,5.2745098039215685,15.0,1.5336542465442133,17,35,578,rrc04,codered,normal,0
2001-07-11 11:03:00+00:00,550,61,5.154545454545454,15.0,1.428198888851165,15,36,611,rrc04,codered,normal,0
2001-07-11 11:06:00+00:00,2483,59,4.942005638340717,15.0,1.2995939159304435,11,39,2542,rrc04,codered,normal,0
2001-07-11 11:09:00+00:00,1082,170,5.1709796672828094,16.0,1.418575201451929,16,145,1252,rrc04,codered,normal,0
2001-07-11 11:12:00+00:00,303,84,5.488448844884489,15.0,1.8701313652497102,8,73,387,rrc04,codered,normal,0
2001-07-11 11:15:00+00:00,257,34,5.992217898832685,14.0,2.070719001238962,5,27,291,rrc04,codered,normal,0
2001-07-11 11:18:00+00:00,410,59,5.775609756097561,16.0,1.9376602042726407,10,45,469,rrc04,codered,normal,0
2001-07-11 11:21:00+00:00,1179,153,5.438507209499576,16.0,1.7146506783731181,18,134,1332,rrc04,codered,normal,0
2001-07-11 11:24:00+00:00,1143,99,5.831146106736658,14.0,1.7688891083644678,27,68,1242,rrc04,codered,normal,0
2001-07-11 11:27:00+00:00,300,65,4.51,10.0,1.8681274046488372,22,40,365,rrc04,codered,normal,0
2001-07-11 11:30:00+00:00,525,393,5.373333333333333,14.0,1.2849507432965719,13,373,918,rrc04,codered,normal,0
2001-07-11 11:33:00+00:00,1578,149,4.858681875792142,12.0,1.2982112238332875,42,80,1727,rrc04,codered,normal,0
2001-07-11 11:36:00+00:00,1851,105,4.759049162614803,14.0,1.2374788172258815,21,74,1956,rrc04,codered,normal,0
2001-07-11 11:39:00+00:00,2021,166,5.013359722909451,16.0,1.4437565917530228,25,135,2187,rrc04,codered,normal,0
2001-07-11 11:42:00+00:00,500,44,5.068,11.0,1.4154066553467946,11,33,544,rrc04,codered,normal,0
2001-07-11 11:45:00+00:00,949,63,5.935721812434141,24.0,3.6534665367354635,4,57,1012,rrc04,codered,normal,0
2001-07-11 11:48:00+00:00,12135,403,5.408982282653482,15.0,1.2048939120104718,19,373,12538,rrc04,codered,normal,0
2001-07-11 11:51:00+00:00,10660,53,4.624202626641651,14.0,1.1618770687641313,11,40,10713,rrc04,codered,normal,0
2001-07-11 11:54:00+00:00,698,199,5.492836676217765,15.0,1.9567179787585578,69,122,897,rrc04,codered,normal,0
2001-07-11 11:57:00+00:00,326,65,5.8496932515337425,15.0,2.1116351421090815,17,44,391,rrc04,codered,normal,0
2001-07-11 12:00:00+00:00,266,93,5.43609022556391,13.0,1.9767573639852398,14,74,359,rrc04,codered,normal,0
2001-07-11 12:03:00+00:00,449,61,5.750556792873051,16.0,1.6831818161697778,2,59,510,rrc04,codered,normal,0
2001-07-11 12:06:00+00:00,434,125,5.490783410138249,13.0,2.0980917013300955,19,98,559,rrc04,codered,normal,0
2001-07-11 12:09:00+00:00,586,147,5.979522184300341,16.0,2.197483150083374,21,105,733,rrc04,codered,normal,0
2001-07-11 12:12:00+00:00,4360,100,4.390137614678899,13.0,1.5884745377905776,18,73,4460,rrc04,codered,normal,0
2001-07-11 12:15:00+00:00,2361,69,5.307920372723422,16.0,1.6634626410236426,12,55,2430,rrc04,codered,normal,0
2001-07-11 12:18:00+00:00,3026,197,4.28916060806345,14.0,1.8142405463611944,4,193,3223,rrc04,codered,normal,0
2001-07-11 12:21:00+00:00,488,94,5.135245901639344,15.0,1.5251133863328747,10,84,582,rrc04,codered,normal,0
2001-07-11 12:24:00+00:00,2441,340,4.688242523555919,14.0,1.8737008401438087,79,214,2781,rrc04,codered,normal,0
2001-07-11 12:27:00+00:00,2293,257,4.788050588748365,13.0,1.8440026178556248,57,195,2550,rrc04,codered,normal,0
2001-07-11 12:30:00+00:00,1393,92,5.5699928212491026,14.0,2.0901137577672433,21,70,1485,rrc04,codered,normal,0
2001-07-11 12:33:00+00:00,595,82,5.5663865546218485,13.0,1.685393369085899,11,69,677,rrc04,codered,normal,0
2001-07-11 12:36:00+00:00,909,91,5.394939493949395,14.0,1.3591626562527384,9,81,1000,rrc04,codered,normal,0
2001-07-11 12:39:00+00:00,534,96,5.612359550561798,12.0,1.4819503465112762,6,87,630,rrc04,codered,normal,0
2001-07-11 12:42:00+00:00,2051,363,4.6489517308629935,13.0,1.958522269808693,37,314,2414,rrc04,codered,normal,0
2001-07-11 12:45:00+00:00,1883,73,4.7222517259691985,14.0,2.0701630277816783,5,67,1956,rrc04,codered,normal,0
2001-07-11 12:48:00+00:00,1469,183,5.342409802586793,13.0,1.796443023104628,5,177,1652,rrc04,codered,normal,0
2001-07-11 12:51:00+00:00,2020,269,4.213366336633664,14.0,1.6666559732362893,41,199,2289,rrc04,codered,normal,0
2001-07-11 12:54:00+00:00,855,142,5.156725146198831,12.0,1.7414784437567474,48,91,997,rrc04,codered,normal,0
2001-07-11 12:57:00+00:00,2046,130,5.182306940371457,13.0,1.7205842956100197,30,95,2176,rrc04,codered,normal,0
2001-07-11 13:00:00+00:00,847,165,5.599763872491145,14.0,1.7409980828275167,35,94,1012,rrc04,codered,normal,0
2001-07-11 13:03:00+00:00,591,57,5.862944162436548,13.0,1.8459717323068834,10,38,648,rrc04,codered,normal,0
2001-07-11 13:06:00+00:00,635,157,5.411023622047244,15.0,1.6273851470272285,44,81,792,rrc04,codered,normal,0
2001-07-11 13:09:00+00:00,395,63,5.6177215189873415,15.0,1.7626762947054915,4,58,458,rrc04,codered,normal,0
2001-07-11 13:12:00+00:00,381,58,5.1286089238845145,15.0,1.4605019835350672,15,34,439,rrc04,codered,normal,0
2001-07-11 13:15:00+00:00,521,65,5.2380038387715935,12.0,1.5677211378954081,13,50,586,rrc04,codered,normal,0
2001-07-11 13:18:00+00:00,359,92,5.832869080779944,14.0,1.8328267472314783,19,69,451,rrc04,codered,normal,0
2001-07-11 13:21:00+00:00,420,58,5.404761904761905,15.0,1.7023726273522717,15,37,478,rrc04,codered,normal,0
2001-07-11 13:24:00+00:00,567,79,4.9488536155202825,11.0,1.4951519272133822,18,56,646,rrc04,codered,normal,0
2001-07-11 13:27:00+00:00,287,61,5.397212543554007,11.0,1.275223243467157,14,34,348,rrc04,codered,normal,0
2001-07-11 13:30:00+00:00,434,59,5.684331797235023,14.0,1.7648340715344442,7,49,493,rrc04,codered,normal,0
2001-07-11 13:33:00+00:00,404,104,5.475247524752476,15.0,2.1587677976285526,12,86,508,rrc04,codered,normal,0
2001-07-11 13:36:00+00:00,527,72,6.2523719165085385,24.0,3.595652692200747,13,54,599,rrc04,codered,normal,0
2001-07-11 13:39:00+00:00,417,84,5.232613908872902,11.0,1.6155987603767106,23,48,501,rrc04,codered,normal,0
2001-07-11 13:42:00+00:00,997,46,5.120361083249749,13.0,1.1248789837998636,5,39,1043,rrc04,codered,normal,0
2001-07-11 13:45:00+00:00,806,669,5.277915632754342,19.0,1.3083748648330236,216,258,1475,rrc04,codered,normal,0
2001-07-11 13:48:00+00:00,926,173,5.40280777537797,12.0,1.3945097142649399,68,100,1099,rrc04,codered,normal,0
2001-07-11 13:51:00+00:00,575,35,4.723478260869565,12.0,1.4476566032149192,7,26,610,rrc04,codered,normal,0
2001-07-11 13:54:00+00:00,1086,74,4.654696132596685,12.0,0.991451049678044,18,51,1160,rrc04,codered,normal,0
2001-07-11 13:57:00+00:00,1295,243,5.181467181467181,9.0,0.8198103238369605,13,224,1538,rrc04,codered,normal,0
2001-07-11 14:00:00+00:00,846,734,5.216312056737588,13.0,1.637841114062575,224,319,1580,rrc04,codered,normal,0
2001-07-11 14:03:00+00:00,492,83,5.345528455284553,11.0,1.598563991386066,10,66,575,rrc04,codered,normal,0
2001-07-11 14:06:00+00:00,408,79,5.563725490196078,14.0,1.6878626242588162,6,66,487,rrc04,codered,normal,0
2001-07-11 14:09:00+00:00,288,86,5.128472222222222,13.0,1.622590658075178,12,71,374,rrc04,codered,normal,0
2001-07-11 14:12:00+00:00,445,89,5.91685393258427,15.0,2.201084306593395,30,49,534,rrc04,codered,normal,0
2001-07-11 14:15:00+00:00,564,98,6.25354609929078,21.0,3.0284533970941854,16,77,662,rrc04,codered,normal,0
2001-07-11 14:18:00+00:00,954,164,6.015723270440252,14.0,2.549872391870888,17,143,1118,rrc04,codered,normal,0
2001-07-11 14:21:00+00:00,512,113,6.998046875,18.0,3.0410595292270646,7,104,625,rrc04,codered,normal,0
2001-07-11 14:24:00+00:00,396,53,5.8686868686868685,15.0,2.0032623122915707,13,34,449,rrc04,codered,normal,0
2001-07-11 14:27:00+00:00,803,73,4.5990037359900375,14.0,1.208561819876935,18,49,876,rrc04,codered,normal,0
2001-07-11 14:30:00+00:00,344,103,5.171511627906977,15.0,1.8808094604741272,28,71,447,rrc04,codered,normal,0
2001-07-11 14:33:00+00:00,354,63,5.858757062146893,15.0,2.024523277293505,13,47,417,rrc04,codered,normal,0
2001-07-11 14:36:00+00:00,597,107,5.586264656616415,14.0,2.0161854999374142,24,79,704,rrc04,codered,normal,0
2001-07-11 14:39:00+00:00,544,43,6.299632352941177,13.0,2.804985034061007,7,34,587,rrc04,codered,normal,0
2001-07-11 14:42:00+00:00,488,70,5.625,14.0,1.8210827035351125,10,57,558,rrc04,codered,normal,0
2001-07-11 14:45:00+00:00,817,136,5.626682986536108,14.0,1.2175473022278003,13,122,953,rrc04,codered,normal,0
2001-07-11 14:48:00+00:00,1239,172,5.451170298627925,10.0,1.0206882590925528,17,146,1411,rrc04,codered,normal,0
2001-07-11 14:51:00+00:00,2509,76,5.86488640892786,16.0,1.6069791603416137,10,64,2585,rrc04,codered,normal,0
2001-07-11 14:54:00+00:00,2536,743,5.31506309148265,15.0,1.1916614514814639,220,335,3279,rrc04,codered,normal,0
2001-07-11 14:57:00+00:00,727,103,5.851444291609353,13.0,1.7902210230990525,23,71,830,rrc04,codered,normal,0
2001-07-11 15:00:00+00:00,2362,280,5.616850127011007,17.0,1.1141932005367552,69,208,2642,rrc04,codered,normal,0
2001-07-11 15:03:00+00:00,1510,123,5.056291390728477,12.0,1.3263042392147408,31,82,1633,rrc04,codered,normal,0
2001-07-11 15:06:00+00:00,341,52,5.448680351906158,15.0,1.7848761066267076,5,45,393,rrc04,codered,normal,0
2001-07-11 15:09:00+00:00,2648,81,5.3700906344410875,14.0,1.1793975333340072,17,41,2729,rrc04,codered,normal,0
2001-07-11 15:12:00+00:00,801,32,4.801498127340824,10.0,1.4139655687187316,10,22,833,rrc04,codered,normal,0
2001-07-11 15:15:00+00:00,1053,62,6.11301044634378,14.0,1.5535859804823398,17,38,1115,rrc04,codered,normal,0
2001-07-11 15:18:00+00:00,690,144,5.410144927536232,13.0,1.3399810649252952,41,77,834,rrc04,codered,normal,0
2001-07-11 15:21:00+00:00,471,75,5.501061571125265,12.0,1.5906771042976666,20,46,546,rrc04,codered,normal,0
2001-07-11 15:24:00+00:00,381,119,6.081364829396326,12.0,2.122543471441599,25,69,500,rrc04,codered,normal,0
2001-07-11 15:27:00+00:00,344,69,5.933139534883721,13.0,2.326204495013936,14,50,413,rrc04,codered,normal,0
2001-07-11 15:30:00+00:00,578,52,5.391003460207613,12.0,1.6373839893890956,6,44,630,rrc04,codered,normal,0
2001-07-11 15:33:00+00:00,1210,195,5.562809917355372,12.0,0.9907533014653325,40,149,1405,rrc04,codered,normal,0
2001-07-11 15:36:00+00:00,1038,100,5.3853564547206165,14.0,1.2546090049917198,43,57,1138,rrc04,codered,normal,0
2001-07-11 15:39:00+00:00,661,217,5.953101361573374,14.0,1.7366504626328079,51,99,878,rrc04,codered,normal,0
2001-07-11 15:42:00+00:00,676,78,5.020710059171598,14.0,1.858018787672127,16,56,754,rrc04,codered,normal,0
2001-07-11 15:45:00+00:00,420,55,5.6571428571428575,14.0,1.9127570299916068,4,46,475,rrc04,codered,normal,0
2001-07-11 15:48:00+00:00,496,33,5.893145161290323,14.0,1.762819802574147,7,23,529,rrc04,codered,normal,0
2001-07-11 15:51:00+00:00,695,64,5.074820143884892,14.0,1.635095910555869,7,54,759,rrc04,codered,normal,0
2001-07-11 15:54:00+00:00,185,24,5.140540540540541,14.0,2.1789483527684035,3,19,209,rrc04,codered,normal,0
2001-07-11 15:57:00+00:00,372,106,5.655913978494624,13.0,1.628011675052018,31,54,478,rrc04,codered,normal,0
2001-07-11 16:00:00+00:00,571,72,5.287215411558669,12.0,1.4670321449676684,8,63,643,rrc04,codered,normal,0
2001-07-11 16:03:00+00:00,1023,65,5.7595307917888565,13.0,1.3759719127129149,9,54,1088,rrc04,codered,normal,0
2001-07-11 16:06:00+00:00,1259,121,6.023034154090548,14.0,1.7013595482949988,29,62,1380,rrc04,codered,normal,0
2001-07-11 16:09:00+00:00,1679,176,5.568790946992257,16.0,1.4367350663075737,35,133,1855,rrc04,codered,normal,0
2001-07-11 16:12:00+00:00,984,234,5.7439024390243905,14.0,1.7418402725845166,24,204,1218,rrc04,codered,normal,0
2001-07-11 16:15:00+00:00,1006,169,6.657057654075547,15.0,2.5455463174591975,5,163,1175,rrc04,codered,normal,0
2001-07-11 16:18:00+00:00,1063,869,5.565380997177798,13.0,1.2009740561842308,38,829,1932,rrc04,codered,normal,0
2001-07-11 16:21:00+00:00,803,94,5.533001245330013,14.0,1.5070921863080666,23,67,897,rrc04,codered,normal,0
2001-07-11 16:24:00+00:00,543,111,5.3130755064456725,10.0,1.4746333713618907,20,78,654,rrc04,codered,normal,0
2001-07-11 16:27:00+00:00,1316,87,5.598784194528875,12.0,1.1136613861094768,16,58,1403,rrc04,codered,normal,0
2001-07-11 16:30:00+00:00,599,30,5.485809682804675,14.0,1.7761306363089187,3,26,629,rrc04,codered,normal,0
2001-07-11 16:33:00+00:00,1878,223,5.271033013844516,17.0,1.3104487512632874,11,208,2101,rrc04,codered,normal,0
2001-07-11 16:36:00+00:00,872,62,5.661697247706422,18.0,1.5779445636509948,2,59,934,rrc04,codered,normal,0
2001-07-11 16:39:00+00:00,286,88,5.461538461538462,11.0,1.7472024823285295,11,70,374,rrc04,codered,normal,0
2001-07-11 16:42:00+00:00,257,97,5.299610894941634,14.0,1.6337038212128605,39,53,354,rrc04,codered,normal,0
2001-07-11 16:45:00+00:00,403,58,4.764267990074441,11.0,1.1603514688054597,21,33,461,rrc04,codered,normal,0
2001-07-11 16:48:00+00:00,362,40,5.044198895027624,11.0,1.4017479396837433,4,34,402,rrc04,codered,normal,0
2001-07-11 16:51:00+00:00,459,37,4.856209150326797,15.0,1.0971440484320887,5,29,496,rrc04,codered,normal,0
2001-07-11 16:54:00+00:00,270,27,5.125925925925926,13.0,1.8030000909169042,2,22,297,rrc04,codered,normal,0
2001-07-11 16:57:00+00:00,762,108,5.454068241469816,12.0,1.6933141603780446,20,83,870,rrc04,codered,normal,0
2001-07-11 17:00:00+00:00,342,48,4.666666666666667,13.0,1.5616006183490292,8,34,390,rrc04,codered,normal,0
2001-07-11 17:03:00+00:00,254,42,5.216535433070866,14.0,1.8412279272921537,6,32,296,rrc04,codered,normal,0
2001-07-11 17:06:00+00:00,403,71,4.811414392059554,14.0,1.2871453534024138,15,33,474,rrc04,codered,normal,0
2001-07-11 17:09:00+00:00,299,59,5.6755852842809364,14.0,2.2955036554151356,14,43,358,rrc04,codered,normal,0
2001-07-11 17:12:00+00:00,897,67,4.295429208472687,13.0,1.4286100626085236,20,45,964,rrc04,codered,normal,0
2001-07-11 17:15:00+00:00,297,60,5.124579124579125,14.0,2.03371462925216,17,34,357,rrc04,codered,normal,0
2001-07-11 17:18:00+00:00,302,78,5.317880794701987,13.0,2.115445754624066,15,43,380,rrc04,codered,normal,0
2001-07-11 17:21:00+00:00,630,36,4.655555555555556,11.0,1.24228128320285,6,28,666,rrc04,codered,normal,0
2001-07-11 17:24:00+00:00,220,34,5.631818181818182,14.0,1.9202003597248918,7,23,254,rrc04,codered,normal,0
2001-07-11 17:27:00+00:00,326,69,6.03680981595092,14.0,2.6010605919689436,15,47,395,rrc04,codered,normal,0
2001-07-11 17:30:00+00:00,287,70,6.034843205574913,15.0,2.0648472857319504,10,53,357,rrc04,codered,normal,0
2001-07-11 17:33:00+00:00,238,87,5.4033613445378155,16.0,2.3057083992498493,22,57,325,rrc04,codered,normal,0
2001-07-11 17:36:00+00:00,346,77,5.057803468208093,16.0,1.8876262202836722,12,62,423,rrc04,codered,normal,0
2001-07-11 17:39:00+00:00,463,57,5.784017278617711,14.0,1.7191600540025713,11,42,520,rrc04,codered,normal,0
2001-07-11 17:42:00+00:00,270,56,5.07037037037037,15.0,1.7529477427327134,5,49,326,rrc04,codered,normal,0
2001-07-11 17:45:00+00:00,1098,105,5.328779599271402,14.0,1.6590839981169894,9,95,1203,rrc04,codered,normal,0
2001-07-11 17:48:00+00:00,353,101,5.61756373937677,11.0,1.6537116848437787,37,64,454,rrc04,codered,normal,0
2001-07-11 17:51:00+00:00,637,164,6.086342229199372,13.0,2.119747614413858,52,111,801,rrc04,codered,normal,0
2001-07-11 17:54:00+00:00,661,147,5.872919818456883,13.0,1.8852582276969136,15,126,808,rrc04,codered,normal,0
2001-07-11 17:57:00+00:00,213,86,5.845070422535211,11.0,2.10062289436644,20,56,299,rrc04,codered,normal,0
2001-07-11 18:00:00+00:00,940,156,5.293617021276596,14.0,1.968626722483527,43,109,1096,rrc04,codered,normal,0
2001-07-11 18:03:00+00:00,940,224,5.573404255319149,12.0,1.44101586005084,70,150,1164,rrc04,codered,normal,0
2001-07-11 18:06:00+00:00,590,101,5.31864406779661,12.0,1.2101932296014895,37,62,691,rrc04,codered,normal,0
2001-07-11 18:09:00+00:00,389,66,5.4652956298200515,10.0,1.621498791743659,6,56,455,rrc04,codered,normal,0
2001-07-11 18:12:00+00:00,341,63,5.595307917888563,14.0,2.2210354594703565,18,45,404,rrc04,codered,normal,0
2001-07-11 18:15:00+00:00,505,84,5.542574257425742,14.0,2.1760781570237624,8,72,589,rrc04,codered,normal,0
2001-07-11 18:18:00+00:00,643,93,5.76049766718507,11.0,2.1306898541693458,5,86,736,rrc04,codered,normal,0
2001-07-11 18:21:00+00:00,421,114,5.327790973871734,15.0,2.0932902907489224,11,99,535,rrc04,codered,normal,0
2001-07-11 18:24:00+00:00,390,70,5.184615384615385,11.0,1.370670519338556,6,61,460,rrc04,codered,normal,0
2001-07-11 18:27:00+00:00,234,53,5.32051282051282,14.0,1.5647854751271715,10,38,287,rrc04,codered,normal,0
2001-07-11 18:30:00+00:00,360,62,4.95,12.0,1.3774977313955912,15,45,422,rrc04,codered,normal,0
2001-07-11 18:33:00+00:00,269,46,5.263940520446097,13.0,2.055241031865706,5,39,315,rrc04,codered,normal,0
2001-07-11 18:36:00+00:00,774,105,5.158914728682171,14.0,1.9560591242696024,26,54,879,rrc04,codered,normal,0
2001-07-11 18:39:00+00:00,950,252,5.574736842105263,12.0,1.6196795278243121,106,142,1202,rrc04,codered,normal,0
2001-07-11 18:42:00+00:00,1615,94,5.430959752321981,13.0,1.6884330604493965,20,65,1709,rrc04,codered,normal,0
2001-07-11 18:45:00+00:00,365,106,5.380821917808219,14.0,2.4617989599014103,20,84,471,rrc04,codered,normal,0
2001-07-11 18:48:00+00:00,344,60,5.921511627906977,14.0,2.2340395248746163,12,47,404,rrc04,codered,normal,0
2001-07-11 18:51:00+00:00,467,88,4.9336188436830835,14.0,1.3640710765312305,15,70,555,rrc04,codered,normal,0
2001-07-11 18:54:00+00:00,233,73,5.141630901287554,14.0,1.7992919211218088,19,47,306,rrc04,codered,normal,0
2001-07-11 18:57:00+00:00,276,58,5.601449275362318,11.0,1.2396812065219924,21,34,334,rrc04,codered,normal,0
2001-07-11 19:00:00+00:00,404,110,5.094059405940594,14.0,1.855167883955264,29,72,514,rrc04,codered,normal,0
2001-07-11 19:03:00+00:00,708,92,5.163841807909605,14.0,1.6195287512437702,21,65,800,rrc04,codered,normal,0
2001-07-11 19:06:00+00:00,580,141,5.25,15.0,1.6911279647334345,21,120,721,rrc04,codered,normal,0
2001-07-11 19:09:00+00:00,619,157,4.933764135702746,14.0,1.5547542022274137,29,128,776,rrc04,codered,normal,0
2001-07-11 19:12:00+00:00,551,141,5.123411978221416,13.0,1.7676298821152872,22,111,692,rrc04,codered,normal,0
2001-07-11 19:15:00+00:00,336,109,5.223214285714286,12.0,1.6657071004704946,28,77,445,rrc04,codered,normal,0
2001-07-11 19:18:00+00:00,407,76,4.891891891891892,10.0,1.2649530618781464,22,44,483,rrc04,codered,normal,0
2001-07-11 19:21:00+00:00,323,89,4.8730650154798765,10.0,1.266128965052338,11,75,412,rrc04,codered,normal,0
2001-07-11 19:24:00+00:00,555,73,4.9135135135135135,12.0,1.2242656549791509,7,65,628,rrc04,codered,normal,0
2001-07-11 19:27:00+00:00,537,69,5.063314711359404,15.0,2.0092186516080814,8,53,606,rrc04,codered,normal,0
2001-07-11 19:30:00+00:00,529,113,5.5482041587901705,15.0,1.6596061629688472,30,70,642,rrc04,codered,normal,0
2001-07-11 19:33:00+00:00,483,160,5.805383022774327,15.0,1.8570586084557816,50,85,643,rrc04,codered,normal,0
2001-07-11 19:36:00+00:00,713,82,4.9424964936886395,10.0,1.1522539386733581,22,54,795,rrc04,codered,normal,0
2001-07-11 19:39:00+00:00,453,214,5.467991169977925,14.0,1.5952370276278591,83,129,667,rrc04,codered,normal,0
2001-07-11 19:42:00+00:00,1912,160,5.283995815899582,10.0,0.897110153547242,7,152,2072,rrc04,codered,normal,0
2001-07-11 19:45:00+00:00,2284,336,5.522329246935201,11.0,0.94365361244631,115,196,2620,rrc04,codered,normal,0
2001-07-11 19:48:00+00:00,1052,131,5.147338403041825,15.0,1.2853971244765792,43,86,1183,rrc04,codered,normal,0
2001-07-11 19:51:00+00:00,921,63,5.456026058631922,14.0,1.1726474845832608,20,40,984,rrc04,codered,normal,0
2001-07-11 19:54:00+00:00,639,112,5.284820031298905,14.0,1.1287692927613964,12,91,751,rrc04,codered,normal,0
2001-07-11 19:57:00+00:00,555,60,5.508108108108108,14.0,1.7628363271275542,7,51,615,rrc04,codered,normal,0
2001-07-11 20:00:00+00:00,489,72,5.705521472392638,14.0,1.8817795454619266,6,64,561,rrc04,codered,normal,0
2001-07-11 20:03:00+00:00,622,117,5.519292604501608,13.0,1.7177288568445908,23,72,739,rrc04,codered,normal,0
2001-07-11 20:06:00+00:00,526,96,6.02851711026616,15.0,2.0509537071866903,23,73,622,rrc04,codered,normal,0
2001-07-11 20:09:00+00:00,485,106,5.239175257731959,17.0,2.105591804119067,19,84,591,rrc04,codered,normal,0
2001-07-11 20:12:00+00:00,369,63,5.170731707317073,10.0,1.2902006130001544,7,54,432,rrc04,codered,normal,0
2001-07-11 20:15:00+00:00,485,55,5.408247422680413,11.0,1.5433041340326357,8,44,540,rrc04,codered,normal,0
2001-07-11 20:18:00+00:00,836,89,6.369617224880383,15.0,2.42613074251966,17,67,925,rrc04,codered,normal,0
2001-07-11 20:21:00+00:00,1277,148,5.794048551292091,12.0,1.3311621882141575,30,109,1425,rrc04,codered,normal,0
2001-07-11 20:24:00+00:00,1593,162,5.941619585687382,18.0,1.98196048665576,31,126,1755,rrc04,codered,normal,0
2001-07-11 20:27:00+00:00,467,74,5.963597430406852,14.0,2.2510436106097678,21,49,541,rrc04,codered,normal,0
2001-07-11 20:30:00+00:00,700,90,5.521428571428571,14.0,1.3578757419632494,20,57,790,rrc04,codered,normal,0
2001-07-11 20:33:00+00:00,1515,327,5.74983498349835,14.0,1.2887396198429892,22,287,1842,rrc04,codered,normal,0
2001-07-11 20:36:00+00:00,1161,130,5.481481481481482,11.0,1.723789031022283,14,111,1291,rrc04,codered,normal,0
2001-07-11 20:39:00+00:00,1180,91,5.758474576271187,14.0,1.8924840760670072,14,75,1271,rrc04,codered,normal,0
2001-07-11 20:42:00+00:00,1289,170,5.572536850271528,14.0,1.2925362527608337,17,145,1459,rrc04,codered,normal,0
2001-07-11 20:45:00+00:00,2264,215,5.575971731448763,10.0,0.929239606641211,35,175,2479,rrc04,codered,normal,0
2001-07-11 20:48:00+00:00,397,73,5.6775818639798485,12.0,1.6575379138932245,17,56,470,rrc04,codered,normal,0
2001-07-11 20:51:00+00:00,312,58,5.05448717948718,10.0,1.4957993724614767,12,42,370,rrc04,codered,normal,0
2001-07-11 20:54:00+00:00,302,75,5.079470198675497,13.0,1.437543797469031,22,51,377,rrc04,codered,normal,0
2001-07-11 20:57:00+00:00,381,47,4.926509186351706,14.0,1.6851538378630873,9,32,428,rrc04,codered,normal,0
2001-07-11 21:00:00+00:00,734,156,4.949591280653951,12.0,1.4499529623979115,14,128,890,rrc04,codered,normal,0
2001-07-11 21:03:00+00:00,383,76,5.3733681462141,14.0,1.6835933496002633,10,60,459,rrc04,codered,normal,0
2001-07-11 21:06:00+00:00,332,71,5.198795180722891,13.0,1.7586957089284323,22,41,403,rrc04,codered,normal,0
2001-07-11 21:09:00+00:00,313,54,5.261980830670926,12.0,1.7645040862970691,11,40,367,rrc04,codered,normal,0
2001-07-11 21:12:00+00:00,376,78,5.377659574468085,12.0,1.3764473431140678,13,65,454,rrc04,codered,normal,0
2001-07-11 21:15:00+00:00,451,41,4.862527716186253,11.0,1.14131903152238,7,32,492,rrc04,codered,normal,0
2001-07-11 21:18:00+00:00,472,73,5.578389830508475,9.0,1.3862976362122847,7,64,545,rrc04,codered,normal,0
2001-07-11 21:21:00+00:00,2804,108,4.807061340941512,14.0,1.2178270716941408,5,102,2912,rrc04,codered,normal,0
2001-07-11 21:24:00+00:00,644,129,5.3478260869565215,14.0,1.4723575954940131,13,113,773,rrc04,codered,normal,0
2001-07-11 21:27:00+00:00,632,73,4.919303797468355,11.0,1.397830877063336,10,63,705,rrc04,codered,normal,0
2001-07-11 21:30:00+00:00,363,90,5.482093663911845,17.0,1.6602910634793817,21,68,453,rrc04,codered,normal,0
2001-07-11 21:33:00+00:00,421,71,5.40855106888361,13.0,1.4072506644749287,15,45,492,rrc04,codered,normal,0
2001-07-11 21:36:00+00:00,393,47,5.376590330788804,14.0,1.5335639535412804,7,40,440,rrc04,codered,normal,0
2001-07-11 21:39:00+00:00,236,38,4.9025423728813555,10.0,1.1326406721782223,8,26,274,rrc04,codered,normal,0
2001-07-11 21:42:00+00:00,205,20,5.121951219512195,13.0,1.6992842388634497,4,15,225,rrc04,codered,normal,0
2001-07-11 21:45:00+00:00,244,36,5.176229508196721,10.0,1.646434462445823,4,32,280,rrc04,codered,normal,0
2001-07-11 21:48:00+00:00,259,36,5.1505791505791505,11.0,1.3909906099394846,3,33,295,rrc04,codered,normal,0
2001-07-11 21:51:00+00:00,161,39,5.198757763975156,12.0,1.5436500897893932,7,29,200,rrc04,codered,normal,0
2001-07-11 21:54:00+00:00,301,47,6.219269102990033,12.0,1.9862720211998963,7,38,348,rrc04,codered,normal,0
2001-07-11 21:57:00+00:00,194,46,5.134020618556701,14.0,1.9056555328506128,12,31,240,rrc04,codered,normal,0
2001-07-11 22:00:00+00:00,242,72,5.268595041322314,13.0,1.938668413157278,17,50,314,rrc04,codered,normal,0
2001-07-11 22:03:00+00:00,260,36,5.1692307692307695,10.0,1.5498806978328343,11,22,296,rrc04,codered,normal,0
2001-07-11 22:06:00+00:00,244,45,5.331967213114754,14.0,1.7719474510878768,10,32,289,rrc04,codered,normal,0
2001-07-11 22:09:00+00:00,857,53,4.603267211201867,13.0,1.1221285677365564,12,38,910,rrc04,codered,normal,0
2001-07-11 22:12:00+00:00,480,63,5.308333333333334,11.0,1.698263001487762,9,53,543,rrc04,codered,normal,0
2001-07-11 22:15:00+00:00,473,70,5.249471458773784,13.0,1.8759422539338702,20,45,543,rrc04,codered,normal,0
2001-07-11 22:18:00+00:00,236,63,5.47457627118644,9.0,1.3821615618898382,15,43,299,rrc04,codered,normal,0
2001-07-11 22:21:00+00:00,318,61,4.6572327044025155,9.0,1.1097599672192053,19,41,379,rrc04,codered,normal,0
2001-07-11 22:24:00+00:00,715,109,4.686713286713287,9.0,1.1919448620465325,4,103,824,rrc04,codered,normal,0
2001-07-11 22:27:00+00:00,251,70,5.035856573705179,10.0,1.5314463268227385,17,42,321,rrc04,codered,normal,0
2001-07-11 22:30:00+00:00,762,57,5.0682414698162725,14.0,1.5165108123764013,11,38,819,rrc04,codered,normal,0
2001-07-11 22:33:00+00:00,193,57,5.481865284974093,11.0,1.8127163490636762,9,46,250,rrc04,codered,normal,0
2001-07-11 22:36:00+00:00,580,157,4.463793103448276,10.0,0.9932875188609044,11,142,737,rrc04,codered,normal,0
2001-07-11 22:39:00+00:00,634,218,6.0,13.0,2.009441437213313,14,196,852,rrc04,codered,normal,0
2001-07-11 22:42:00+00:00,876,263,5.884703196347032,19.0,2.4348485515500173,31,219,1139,rrc04,codered,normal,0
2001-07-11 22:45:00+00:00,559,128,5.817531305903399,16.0,2.5162755341710654,15,108,687,rrc04,codered,normal,0
2001-07-11 22:48:00+00:00,441,62,4.764172335600907,14.0,1.8780712852853498,19,31,503,rrc04,codered,normal,0
2001-07-11 22:51:00+00:00,380,97,5.913157894736842,14.0,2.1777186339730537,21,72,477,rrc04,codered,normal,0
2001-07-11 22:54:00+00:00,598,54,5.3193979933110365,14.0,1.629573565532076,7,44,652,rrc04,codered,normal,0
2001-07-11 22:57:00+00:00,363,51,5.31404958677686,14.0,1.5712625401227327,5,43,414,rrc04,codered,normal,0
2001-07-11 23:00:00+00:00,536,134,4.91044776119403,12.0,1.5619672181434185,17,108,670,rrc04,codered,normal,0
2001-07-11 23:03:00+00:00,350,65,6.085714285714285,18.0,2.1695480578936723,14,48,415,rrc04,codered,normal,0
2001-07-11 23:06:00+00:00,306,148,6.143790849673203,14.0,2.5202922868504958,60,84,454,rrc04,codered,normal,0
2001-07-11 23:09:00+00:00,742,148,5.303234501347709,19.0,1.938673038410776,7,139,890,rrc04,codered,normal,0
2001-07-11 23:12:00+00:00,266,88,5.69172932330827,19.0,2.24506292467643,10,73,354,rrc04,codered,normal,0
2001-07-11 23:15:00+00:00,562,115,5.701067615658363,18.0,2.306489128227352,43,68,677,rrc04,codered,normal,0
2001-07-11 23:18:00+00:00,385,105,5.32987012987013,14.0,1.7018755837646504,4,100,490,rrc04,codered,normal,0
2001-07-11 23:21:00+00:00,528,61,5.113636363636363,14.0,1.9025410729956032,14,39,589,rrc04,codered,normal,0
2001-07-11 23:24:00+00:00,358,52,5.226256983240224,13.0,2.632347755314509,16,31,410,rrc04,codered,normal,0
2001-07-11 23:27:00+00:00,847,148,4.892561983471074,19.0,2.0296570744878886,9,137,995,rrc04,codered,normal,0
2001-07-11 23:30:00+00:00,1678,94,3.9833134684147793,22.0,2.1689010054824096,7,85,1772,rrc04,codered,normal,0
2001-07-11 23:33:00+00:00,633,159,4.6350710900473935,20.0,2.1280869862048823,57,98,792,rrc04,codered,normal,0
2001-07-11 23:36:00+00:00,293,49,5.856655290102389,15.0,2.4840649295072486,14,31,342,rrc04,codered,normal,0
2001-07-11 23:39:00+00:00,184,23,5.673913043478261,14.0,1.897416410785156,3,19,207,rrc04,codered,normal,0
2001-07-11 23:42:00+00:00,257,40,6.2412451361867705,15.0,2.262056157687253,7,32,297,rrc04,codered,normal,0
2001-07-11 23:45:00+00:00,919,75,5.449401523394995,15.0,2.060931778144355,3,71,994,rrc04,codered,normal,0
2001-07-11 23:48:00+00:00,1228,249,5.423452768729642,15.0,2.15139613791411,47,199,1477,rrc04,codered,normal,0
2001-07-11 23:51:00+00:00,359,121,5.467966573816156,14.0,1.99678126480982,8,109,480,rrc04,codered,normal,0
2001-07-11 23:54:00+00:00,479,93,5.578288100208768,15.0,1.263601735110085,18,70,572,rrc04,codered,normal,0
2001-07-11 23:57:00+00:00,510,166,5.858823529411764,13.0,2.207756066962805,60,81,676,rrc04,codered,normal,0
2001-07-12 00:00:00+00:00,864,153,5.265046296296297,14.0,1.7938631233357967,24,123,1017,rrc04,codered,normal,0
2001-07-12 00:03:00+00:00,419,255,4.976133651551312,11.0,1.599344537962665,75,110,674,rrc04,codered,normal,0
2001-07-12 00:06:00+00:00,333,51,4.8258258258258255,10.0,1.4034469555529143,1,49,384,rrc04,codered,normal,0
2001-07-12 00:09:00+00:00,348,55,5.198275862068965,14.0,2.082576160463286,11,39,403,rrc04,codered,normal,0
2001-07-12 00:12:00+00:00,431,44,5.939675174013921,14.0,2.2677152839598818,6,36,475,rrc04,codered,normal,0
2001-07-12 00:15:00+00:00,732,57,4.954918032786885,14.0,1.8105309334670143,13,35,789,rrc04,codered,normal,0
2001-07-12 00:18:00+00:00,444,144,5.916666666666667,14.0,2.1963917311437493,56,84,588,rrc04,codered,normal,0
2001-07-12 00:21:00+00:00,163,33,4.96319018404908,11.0,1.6162122292462078,8,24,196,rrc04,codered,normal,0
2001-07-12 00:24:00+00:00,305,88,4.80983606557377,13.0,1.4876215936562596,33,51,393,rrc04,codered,normal,0
2001-07-12 00:27:00+00:00,246,26,5.5894308943089435,17.0,2.0694570596287245,5,17,272,rrc04,codered,normal,0
2001-07-12 00:30:00+00:00,403,52,5.843672456575683,14.0,2.241693442629967,14,32,455,rrc04,codered,normal,0
2001-07-12 00:33:00+00:00,573,192,5.155322862129145,17.0,2.124886308536722,74,103,765,rrc04,codered,normal,0
2001-07-12 00:36:00+00:00,369,134,6.170731707317073,12.0,2.099324902739028,15,108,503,rrc04,codered,normal,0
2001-07-12 00:39:00+00:00,525,33,5.443809523809524,12.0,1.427346776667001,9,20,558,rrc04,codered,normal,0
2001-07-12 00:42:00+00:00,493,169,5.949290060851927,13.0,1.970230910531553,54,77,662,rrc04,codered,normal,0
2001-07-12 00:45:00+00:00,408,150,6.9411764705882355,13.0,2.6561933893825027,35,91,558,rrc04,codered,normal,0
2001-07-12 00:48:00+00:00,488,48,5.463114754098361,19.0,2.187584221129878,11,33,536,rrc04,codered,normal,0
2001-07-12 00:51:00+00:00,710,168,6.209859154929577,14.0,2.1597244822702724,58,106,878,rrc04,codered,normal,0
2001-07-12 00:54:00+00:00,375,44,5.882666666666666,17.0,2.5844856784711,11,28,419,rrc04,codered,normal,0
2001-07-12 00:57:00+00:00,497,83,6.132796780684105,17.0,2.481008513571889,9,74,580,rrc04,codered,normal,0
2001-07-12 01:00:00+00:00,527,154,5.020872865275142,15.0,1.900149998314561,47,103,681,rrc04,codered,normal,0
2001-07-12 01:03:00+00:00,775,203,5.585806451612903,20.0,2.4928397774601176,59,135,978,rrc04,codered,normal,0
2001-07-12 01:06:00+00:00,384,78,6.65625,17.0,2.8046766190596735,12,63,462,rrc04,codered,normal,0
2001-07-12 01:09:00+00:00,382,49,5.819371727748691,17.0,2.3760016621348763,13,35,431,rrc04,codered,normal,0
2001-07-12 01:12:00+00:00,654,45,6.155963302752293,12.0,1.8131745789358462,8,35,699,rrc04,codered,normal,0
2001-07-12 01:15:00+00:00,554,51,5.351985559566787,14.0,2.2248850276077325,7,43,605,rrc04,codered,normal,0
2001-07-12 01:18:00+00:00,469,31,5.524520255863539,14.0,1.9671979667049366,6,21,500,rrc04,codered,normal,0
2001-07-12 01:21:00+00:00,206,53,5.932038834951456,14.0,2.472222913576803,16,33,259,rrc04,codered,normal,0
2001-07-12 01:24:00+00:00,411,116,5.880778588807786,22.0,3.260453206467013,4,108,527,rrc04,codered,normal,0
2001-07-12 01:27:00+00:00,2670,154,5.417228464419476,19.0,1.2588573813603776,5,146,2824,rrc04,codered,normal,0
2001-07-12 01:30:00+00:00,442,31,5.269230769230769,17.0,2.4920514085314656,5,25,473,rrc04,codered,normal,0
2001-07-12 01:33:00+00:00,3195,150,5.0184663536776215,14.0,1.1962265246683816,18,131,3345,rrc04,codered,normal,0
2001-07-12 01:36:00+00:00,2424,79,5.529290429042904,14.0,1.3751568136709444,6,71,2503,rrc04,codered,normal,0
2001-07-12 01:39:00+00:00,348,57,5.853448275862069,15.0,1.8689276091502727,6,47,405,rrc04,codered,normal,0
2001-07-12 01:42:00+00:00,1654,150,5.044135429262394,15.0,1.5260293201282469,50,99,1804,rrc04,codered,normal,0
2001-07-12 01:45:00+00:00,428,150,5.644859813084112,14.0,2.3362336349710526,54,89,578,rrc04,codered,normal,0
2001-07-12 01:48:00+00:00,865,163,5.23121387283237,13.0,1.585978017558089,33,101,1028,rrc04,codered,normal,0
2001-07-12 01:51:00+00:00,798,103,5.12280701754386,14.0,2.4647807205412327,12,89,901,rrc04,codered,normal,0
2001-07-12 01:54:00+00:00,657,99,5.295281582952816,17.0,2.0055916403557257,4,93,756,rrc04,codered,normal,0
2001-07-12 01:57:00+00:00,500,17,5.092,12.0,1.6969195620299742,3,14,517,rrc04,codered,normal,0
2001-07-12 02:00:00+00:00,258,33,4.7984496124031,12.0,1.8167175654397603,6,26,291,rrc04,codered,normal,0
2001-07-12 02:03:00+00:00,343,70,5.629737609329446,12.0,1.7142658811648976,11,54,413,rrc04,codered,normal,0
2001-07-12 02:06:00+00:00,739,45,5.005412719891746,10.0,1.3047111206766675,9,32,784,rrc04,codered,normal,0
2001-07-12 02:09:00+00:00,424,44,5.297169811320755,14.0,1.7486899434530772,16,21,468,rrc04,codered,normal,0
2001-07-12 02:12:00+00:00,434,90,6.382488479262673,14.0,2.363561181192597,16,73,524,rrc04,codered,normal,0
2001-07-12 02:15:00+00:00,435,28,4.963218390804598,12.0,1.6155931932570649,3,25,463,rrc04,codered,normal,0
2001-07-12 02:18:00+00:00,523,91,4.780114722753346,14.0,1.4736131589046078,17,71,614,rrc04,codered,normal,0
2001-07-12 02:21:00+00:00,766,115,4.5365535248041775,13.0,1.4960681721080178,32,51,881,rrc04,codered,normal,0
2001-07-12 02:24:00+00:00,260,78,4.788461538461538,10.0,1.4746125757366613,17,50,338,rrc04,codered,normal,0
2001-07-12 02:27:00+00:00,424,69,4.8584905660377355,11.0,1.5896996230170135,13,47,493,rrc04,codered,normal,0
2001-07-12 02:30:00+00:00,506,105,5.758893280632411,10.0,1.8397160913878456,30,69,611,rrc04,codered,normal,0
2001-07-12 02:33:00+00:00,1043,105,5.547459252157239,14.0,1.771295782961317,4,100,1148,rrc04,codered,normal,0
2001-07-12 02:36:00+00:00,467,51,4.950749464668094,14.0,1.7534714651804486,10,35,518,rrc04,codered,normal,0
2001-07-12 02:39:00+00:00,1109,27,5.2822362488728585,14.0,2.240833457533799,3,21,1136,rrc04,codered,normal,0
2001-07-12 02:42:00+00:00,3074,62,4.655172413793103,14.0,1.363918676828232,6,53,3136,rrc04,codered,normal,0
2001-07-12 02:45:00+00:00,1665,103,4.846246246246246,20.0,1.9542268102370497,5,94,1768,rrc04,codered,normal,0
2001-07-12 02:48:00+00:00,664,56,6.5602409638554215,14.0,2.5834244462819624,13,35,720,rrc04,codered,normal,0
2001-07-12 02:51:00+00:00,416,99,5.134615384615385,13.0,1.655745778445543,33,66,515,rrc04,codered,normal,0
2001-07-12 02:54:00+00:00,338,62,6.21301775147929,14.0,1.652201975107399,10,51,400,rrc04,codered,normal,0
2001-07-12 02:57:00+00:00,672,204,5.324404761904762,14.0,2.0728114397453594,77,108,876,rrc04,codered,normal,0
2001-07-12 03:00:00+00:00,492,48,4.4573170731707314,14.0,1.7943586272549983,11,34,540,rrc04,codered,normal,0
2001-07-12 03:03:00+00:00,820,107,5.548780487804878,13.0,1.7317159051659252,32,65,927,rrc04,codered,normal,0
2001-07-12 03:06:00+00:00,593,41,5.54637436762226,14.0,1.9457112022203726,6,34,634,rrc04,codered,normal,0
2001-07-12 03:09:00+00:00,258,62,5.0271317829457365,19.0,1.7329569629239017,18,40,320,rrc04,codered,normal,0
2001-07-12 03:12:00+00:00,454,76,6.052863436123348,13.0,1.512598544161552,9,61,530,rrc04,codered,normal,0
2001-07-12 03:15:00+00:00,814,76,5.023341523341523,14.0,1.5400295599513565,20,55,890,rrc04,codered,normal,0
2001-07-12 03:18:00+00:00,288,84,5.354166666666667,12.0,1.8464257890433735,22,47,372,rrc04,codered,normal,0
2001-07-12 03:21:00+00:00,336,226,5.071428571428571,12.0,1.8837381420343704,66,113,562,rrc04,codered,normal,0
2001-07-12 03:24:00+00:00,422,96,4.630331753554502,11.0,1.333430662126034,8,86,518,rrc04,codered,normal,0
2001-07-12 03:27:00+00:00,855,34,4.381286549707602,11.0,1.3075134137919926,7,22,889,rrc04,codered,normal,0
2001-07-12 03:30:00+00:00,2209,109,4.690810321412404,13.0,1.6217488910452384,40,64,2318,rrc04,codered,normal,0
2001-07-12 03:33:00+00:00,1477,72,4.840893703452945,13.0,1.863233337529742,7,61,1549,rrc04,codered,normal,0
2001-07-12 03:36:00+00:00,1801,48,4.900055524708495,15.0,1.778708362674706,3,43,1849,rrc04,codered,normal,0
2001-07-12 03:39:00+00:00,1249,44,4.569255404323458,12.0,1.3284650471600814,6,33,1293,rrc04,codered,normal,0
2001-07-12 03:42:00+00:00,1746,79,4.928407789232532,13.0,1.697658749922344,19,55,1825,rrc04,codered,normal,0
2001-07-12 03:45:00+00:00,744,46,4.452956989247312,20.0,1.8615931055478243,6,39,790,rrc04,codered,normal,0
2001-07-12 03:48:00+00:00,293,46,5.395904436860068,13.0,1.8731760961301582,9,33,339,rrc04,codered,normal,0
2001-07-12 03:51:00+00:00,189,54,5.756613756613756,12.0,1.749987502304932,6,47,243,rrc04,codered,normal,0
2001-07-12 03:54:00+00:00,354,58,5.107344632768362,11.0,1.9455300818304895,16,33,412,rrc04,codered,normal,0
2001-07-12 03:57:00+00:00,290,72,6.1931034482758625,13.0,2.5617788855137302,25,38,362,rrc04,codered,normal,0
2001-07-12 04:00:00+00:00,315,105,6.079365079365079,13.0,2.0755690541302374,41,58,420,rrc04,codered,normal,0
2001-07-12 04:03:00+00:00,365,110,5.561643835616438,13.0,1.857869610490814,26,79,475,rrc04,codered,normal,0
2001-07-12 04:06:00+00:00,721,28,5.230235783633842,19.0,1.75463754843431,7,19,749,rrc04,codered,normal,0
2001-07-12 04:09:00+00:00,301,35,5.408637873754153,13.0,1.841508789828983,7,23,336,rrc04,codered,normal,0
2001-07-12 04:12:00+00:00,504,61,5.613095238095238,16.0,2.365238322931336,16,43,565,rrc04,codered,normal,0
2001-07-12 04:15:00+00:00,253,53,5.565217391304348,13.0,2.0662676755181595,9,43,306,rrc04,codered,normal,0
2001-07-12 04:18:00+00:00,334,55,7.062874251497006,24.0,4.021528755968993,8,40,389,rrc04,codered,normal,0
2001-07-12 04:21:00+00:00,324,49,5.404320987654321,24.0,2.226408522556587,6,40,373,rrc04,codered,normal,0
2001-07-12 04:24:00+00:00,654,51,5.51223241590214,13.0,1.5832659605846866,6,43,705,rrc04,codered,normal,0
2001-07-12 04:27:00+00:00,442,62,5.4411764705882355,14.0,2.340365147398323,6,51,504,rrc04,codered,normal,0
2001-07-12 04:30:00+00:00,353,52,6.861189801699717,19.0,4.244042082960024,10,39,405,rrc04,codered,normal,0
2001-07-12 04:33:00+00:00,380,54,5.773684210526316,13.0,2.1573234160249686,9,42,434,rrc04,codered,normal,0
2001-07-12 04:36:00+00:00,431,124,5.447795823665893,12.0,1.3560686028958198,40,67,555,rrc04,codered,normal,0
2001-07-12 04:39:00+00:00,433,114,5.418013856812933,13.0,1.5933895573786045,24,86,547,rrc04,codered,normal,0
2001-07-12 04:42:00+00:00,655,47,5.552671755725191,15.0,2.1845861223223686,7,39,702,rrc04,codered,normal,0
2001-07-12 04:45:00+00:00,249,68,5.9156626506024095,22.0,2.5860522670592823,21,43,317,rrc04,codered,normal,0
2001-07-12 04:48:00+00:00,456,52,5.293859649122807,12.0,1.4239668515582513,13,33,508,rrc04,codered,normal,0
2001-07-12 04:51:00+00:00,286,79,5.891608391608392,10.0,1.457605878004722,4,72,365,rrc04,codered,normal,0
2001-07-12 04:54:00+00:00,412,59,5.395631067961165,12.0,1.610427290523825,20,38,471,rrc04,codered,normal,0
2001-07-12 04:57:00+00:00,302,37,5.619205298013245,13.0,1.9233736651690878,7,26,339,rrc04,codered,normal,0
2001-07-12 05:00:00+00:00,2208,30,4.68161231884058,14.0,0.9975453251809038,10,13,2238,rrc04,codered,normal,0
2001-07-12 05:03:00+00:00,6683,135,4.542271434984288,15.0,0.9861231023299353,38,81,6818,rrc04,codered,normal,0
2001-07-12 05:06:00+00:00,557,63,4.978456014362657,12.0,1.805507966326213,8,54,620,rrc04,codered,normal,0
2001-07-12 05:09:00+00:00,246,77,5.40650406504065,11.0,2.013520955994096,17,46,323,rrc04,codered,normal,0
2001-07-12 05:12:00+00:00,372,90,5.451612903225806,12.0,1.7460624151739161,20,65,462,rrc04,codered,normal,0
2001-07-12 05:15:00+00:00,8449,153,4.527991478281454,15.0,0.8597763043789929,8,144,8602,rrc04,codered,normal,0
2001-07-12 05:18:00+00:00,953,57,5.494228751311647,12.0,1.061695103745971,13,38,1010,rrc04,codered,normal,0
2001-07-12 05:21:00+00:00,375,87,5.312,12.0,1.664128200189717,15,69,462,rrc04,codered,normal,0
2001-07-12 05:24:00+00:00,287,60,5.484320557491289,13.0,2.632998477848194,12,45,347,rrc04,codered,normal,0
2001-07-12 05:27:00+00:00,14264,69,4.479248457655636,15.0,0.8290444779728287,21,45,14333,rrc04,codered,normal,0
2001-07-12 05:30:00+00:00,16542,31,4.433381695079192,15.0,0.7657619769817255,2,28,16573,rrc04,codered,normal,0
2001-07-12 05:33:00+00:00,709,71,4.874471086036672,20.0,1.8367153205570699,11,56,780,rrc04,codered,normal,0
2001-07-12 05:36:00+00:00,260,58,5.026923076923077,17.0,1.6038553772101516,10,46,318,rrc04,codered,normal,0
2001-07-12 05:39:00+00:00,268,37,5.42910447761194,16.0,2.4674394434301474,4,30,305,rrc04,codered,normal,0
2001-07-12 05:42:00+00:00,311,49,5.463022508038585,16.0,2.511276663092513,9,40,360,rrc04,codered,normal,0
2001-07-12 05:45:00+00:00,267,58,5.550561797752809,16.0,2.411013599250127,4,50,325,rrc04,codered,normal,0
2001-07-12 05:48:00+00:00,13258,69,4.4581384824257055,15.0,0.8112418596112433,15,42,13327,rrc04,codered,normal,0
2001-07-12 05:51:00+00:00,2287,54,4.54787931788369,15.0,0.8823457264946016,5,46,2341,rrc04,codered,normal,0
2001-07-12 05:54:00+00:00,278,44,5.543165467625899,15.0,2.2109781799440738,2,41,322,rrc04,codered,normal,0
2001-07-12 05:57:00+00:00,333,50,5.306306306306307,15.0,2.340886588515249,14,28,383,rrc04,codered,normal,0
2001-07-12 06:00:00+00:00,554,71,5.792418772563177,18.0,2.1867372456031933,9,61,625,rrc04,codered,normal,0
2001-07-12 06:03:00+00:00,531,258,5.540489642184557,19.0,2.199075080652021,104,148,789,rrc04,codered,normal,0
2001-07-12 06:06:00+00:00,1795,88,5.774930362116992,16.0,1.2830742734740042,3,83,1883,rrc04,codered,normal,0
2001-07-12 06:09:00+00:00,2527,373,5.177285318559557,16.0,1.1969781529207524,114,255,2900,rrc04,codered,normal,0
2001-07-12 06:12:00+00:00,1761,90,5.165814877910278,14.0,1.183739456262414,5,82,1851,rrc04,codered,normal,0
2001-07-12 06:15:00+00:00,2270,201,5.693392070484581,16.0,1.176233232486587,74,125,2471,rrc04,codered,normal,0
2001-07-12 06:18:00+00:00,1112,50,5.212230215827338,23.0,1.7654542868868068,5,44,1162,rrc04,codered,normal,0
2001-07-12 06:21:00+00:00,675,126,5.671111111111111,12.0,1.4590644728052524,14,111,801,rrc04,codered,normal,0
2001-07-12 06:24:00+00:00,374,41,4.871657754010696,12.0,1.5442142942645618,7,31,415,rrc04,codered,normal,0
2001-07-12 06:27:00+00:00,347,77,4.968299711815562,13.0,1.886285477208393,16,55,424,rrc04,codered,normal,0
2001-07-12 06:30:00+00:00,620,63,5.27741935483871,14.0,1.3430129049458894,6,54,683,rrc04,codered,normal,0
2001-07-12 06:33:00+00:00,556,113,5.330935251798561,13.0,1.7305485852409959,9,100,669,rrc04,codered,normal,0
2001-07-12 06:36:00+00:00,1291,121,5.615801704105345,14.0,1.7915019392897387,14,105,1412,rrc04,codered,normal,0
2001-07-12 06:39:00+00:00,524,139,5.209923664122138,10.0,1.4335859571239216,11,124,663,rrc04,codered,normal,0
2001-07-12 06:42:00+00:00,804,96,5.853233830845771,14.0,1.8005947027667257,6,86,900,rrc04,codered,normal,0
2001-07-12 06:45:00+00:00,660,134,6.012121212121212,13.0,2.111262379192238,6,126,794,rrc04,codered,normal,0
2001-07-12 06:48:00+00:00,1426,171,5.787517531556802,14.0,1.774570610027437,20,130,1597,rrc04,codered,normal,0
2001-07-12 06:51:00+00:00,1187,95,5.765796124684077,14.0,1.6513483609314379,10,77,1282,rrc04,codered,normal,0
2001-07-12 06:54:00+00:00,534,78,6.046816479400749,14.0,1.5457017775259176,18,46,612,rrc04,codered,normal,0
2001-07-12 06:57:00+00:00,577,67,5.8336221837088384,14.0,1.5830710395242302,10,48,644,rrc04,codered,normal,0
2001-07-12 07:00:00+00:00,734,142,5.694822888283379,14.0,1.7975309765573473,29,101,876,rrc04,codered,normal,0
2001-07-12 07:03:00+00:00,818,170,5.567237163814181,14.0,1.9140459956170535,56,100,988,rrc04,codered,normal,0
2001-07-12 07:06:00+00:00,739,191,5.35723951285521,13.0,1.4592752054745837,23,135,930,rrc04,codered,normal,0
2001-07-12 07:09:00+00:00,538,174,5.897769516728625,12.0,2.010833726098458,33,137,712,rrc04,codered,normal,0
2001-07-12 07:12:00+00:00,465,61,5.483870967741935,14.0,2.1453270208435424,14,36,526,rrc04,codered,normal,0
2001-07-12 07:15:00+00:00,735,151,5.198639455782313,14.0,1.679406535709784,52,99,886,rrc04,codered,normal,0
2001-07-12 07:18:00+00:00,622,115,4.823151125401929,11.0,1.4437728708363522,15,94,737,rrc04,codered,normal,0
2001-07-12 07:21:00+00:00,1019,146,5.411187438665358,10.0,1.0336404710320999,17,127,1165,rrc04,codered,normal,0
2001-07-12 07:24:00+00:00,863,156,6.170336037079954,14.0,1.8025219240961623,17,117,1019,rrc04,codered,normal,0
2001-07-12 07:27:00+00:00,1327,114,5.346646571213263,15.0,1.4723123054140461,22,80,1441,rrc04,codered,normal,0
2001-07-12 07:30:00+00:00,1133,53,5.7749338040600176,15.0,1.6820552615606248,9,42,1186,rrc04,codered,normal,0
2001-07-12 07:33:00+00:00,1210,263,4.898347107438017,12.0,1.6233056504824737,31,223,1473,rrc04,codered,normal,0
2001-07-12 07:36:00+00:00,995,220,5.2090452261306535,13.0,1.8295504549755743,29,191,1215,rrc04,codered,normal,0
2001-07-12 07:39:00+00:00,486,139,5.604938271604938,19.0,1.6468876670736083,18,114,625,rrc04,codered,normal,0
2001-07-12 07:42:00+00:00,574,139,5.379790940766551,11.0,1.318063709521264,36,91,713,rrc04,codered,normal,0
2001-07-12 07:45:00+00:00,347,155,5.6801152737752165,11.0,1.4755380939939269,13,128,502,rrc04,codered,normal,0
2001-07-12 07:48:00+00:00,469,93,5.409381663113006,10.0,1.3630821720833237,17,74,562,rrc04,codered,normal,0
2001-07-12 07:51:00+00:00,998,144,4.771543086172345,12.0,1.3862739030638664,34,102,1142,rrc04,codered,normal,0
2001-07-12 07:54:00+00:00,887,161,5.2795941375422775,14.0,1.5542285680731005,55,94,1048,rrc04,codered,normal,0
2001-07-12 07:57:00+00:00,350,54,5.371428571428571,14.0,2.2037074512312755,12,42,404,rrc04,codered,normal,0
2001-07-12 08:00:00+00:00,526,210,5.222433460076045,14.0,1.6167935720734155,74,122,736,rrc04,codered,normal,0
2001-07-12 08:03:00+00:00,733,102,5.343792633015007,16.0,1.9584233212350153,16,83,835,rrc04,codered,normal,0
2001-07-12 08:06:00+00:00,904,175,5.085176991150442,14.0,1.5031093774348359,36,130,1079,rrc04,codered,normal,0
2001-07-12 08:09:00+00:00,895,392,5.008938547486034,15.0,1.6436532724460082,130,193,1287,rrc04,codered,normal,0
2001-07-12 08:12:00+00:00,513,168,5.060428849902534,14.0,1.289579396844616,24,134,681,rrc04,codered,normal,0
2001-07-12 08:15:00+00:00,357,109,5.053221288515406,18.0,1.8636947096129335,16,88,466,rrc04,codered,normal,0
2001-07-12 08:18:00+00:00,325,74,5.803076923076923,14.0,1.8952547408051452,18,51,399,rrc04,codered,normal,0
2001-07-12 08:21:00+00:00,404,91,6.987623762376238,18.0,3.366601438332709,15,60,495,rrc04,codered,normal,0
2001-07-12 08:24:00+00:00,448,105,6.169642857142857,16.0,2.6377695964351306,11,85,553,rrc04,codered,normal,0
2001-07-12 08:27:00+00:00,314,58,6.044585987261146,16.0,1.9690081212274606,13,37,372,rrc04,codered,normal,0
2001-07-12 08:30:00+00:00,280,77,5.796428571428572,14.0,1.6811947585947713,11,61,357,rrc04,codered,normal,0
2001-07-12 08:33:00+00:00,461,60,5.227765726681128,18.0,1.7899966666424456,16,39,521,rrc04,codered,normal,0
2001-07-12 08:36:00+00:00,558,54,4.818996415770609,18.0,1.693715263629748,10,39,612,rrc04,codered,normal,0
2001-07-12 08:39:00+00:00,1881,258,5.536948431685274,15.0,1.5947285043721486,91,166,2139,rrc04,codered,normal,0
2001-07-12 08:42:00+00:00,1883,605,5.637280934678704,15.0,1.4908577617749763,160,292,2488,rrc04,codered,normal,0
2001-07-12 08:45:00+00:00,1352,123,5.871301775147929,13.0,1.389310019056259,11,100,1475,rrc04,codered,normal,0
2001-07-12 08:48:00+00:00,985,286,6.118781725888325,15.0,1.7361789359205109,81,145,1271,rrc04,codered,normal,0
2001-07-12 08:51:00+00:00,300,56,5.75,13.0,1.7628102563804193,10,42,356,rrc04,codered,normal,0
2001-07-12 08:54:00+00:00,1178,53,5.173174872665535,15.0,1.4102078517152163,11,33,1231,rrc04,codered,normal,0
2001-07-12 08:57:00+00:00,1904,287,5.03781512605042,15.0,1.7090462029461977,84,165,2191,rrc04,codered,normal,0
2001-07-12 09:00:00+00:00,935,151,5.287700534759359,13.0,1.7414753583354412,32,117,1086,rrc04,codered,normal,0
2001-07-12 09:03:00+00:00,851,143,5.038777908343126,18.0,1.724817239939448,28,113,994,rrc04,codered,normal,0
2001-07-12 09:06:00+00:00,454,74,5.400881057268722,13.0,1.5629518888942173,18,53,528,rrc04,codered,normal,0
2001-07-12 09:09:00+00:00,917,80,5.764449291166849,14.0,1.3555978882251796,8,69,997,rrc04,codered,normal,0
2001-07-12 09:12:00+00:00,502,78,5.659362549800797,13.0,1.5362492457448649,10,65,580,rrc04,codered,normal,0
2001-07-12 09:15:00+00:00,1102,266,6.327586206896552,15.0,2.0397015411254755,78,113,1368,rrc04,codered,normal,0
2001-07-12 09:18:00+00:00,993,151,5.896273917421953,15.0,1.6219529379190478,39,82,1144,rrc04,codered,normal,0
2001-07-12 09:21:00+00:00,1054,259,5.635673624288425,15.0,1.9804784156761142,63,141,1313,rrc04,codered,normal,0
2001-07-12 09:24:00+00:00,471,41,5.868365180467091,16.0,1.8209902821321897,10,29,512,rrc04,codered,normal,0
2001-07-12 09:27:00+00:00,453,98,5.6114790286975715,16.0,1.7413427040406528,10,86,551,rrc04,codered,normal,0
2001-07-12 09:30:00+00:00,400,72,5.6175,16.0,1.7395958582383437,19,49,472,rrc04,codered,normal,0
2001-07-12 09:33:00+00:00,255,88,5.411764705882353,13.0,2.0748396639044637,11,73,343,rrc04,codered,normal,0
2001-07-12 09:36:00+00:00,308,66,5.347402597402597,14.0,1.7262562920862243,20,43,374,rrc04,codered,normal,0
2001-07-12 09:39:00+00:00,369,90,5.154471544715447,12.0,1.7454510152050298,30,52,459,rrc04,codered,normal,0
2001-07-12 09:42:00+00:00,2041,237,3.866731994120529,16.0,1.5698268210583146,12,216,2278,rrc04,codered,normal,0
2001-07-12 09:45:00+00:00,1965,976,3.7038167938931297,14.0,1.3676787738800498,343,632,2941,rrc04,codered,normal,0
2001-07-12 09:48:00+00:00,2026,899,3.874629812438302,13.0,1.5621630491349456,234,661,2925,rrc04,codered,normal,0
2001-07-12 09:51:00+00:00,1633,561,4.290875688916105,14.0,1.6509260048417858,37,524,2194,rrc04,codered,normal,0
2001-07-12 09:54:00+00:00,1182,295,4.063451776649746,16.0,1.5024630417540874,24,267,1477,rrc04,codered,normal,0
2001-07-12 09:57:00+00:00,1555,445,4.210932475884245,15.0,1.5785569029217912,117,319,2000,rrc04,codered,normal,0
2001-07-12 10:00:00+00:00,3591,467,4.468114731272626,14.0,1.373263733700708,156,304,4058,rrc04,codered,normal,0
2001-07-12 10:03:00+00:00,2867,975,4.256016742239274,16.0,1.6551368823984134,392,581,3842,rrc04,codered,normal,0
2001-07-12 10:06:00+00:00,1223,693,4.893704006541292,16.0,2.0409105916756154,214,474,1916,rrc04,codered,normal,0
2001-07-12 10:09:00+00:00,800,180,5.77,15.0,2.0123617964968425,19,157,980,rrc04,codered,normal,0
2001-07-12 10:12:00+00:00,372,116,5.413978494623656,14.0,1.9122182917325217,31,75,488,rrc04,codered,normal,0
2001-07-12 10:15:00+00:00,626,287,4.912140575079873,13.0,1.4642533626224348,103,182,913,rrc04,codered,normal,0
2001-07-12 10:18:00+00:00,451,209,5.829268292682927,14.0,1.965248898741768,22,186,660,rrc04,codered,normal,0
2001-07-12 10:21:00+00:00,2315,123,4.481209503239741,14.0,1.4725615145017752,15,106,2438,rrc04,codered,normal,0
2001-07-12 10:24:00+00:00,6052,1793,4.387144745538665,14.0,0.9980085806740142,586,1185,7845,rrc04,codered,normal,0
2001-07-12 10:27:00+00:00,4710,5375,4.624840764331211,14.0,0.7715885990289338,1469,2430,10085,rrc04,codered,normal,0
2001-07-12 10:30:00+00:00,911,178,4.749725576289792,13.0,1.4091349423789157,23,148,1089,rrc04,codered,normal,0
2001-07-12 10:33:00+00:00,674,136,5.140949554896142,15.0,1.618517561951522,7,127,810,rrc04,codered,normal,0
2001-07-12 10:36:00+00:00,789,603,5.245880861850444,15.0,1.6585222218763183,239,363,1392,rrc04,codered,normal,0
2001-07-12 10:39:00+00:00,538,70,4.520446096654275,9.0,1.2907125297505344,4,65,608,rrc04,codered,normal,0
2001-07-12 10:42:00+00:00,504,28,5.057539682539683,15.0,1.842687903238841,3,24,532,rrc04,codered,normal,0
2001-07-12 10:45:00+00:00,460,74,5.352173913043479,15.0,1.7942830868737543,10,57,534,rrc04,codered,normal,0
2001-07-12 10:48:00+00:00,582,90,4.912371134020619,16.0,1.7183719857770974,17,65,672,rrc04,codered,normal,0
2001-07-12 10:51:00+00:00,596,95,5.041946308724833,15.0,1.978895081120697,28,65,691,rrc04,codered,normal,0
2001-07-12 10:54:00+00:00,372,134,5.438172043010753,14.0,1.730170260896749,47,84,506,rrc04,codered,normal,0
2001-07-12 10:57:00+00:00,231,55,5.303030303030303,15.0,2.4501858563552803,11,42,286,rrc04,codered,normal,0
2001-07-12 11:00:00+00:00,888,80,5.884009009009009,15.0,1.6742125108391614,9,68,968,rrc04,codered,normal,0
2001-07-12 11:03:00+00:00,758,142,5.408970976253298,17.0,2.2440831017356184,32,103,900,rrc04,codered,normal,0
2001-07-12 11:06:00+00:00,395,52,4.807594936708861,12.0,1.6713348074085501,3,48,447,rrc04,codered,normal,0
2001-07-12 11:09:00+00:00,426,67,5.561032863849765,13.0,1.7448200638627456,18,46,493,rrc04,codered,normal,0
2001-07-12 11:12:00+00:00,696,98,5.323275862068965,14.0,1.6073926427006453,34,59,794,rrc04,codered,normal,0
2001-07-12 11:15:00+00:00,1350,106,5.148888888888889,12.0,1.2587687497837317,5,101,1456,rrc04,codered,normal,0
2001-07-12 11:18:00+00:00,343,137,6.311953352769679,13.0,2.0344131117337745,43,69,480,rrc04,codered,normal,0
2001-07-12 11:21:00+00:00,424,48,5.334905660377358,15.0,1.8973935673946516,13,32,472,rrc04,codered,normal,0
2001-07-12 11:24:00+00:00,1266,91,5.228278041074249,13.0,1.3143477428153751,24,51,1357,rrc04,codered,normal,0
2001-07-12 11:27:00+00:00,382,95,5.505235602094241,15.0,1.789651410085926,32,56,477,rrc04,codered,normal,0
2001-07-12 11:30:00+00:00,445,80,5.752808988764045,14.0,1.7538458471740153,15,61,525,rrc04,codered,normal,0
2001-07-12 11:33:00+00:00,731,61,5.5184678522571815,15.0,1.735010332423898,9,52,792,rrc04,codered,normal,0
2001-07-12 11:36:00+00:00,371,92,6.056603773584905,14.0,1.8889744795111767,10,75,463,rrc04,codered,normal,0
2001-07-12 11:39:00+00:00,1234,139,5.200162074554295,15.0,1.3537749513078474,6,131,1373,rrc04,codered,normal,0
2001-07-12 11:42:00+00:00,647,147,5.8624420401854715,15.0,1.8062048907964745,37,90,794,rrc04,codered,normal,0
2001-07-12 11:45:00+00:00,764,96,5.301047120418848,15.0,1.6247267842422357,24,61,860,rrc04,codered,normal,0
2001-07-12 11:48:00+00:00,427,76,5.166276346604215,10.0,1.362937297970563,12,56,503,rrc04,codered,normal,0
2001-07-12 11:51:00+00:00,415,95,5.660240963855422,12.0,1.8569919814164124,29,57,510,rrc04,codered,normal,0
2001-07-12 11:54:00+00:00,392,50,5.2270408163265305,11.0,1.5293000327505268,5,42,442,rrc04,codered,normal,0
2001-07-12 11:57:00+00:00,860,88,6.0523255813953485,16.0,2.2538456409138856,20,60,948,rrc04,codered,normal,0
2001-07-12 12:00:00+00:00,417,61,6.458033573141487,19.0,2.6891359668624646,12,46,478,rrc04,codered,normal,0
2001-07-12 12:03:00+00:00,454,99,5.656387665198238,19.0,2.437047247354684,15,70,553,rrc04,codered,normal,0
2001-07-12 12:06:00+00:00,1195,363,5.132217573221757,17.0,1.9277991925302984,116,245,1558,rrc04,codered,normal,0
2001-07-12 12:09:00+00:00,464,75,5.911637931034483,16.0,1.8414393938763929,12,56,539,rrc04,codered,normal,0
2001-07-12 12:12:00+00:00,530,139,5.684905660377359,11.0,1.93008908059306,36,73,669,rrc04,codered,normal,0
2001-07-12 12:15:00+00:00,374,63,5.7994652406417115,15.0,2.2432071513032623,10,47,437,rrc04,codered,normal,0
2001-07-12 12:18:00+00:00,499,66,6.234468937875752,14.0,2.1504378704362255,11,52,565,rrc04,codered,normal,0
2001-07-12 12:21:00+00:00,386,70,6.227979274611399,18.0,2.1292058797417726,16,45,456,rrc04,codered,normal,0
2001-07-12 12:24:00+00:00,501,80,4.7624750499002,12.0,2.184473669205775,12,63,581,rrc04,codered,normal,0
2001-07-12 12:27:00+00:00,401,45,5.553615960099751,14.0,2.0328335179903383,9,32,446,rrc04,codered,normal,0
2001-07-12 12:30:00+00:00,267,77,5.940074906367041,15.0,1.9764921812907945,19,54,344,rrc04,codered,normal,0
2001-07-12 12:33:00+00:00,980,299,4.9438775510204085,14.0,1.8238536420050888,24,251,1279,rrc04,codered,normal,0
2001-07-12 12:36:00+00:00,1396,256,4.268624641833811,14.0,2.0263779420377896,27,203,1652,rrc04,codered,normal,0
2001-07-12 12:39:00+00:00,1216,128,4.348684210526316,12.0,2.1794792606596256,16,107,1344,rrc04,codered,normal,0
2001-07-12 12:42:00+00:00,299,76,5.719063545150502,14.0,2.1517678333572707,12,58,375,rrc04,codered,normal,0
2001-07-12 12:45:00+00:00,1124,143,6.49644128113879,17.0,1.8653484130499882,8,133,1267,rrc04,codered,normal,0
2001-07-12 12:48:00+00:00,566,230,5.902826855123675,15.0,2.0392160020172074,93,133,796,rrc04,codered,normal,0
2001-07-12 12:51:00+00:00,644,68,5.551242236024844,11.0,1.4421069204095571,7,59,712,rrc04,codered,normal,0
2001-07-12 12:54:00+00:00,766,53,5.3877284595300265,13.0,1.4370356089566383,4,48,819,rrc04,codered,normal,0
2001-07-12 12:57:00+00:00,426,60,5.788732394366197,17.0,1.9852661009969186,11,40,486,rrc04,codered,normal,0
2001-07-12 13:00:00+00:00,225,50,5.1866666666666665,14.0,1.9415457759218557,15,31,275,rrc04,codered,normal,0
2001-07-12 13:03:00+00:00,342,119,5.245614035087719,12.0,1.5740665302566985,18,90,461,rrc04,codered,normal,0
2001-07-12 13:06:00+00:00,1025,128,5.708292682926829,12.0,1.7947836372612178,5,121,1153,rrc04,codered,normal,0
2001-07-12 13:09:00+00:00,1065,159,5.377464788732395,15.0,1.6559068136585253,36,112,1224,rrc04,codered,normal,0
2001-07-12 13:12:00+00:00,681,150,5.565345080763583,15.0,2.243392040447992,8,138,831,rrc04,codered,normal,0
2001-07-12 13:15:00+00:00,429,96,5.417249417249417,20.0,2.408373288791419,11,77,525,rrc04,codered,normal,0
2001-07-12 13:18:00+00:00,315,53,5.733333333333333,14.0,2.320098520075633,3,48,368,rrc04,codered,normal,0
2001-07-12 13:21:00+00:00,309,77,5.815533980582524,16.0,2.212413812259595,20,54,386,rrc04,codered,normal,0
2001-07-12 13:24:00+00:00,427,63,5.784543325526932,15.0,2.178335949314536,12,42,490,rrc04,codered,normal,0
2001-07-12 13:27:00+00:00,1018,67,4.964636542239686,15.0,1.5477745337702293,19,44,1085,rrc04,codered,normal,0
2001-07-12 13:30:00+00:00,550,40,4.925454545454546,10.0,1.092073620864651,7,30,590,rrc04,codered,normal,0
2001-07-12 13:33:00+00:00,548,34,5.874087591240876,18.0,1.9670237826907024,10,23,582,rrc04,codered,normal,0
2001-07-12 13:36:00+00:00,362,82,6.102209944751381,15.0,2.2784228285718733,16,59,444,rrc04,codered,normal,0
2001-07-12 13:39:00+00:00,347,50,6.250720461095101,14.0,2.2934484561449047,6,41,397,rrc04,codered,normal,0
2001-07-12 13:42:00+00:00,663,77,5.153846153846154,11.0,1.6098807335735654,23,51,740,rrc04,codered,normal,0
2001-07-12 13:45:00+00:00,452,85,5.185840707964601,14.0,1.528772267930191,19,63,537,rrc04,codered,normal,0
2001-07-12 13:48:00+00:00,491,73,5.543788187372709,14.0,1.9167014658279202,20,38,564,rrc04,codered,normal,0
2001-07-12 13:51:00+00:00,694,126,6.881844380403458,13.0,2.283353883131047,40,79,820,rrc04,codered,normal,0
2001-07-12 13:54:00+00:00,584,138,5.823630136986301,14.0,2.128103657783108,6,127,722,rrc04,codered,normal,0
2001-07-12 13:57:00+00:00,944,203,6.573093220338983,16.0,2.4249228032000234,52,117,1147,rrc04,codered,normal,0
2001-07-12 14:00:00+00:00,1465,59,5.299658703071672,13.0,1.7450954831444472,16,43,1524,rrc04,codered,normal,0
2001-07-12 14:03:00+00:00,1403,124,4.7904490377761935,18.0,1.379100706162479,21,96,1527,rrc04,codered,normal,0
2001-07-12 14:06:00+00:00,552,64,5.635869565217392,18.0,2.1331619818845877,15,44,616,rrc04,codered,normal,0
2001-07-12 14:09:00+00:00,506,55,5.859683794466403,15.0,2.737182688454414,9,44,561,rrc04,codered,normal,0
2001-07-12 14:12:00+00:00,669,132,5.6158445440956655,17.0,2.2021432853193517,15,114,801,rrc04,codered,normal,0
2001-07-12 14:15:00+00:00,557,159,6.100538599640934,18.0,2.754584831044146,25,99,716,rrc04,codered,normal,0
2001-07-12 14:18:00+00:00,681,217,5.694566813509545,15.0,1.8283418489461722,47,141,898,rrc04,codered,normal,0
2001-07-12 14:21:00+00:00,686,120,6.440233236151603,16.0,2.37487135225679,36,66,806,rrc04,codered,normal,0
2001-07-12 14:24:00+00:00,1824,122,4.770833333333333,17.0,2.2129265786278722,18,98,1946,rrc04,codered,normal,0
2001-07-12 14:27:00+00:00,1315,62,4.568821292775666,19.0,2.3361144942063334,6,56,1377,rrc04,codered,normal,0
2001-07-12 14:30:00+00:00,1037,94,5.350048216007715,15.0,2.07523220752026,18,73,1131,rrc04,codered,normal,0
2001-07-12 14:33:00+00:00,465,90,6.004301075268817,15.0,2.290697127231909,10,73,555,rrc04,codered,normal,0
2001-07-12 14:36:00+00:00,404,120,6.247524752475248,15.0,2.6058044142695973,39,74,524,rrc04,codered,normal,0
2001-07-12 14:39:00+00:00,395,38,5.288607594936709,11.0,1.3586094288630126,6,32,433,rrc04,codered,normal,0
2001-07-12 14:42:00+00:00,419,50,5.5894988066825775,13.0,1.6388727970004198,5,45,469,rrc04,codered,normal,0
2001-07-12 14:45:00+00:00,543,84,5.602209944751381,15.0,1.5075484398402055,14,63,627,rrc04,codered,normal,0
2001-07-12 14:48:00+00:00,1322,62,5.392586989409985,18.0,1.408652576780292,16,42,1384,rrc04,codered,normal,0
2001-07-12 14:51:00+00:00,1536,34,4.5078125,10.0,0.9519395804586287,6,27,1570,rrc04,codered,normal,0
2001-07-12 14:54:00+00:00,387,72,4.821705426356589,12.0,1.4020082259677182,10,57,459,rrc04,codered,normal,0
2001-07-12 14:57:00+00:00,333,66,5.405405405405405,11.0,1.7452382838679337,14,39,399,rrc04,codered,normal,0
2001-07-12 15:00:00+00:00,290,63,5.506896551724138,12.0,1.7225544452599055,16,39,353,rrc04,codered,normal,0
2001-07-12 15:03:00+00:00,219,43,5.47945205479452,12.0,1.6028763162340942,12,27,262,rrc04,codered,normal,0
2001-07-12 15:06:00+00:00,306,89,5.372549019607843,14.0,1.7202460416101848,21,66,395,rrc04,codered,normal,0
2001-07-12 15:09:00+00:00,544,64,5.525735294117647,12.0,2.0738390204815738,12,48,608,rrc04,codered,normal,0
2001-07-12 15:12:00+00:00,1296,89,4.7253086419753085,17.0,2.040903084070209,27,55,1385,rrc04,codered,normal,0
2001-07-12 15:15:00+00:00,488,103,6.145491803278689,14.0,2.5666006102539143,13,81,591,rrc04,codered,normal,0
2001-07-12 15:18:00+00:00,528,129,6.263257575757576,16.0,2.4658298118336264,37,72,657,rrc04,codered,normal,0
2001-07-12 15:21:00+00:00,378,66,5.746031746031746,13.0,2.0260336362677904,9,52,444,rrc04,codered,normal,0
2001-07-12 15:24:00+00:00,1437,624,5.157272094641614,18.0,1.3688188088756161,198,236,2061,rrc04,codered,normal,0
2001-07-12 15:27:00+00:00,556,360,5.115107913669065,10.0,1.295143872403813,7,347,916,rrc04,codered,normal,0
2001-07-12 15:30:00+00:00,275,53,5.127272727272727,13.0,1.5380571623677528,5,46,328,rrc04,codered,normal,0
2001-07-12 15:33:00+00:00,368,56,5.711956521739131,12.0,1.8863550308617587,13,36,424,rrc04,codered,normal,0
2001-07-12 15:36:00+00:00,250,37,5.132,12.0,1.5213730640444507,7,28,287,rrc04,codered,normal,0
2001-07-12 15:39:00+00:00,329,46,5.045592705167174,11.0,1.442216410437924,5,40,375,rrc04,codered,normal,0
2001-07-12 15:42:00+00:00,232,53,5.137931034482759,12.0,1.719044199769453,13,37,285,rrc04,codered,normal,0
2001-07-12 15:45:00+00:00,534,123,5.196629213483146,13.0,1.6042744475203727,36,70,657,rrc04,codered,normal,0
2001-07-12 15:48:00+00:00,1054,169,5.174573055028463,13.0,1.2796311723549811,45,90,1223,rrc04,codered,normal,0
2001-07-12 15:51:00+00:00,640,91,5.053125,19.0,1.5940287746383375,5,86,731,rrc04,codered,normal,0
2001-07-12 15:54:00+00:00,953,217,5.371458551941238,13.0,1.649351576177513,56,160,1170,rrc04,codered,normal,0
2001-07-12 15:57:00+00:00,899,309,5.657397107897664,15.0,1.6114434727557387,75,171,1208,rrc04,codered,normal,0
2001-07-12 16:00:00+00:00,1275,133,4.579607843137255,11.0,1.675350663656118,12,112,1408,rrc04,codered,normal,0
2001-07-12 16:03:00+00:00,581,214,5.724612736660929,11.0,1.7727804419797746,34,166,795,rrc04,codered,normal,0
2001-07-12 16:06:00+00:00,590,56,5.945762711864407,11.0,2.1754658206725934,8,41,646,rrc04,codered,normal,0
2001-07-12 16:09:00+00:00,534,68,5.2677902621722845,15.0,1.7281032405335708,18,39,602,rrc04,codered,normal,0
2001-07-12 16:12:00+00:00,345,86,5.684057971014493,14.0,1.9400898820061276,23,41,431,rrc04,codered,normal,0
2001-07-12 16:15:00+00:00,373,58,5.281501340482574,12.0,1.5836313846974428,14,36,431,rrc04,codered,normal,0
2001-07-12 16:18:00+00:00,485,79,5.527835051546392,14.0,2.4841245327965127,17,38,564,rrc04,codered,normal,0
2001-07-12 16:21:00+00:00,179,41,5.4972067039106145,10.0,1.8350233331625914,7,32,220,rrc04,codered,normal,0
2001-07-12 16:24:00+00:00,675,103,5.576296296296296,15.0,1.8285070780368138,26,73,778,rrc04,codered,normal,0
2001-07-12 16:27:00+00:00,437,139,5.837528604118993,13.0,2.230157627953791,34,75,576,rrc04,codered,normal,0
2001-07-12 16:30:00+00:00,465,106,4.511827956989247,13.0,1.700211844002748,33,70,571,rrc04,codered,normal,0
2001-07-12 16:33:00+00:00,1140,81,4.981578947368421,16.0,1.4703541636538902,13,62,1221,rrc04,codered,normal,0
2001-07-12 16:36:00+00:00,428,110,4.850467289719626,13.0,1.7933091550442581,6,103,538,rrc04,codered,normal,0
2001-07-12 16:39:00+00:00,306,40,5.516339869281046,13.0,1.7019964254372832,8,31,346,rrc04,codered,normal,0
2001-07-12 16:42:00+00:00,330,135,4.924242424242424,13.0,1.4324233128831338,9,121,465,rrc04,codered,normal,0
2001-07-12 16:45:00+00:00,318,32,4.8930817610062896,13.0,1.6159238842236494,2,29,350,rrc04,codered,normal,0
2001-07-12 16:48:00+00:00,683,65,5.322108345534407,14.0,1.6962348123929336,9,55,748,rrc04,codered,normal,0
2001-07-12 16:51:00+00:00,248,60,5.508064516129032,11.0,1.7250337432040301,17,39,308,rrc04,codered,normal,0
2001-07-12 16:54:00+00:00,480,97,4.597916666666666,10.0,1.4357038899864494,17,58,577,rrc04,codered,normal,0
2001-07-12 16:57:00+00:00,387,76,4.917312661498708,13.0,1.8067873791647253,15,58,463,rrc04,codered,normal,0
2001-07-12 17:00:00+00:00,265,68,5.467924528301887,14.0,1.7697429282355877,17,50,333,rrc04,codered,normal,0
2001-07-12 17:03:00+00:00,601,36,4.973377703826955,12.0,1.4245144213173662,6,23,637,rrc04,codered,normal,0
2001-07-12 17:06:00+00:00,589,125,4.896434634974533,13.0,1.3343334261896231,7,113,714,rrc04,codered,normal,0
2001-07-12 17:09:00+00:00,611,101,5.469721767594108,14.0,1.6354250650934734,9,90,712,rrc04,codered,normal,0
2001-07-12 17:12:00+00:00,438,50,5.237442922374429,13.0,2.0087172671950455,14,31,488,rrc04,codered,normal,0
2001-07-12 17:15:00+00:00,305,34,5.111475409836066,14.0,1.7687726930160523,8,23,339,rrc04,codered,normal,0
2001-07-12 17:18:00+00:00,379,167,4.894459102902375,14.0,1.4362241284034212,29,136,546,rrc04,codered,normal,0
2001-07-12 17:21:00+00:00,1268,429,4.66403785488959,12.0,1.2120843058540138,108,318,1697,rrc04,codered,normal,0
2001-07-12 17:24:00+00:00,2375,41,6.379789473684211,16.0,1.5596801149408261,5,35,2416,rrc04,codered,normal,0
2001-07-12 17:27:00+00:00,2750,44,6.381090909090909,15.0,1.488698849486628,6,36,2794,rrc04,codered,normal,0
2001-07-12 17:30:00+00:00,2267,64,6.003970004411116,14.0,1.5291555961419712,15,42,2331,rrc04,codered,normal,0
2001-07-12 17:33:00+00:00,3033,564,6.256181998021761,14.0,1.651458465563316,169,361,3597,rrc04,codered,normal,0
2001-07-12 17:36:00+00:00,2445,115,6.668711656441718,21.0,1.6788905239162022,31,76,2560,rrc04,codered,normal,0
2001-07-12 17:39:00+00:00,1048,602,6.956106870229007,21.0,1.6771877919130325,141,451,1650,rrc04,codered,normal,0
2001-07-12 17:42:00+00:00,4009,484,6.810177101521576,15.0,1.8517346248969193,125,350,4493,rrc04,codered,normal,0
2001-07-12 17:45:00+00:00,3075,233,6.176260162601626,21.0,1.7280532767936791,30,199,3308,rrc04,codered,normal,0
2001-07-12 17:48:00+00:00,1195,164,5.880334728033473,21.0,1.6312553540805799,28,131,1359,rrc04,codered,normal,0
2001-07-12 17:51:00+00:00,1089,112,5.263544536271809,14.0,1.2897002157661612,13,98,1201,rrc04,codered,normal,0
2001-07-12 17:54:00+00:00,1035,215,5.368115942028986,19.0,1.6924806212255763,26,185,1250,rrc04,codered,normal,0
2001-07-12 17:57:00+00:00,1123,102,6.416740872662511,15.0,1.2817526373388013,11,86,1225,rrc04,codered,normal,0
2001-07-12 18:00:00+00:00,214,47,5.406542056074766,13.0,1.930607914913974,7,35,261,rrc04,codered,normal,0
2001-07-12 18:03:00+00:00,1098,431,6.6256830601092895,13.0,1.4589575518721476,37,384,1529,rrc04,codered,normal,0
2001-07-12 18:06:00+00:00,1990,173,6.042211055276382,16.0,2.165797898782396,8,160,2163,rrc04,codered,normal,0
2001-07-12 18:09:00+00:00,402,192,5.870646766169155,15.0,2.284096886445198,45,80,594,rrc04,codered,normal,0
2001-07-12 18:12:00+00:00,355,477,5.236619718309859,10.0,1.7264503546921997,11,458,832,rrc04,codered,normal,0
2001-07-12 18:15:00+00:00,1701,1540,8.161669606114051,16.0,2.295682738262242,490,682,3241,rrc04,codered,normal,0
2001-07-12 18:18:00+00:00,290,48,5.13448275862069,19.0,1.7377702443408702,9,34,338,rrc04,codered,normal,0
2001-07-12 18:21:00+00:00,321,53,4.67601246105919,9.0,1.3140805818311359,11,38,374,rrc04,codered,normal,0
2001-07-12 18:24:00+00:00,318,44,5.559748427672956,13.0,1.6657526863802627,11,31,362,rrc04,codered,normal,0
2001-07-12 18:27:00+00:00,272,63,5.363970588235294,13.0,1.542256406264652,13,43,335,rrc04,codered,normal,0
2001-07-12 18:30:00+00:00,2594,24,6.885119506553585,16.0,1.5843983962157315,3,20,2618,rrc04,codered,normal,0
2001-07-12 18:33:00+00:00,3107,1776,6.53781783070486,16.0,1.5584633404577564,562,850,4883,rrc04,codered,normal,0
2001-07-12 18:36:00+00:00,1287,401,6.518259518259518,14.0,2.0738728604413006,31,367,1688,rrc04,codered,normal,0
2001-07-12 18:39:00+00:00,2969,1042,6.467497473896935,17.0,1.675322996484569,172,816,4011,rrc04,codered,normal,0
2001-07-12 18:42:00+00:00,551,65,6.083484573502722,15.0,2.5997904807451144,8,51,616,rrc04,codered,normal,0
2001-07-12 18:45:00+00:00,2489,179,6.133788670148654,18.0,2.2297207514632915,52,115,2668,rrc04,codered,normal,0
2001-07-12 18:48:00+00:00,997,1704,8.13640922768305,21.0,4.235477085697135,516,762,2701,rrc04,codered,normal,0
2001-07-12 18:51:00+00:00,341,48,5.354838709677419,24.0,2.0592858968755348,10,36,389,rrc04,codered,normal,0
2001-07-12 18:54:00+00:00,415,29,4.821686746987952,14.0,1.2542024002961782,4,23,444,rrc04,codered,normal,0
2001-07-12 18:57:00+00:00,393,105,5.10941475826972,15.0,1.7635662208300917,36,52,498,rrc04,codered,normal,0
2001-07-12 19:00:00+00:00,304,28,4.973684210526316,17.0,1.5767528609416046,2,26,332,rrc04,codered,normal,0
2001-07-12 19:03:00+00:00,565,49,4.801769911504425,13.0,1.3329043609932631,5,44,614,rrc04,codered,normal,0
2001-07-12 19:06:00+00:00,247,85,5.5425101214574894,16.0,2.62755843606147,24,46,332,rrc04,codered,normal,0
2001-07-12 19:09:00+00:00,316,59,5.275316455696203,16.0,2.1867317590257254,19,37,375,rrc04,codered,normal,0
2001-07-12 19:12:00+00:00,401,51,5.177057356608479,11.0,1.391485443636535,10,39,452,rrc04,codered,normal,0
2001-07-12 19:15:00+00:00,560,59,5.176785714285714,19.0,2.543724144932033,16,42,619,rrc04,codered,normal,0
2001-07-12 19:18:00+00:00,530,48,5.643396226415095,18.0,2.0775538440868626,6,42,578,rrc04,codered,normal,0
2001-07-12 19:21:00+00:00,508,34,5.190944881889764,12.0,1.3372894980842418,4,29,542,rrc04,codered,normal,0
2001-07-12 19:24:00+00:00,324,58,6.132716049382716,18.0,3.4297595612181198,4,52,382,rrc04,codered,normal,0
2001-07-12 19:27:00+00:00,491,113,5.594704684317719,18.0,2.471155897719416,14,93,604,rrc04,codered,normal,0
2001-07-12 19:30:00+00:00,439,80,6.651480637813211,18.0,3.5239746849149234,5,73,519,rrc04,codered,normal,0
2001-07-12 19:33:00+00:00,389,67,5.4704370179948585,14.0,2.3947833331252,19,38,456,rrc04,codered,normal,0
2001-07-12 19:36:00+00:00,356,154,5.123595505617978,21.0,1.6697589459283908,55,96,510,rrc04,codered,normal,0
2001-07-12 19:39:00+00:00,409,117,5.30317848410758,14.0,1.7651931247470984,4,110,526,rrc04,codered,normal,0
2001-07-12 19:42:00+00:00,468,66,5.64957264957265,19.0,2.465371244443151,15,39,534,rrc04,codered,normal,0
2001-07-12 19:45:00+00:00,1477,128,5.769126607989167,12.0,1.573793543002001,49,67,1605,rrc04,codered,normal,0
2001-07-12 19:48:00+00:00,1394,276,5.905308464849354,14.0,2.028403178096644,84,187,1670,rrc04,codered,normal,0
2001-07-12 19:51:00+00:00,622,45,5.2508038585209,19.0,2.322431713618812,4,38,667,rrc04,codered,normal,0
2001-07-12 19:54:00+00:00,444,76,6.833333333333333,19.0,3.026782352831371,12,61,520,rrc04,codered,normal,0
2001-07-12 19:57:00+00:00,241,45,5.410788381742739,12.0,1.9584183115510698,9,33,286,rrc04,codered,normal,0
2001-07-12 20:00:00+00:00,1157,133,5.8098530682800344,10.0,0.8419467887020599,6,125,1290,rrc04,codered,normal,0
2001-07-12 20:03:00+00:00,753,316,6.633466135458168,13.0,1.7826210813024521,131,164,1069,rrc04,codered,normal,0
2001-07-12 20:06:00+00:00,1125,84,5.297777777777778,13.0,1.6921372270184616,6,74,1209,rrc04,codered,normal,0
2001-07-12 20:09:00+00:00,588,125,6.659863945578231,19.0,2.0387290913752634,44,80,713,rrc04,codered,normal,0
2001-07-12 20:12:00+00:00,1891,149,5.4209413008989955,23.0,1.896715790600777,52,91,2040,rrc04,codered,normal,0
2001-07-12 20:15:00+00:00,856,49,5.238317757009346,19.0,1.6700296521970497,12,37,905,rrc04,codered,normal,0
2001-07-12 20:18:00+00:00,243,41,6.518518518518518,14.0,2.7552170242070058,9,29,284,rrc04,codered,normal,0
2001-07-12 20:21:00+00:00,176,51,5.073863636363637,13.0,1.933613804522848,13,33,227,rrc04,codered,normal,0
2001-07-12 20:24:00+00:00,450,27,4.415555555555556,13.0,1.4323959036144158,5,22,477,rrc04,codered,normal,0
2001-07-12 20:27:00+00:00,314,61,6.519108280254777,13.0,2.405133410179041,12,45,375,rrc04,codered,normal,0
2001-07-12 20:30:00+00:00,210,58,5.195238095238095,12.0,1.7741466601952858,16,35,268,rrc04,codered,normal,0
2001-07-12 20:33:00+00:00,499,175,4.543086172344689,17.0,1.4751268735859737,15,150,674,rrc04,codered,normal,0
2001-07-12 20:36:00+00:00,589,162,5.112054329371817,14.0,1.8512623207989596,12,142,751,rrc04,codered,normal,0
2001-07-12 20:39:00+00:00,325,146,4.913846153846154,13.0,1.5626286455916738,8,135,471,rrc04,codered,normal,0
2001-07-12 20:42:00+00:00,379,53,5.015831134564643,14.0,1.3014149121610996,8,38,432,rrc04,codered,normal,0
2001-07-12 20:45:00+00:00,206,57,5.150485436893204,10.0,1.3516170672161025,10,45,263,rrc04,codered,normal,0
2001-07-12 20:48:00+00:00,626,41,5.7907348242811505,15.0,2.36507680169686,9,28,667,rrc04,codered,normal,0
2001-07-12 20:51:00+00:00,390,27,5.184615384615385,15.0,2.0697501969348937,3,24,417,rrc04,codered,normal,0
2001-07-12 20:54:00+00:00,403,70,5.429280397022333,12.0,1.6526799735807236,6,62,473,rrc04,codered,normal,0
2001-07-12 20:57:00+00:00,519,179,5.186897880539499,11.0,1.4093487103124893,53,124,698,rrc04,codered,normal,0
2001-07-12 21:00:00+00:00,1024,98,5.49609375,13.0,1.6822790690640295,19,68,1122,rrc04,codered,normal,0
2001-07-12 21:03:00+00:00,444,54,5.551801801801802,13.0,1.8934503983912345,10,36,498,rrc04,codered,normal,0
2001-07-12 21:06:00+00:00,930,187,5.526881720430108,13.0,1.6037013494625514,19,159,1117,rrc04,codered,normal,0
2001-07-12 21:09:00+00:00,1336,177,5.925898203592815,13.0,1.2005687032379186,15,156,1513,rrc04,codered,normal,0
2001-07-12 21:12:00+00:00,673,370,5.6656760772659736,12.0,1.4667068557049272,110,156,1043,rrc04,codered,normal,0
2001-07-12 21:15:00+00:00,498,61,5.190763052208835,12.0,1.5398831059532805,12,43,559,rrc04,codered,normal,0
2001-07-12 21:18:00+00:00,1086,82,5.7430939226519335,11.0,1.084514813066418,12,67,1168,rrc04,codered,normal,0
2001-07-12 21:21:00+00:00,829,211,4.928829915560917,11.0,1.5174104047922852,82,128,1040,rrc04,codered,normal,0
2001-07-12 21:24:00+00:00,356,49,4.943820224719101,11.0,1.3910593373542335,2,46,405,rrc04,codered,normal,0
2001-07-12 21:27:00+00:00,626,88,4.872204472843451,19.0,1.9603808873192412,7,79,714,rrc04,codered,normal,0
2001-07-12 21:30:00+00:00,383,79,5.088772845953002,12.0,1.719935121763222,18,40,462,rrc04,codered,normal,0
2001-07-12 21:33:00+00:00,509,27,5.031434184675835,19.0,1.7095002389255223,5,21,536,rrc04,codered,normal,0
2001-07-12 21:36:00+00:00,989,66,4.760364004044489,13.0,1.399193133427072,15,51,1055,rrc04,codered,normal,0
2001-07-12 21:39:00+00:00,374,55,4.858288770053476,11.0,1.6232677355294125,13,40,429,rrc04,codered,normal,0
2001-07-12 21:42:00+00:00,282,53,5.283687943262412,13.0,1.614764507059432,10,37,335,rrc04,codered,normal,0
2001-07-12 21:45:00+00:00,278,48,5.316546762589928,14.0,2.5248006438090767,12,34,326,rrc04,codered,normal,0
2001-07-12 21:48:00+00:00,231,35,5.008658008658009,14.0,1.9137039220380303,6,28,266,rrc04,codered,normal,0
2001-07-12 21:51:00+00:00,798,66,5.042606516290727,12.0,1.5754027922891738,7,56,864,rrc04,codered,normal,0
2001-07-12 21:54:00+00:00,377,103,4.472148541114058,12.0,1.66884190827219,43,60,480,rrc04,codered,normal,0
2001-07-12 21:57:00+00:00,283,29,4.759717314487633,16.0,2.5468478247336224,4,22,312,rrc04,codered,normal,0
2001-07-12 22:00:00+00:00,167,41,5.323353293413174,13.0,2.125605122937188,8,30,208,rrc04,codered,normal,0
2001-07-12 22:03:00+00:00,234,23,4.653846153846154,12.0,1.8127769914624925,0,23,257,rrc04,codered,normal,0
2001-07-12 22:06:00+00:00,254,35,5.81496062992126,12.0,2.33452616177776,11,21,289,rrc04,codered,normal,0
2001-07-12 22:09:00+00:00,873,72,4.918671248568156,12.0,1.3802840397994232,17,48,945,rrc04,codered,normal,0
2001-07-12 22:12:00+00:00,1145,88,6.397379912663755,15.0,2.470470517166798,29,47,1233,rrc04,codered,normal,0
2001-07-12 22:15:00+00:00,547,72,6.005484460694698,14.0,1.888570233221343,10,59,619,rrc04,codered,normal,0
2001-07-12 22:18:00+00:00,353,115,5.2747875354107645,14.0,1.6390642057099332,26,71,468,rrc04,codered,normal,0
2001-07-12 22:21:00+00:00,528,70,5.553030303030303,13.0,2.4512346732461485,15,47,598,rrc04,codered,normal,0
2001-07-12 22:24:00+00:00,901,79,5.67369589345172,17.0,2.5891574897740925,19,42,980,rrc04,codered,normal,0
2001-07-12 22:27:00+00:00,492,65,5.345528455284553,17.0,1.775659823886858,15,39,557,rrc04,codered,normal,0
2001-07-12 22:30:00+00:00,662,24,4.805135951661631,11.0,1.4562411457476765,2,21,686,rrc04,codered,normal,0
2001-07-12 22:33:00+00:00,186,40,5.612903225806452,19.0,2.828549755938112,6,33,226,rrc04,codered,normal,0
2001-07-12 22:36:00+00:00,232,38,5.702586206896552,16.0,2.585168613419587,11,26,270,rrc04,codered,normal,0
2001-07-12 22:39:00+00:00,541,48,4.87985212569316,24.0,1.9987012364225418,10,33,589,rrc04,codered,normal,0
2001-07-12 22:42:00+00:00,736,96,6.036684782608695,16.0,2.0443484899752495,18,68,832,rrc04,codered,normal,0
2001-07-12 22:45:00+00:00,195,38,5.625641025641026,11.0,1.694140421739977,11,27,233,rrc04,codered,normal,0
2001-07-12 22:48:00+00:00,240,30,5.15,12.0,1.301601577544629,5,21,270,rrc04,codered,normal,0
2001-07-12 22:51:00+00:00,1014,55,5.191321499013807,10.0,1.156784135304266,18,35,1069,rrc04,codered,normal,0
2001-07-12 22:54:00+00:00,383,67,5.0861618798955615,10.0,1.7449342255803477,4,62,450,rrc04,codered,normal,0
2001-07-12 22:57:00+00:00,255,59,5.466666666666667,10.0,1.9397459573575524,8,47,314,rrc04,codered,normal,0
2001-07-12 23:00:00+00:00,778,41,5.165809768637532,19.0,1.4267056899605317,2,39,819,rrc04,codered,normal,0
2001-07-12 23:03:00+00:00,222,60,5.297297297297297,12.0,1.6662770423565785,12,42,282,rrc04,codered,normal,0
2001-07-12 23:06:00+00:00,185,38,6.243243243243243,13.0,3.187860465302415,5,29,223,rrc04,codered,normal,0
2001-07-12 23:09:00+00:00,154,79,5.415584415584416,12.0,2.1553355682364588,23,43,233,rrc04,codered,normal,0
2001-07-12 23:12:00+00:00,269,37,6.230483271375465,17.0,4.063487815128507,3,32,306,rrc04,codered,normal,0
2001-07-12 23:15:00+00:00,273,79,5.194139194139194,13.0,1.3730939138951521,22,36,352,rrc04,codered,normal,0
2001-07-12 23:18:00+00:00,832,72,5.210336538461538,19.0,1.477471489446236,25,43,904,rrc04,codered,normal,0
2001-07-12 23:21:00+00:00,258,64,5.337209302325581,11.0,1.7271911044326553,13,48,322,rrc04,codered,normal,0
2001-07-12 23:24:00+00:00,218,76,6.81651376146789,14.0,3.041502337660471,22,37,294,rrc04,codered,normal,0
2001-07-12 23:27:00+00:00,270,38,5.67037037037037,14.0,2.2390994907534716,7,20,308,rrc04,codered,normal,0
2001-07-12 23:30:00+00:00,158,36,5.3544303797468356,10.0,1.5429543803484809,8,24,194,rrc04,codered,normal,0
2001-07-12 23:33:00+00:00,245,96,5.412244897959184,10.0,1.753554134690542,13,75,341,rrc04,codered,normal,0
2001-07-12 23:36:00+00:00,204,35,4.495098039215686,11.0,1.9591353360342711,2,32,239,rrc04,codered,normal,0
2001-07-12 23:39:00+00:00,162,29,5.635802469135802,19.0,2.387612508730375,7,21,191,rrc04,codered,normal,0
2001-07-12 23:42:00+00:00,1428,36,5.716386554621849,15.0,1.6196743272046317,6,29,1464,rrc04,codered,normal,0
2001-07-12 23:45:00+00:00,256,40,5.375,13.0,1.9525624189766635,13,27,296,rrc04,codered,normal,0
2001-07-12 23:48:00+00:00,225,51,5.515555555555555,14.0,1.8259798654793,11,35,276,rrc04,codered,normal,0
2001-07-12 23:51:00+00:00,415,98,5.32289156626506,12.0,1.586640407724084,5,92,513,rrc04,codered,normal,0
2001-07-12 23:54:00+00:00,143,55,5.146853146853147,10.0,1.3219927845832207,19,36,198,rrc04,codered,normal,0
2001-07-12 23:57:00+00:00,234,73,5.9914529914529915,13.0,2.2226330981104008,2,70,307,rrc04,codered,normal,0
2001-07-13 00:00:00+00:00,479,44,7.315240083507307,13.0,2.1747261231307116,11,33,523,rrc04,codered,normal,0
2001-07-13 00:03:00+00:00,446,380,4.8991031390134525,12.0,1.5521283241580976,10,367,826,rrc04,codered,normal,0
2001-07-13 00:06:00+00:00,542,69,4.902214022140221,19.0,1.5640196481277269,10,57,611,rrc04,codered,normal,0
2001-07-13 00:09:00+00:00,452,64,4.8584070796460175,11.0,1.3410948943688106,10,48,516,rrc04,codered,normal,0
2001-07-13 00:12:00+00:00,419,56,4.670644391408114,13.0,1.6236240188812536,16,36,475,rrc04,codered,normal,0
2001-07-13 00:15:00+00:00,188,40,4.920212765957447,9.0,1.3640583836037163,6,30,228,rrc04,codered,normal,0
2001-07-13 00:18:00+00:00,368,55,6.282608695652174,13.0,2.373202234720191,4,50,423,rrc04,codered,normal,0
2001-07-13 00:21:00+00:00,361,56,6.468144044321329,21.0,2.7478945133064228,11,36,417,rrc04,codered,normal,0
2001-07-13 00:24:00+00:00,234,39,5.401709401709402,24.0,3.0200464961039186,4,35,273,rrc04,codered,normal,0
2001-07-13 00:27:00+00:00,520,86,5.430769230769231,16.0,3.2514812282273433,25,57,606,rrc04,codered,normal,0
2001-07-13 00:30:00+00:00,212,32,4.985849056603773,17.0,2.953218221535372,7,23,244,rrc04,codered,normal,0
2001-07-13 00:33:00+00:00,321,35,4.925233644859813,8.0,0.8578129247953222,5,26,356,rrc04,codered,normal,0
2001-07-13 00:36:00+00:00,138,24,4.86231884057971,19.0,1.6776105721155963,3,19,162,rrc04,codered,normal,0
2001-07-13 00:39:00+00:00,136,15,5.279411764705882,12.0,1.5467764224470395,2,13,151,rrc04,codered,normal,0
2001-07-13 00:42:00+00:00,132,36,6.696969696969697,13.0,3.4155158311770593,12,19,168,rrc04,codered,normal,0
2001-07-13 00:45:00+00:00,160,27,4.8375,19.0,1.6840705893756354,5,17,187,rrc04,codered,normal,0
2001-07-13 00:48:00+00:00,210,55,6.414285714285715,15.0,3.3058081231279557,15,39,265,rrc04,codered,normal,0
2001-07-13 00:51:00+00:00,276,61,6.75,15.0,3.2569602169925966,12,46,337,rrc04,codered,normal,0
2001-07-13 00:54:00+00:00,513,119,5.309941520467836,14.0,2.1825639456146764,10,104,632,rrc04,codered,normal,0
2001-07-13 00:57:00+00:00,596,180,5.317114093959732,17.0,3.023139351290003,57,119,776,rrc04,codered,normal,0
2001-07-13 01:00:00+00:00,674,149,6.017804154302671,17.0,2.7339459504827053,23,101,823,rrc04,codered,normal,0
2001-07-13 01:03:00+00:00,286,47,5.800699300699301,13.0,2.3590621730156576,8,32,333,rrc04,codered,normal,0
2001-07-13 01:06:00+00:00,392,73,7.3061224489795915,17.0,3.4364735224821,5,67,465,rrc04,codered,normal,0
2001-07-13 01:09:00+00:00,439,113,6.993166287015946,17.0,2.6040880332425593,21,81,552,rrc04,codered,normal,0
2001-07-13 01:12:00+00:00,329,190,6.708206686930091,13.0,2.4245375844300594,53,78,519,rrc04,codered,normal,0
2001-07-13 01:15:00+00:00,229,56,6.122270742358078,19.0,3.154380346081717,8,47,285,rrc04,codered,normal,0
2001-07-13 01:18:00+00:00,361,92,5.747922437673131,17.0,2.6878514738040535,9,82,453,rrc04,codered,normal,0
2001-07-13 01:21:00+00:00,531,152,5.6440677966101696,17.0,2.192148639216914,43,71,683,rrc04,codered,normal,0
2001-07-13 01:24:00+00:00,292,25,5.215753424657534,19.0,2.817148766408567,6,16,317,rrc04,codered,normal,0
2001-07-13 01:27:00+00:00,440,49,6.215909090909091,13.0,2.5877722238722307,7,41,489,rrc04,codered,normal,0
2001-07-13 01:30:00+00:00,582,116,6.745704467353952,16.0,2.7315026959445876,32,66,698,rrc04,codered,normal,0
2001-07-13 01:33:00+00:00,597,155,6.738693467336684,17.0,1.9735419870665136,37,84,752,rrc04,codered,normal,0
2001-07-13 01:36:00+00:00,364,148,6.538461538461538,13.0,2.003061899641505,42,69,512,rrc04,codered,normal,0
2001-07-13 01:39:00+00:00,798,97,4.946115288220551,13.0,1.6508078668564194,21,38,895,rrc04,codered,normal,0
2001-07-13 01:42:00+00:00,846,100,4.800236406619385,17.0,1.3400716049102939,25,59,946,rrc04,codered,normal,0
2001-07-13 01:45:00+00:00,1029,176,5.044703595724004,19.0,1.9277382011073105,20,144,1205,rrc04,codered,normal,0
2001-07-13 01:48:00+00:00,334,52,6.9431137724550895,16.0,3.3942180326143006,8,43,386,rrc04,codered,normal,0
2001-07-13 01:51:00+00:00,436,144,6.986238532110092,16.0,3.538749270832567,41,85,580,rrc04,codered,normal,0
2001-07-13 01:54:00+00:00,425,60,5.567058823529412,17.0,2.7130789210478032,17,38,485,rrc04,codered,normal,0
2001-07-13 01:57:00+00:00,387,66,6.0310077519379846,15.0,2.068358838973937,13,47,453,rrc04,codered,normal,0
2001-07-13 02:00:00+00:00,330,44,4.996969696969697,14.0,1.5085583823707718,4,40,374,rrc04,codered,normal,0
2001-07-13 02:03:00+00:00,414,68,5.413043478260869,15.0,1.83522271892578,12,42,482,rrc04,codered,normal,0
2001-07-13 02:06:00+00:00,275,34,5.52,12.0,1.6674858592830977,7,27,309,rrc04,codered,normal,0
2001-07-13 02:09:00+00:00,304,73,5.572368421052632,12.0,1.5585163900165242,14,53,377,rrc04,codered,normal,0
2001-07-13 02:12:00+00:00,342,64,5.321637426900585,19.0,2.1196793610560407,16,44,406,rrc04,codered,normal,0
2001-07-13 02:15:00+00:00,214,30,5.5607476635514015,16.0,1.8654636370581255,5,22,244,rrc04,codered,normal,0
2001-07-13 02:18:00+00:00,252,39,5.150793650793651,12.0,1.5789662095033377,12,26,291,rrc04,codered,normal,0
2001-07-13 02:21:00+00:00,217,31,5.576036866359447,11.0,1.7373577476562885,6,23,248,rrc04,codered,normal,0
2001-07-13 02:24:00+00:00,315,44,5.59047619047619,19.0,1.8431954900423535,11,25,359,rrc04,codered,normal,0
2001-07-13 02:27:00+00:00,408,61,4.992647058823529,13.0,1.8007201318027142,10,43,469,rrc04,codered,normal,0
2001-07-13 02:30:00+00:00,353,132,5.430594900849858,10.0,1.054532340087908,28,88,485,rrc04,codered,normal,0
2001-07-13 02:33:00+00:00,293,28,5.7679180887372015,12.0,1.5414837385316262,8,16,321,rrc04,codered,normal,0
2001-07-13 02:36:00+00:00,277,43,4.833935018050542,13.0,1.1718124608617095,3,40,320,rrc04,codered,normal,0
2001-07-13 02:39:00+00:00,674,70,5.191394658753709,17.0,1.7820028778616988,18,50,744,rrc04,codered,normal,0
2001-07-13 02:42:00+00:00,229,48,5.620087336244541,13.0,2.2232864440867077,9,36,277,rrc04,codered,normal,0
2001-07-13 02:45:00+00:00,255,30,6.117647058823529,12.0,1.7472337669060884,9,19,285,rrc04,codered,normal,0
2001-07-13 02:48:00+00:00,214,30,5.742990654205608,19.0,3.4376043644183074,4,25,244,rrc04,codered,normal,0
2001-07-13 02:51:00+00:00,392,34,5.3188775510204085,15.0,1.9490580575080003,6,25,426,rrc04,codered,normal,0
2001-07-13 02:54:00+00:00,260,53,6.015384615384615,17.0,2.6774977278870353,11,40,313,rrc04,codered,normal,0
2001-07-13 02:57:00+00:00,289,54,4.858131487889273,11.0,1.6503993340854477,17,32,343,rrc04,codered,normal,0
2001-07-13 03:00:00+00:00,282,28,5.670212765957447,12.0,2.1654359193215793,5,20,310,rrc04,codered,normal,0
2001-07-13 03:03:00+00:00,383,87,5.422976501305483,15.0,2.5330596401269316,17,49,470,rrc04,codered,normal,0
2001-07-13 03:06:00+00:00,222,38,5.54954954954955,15.0,1.8562712733697182,11,24,260,rrc04,codered,normal,0
2001-07-13 03:09:00+00:00,301,19,7.1395348837209305,13.0,3.9254428342285683,4,14,320,rrc04,codered,normal,0
2001-07-13 03:12:00+00:00,254,45,5.937007874015748,14.0,2.889699413559376,9,36,299,rrc04,codered,normal,0
2001-07-13 03:15:00+00:00,179,21,5.217877094972067,11.0,1.6854666202304671,1,20,200,rrc04,codered,normal,0
2001-07-13 03:18:00+00:00,534,110,4.681647940074907,16.0,1.6340708511156408,9,98,644,rrc04,codered,normal,0
2001-07-13 03:21:00+00:00,708,58,5.177966101694915,17.0,2.123175944015565,6,48,766,rrc04,codered,normal,0
2001-07-13 03:24:00+00:00,413,40,5.176755447941889,12.0,1.7314194181929177,8,31,453,rrc04,codered,normal,0
2001-07-13 03:27:00+00:00,322,61,5.565217391304348,12.0,2.228507030790209,11,44,383,rrc04,codered,normal,0
2001-07-13 03:30:00+00:00,363,75,5.46831955922865,15.0,1.8032612596651578,19,52,438,rrc04,codered,normal,0
2001-07-13 03:33:00+00:00,422,64,5.218009478672986,12.0,1.6507524694968552,11,44,486,rrc04,codered,normal,0
2001-07-13 03:36:00+00:00,245,67,5.159183673469387,12.0,1.7080742668156832,20,43,312,rrc04,codered,normal,0
2001-07-13 03:39:00+00:00,244,93,4.782786885245901,10.0,1.4076601107401556,23,47,337,rrc04,codered,normal,0
2001-07-13 03:42:00+00:00,200,64,4.16,12.0,1.6686521506892924,25,38,264,rrc04,codered,normal,0
2001-07-13 03:45:00+00:00,469,129,6.20042643923241,15.0,3.0353847508578213,36,90,598,rrc04,codered,normal,0
2001-07-13 03:48:00+00:00,403,74,5.374689826302729,17.0,2.662310157599279,16,45,477,rrc04,codered,normal,0
2001-07-13 03:51:00+00:00,253,38,5.553359683794467,19.0,2.3376364235041303,8,30,291,rrc04,codered,normal,0
2001-07-13 03:54:00+00:00,367,50,5.547683923705722,13.0,2.5459887408408046,10,36,417,rrc04,codered,normal,0
2001-07-13 03:57:00+00:00,311,137,5.086816720257235,15.0,2.432798362618848,14,118,448,rrc04,codered,normal,0
2001-07-13 04:00:00+00:00,340,167,6.252941176470588,20.0,2.9606473153605375,7,156,507,rrc04,codered,normal,0
2001-07-13 04:03:00+00:00,180,9,5.516666666666667,13.0,1.7653296827756817,3,6,189,rrc04,codered,normal,0
2001-07-13 04:06:00+00:00,13221,81642,5.037969896376976,17.0,2.185707974299409,10,81632,94863,rrc04,codered,normal,0
2001-07-13 04:09:00+00:00,21548,87,4.184889548914052,18.0,1.2539042431500569,9,70,21635,rrc04,codered,normal,0
2001-07-13 04:12:00+00:00,56679,129,4.313131847774308,21.0,1.2462511824119642,10,115,56808,rrc04,codered,normal,0
2001-07-13 04:15:00+00:00,4579,81713,6.6300502293077095,19.0,2.234715139677267,16,81693,86292,rrc04,codered,normal,0
2001-07-13 04:18:00+00:00,29956,85,4.201094939244225,20.0,1.3474480967917204,25,44,30041,rrc04,codered,normal,0
2001-07-13 04:21:00+00:00,56536,146,4.312385029008066,21.0,1.2476946904260449,6,135,56682,rrc04,codered,normal,0
2001-07-13 04:24:00+00:00,425,126,5.456470588235294,19.0,2.534210495868534,48,73,551,rrc04,codered,normal,0
2001-07-13 04:27:00+00:00,445,134,6.829213483146067,14.0,2.9302836556790117,4,127,579,rrc04,codered,normal,0
2001-07-13 04:30:00+00:00,301,79,5.089700996677741,13.0,1.9397726286336627,6,69,380,rrc04,codered,normal,0
2001-07-13 04:33:00+00:00,322,77,5.555900621118012,14.0,1.8926909011422586,19,44,399,rrc04,codered,normal,0
2001-07-13 04:36:00+00:00,184,31,5.956521739130435,12.0,2.2765966374233733,10,20,215,rrc04,codered,normal,0
2001-07-13 04:39:00+00:00,319,55,5.4420062695924765,16.0,1.9625627126832434,9,39,374,rrc04,codered,normal,0
2001-07-13 04:42:00+00:00,175,55,6.3428571428571425,12.0,2.377788373892935,16,28,230,rrc04,codered,normal,0
2001-07-13 04:45:00+00:00,239,58,5.661087866108787,14.0,1.9508051305939076,8,46,297,rrc04,codered,normal,0
2001-07-13 04:48:00+00:00,308,24,5.311688311688312,19.0,1.9120923486075778,3,21,332,rrc04,codered,normal,0
2001-07-13 04:51:00+00:00,434,47,5.4953917050691246,12.0,1.579309467759323,10,36,481,rrc04,codered,normal,0
2001-07-13 04:54:00+00:00,524,41,5.187022900763359,12.0,1.4099373028432285,8,31,565,rrc04,codered,normal,0
2001-07-13 04:57:00+00:00,667,99,5.281859070464767,11.0,1.4749332283581105,14,75,766,rrc04,codered,normal,0
2001-07-13 05:00:00+00:00,454,167,5.733480176211454,13.0,2.2076913516686534,21,144,621,rrc04,codered,normal,0
2001-07-13 05:03:00+00:00,536,74,4.958955223880597,12.0,2.1523577036734074,7,67,610,rrc04,codered,normal,0
2001-07-13 05:06:00+00:00,368,67,5.461956521739131,13.0,1.8263376510111553,15,48,435,rrc04,codered,normal,0
2001-07-13 05:09:00+00:00,397,102,6.030226700251889,12.0,2.4890881660216784,9,89,499,rrc04,codered,normal,0
2001-07-13 05:12:00+00:00,358,47,5.527932960893855,12.0,1.909415563566098,8,35,405,rrc04,codered,normal,0
2001-07-13 05:15:00+00:00,295,31,5.101694915254237,14.0,1.8160761879620084,4,24,326,rrc04,codered,normal,0
2001-07-13 05:18:00+00:00,739,207,5.506089309878214,15.0,2.043082191645938,12,195,946,rrc04,codered,normal,0
2001-07-13 05:21:00+00:00,508,146,5.834645669291339,18.0,2.582539126328327,31,101,654,rrc04,codered,normal,0
2001-07-13 05:24:00+00:00,640,102,6.1609375,14.0,2.063228446172103,29,72,742,rrc04,codered,normal,0
2001-07-13 05:27:00+00:00,652,194,5.673312883435583,11.0,1.6851096540806283,50,73,846,rrc04,codered,normal,0
2001-07-13 05:30:00+00:00,288,92,5.84375,14.0,2.5792768891364366,24,42,380,rrc04,codered,normal,0
2001-07-13 05:33:00+00:00,191,37,5.649214659685864,12.0,2.359671401161714,4,29,228,rrc04,codered,normal,0
2001-07-13 05:36:00+00:00,327,26,6.073394495412844,16.0,1.738429228879597,7,18,353,rrc04,codered,normal,0
2001-07-13 05:39:00+00:00,272,37,6.047794117647059,17.0,2.552664896781306,6,30,309,rrc04,codered,normal,0
2001-07-13 05:42:00+00:00,415,42,5.371084337349398,13.0,1.727769655028997,7,33,457,rrc04,codered,normal,0
2001-07-13 05:45:00+00:00,319,46,5.448275862068965,15.0,1.6560864769684958,8,32,365,rrc04,codered,normal,0
2001-07-13 05:48:00+00:00,346,135,5.361271676300578,15.0,1.8559707122078974,19,105,481,rrc04,codered,normal,0
2001-07-13 05:51:00+00:00,441,130,5.648526077097506,16.0,1.5623994149575413,51,72,571,rrc04,codered,normal,0
2001-07-13 05:54:00+00:00,290,54,5.548275862068966,15.0,1.9912083819760913,10,41,344,rrc04,codered,normal,0
2001-07-13 05:57:00+00:00,391,55,4.907928388746803,15.0,1.499092156641667,14,36,446,rrc04,codered,normal,0
2001-07-13 06:00:00+00:00,590,145,5.627118644067797,13.0,1.6508683394078338,43,93,735,rrc04,codered,normal,0
2001-07-13 06:03:00+00:00,302,154,5.675496688741722,11.0,1.3692443358705337,26,97,456,rrc04,codered,normal,0
2001-07-13 06:06:00+00:00,1756,89,5.823462414578588,24.0,3.0989080070706607,10,76,1845,rrc04,codered,normal,0
2001-07-13 06:09:00+00:00,1198,138,5.070116861435726,14.0,1.6970243484104746,34,98,1336,rrc04,codered,normal,0
2001-07-13 06:12:00+00:00,476,138,5.086134453781512,13.0,1.3973778620992983,26,108,614,rrc04,codered,normal,0
2001-07-13 06:15:00+00:00,502,66,5.563745019920319,11.0,1.4124236462545872,12,50,568,rrc04,codered,normal,0
2001-07-13 06:18:00+00:00,382,90,4.829842931937173,11.0,1.5636075472179898,6,79,472,rrc04,codered,normal,0
2001-07-13 06:21:00+00:00,446,57,5.661434977578475,10.0,1.6292427755116294,1,56,503,rrc04,codered,normal,0
2001-07-13 06:24:00+00:00,490,87,5.724489795918367,14.0,2.208428253744435,27,54,577,rrc04,codered,normal,0
2001-07-13 06:27:00+00:00,563,52,4.808170515097691,16.0,1.918074456124478,4,48,615,rrc04,codered,normal,0
2001-07-13 06:30:00+00:00,2372,215,4.615935919055649,17.0,1.5336470247642282,10,202,2587,rrc04,codered,normal,0
2001-07-13 06:33:00+00:00,446,115,5.852017937219731,18.0,2.721873359037466,29,71,561,rrc04,codered,normal,0
2001-07-13 06:36:00+00:00,611,118,5.219312602291326,13.0,1.865621492605338,13,100,729,rrc04,codered,normal,0
2001-07-13 06:39:00+00:00,325,64,5.553846153846154,12.0,1.4679212851540384,15,45,389,rrc04,codered,normal,0
2001-07-13 06:42:00+00:00,367,127,5.354223433242507,10.0,1.530748382157607,26,73,494,rrc04,codered,normal,0
2001-07-13 06:45:00+00:00,2049,85,4.228404099560762,14.0,1.5182486637828343,20,63,2134,rrc04,codered,normal,0
2001-07-13 06:48:00+00:00,677,86,4.9098966026587885,12.0,1.4773042701458345,11,72,763,rrc04,codered,normal,0
2001-07-13 06:51:00+00:00,308,39,4.967532467532467,15.0,2.096437396021967,2,37,347,rrc04,codered,normal,0
2001-07-13 06:54:00+00:00,355,101,4.940845070422535,13.0,1.7744332532848404,27,71,456,rrc04,codered,normal,0
2001-07-13 06:57:00+00:00,1993,303,4.788760662318113,13.0,1.509639247209899,23,264,2296,rrc04,codered,normal,0
2001-07-13 07:00:00+00:00,753,282,5.556440903054449,13.0,1.9745563697695048,78,151,1035,rrc04,codered,normal,0
2001-07-13 07:03:00+00:00,1973,107,4.210846426761277,15.0,1.3860297626762872,5,100,2080,rrc04,codered,normal,0
2001-07-13 07:06:00+00:00,669,87,5.03288490284006,13.0,2.0138817688682344,23,54,756,rrc04,codered,normal,0
2001-07-13 07:09:00+00:00,377,47,4.755968169761273,13.0,1.7077985205477972,6,37,424,rrc04,codered,normal,0
2001-07-13 07:12:00+00:00,318,48,5.522012578616352,10.0,1.4486449013323603,4,41,366,rrc04,codered,normal,0
2001-07-13 07:15:00+00:00,291,113,5.914089347079038,13.0,1.8227770754898112,24,52,404,rrc04,codered,normal,0
2001-07-13 07:18:00+00:00,676,95,5.485207100591716,13.0,1.935671095575237,8,83,771,rrc04,codered,normal,0
2001-07-13 07:21:00+00:00,681,69,5.165932452276064,12.0,1.329795029579476,5,63,750,rrc04,codered,normal,0
2001-07-13 07:24:00+00:00,3715,72,5.471063257065949,19.0,2.0088391014967937,5,65,3787,rrc04,codered,normal,0
2001-07-13 07:27:00+00:00,1395,94,5.601433691756273,18.0,2.1974891394508984,9,80,1489,rrc04,codered,normal,0
2001-07-13 07:30:00+00:00,897,65,6.536231884057971,18.0,2.9086946245552348,1,64,962,rrc04,codered,normal,0
2001-07-13 07:33:00+00:00,934,100,6.82441113490364,18.0,3.2535935372929665,4,96,1034,rrc04,codered,normal,0
2001-07-13 07:36:00+00:00,749,172,5.822429906542056,15.0,2.3672733007831868,41,87,921,rrc04,codered,normal,0
2001-07-13 07:39:00+00:00,571,79,6.0,17.0,2.6822370881127635,14,61,650,rrc04,codered,normal,0
2001-07-13 07:42:00+00:00,541,65,5.351201478743068,14.0,1.7806059940850378,12,49,606,rrc04,codered,normal,0
2001-07-13 07:45:00+00:00,649,64,5.898305084745763,15.0,1.8566866356107325,9,52,713,rrc04,codered,normal,0
2001-07-13 07:48:00+00:00,587,145,5.385008517887564,16.0,2.087925894269602,28,95,732,rrc04,codered,normal,0
2001-07-13 07:51:00+00:00,351,163,5.766381766381766,16.0,2.483474329068718,12,150,514,rrc04,codered,normal,0
2001-07-13 07:54:00+00:00,294,52,5.993197278911564,17.0,2.8428131095882856,4,47,346,rrc04,codered,normal,0
2001-07-13 07:57:00+00:00,289,63,5.57439446366782,15.0,1.9390813283696051,7,52,352,rrc04,codered,normal,0
2001-07-13 08:00:00+00:00,543,80,6.567219152854512,14.0,2.152259723402646,11,63,623,rrc04,codered,normal,0
2001-07-13 08:03:00+00:00,540,121,6.12962962962963,12.0,1.730406677701284,18,96,661,rrc04,codered,normal,0
2001-07-13 08:06:00+00:00,794,127,5.492443324937028,15.0,1.770331573188975,42,78,921,rrc04,codered,normal,0
2001-07-13 08:09:00+00:00,461,124,5.27114967462039,15.0,2.2573602395090555,36,86,585,rrc04,codered,normal,0
2001-07-13 08:12:00+00:00,498,95,6.112449799196787,18.0,2.432916346751594,11,81,593,rrc04,codered,normal,0
2001-07-13 08:15:00+00:00,810,98,5.139506172839506,12.0,1.522358389071611,14,79,908,rrc04,codered,normal,0
2001-07-13 08:18:00+00:00,1068,72,7.227528089887641,15.0,2.9983938700198736,16,50,1140,rrc04,codered,normal,0
2001-07-13 08:21:00+00:00,731,146,7.116279069767442,15.0,2.9512955440965807,45,62,877,rrc04,codered,normal,0
2001-07-13 08:24:00+00:00,298,56,5.432885906040268,15.0,2.549613550214805,8,44,354,rrc04,codered,normal,0
2001-07-13 08:27:00+00:00,453,47,5.814569536423841,12.0,1.7214552093096025,6,37,500,rrc04,codered,normal,0
2001-07-13 08:30:00+00:00,475,84,5.355789473684211,14.0,1.8472577564694552,11,66,559,rrc04,codered,normal,0
2001-07-13 08:33:00+00:00,507,103,5.067061143984221,14.0,2.243429996263574,36,62,610,rrc04,codered,normal,0
2001-07-13 08:36:00+00:00,518,149,6.0675675675675675,15.0,2.4950279264053803,19,99,667,rrc04,codered,normal,0
2001-07-13 08:39:00+00:00,487,81,5.2731006160164275,20.0,2.134433460492178,13,60,568,rrc04,codered,normal,0
2001-07-13 08:42:00+00:00,268,55,5.503731343283582,11.0,1.8598229219358215,15,38,323,rrc04,codered,normal,0
2001-07-13 08:45:00+00:00,750,153,7.273333333333333,15.0,3.385649453535056,53,83,903,rrc04,codered,normal,0
2001-07-13 08:48:00+00:00,329,99,6.781155015197569,17.0,3.4360166204621114,26,51,428,rrc04,codered,normal,0
2001-07-13 08:51:00+00:00,472,40,5.627118644067797,14.0,1.5746757006427614,8,30,512,rrc04,codered,normal,0
2001-07-13 08:54:00+00:00,467,56,5.329764453961456,13.0,1.8295786915651955,11,40,523,rrc04,codered,normal,0
2001-07-13 08:57:00+00:00,881,79,5.39727582292849,14.0,1.6692972489363604,7,68,960,rrc04,codered,normal,0
2001-07-13 09:00:00+00:00,608,155,6.046052631578948,13.0,2.0530427219818264,23,114,763,rrc04,codered,normal,0
2001-07-13 09:03:00+00:00,359,78,5.955431754874652,12.0,2.4502213577893563,16,58,437,rrc04,codered,normal,0
2001-07-13 09:06:00+00:00,417,109,6.350119904076738,13.0,2.0017273679617293,18,77,526,rrc04,codered,normal,0
2001-07-13 09:09:00+00:00,392,64,5.341836734693878,12.0,1.4411888140817066,13,44,456,rrc04,codered,normal,0
2001-07-13 09:12:00+00:00,244,77,5.405737704918033,11.0,1.6256549338614805,7,68,321,rrc04,codered,normal,0
2001-07-13 09:15:00+00:00,263,60,5.2091254752851714,14.0,2.1901074672481844,7,52,323,rrc04,codered,normal,0
2001-07-13 09:18:00+00:00,204,41,5.671568627450981,14.0,2.2589637330535117,6,30,245,rrc04,codered,normal,0
2001-07-13 09:21:00+00:00,300,72,5.463333333333333,11.0,1.424308799227034,1,71,372,rrc04,codered,normal,0
2001-07-13 09:24:00+00:00,653,71,5.5160796324655434,13.0,1.6225257586419164,23,44,724,rrc04,codered,normal,0
2001-07-13 09:27:00+00:00,373,80,5.89544235924933,14.0,1.8545807732565256,13,63,453,rrc04,codered,normal,0
2001-07-13 09:30:00+00:00,631,82,5.882725832012678,15.0,1.6914634702724578,10,62,713,rrc04,codered,normal,0
2001-07-13 09:33:00+00:00,778,139,6.159383033419023,14.0,1.6249328654734272,28,71,917,rrc04,codered,normal,0
2001-07-13 09:36:00+00:00,257,43,5.599221789883268,14.0,2.2122051293826335,4,39,300,rrc04,codered,normal,0
2001-07-13 09:39:00+00:00,571,48,7.635726795096322,24.0,5.110380763414343,11,36,619,rrc04,codered,normal,0
2001-07-13 09:42:00+00:00,470,69,5.76595744680851,23.0,2.3202417881841613,12,54,539,rrc04,codered,normal,0
2001-07-13 09:45:00+00:00,304,115,6.282894736842105,18.0,2.493195379316668,28,73,419,rrc04,codered,normal,0
2001-07-13 09:48:00+00:00,585,94,5.63931623931624,16.0,2.051847500412728,14,67,679,rrc04,codered,normal,0
2001-07-13 09:51:00+00:00,327,68,5.535168195718654,13.0,1.8796720106802316,8,54,395,rrc04,codered,normal,0
2001-07-13 09:54:00+00:00,752,84,5.522606382978723,15.0,2.6310380635547923,2,82,836,rrc04,codered,normal,0
2001-07-13 09:57:00+00:00,388,98,5.788659793814433,19.0,2.4519454211252905,16,74,486,rrc04,codered,normal,0
2001-07-13 10:00:00+00:00,445,62,5.492134831460674,10.0,1.3317408324226698,11,43,507,rrc04,codered,normal,0
2001-07-13 10:03:00+00:00,400,87,5.705,13.0,1.8742932001157129,19,57,487,rrc04,codered,normal,0
2001-07-13 10:06:00+00:00,537,143,5.851024208566108,12.0,1.4036942060131725,35,88,680,rrc04,codered,normal,0
2001-07-13 10:09:00+00:00,424,183,5.851415094339623,14.0,1.9784446619824567,32,109,607,rrc04,codered,normal,0
2001-07-13 10:12:00+00:00,653,155,5.663093415007657,14.0,1.6556000616135622,25,93,808,rrc04,codered,normal,0
2001-07-13 10:15:00+00:00,897,140,5.704570791527313,20.0,1.7326014426070122,11,129,1037,rrc04,codered,normal,0
2001-07-13 10:18:00+00:00,417,66,5.398081534772182,14.0,1.5124728946797856,9,53,483,rrc04,codered,normal,0
2001-07-13 10:21:00+00:00,367,115,5.0953678474114446,14.0,1.8467602720143355,22,72,482,rrc04,codered,normal,0
2001-07-13 10:24:00+00:00,359,59,5.155988857938719,14.0,1.6397436989372898,13,43,418,rrc04,codered,normal,0
2001-07-13 10:27:00+00:00,640,216,5.7640625,19.0,1.7172713810268165,54,147,856,rrc04,codered,normal,0
2001-07-13 10:30:00+00:00,1032,197,5.505813953488372,13.0,1.5921212010632444,53,111,1229,rrc04,codered,normal,0
2001-07-13 10:33:00+00:00,375,122,5.285333333333333,13.0,1.5392373291846697,47,72,497,rrc04,codered,normal,0
2001-07-13 10:36:00+00:00,498,171,5.805220883534137,12.0,1.9128116071331112,32,127,669,rrc04,codered,normal,0
2001-07-13 10:39:00+00:00,354,121,4.858757062146893,12.0,1.278834494430394,42,69,475,rrc04,codered,normal,0
2001-07-13 10:42:00+00:00,383,163,5.177545691906006,12.0,1.8801747689378159,36,123,546,rrc04,codered,normal,0
2001-07-13 10:45:00+00:00,378,55,5.14021164021164,13.0,1.5765886277783965,13,40,433,rrc04,codered,normal,0
2001-07-13 10:48:00+00:00,400,92,5.8775,14.0,2.4479570564043804,13,78,492,rrc04,codered,normal,0
2001-07-13 10:51:00+00:00,335,103,5.576119402985075,14.0,2.0087933225219063,7,94,438,rrc04,codered,normal,0
2001-07-13 10:54:00+00:00,398,128,5.610552763819095,14.0,1.8021732263209997,12,115,526,rrc04,codered,normal,0
2001-07-13 10:57:00+00:00,495,84,5.824242424242424,17.0,2.599032100691026,21,56,579,rrc04,codered,normal,0
2001-07-13 11:00:00+00:00,458,94,5.358078602620087,18.0,1.5923363880979826,18,74,552,rrc04,codered,normal,0
2001-07-13 11:03:00+00:00,1510,94,4.354966887417219,14.0,1.8463742433714994,14,74,1604,rrc04,codered,normal,0
2001-07-13 11:06:00+00:00,925,59,4.2043243243243245,9.0,1.5646026013717151,7,49,984,rrc04,codered,normal,0
2001-07-13 11:09:00+00:00,606,89,5.5627062706270625,11.0,2.1430358319658103,15,69,695,rrc04,codered,normal,0
2001-07-13 11:12:00+00:00,417,139,5.551558752997602,14.0,1.8948000829801952,48,81,556,rrc04,codered,normal,0
2001-07-13 11:15:00+00:00,642,179,6.294392523364486,16.0,2.6088036351310673,42,92,821,rrc04,codered,normal,0
2001-07-13 11:18:00+00:00,651,102,4.875576036866359,12.0,2.105847924783182,22,77,753,rrc04,codered,normal,0
2001-07-13 11:21:00+00:00,442,248,3.9638009049773757,12.0,1.4870639894696736,4,242,690,rrc04,codered,normal,0
2001-07-13 11:24:00+00:00,503,47,5.101391650099403,14.0,1.746242216992653,13,27,550,rrc04,codered,normal,0
2001-07-13 11:27:00+00:00,167,32,5.514970059880239,14.0,2.207380888819405,5,27,199,rrc04,codered,normal,0
2001-07-13 11:30:00+00:00,377,55,4.809018567639257,12.0,1.4386197858535825,10,40,432,rrc04,codered,normal,0
2001-07-13 11:33:00+00:00,263,33,4.88212927756654,12.0,1.6306778636733814,6,25,296,rrc04,codered,normal,0
2001-07-13 11:36:00+00:00,532,86,5.364661654135339,17.0,1.627567745201816,14,66,618,rrc04,codered,normal,0
2001-07-13 11:39:00+00:00,460,84,5.28695652173913,17.0,1.6379479069664358,22,56,544,rrc04,codered,normal,0
2001-07-13 11:42:00+00:00,487,57,5.4435318275154,14.0,1.8115515292235502,4,53,544,rrc04,codered,normal,0
2001-07-13 11:45:00+00:00,970,113,5.370103092783505,21.0,1.6416401748247642,11,100,1083,rrc04,codered,normal,0
2001-07-13 11:48:00+00:00,845,192,5.977514792899409,22.0,2.284647184721726,48,125,1037,rrc04,codered,normal,0
2001-07-13 11:51:00+00:00,697,131,6.0645624103299856,14.0,2.2613002352619858,16,107,828,rrc04,codered,normal,0
2001-07-13 11:54:00+00:00,462,63,7.582251082251083,18.0,3.21130796230019,5,56,525,rrc04,codered,normal,0
2001-07-13 11:57:00+00:00,601,51,4.950083194675541,13.0,1.695890352073707,8,39,652,rrc04,codered,normal,0
2001-07-13 12:00:00+00:00,392,64,5.329081632653061,15.0,1.7485770230621833,8,50,456,rrc04,codered,normal,0
2001-07-13 12:03:00+00:00,405,59,5.320987654320987,12.0,1.5995922358011239,9,48,464,rrc04,codered,normal,0
2001-07-13 12:06:00+00:00,2361,83,5.5637441761965265,14.0,0.9948313058928248,20,56,2444,rrc04,codered,normal,0
2001-07-13 12:09:00+00:00,1098,70,5.502732240437158,15.0,1.4443192544007317,16,51,1168,rrc04,codered,normal,0
2001-07-13 12:12:00+00:00,925,60,5.163243243243243,11.0,1.1248304474129953,7,46,985,rrc04,codered,normal,0
2001-07-13 12:15:00+00:00,412,61,5.580097087378641,14.0,2.3608645755256905,12,45,473,rrc04,codered,normal,0
2001-07-13 12:18:00+00:00,416,90,5.300480769230769,12.0,1.6980191399481273,22,49,506,rrc04,codered,normal,0
2001-07-13 12:21:00+00:00,531,118,5.167608286252354,23.0,1.7649457893669231,9,106,649,rrc04,codered,normal,0
2001-07-13 12:24:00+00:00,1067,151,5.395501405810684,14.0,1.077632522069654,8,140,1218,rrc04,codered,normal,0
2001-07-13 12:27:00+00:00,603,96,5.383084577114428,12.0,1.4121643191062532,19,66,699,rrc04,codered,normal,0
2001-07-13 12:30:00+00:00,532,54,5.586466165413534,16.0,1.9490804446410848,17,37,586,rrc04,codered,normal,0
2001-07-13 12:33:00+00:00,324,108,5.654320987654321,17.0,2.0572695186279235,29,68,432,rrc04,codered,normal,0
2001-07-13 12:36:00+00:00,378,148,5.0,11.0,1.4346431814918503,51,71,526,rrc04,codered,normal,0
2001-07-13 12:39:00+00:00,756,182,5.494708994708994,13.0,1.2561904048771184,27,147,938,rrc04,codered,normal,0
2001-07-13 12:42:00+00:00,1790,321,5.5016759776536315,12.0,1.095316329418112,58,261,2111,rrc04,codered,normal,0
2001-07-13 12:45:00+00:00,1204,219,5.833056478405315,14.0,1.354040450526013,31,179,1423,rrc04,codered,normal,0
2001-07-13 12:48:00+00:00,2450,80,5.611020408163266,12.0,0.8713823053244119,11,66,2530,rrc04,codered,normal,0
2001-07-13 12:51:00+00:00,894,124,5.279642058165548,11.0,1.1595771260469245,40,81,1018,rrc04,codered,normal,0
2001-07-13 12:54:00+00:00,288,105,5.784722222222222,13.0,2.062102468236284,18,77,393,rrc04,codered,normal,0
2001-07-13 12:57:00+00:00,687,129,6.631732168850073,13.0,1.8248759159902848,30,89,816,rrc04,codered,normal,0
2001-07-13 13:00:00+00:00,715,86,5.507692307692308,14.0,2.173170058032652,22,59,801,rrc04,codered,normal,0
2001-07-13 13:03:00+00:00,825,193,5.703030303030303,14.0,1.6241519649165628,17,166,1018,rrc04,codered,normal,0
2001-07-13 13:06:00+00:00,848,217,5.133254716981132,13.0,1.6540196239015228,85,130,1065,rrc04,codered,normal,0
2001-07-13 13:09:00+00:00,916,368,5.748908296943231,14.0,2.023402628453053,110,136,1284,rrc04,codered,normal,0
2001-07-13 13:12:00+00:00,464,113,5.342672413793103,15.0,1.800691369982279,28,75,577,rrc04,codered,normal,0
2001-07-13 13:15:00+00:00,2760,95,4.821739130434783,12.0,1.0758036517712986,26,67,2855,rrc04,codered,normal,0
2001-07-13 13:18:00+00:00,2701,61,4.875601629026287,13.0,1.177067394731986,7,53,2762,rrc04,codered,normal,0
2001-07-13 13:21:00+00:00,354,63,5.581920903954802,11.0,1.5569457042386563,11,48,417,rrc04,codered,normal,0
2001-07-13 13:24:00+00:00,772,82,5.8095854922279795,16.0,1.8192298473556692,17,61,854,rrc04,codered,normal,0
2001-07-13 13:27:00+00:00,541,61,6.127541589648798,20.0,2.095766188188251,8,51,602,rrc04,codered,normal,0
2001-07-13 13:30:00+00:00,359,39,5.395543175487465,20.0,2.1030769797976534,10,27,398,rrc04,codered,normal,0
2001-07-13 13:33:00+00:00,389,89,5.820051413881748,12.0,1.7734137696501882,31,50,478,rrc04,codered,normal,0
2001-07-13 13:36:00+00:00,474,68,5.208860759493671,12.0,1.6215341389358546,5,61,542,rrc04,codered,normal,0
2001-07-13 13:39:00+00:00,370,87,5.348648648648648,11.0,1.3193203863950684,24,55,457,rrc04,codered,normal,0
2001-07-13 13:42:00+00:00,301,66,5.48172757475083,11.0,1.665707976206246,13,50,367,rrc04,codered,normal,0
2001-07-13 13:45:00+00:00,395,76,6.673417721518987,14.0,2.8377522242557096,22,47,471,rrc04,codered,normal,0
2001-07-13 13:48:00+00:00,637,148,5.384615384615385,13.0,1.893875625131751,6,140,785,rrc04,codered,normal,0
2001-07-13 13:51:00+00:00,706,152,5.079320113314448,14.0,1.7554278727727994,53,85,858,rrc04,codered,normal,0
2001-07-13 13:54:00+00:00,455,51,4.742857142857143,12.0,1.5398831736151433,8,38,506,rrc04,codered,normal,0
2001-07-13 13:57:00+00:00,307,54,5.384364820846906,14.0,1.9020346992625843,10,39,361,rrc04,codered,normal,0
2001-07-13 14:00:00+00:00,228,53,5.114035087719298,12.0,1.9590490529211633,12,32,281,rrc04,codered,normal,0
2001-07-13 14:03:00+00:00,380,98,5.497368421052632,14.0,2.085663701269273,25,60,478,rrc04,codered,normal,0
2001-07-13 14:06:00+00:00,389,100,5.784061696658098,11.0,1.8983561976781205,24,66,489,rrc04,codered,normal,0
2001-07-13 14:09:00+00:00,457,64,5.466083150984683,12.0,1.7699931936475242,9,50,521,rrc04,codered,normal,0
2001-07-13 14:12:00+00:00,416,91,5.331730769230769,15.0,1.8990262901265258,20,65,507,rrc04,codered,normal,0
2001-07-13 14:15:00+00:00,800,109,4.52125,13.0,1.5393337641655238,13,95,909,rrc04,codered,normal,0
2001-07-13 14:18:00+00:00,698,209,4.849570200573066,12.0,1.7838839467903433,88,118,907,rrc04,codered,normal,0
2001-07-13 14:21:00+00:00,597,54,4.894472361809045,12.0,1.8568320849270914,13,40,651,rrc04,codered,normal,0
2001-07-13 14:24:00+00:00,631,102,5.824088748019017,21.0,2.396336959970624,34,62,733,rrc04,codered,normal,0
2001-07-13 14:27:00+00:00,536,80,4.936567164179104,16.0,2.083089018124111,23,41,616,rrc04,codered,normal,0
2001-07-13 14:30:00+00:00,899,99,5.9288097886540605,17.0,1.7160641993981187,37,57,998,rrc04,codered,normal,0
2001-07-13 14:33:00+00:00,882,45,4.965986394557823,14.0,1.477334269565483,10,32,927,rrc04,codered,normal,0
2001-07-13 14:36:00+00:00,638,62,3.749216300940439,10.0,1.4534978932312548,17,42,700,rrc04,codered,normal,0
2001-07-13 14:39:00+00:00,281,48,5.217081850533808,13.0,1.6137289183038894,9,36,329,rrc04,codered,normal,0
2001-07-13 14:42:00+00:00,352,88,5.579545454545454,21.0,2.554948811571783,15,70,440,rrc04,codered,normal,0
2001-07-13 14:45:00+00:00,327,57,5.819571865443425,11.0,1.8243634389489347,3,53,384,rrc04,codered,normal,0
2001-07-13 14:48:00+00:00,843,226,5.459074733096085,13.0,1.6807253130850557,39,166,1069,rrc04,codered,normal,0
2001-07-13 14:51:00+00:00,2350,247,5.82468085106383,14.0,1.2407562056962453,46,196,2597,rrc04,codered,normal,0
2001-07-13 14:54:00+00:00,2128,102,5.392387218045113,11.0,1.1141090781571212,20,73,2230,rrc04,codered,normal,0
2001-07-13 14:57:00+00:00,1720,137,5.651744186046511,13.0,1.0789731249325274,37,77,1857,rrc04,codered,normal,0
2001-07-13 15:00:00+00:00,1786,140,5.4232922732362825,19.0,1.2318085106255727,15,121,1926,rrc04,codered,normal,0
2001-07-13 15:03:00+00:00,807,171,5.915737298636927,21.0,2.241401064397815,18,151,978,rrc04,codered,normal,0
2001-07-13 15:06:00+00:00,1061,460,5.483506126295947,21.0,1.8366263577939388,151,187,1521,rrc04,codered,normal,0
2001-07-13 15:09:00+00:00,376,114,6.079787234042553,21.0,2.7884671220763675,10,104,490,rrc04,codered,normal,0
2001-07-13 15:12:00+00:00,392,87,6.301020408163265,21.0,2.993393913609181,17,55,479,rrc04,codered,normal,0
2001-07-13 15:15:00+00:00,472,94,5.637711864406779,25.0,2.4019098725018697,23,59,566,rrc04,codered,normal,0
2001-07-13 15:18:00+00:00,699,122,5.361945636623748,17.0,2.2124073831666724,38,72,821,rrc04,codered,normal,0
2001-07-13 15:21:00+00:00,341,55,5.211143695014663,11.0,1.5758418631297406,15,29,396,rrc04,codered,normal,0
2001-07-13 15:24:00+00:00,1076,297,5.411710037174721,11.0,1.0474843530215168,91,119,1373,rrc04,codered,normal,0
2001-07-13 15:27:00+00:00,515,63,5.170873786407767,11.0,1.178252043186861,10,47,578,rrc04,codered,normal,0
2001-07-13 15:30:00+00:00,337,59,5.261127596439169,11.0,1.209532822377126,10,45,396,rrc04,codered,normal,0
2001-07-13 15:33:00+00:00,492,48,5.380081300813008,10.0,1.2590524220699704,7,39,540,rrc04,codered,normal,0
2001-07-13 15:36:00+00:00,1458,166,5.022633744855967,14.0,1.3709340898641136,47,76,1624,rrc04,codered,normal,0
2001-07-13 15:39:00+00:00,430,50,5.9511627906976745,20.0,2.736478138302253,10,34,480,rrc04,codered,normal,0
2001-07-13 15:42:00+00:00,373,80,5.445040214477212,13.0,1.8026814436063687,13,63,453,rrc04,codered,normal,0
2001-07-13 15:45:00+00:00,516,127,5.410852713178294,13.0,1.481735851407177,49,74,643,rrc04,codered,normal,0
2001-07-13 15:48:00+00:00,702,153,5.202279202279202,13.0,1.4998938012151328,18,119,855,rrc04,codered,normal,0
2001-07-13 15:51:00+00:00,349,52,5.481375358166189,15.0,1.9382508729518986,12,36,401,rrc04,codered,normal,0
2001-07-13 15:54:00+00:00,326,74,5.5030674846625764,10.0,1.4835467083771303,15,50,400,rrc04,codered,normal,0
2001-07-13 15:57:00+00:00,393,133,6.323155216284987,13.0,2.3389387164736393,20,108,526,rrc04,codered,normal,0
2001-07-13 16:00:00+00:00,374,96,5.622994652406417,13.0,2.16550635418714,22,72,470,rrc04,codered,normal,0
2001-07-13 16:03:00+00:00,566,75,5.73321554770318,13.0,2.0056085440545015,19,50,641,rrc04,codered,normal,0
2001-07-13 16:06:00+00:00,236,44,5.677966101694915,13.0,2.0743851689981248,8,35,280,rrc04,codered,normal,0
2001-07-13 16:09:00+00:00,233,39,5.635193133047211,15.0,2.5891747374537557,9,27,272,rrc04,codered,normal,0
2001-07-13 16:12:00+00:00,202,37,5.193069306930693,16.0,2.2684559858090667,11,23,239,rrc04,codered,normal,0
2001-07-13 16:15:00+00:00,360,46,6.155555555555556,14.0,2.8622489646783817,7,36,406,rrc04,codered,normal,0
2001-07-13 16:18:00+00:00,284,32,5.890845070422535,13.0,2.380685335389302,7,22,316,rrc04,codered,normal,0
2001-07-13 16:21:00+00:00,174,54,5.195402298850575,12.0,1.9018386775426075,14,36,228,rrc04,codered,normal,0
2001-07-13 16:24:00+00:00,220,66,6.0181818181818185,15.0,2.726909066663434,11,53,286,rrc04,codered,normal,0
2001-07-13 16:27:00+00:00,508,56,6.696850393700787,20.0,2.881284627315081,8,44,564,rrc04,codered,normal,0
2001-07-13 16:30:00+00:00,553,114,6.32368896925859,16.0,2.3984095372398704,7,103,667,rrc04,codered,normal,0
2001-07-13 16:33:00+00:00,493,79,5.432048681541582,12.0,1.7782627247167173,7,70,572,rrc04,codered,normal,0
2001-07-13 16:36:00+00:00,604,87,5.796357615894039,13.0,2.1744878314362937,14,65,691,rrc04,codered,normal,0
2001-07-13 16:39:00+00:00,449,112,5.937639198218263,16.0,1.9675846936886006,9,99,561,rrc04,codered,normal,0
2001-07-13 16:42:00+00:00,854,133,5.421545667447306,17.0,1.3481896786086853,33,96,987,rrc04,codered,normal,0
2001-07-13 16:45:00+00:00,422,107,6.059241706161138,14.0,2.2632018993701664,14,83,529,rrc04,codered,normal,0
2001-07-13 16:48:00+00:00,620,108,5.769354838709678,15.0,1.9294064530798751,12,93,728,rrc04,codered,normal,0
2001-07-13 16:51:00+00:00,288,98,5.704861111111111,13.0,1.7379677572251797,32,62,386,rrc04,codered,normal,0
2001-07-13 16:54:00+00:00,378,92,5.4338624338624335,14.0,2.16931862174805,14,72,470,rrc04,codered,normal,0
2001-07-13 16:57:00+00:00,465,60,5.156989247311828,15.0,1.8231131267704315,15,43,525,rrc04,codered,normal,0
2001-07-13 17:00:00+00:00,523,55,5.173996175908222,16.0,1.4136498926911978,16,31,578,rrc04,codered,normal,0
2001-07-13 17:03:00+00:00,294,92,4.95578231292517,11.0,1.4338298104731444,24,63,386,rrc04,codered,normal,0
2001-07-13 17:06:00+00:00,260,46,5.292307692307692,11.0,1.1893511731266555,7,36,306,rrc04,codered,normal,0
2001-07-13 17:09:00+00:00,353,37,5.498583569405099,13.0,2.2557758988662133,4,31,390,rrc04,codered,normal,0
2001-07-13 17:12:00+00:00,395,118,5.30126582278481,12.0,1.9364258914649217,8,105,513,rrc04,codered,normal,0
2001-07-13 17:15:00+00:00,420,72,7.280952380952381,17.0,3.97397714274576,12,53,492,rrc04,codered,normal,0
2001-07-13 17:18:00+00:00,440,118,5.763636363636364,15.0,1.9928384176038172,13,100,558,rrc04,codered,normal,0
2001-07-13 17:21:00+00:00,557,45,5.872531418312388,17.0,1.6344307782653495,9,30,602,rrc04,codered,normal,0
2001-07-13 17:24:00+00:00,164,43,5.7682926829268295,14.0,2.4435019875410764,6,37,207,rrc04,codered,normal,0
2001-07-13 17:27:00+00:00,310,109,5.364516129032258,13.0,1.6162578018366744,20,68,419,rrc04,codered,normal,0
2001-07-13 17:30:00+00:00,804,123,4.824626865671642,12.0,1.1961133097769205,44,76,927,rrc04,codered,normal,0
2001-07-13 17:33:00+00:00,246,57,5.394308943089431,13.0,1.7045515736274435,12,39,303,rrc04,codered,normal,0
2001-07-13 17:36:00+00:00,445,96,4.849438202247191,10.0,1.3041957869412935,21,70,541,rrc04,codered,normal,0
2001-07-13 17:39:00+00:00,229,97,5.37117903930131,13.0,1.9752284502879724,31,56,326,rrc04,codered,normal,0
2001-07-13 17:42:00+00:00,271,46,5.612546125461255,13.0,2.2699036369271655,7,31,317,rrc04,codered,normal,0
2001-07-13 17:45:00+00:00,241,102,5.348547717842323,14.0,1.9073150206434095,28,54,343,rrc04,codered,normal,0
2001-07-13 17:48:00+00:00,242,52,5.202479338842975,10.0,1.5916602283876315,3,48,294,rrc04,codered,normal,0
2001-07-13 17:51:00+00:00,268,48,4.791044776119403,10.0,1.2552851068532744,7,41,316,rrc04,codered,normal,0
2001-07-13 17:54:00+00:00,328,60,5.423780487804878,12.0,1.2273490570786931,8,51,388,rrc04,codered,normal,0
2001-07-13 17:57:00+00:00,203,127,4.891625615763547,12.0,1.491545572489092,36,70,330,rrc04,codered,normal,0
2001-07-13 18:00:00+00:00,421,140,6.040380047505939,12.0,1.6385451654941858,36,78,561,rrc04,codered,normal,0
2001-07-13 18:03:00+00:00,193,49,6.010362694300518,21.0,2.964364583077833,15,30,242,rrc04,codered,normal,0
2001-07-13 18:06:00+00:00,484,85,5.363636363636363,20.0,2.3784500821729324,21,46,569,rrc04,codered,normal,0
2001-07-13 18:09:00+00:00,301,86,4.843853820598007,11.0,1.6156020133915319,27,52,387,rrc04,codered,normal,0
2001-07-13 18:12:00+00:00,256,37,5.375,11.0,1.6393596310755,6,28,293,rrc04,codered,normal,0
2001-07-13 18:15:00+00:00,273,48,5.333333333333333,10.0,1.340639324096454,4,44,321,rrc04,codered,normal,0
2001-07-13 18:18:00+00:00,355,68,5.473239436619719,15.0,1.8343328024091072,23,42,423,rrc04,codered,normal,0
2001-07-13 18:21:00+00:00,500,120,6.106,22.0,2.9186921728746933,23,88,620,rrc04,codered,normal,0
2001-07-13 18:24:00+00:00,571,125,5.964973730297723,28.0,2.995998345314007,28,83,696,rrc04,codered,normal,0
2001-07-13 18:27:00+00:00,345,97,5.759420289855073,13.0,1.8935679718288827,28,62,442,rrc04,codered,normal,0
2001-07-13 18:30:00+00:00,443,95,5.713318284424379,13.0,2.1702853845492363,30,58,538,rrc04,codered,normal,0
2001-07-13 18:33:00+00:00,375,54,5.712,13.0,2.3714389443261377,6,48,429,rrc04,codered,normal,0
2001-07-13 18:36:00+00:00,172,25,5.1104651162790695,9.0,1.5036799101001983,3,21,197,rrc04,codered,normal,0
2001-07-13 18:39:00+00:00,159,39,6.169811320754717,11.0,2.1550220625753016,7,28,198,rrc04,codered,normal,0
2001-07-13 18:42:00+00:00,350,31,5.442857142857143,10.0,1.827064110891055,5,22,381,rrc04,codered,normal,0
2001-07-13 18:45:00+00:00,331,98,5.7009063444108765,13.0,2.273842940113534,19,70,429,rrc04,codered,normal,0
2001-07-13 18:48:00+00:00,447,133,5.140939597315437,11.0,1.56164945019683,27,99,580,rrc04,codered,normal,0
2001-07-13 18:51:00+00:00,355,69,5.205633802816902,11.0,1.5030379868264423,12,57,424,rrc04,codered,normal,0
2001-07-13 18:54:00+00:00,260,47,5.426923076923077,14.0,2.4350102972942422,12,33,307,rrc04,codered,normal,0
2001-07-13 18:57:00+00:00,259,47,5.065637065637065,12.0,1.6010182207526942,8,35,306,rrc04,codered,normal,0
2001-07-13 19:00:00+00:00,534,83,5.438202247191011,13.0,1.831610021253841,21,57,617,rrc04,codered,normal,0
2001-07-13 19:03:00+00:00,201,56,5.487562189054726,12.0,2.012669949528365,13,36,257,rrc04,codered,normal,0
2001-07-13 19:06:00+00:00,290,41,5.893103448275862,20.0,2.7616126016717564,10,30,331,rrc04,codered,normal,0
2001-07-13 19:09:00+00:00,359,90,6.4484679665738165,21.0,3.2349056623829133,29,55,449,rrc04,codered,normal,0
2001-07-13 19:12:00+00:00,343,41,5.402332361516035,24.0,3.0181560094064053,11,27,384,rrc04,codered,normal,0
2001-07-13 19:15:00+00:00,217,28,6.373271889400922,15.0,2.9982829010364553,3,22,245,rrc04,codered,normal,0
2001-07-13 19:18:00+00:00,168,34,5.0476190476190474,12.0,1.7888860720249367,2,31,202,rrc04,codered,normal,0
2001-07-13 19:21:00+00:00,214,45,5.738317757009346,12.0,2.0454483255026297,11,28,259,rrc04,codered,normal,0
2001-07-13 19:24:00+00:00,471,84,5.046709129511678,13.0,1.6923534782771659,15,64,555,rrc04,codered,normal,0
2001-07-13 19:27:00+00:00,482,105,5.520746887966805,13.0,2.277570833747938,14,82,587,rrc04,codered,normal,0
2001-07-13 19:30:00+00:00,387,112,4.852713178294573,12.0,1.465013736619102,16,83,499,rrc04,codered,normal,0
2001-07-13 19:33:00+00:00,434,141,6.2626728110599075,12.0,2.1120977513790824,40,74,575,rrc04,codered,normal,0
2001-07-13 19:36:00+00:00,496,143,5.600806451612903,12.0,1.744206815189049,52,88,639,rrc04,codered,normal,0
2001-07-13 19:39:00+00:00,387,73,5.431524547803617,14.0,2.2692958990189847,20,42,460,rrc04,codered,normal,0
2001-07-13 19:42:00+00:00,478,113,5.349372384937238,16.0,2.1505350174618076,35,72,591,rrc04,codered,normal,0
2001-07-13 19:45:00+00:00,492,106,6.002032520325203,13.0,2.470557509034447,26,69,598,rrc04,codered,normal,0
2001-07-13 19:48:00+00:00,852,92,5.437793427230047,12.0,1.1717042739891743,17,72,944,rrc04,codered,normal,0
2001-07-13 19:51:00+00:00,275,53,5.498181818181818,14.0,2.125814574064677,11,39,328,rrc04,codered,normal,0
2001-07-13 19:54:00+00:00,438,85,5.5479452054794525,16.0,1.6679172139569756,30,42,523,rrc04,codered,normal,0
2001-07-13 19:57:00+00:00,206,49,5.601941747572815,15.0,2.600745993895212,13,31,255,rrc04,codered,normal,0
2001-07-13 20:00:00+00:00,249,77,6.718875502008032,13.0,2.666406577532595,9,65,326,rrc04,codered,normal,0
2001-07-13 20:03:00+00:00,362,86,5.665745856353591,20.0,2.9114724723944163,11,72,448,rrc04,codered,normal,0
2001-07-13 20:06:00+00:00,423,62,5.408983451536643,22.0,2.6355659190530862,5,57,485,rrc04,codered,normal,0
2001-07-13 20:09:00+00:00,173,33,4.803468208092486,22.0,2.173564131815862,6,22,206,rrc04,codered,normal,0
2001-07-13 20:12:00+00:00,253,62,6.774703557312253,13.0,3.0296023707361255,4,57,315,rrc04,codered,normal,0
2001-07-13 20:15:00+00:00,311,98,5.784565916398714,14.0,2.255800608904548,12,72,409,rrc04,codered,normal,0
2001-07-13 20:18:00+00:00,329,63,6.410334346504559,13.0,2.5322268532934964,7,49,392,rrc04,codered,normal,0
2001-07-13 20:21:00+00:00,265,56,5.524528301886792,15.0,2.5551210627728422,7,47,321,rrc04,codered,normal,0
2001-07-13 20:24:00+00:00,185,58,5.621621621621622,13.0,2.263116140996881,12,40,243,rrc04,codered,normal,0
2001-07-13 20:27:00+00:00,525,100,5.070476190476191,13.0,1.9858510858438987,10,88,625,rrc04,codered,normal,0
2001-07-13 20:30:00+00:00,369,109,4.848238482384824,12.0,1.6507379929734263,20,84,478,rrc04,codered,normal,0
2001-07-13 20:33:00+00:00,228,40,5.565789473684211,15.0,2.525321898792464,5,34,268,rrc04,codered,normal,0
2001-07-13 20:36:00+00:00,471,32,5.443736730360934,13.0,1.9243986147245173,5,24,503,rrc04,codered,normal,0
2001-07-13 20:39:00+00:00,244,52,5.163934426229508,14.0,1.943297247572124,9,39,296,rrc04,codered,normal,0
2001-07-13 20:42:00+00:00,234,26,5.4914529914529915,14.0,1.8748024465532795,5,18,260,rrc04,codered,normal,0
2001-07-13 20:45:00+00:00,1049,355,4.604385128693994,13.0,1.3658017854255076,121,228,1404,rrc04,codered,normal,0
2001-07-13 20:48:00+00:00,248,71,5.689516129032258,13.0,2.7672426752876955,13,44,319,rrc04,codered,normal,0
2001-07-13 20:51:00+00:00,219,35,4.69406392694064,9.0,1.5969466915458934,7,23,254,rrc04,codered,normal,0
2001-07-13 20:54:00+00:00,386,34,5.246113989637306,15.0,1.7182494789699359,6,23,420,rrc04,codered,normal,0
2001-07-13 20:57:00+00:00,259,101,5.7528957528957525,10.0,1.7154592664718236,27,56,360,rrc04,codered,normal,0
2001-07-13 21:00:00+00:00,346,63,6.086705202312139,24.0,3.507794312130589,15,44,409,rrc04,codered,normal,0
2001-07-13 21:03:00+00:00,690,45,5.698550724637681,22.0,2.1626937546524054,3,41,735,rrc04,codered,normal,0
2001-07-13 21:06:00+00:00,770,114,5.136363636363637,13.0,1.481786311504935,30,79,884,rrc04,codered,normal,0
2001-07-13 21:09:00+00:00,522,49,5.46360153256705,13.0,1.4515208229513117,3,43,571,rrc04,codered,normal,0
2001-07-13 21:12:00+00:00,564,101,5.916666666666667,13.0,2.30904916314596,17,73,665,rrc04,codered,normal,0
2001-07-13 21:15:00+00:00,339,106,5.433628318584071,14.0,2.148784823065173,20,77,445,rrc04,codered,normal,0
2001-07-13 21:18:00+00:00,1227,378,5.973920130399348,14.0,1.5764064868281138,38,336,1605,rrc04,codered,normal,0
2001-07-13 21:21:00+00:00,537,152,5.648044692737431,21.0,2.1414071701555546,14,129,689,rrc04,codered,normal,0
2001-07-13 21:24:00+00:00,507,68,5.520710059171598,21.0,2.5951451200348745,6,60,575,rrc04,codered,normal,0
2001-07-13 21:27:00+00:00,1378,154,5.74455732946299,25.0,2.6760351523118198,19,135,1532,rrc04,codered,normal,0
2001-07-13 21:30:00+00:00,402,152,5.843283582089552,24.0,2.6368640284731835,45,102,554,rrc04,codered,normal,0
2001-07-13 21:33:00+00:00,567,121,5.185185185185185,13.0,1.7666095406335314,24,83,688,rrc04,codered,normal,0
2001-07-13 21:36:00+00:00,414,37,5.5144927536231885,13.0,2.4805587279087944,7,29,451,rrc04,codered,normal,0
2001-07-13 21:39:00+00:00,737,39,5.457259158751696,16.0,2.3235283092606793,10,27,776,rrc04,codered,normal,0
2001-07-13 21:42:00+00:00,189,58,5.015873015873016,10.0,1.354889989388781,6,48,247,rrc04,codered,normal,0
2001-07-13 21:45:00+00:00,257,36,5.182879377431907,13.0,1.70191545700845,6,27,293,rrc04,codered,normal,0
2001-07-13 21:48:00+00:00,172,69,5.6395348837209305,13.0,1.9254283165756905,20,36,241,rrc04,codered,normal,0
2001-07-13 21:51:00+00:00,445,169,4.7685393258426965,14.0,2.6407181312009578,46,119,614,rrc04,codered,normal,0
2001-07-13 21:54:00+00:00,989,213,5.331648129423661,13.0,1.230395060787696,90,105,1202,rrc04,codered,normal,0
2001-07-13 21:57:00+00:00,1497,163,5.158316633266533,14.0,1.6114733417817064,32,124,1660,rrc04,codered,normal,0
2001-07-13 22:00:00+00:00,469,85,4.901918976545843,28.0,2.279737515714635,4,79,554,rrc04,codered,normal,0
2001-07-13 22:03:00+00:00,418,93,4.911483253588517,14.0,1.540307618862006,30,61,511,rrc04,codered,normal,0
2001-07-13 22:06:00+00:00,350,81,6.905714285714286,13.0,2.85751568995996,13,58,431,rrc04,codered,normal,0
2001-07-13 22:09:00+00:00,439,99,6.432801822323462,21.0,3.0767582168143663,30,67,538,rrc04,codered,normal,0
2001-07-13 22:12:00+00:00,464,103,6.663793103448276,25.0,4.002572374407017,29,64,567,rrc04,codered,normal,0
2001-07-13 22:15:00+00:00,398,203,5.886934673366834,24.0,2.7122984654314277,31,166,601,rrc04,codered,normal,0
2001-07-13 22:18:00+00:00,493,262,7.04868154158215,13.0,3.1509783544587866,85,112,755,rrc04,codered,normal,0
2001-07-13 22:21:00+00:00,284,110,5.834507042253521,14.0,3.0634268249661583,13,90,394,rrc04,codered,normal,0
2001-07-13 22:24:00+00:00,468,161,7.910256410256411,15.0,3.525314670209933,67,87,629,rrc04,codered,normal,0
2001-07-13 22:27:00+00:00,834,314,5.452038369304557,16.0,3.2247137576336415,32,277,1148,rrc04,codered,normal,0
2001-07-13 22:30:00+00:00,304,49,5.957236842105263,13.0,2.0052924046423612,11,31,353,rrc04,codered,normal,0
2001-07-13 22:33:00+00:00,371,83,6.140161725067386,26.0,3.18804691002652,26,37,454,rrc04,codered,normal,0
2001-07-13 22:36:00+00:00,793,68,7.905422446406053,14.0,2.536966713473335,22,42,861,rrc04,codered,normal,0
2001-07-13 22:39:00+00:00,220,105,5.540909090909091,9.0,1.2767711729590285,36,61,325,rrc04,codered,normal,0
2001-07-13 22:42:00+00:00,322,48,4.711180124223603,11.0,1.4209389682200273,15,26,370,rrc04,codered,normal,0
2001-07-13 22:45:00+00:00,1081,53,4.751156336725255,18.0,1.4925225449726731,12,37,1134,rrc04,codered,normal,0
2001-07-13 22:48:00+00:00,276,88,6.166666666666667,23.0,2.820944782975915,35,46,364,rrc04,codered,normal,0
2001-07-13 22:51:00+00:00,604,90,6.041390728476821,24.0,3.8883348280142336,30,55,694,rrc04,codered,normal,0
2001-07-13 22:54:00+00:00,251,179,6.330677290836653,14.0,2.1326094455509703,18,156,430,rrc04,codered,normal,0
2001-07-13 22:57:00+00:00,297,55,6.057239057239057,14.0,2.0986021771011747,12,40,352,rrc04,codered,normal,0
2001-07-13 23:00:00+00:00,314,67,5.468152866242038,13.0,1.668537565416242,15,48,381,rrc04,codered,normal,0
2001-07-13 23:03:00+00:00,440,58,5.929545454545455,21.0,2.5993075603684206,13,40,498,rrc04,codered,normal,0
2001-07-13 23:06:00+00:00,445,117,6.015730337078652,14.0,2.3706491253655644,38,75,562,rrc04,codered,normal,0
2001-07-13 23:09:00+00:00,332,63,6.159638554216867,13.0,2.687845890672966,16,46,395,rrc04,codered,normal,0
2001-07-13 23:12:00+00:00,205,35,5.2439024390243905,12.0,1.5009019695467032,10,23,240,rrc04,codered,normal,0
2001-07-13 23:15:00+00:00,244,41,5.819672131147541,14.0,1.8839981615781594,6,35,285,rrc04,codered,normal,0
2001-07-13 23:18:00+00:00,185,45,5.313513513513514,12.0,1.7764468274897691,7,34,230,rrc04,codered,normal,0
2001-07-13 23:21:00+00:00,314,31,4.910828025477707,21.0,2.5485747139010058,5,24,345,rrc04,codered,normal,0
2001-07-13 23:24:00+00:00,224,49,5.3125,13.0,1.7954866530911813,4,38,273,rrc04,codered,normal,0
2001-07-13 23:27:00+00:00,422,111,5.165876777251185,15.0,1.6667849587035004,12,95,533,rrc04,codered,normal,0
2001-07-13 23:30:00+00:00,244,64,5.463114754098361,12.0,2.23484700102245,16,42,308,rrc04,codered,normal,0
2001-07-13 23:33:00+00:00,333,72,5.372372372372372,13.0,2.1739833672681668,3,69,405,rrc04,codered,normal,0
2001-07-13 23:36:00+00:00,247,48,6.627530364372469,24.0,2.882119098873284,10,37,295,rrc04,codered,normal,0
2001-07-13 23:39:00+00:00,218,62,6.137614678899083,24.0,3.6067416231179243,18,39,280,rrc04,codered,normal,0
2001-07-13 23:42:00+00:00,308,59,5.474025974025974,21.0,3.2547628476020405,18,37,367,rrc04,codered,normal,0
2001-07-13 23:45:00+00:00,268,37,5.645522388059701,12.0,1.8420104068791288,2,35,305,rrc04,codered,normal,0
2001-07-13 23:48:00+00:00,706,156,7.8229461756373935,13.0,2.4018607847661686,59,87,862,rrc04,codered,normal,0
2001-07-13 23:51:00+00:00,332,123,7.701807228915663,14.0,3.6985339474485928,8,112,455,rrc04,codered,normal,0
2001-07-13 23:54:00+00:00,840,62,7.517857142857143,14.0,2.648389479803659,13,44,902,rrc04,codered,normal,0
2001-07-13 23:57:00+00:00,241,41,6.348547717842323,13.0,2.5053651904162724,9,28,282,rrc04,codered,normal,0
2001-07-14 00:00:00+00:00,379,34,5.356200527704486,21.0,2.2253711728352785,7,26,413,rrc04,codered,normal,0
2001-07-14 00:03:00+00:00,304,136,6.792763157894737,22.0,3.9469942256849104,52,82,440,rrc04,codered,normal,0
2001-07-14 00:06:00+00:00,411,78,6.248175182481752,24.0,3.4860466148548945,22,42,489,rrc04,codered,normal,0
2001-07-14 00:09:00+00:00,603,143,5.537313432835821,13.0,2.006585529078635,32,108,746,rrc04,codered,normal,0
2001-07-14 00:12:00+00:00,332,100,5.030120481927711,11.0,1.8083630979197294,12,84,432,rrc04,codered,normal,0
2001-07-14 00:15:00+00:00,287,39,5.198606271777003,11.0,1.2738039310404816,7,29,326,rrc04,codered,normal,0
2001-07-14 00:18:00+00:00,193,46,5.243523316062176,10.0,1.7566371608107736,15,23,239,rrc04,codered,normal,0
2001-07-14 00:21:00+00:00,171,31,5.16374269005848,10.0,1.749544977900833,10,18,202,rrc04,codered,normal,0
2001-07-14 00:24:00+00:00,311,56,5.327974276527331,12.0,1.6537462332050556,4,51,367,rrc04,codered,normal,0
2001-07-14 00:27:00+00:00,135,17,5.62962962962963,13.0,1.6897983256425326,2,15,152,rrc04,codered,normal,0
2001-07-14 00:30:00+00:00,172,49,6.645348837209302,24.0,3.0225569406891166,12,28,221,rrc04,codered,normal,0
2001-07-14 00:33:00+00:00,169,40,5.627218934911243,12.0,2.1913152853658815,6,30,209,rrc04,codered,normal,0
2001-07-14 00:36:00+00:00,257,61,5.80544747081712,12.0,1.9688946646654508,15,35,318,rrc04,codered,normal,0
2001-07-14 00:39:00+00:00,350,117,5.428571428571429,21.0,2.368673097938582,6,108,467,rrc04,codered,normal,0
2001-07-14 00:42:00+00:00,165,35,6.903030303030303,21.0,4.4994602267844375,2,31,200,rrc04,codered,normal,0
2001-07-14 00:45:00+00:00,482,94,5.4004149377593365,20.0,2.408370567517021,23,68,576,rrc04,codered,normal,0
2001-07-14 00:48:00+00:00,339,76,6.430678466076696,24.0,3.61295642264824,13,56,415,rrc04,codered,normal,0
2001-07-14 00:51:00+00:00,230,128,7.747826086956522,24.0,4.721538950036394,6,120,358,rrc04,codered,normal,0
2001-07-14 00:54:00+00:00,165,22,7.387878787878788,18.0,2.7756252449599783,4,18,187,rrc04,codered,normal,0
2001-07-14 00:57:00+00:00,135,28,5.651851851851852,11.0,1.726990611047066,3,24,163,rrc04,codered,normal,0
2001-07-14 01:00:00+00:00,223,68,5.623318385650224,12.0,2.1908480087138145,24,40,291,rrc04,codered,normal,0
2001-07-14 01:03:00+00:00,424,171,5.30188679245283,22.0,2.3185869611938243,23,141,595,rrc04,codered,normal,0
2001-07-14 01:06:00+00:00,325,66,6.48,14.0,2.529286916838876,18,37,391,rrc04,codered,normal,0
2001-07-14 01:09:00+00:00,311,63,6.128617363344051,24.0,3.3474352160445036,6,57,374,rrc04,codered,normal,0
2001-07-14 01:12:00+00:00,281,68,7.1138790035587185,28.0,4.654755297009669,8,57,349,rrc04,codered,normal,0
2001-07-14 01:15:00+00:00,358,66,5.849162011173185,15.0,2.1376217326918256,10,53,424,rrc04,codered,normal,0
2001-07-14 01:18:00+00:00,731,73,5.036935704514364,18.0,1.7284940963981705,5,67,804,rrc04,codered,normal,0
2001-07-14 01:21:00+00:00,835,130,6.21437125748503,24.0,2.6785078393391744,10,114,965,rrc04,codered,normal,0
2001-07-14 01:24:00+00:00,315,39,6.196825396825397,24.0,3.9108302311015573,5,33,354,rrc04,codered,normal,0
2001-07-14 01:27:00+00:00,744,61,5.016129032258065,24.0,2.1015248085580827,10,44,805,rrc04,codered,normal,0
2001-07-14 01:30:00+00:00,481,43,5.106029106029106,13.0,2.2750534094356674,11,28,524,rrc04,codered,normal,0
2001-07-14 01:33:00+00:00,275,54,7.043636363636364,16.0,2.9869268875225186,14,27,329,rrc04,codered,normal,0
2001-07-14 01:36:00+00:00,530,124,5.564150943396227,17.0,2.4976664081998727,52,67,654,rrc04,codered,normal,0
2001-07-14 01:39:00+00:00,582,271,5.804123711340206,14.0,1.6784822258914893,108,138,853,rrc04,codered,normal,0
2001-07-14 01:42:00+00:00,583,180,5.819897084048027,11.0,1.646290697214258,35,139,763,rrc04,codered,normal,0
2001-07-14 01:45:00+00:00,586,167,4.979522184300341,24.0,2.1764149476264594,22,135,753,rrc04,codered,normal,0
2001-07-14 01:48:00+00:00,372,133,4.991935483870968,13.0,1.6072548948169165,9,120,505,rrc04,codered,normal,0
2001-07-14 01:51:00+00:00,584,178,5.7534246575342465,28.0,2.9320189029171075,73,100,762,rrc04,codered,normal,0
2001-07-14 01:54:00+00:00,419,130,7.210023866348449,24.0,2.976245612667817,17,112,549,rrc04,codered,normal,0
2001-07-14 01:57:00+00:00,470,59,5.291489361702127,24.0,1.853728822605714,16,33,529,rrc04,codered,normal,0
2001-07-14 02:00:00+00:00,442,51,4.895927601809955,18.0,1.8478388193916724,12,28,493,rrc04,codered,normal,0
2001-07-14 02:03:00+00:00,346,72,5.864161849710983,14.0,1.4709279118235365,7,62,418,rrc04,codered,normal,0
2001-07-14 02:06:00+00:00,626,216,5.912140575079873,17.0,3.192485118623862,36,175,842,rrc04,codered,normal,0
2001-07-14 02:09:00+00:00,332,70,5.129518072289157,11.0,1.3637195800628832,8,59,402,rrc04,codered,normal,0
2001-07-14 02:12:00+00:00,646,81,5.345201238390093,17.0,1.9056783828395587,15,54,727,rrc04,codered,normal,0
2001-07-14 02:15:00+00:00,371,56,5.38544474393531,19.0,2.126638516302721,7,45,427,rrc04,codered,normal,0
2001-07-14 02:18:00+00:00,490,121,5.56734693877551,11.0,1.8975158578135505,34,68,611,rrc04,codered,normal,0
2001-07-14 02:21:00+00:00,272,55,5.805147058823529,21.0,2.8262638987597257,11,41,327,rrc04,codered,normal,0
2001-07-14 02:24:00+00:00,508,136,5.169291338582677,10.0,1.2700680005989649,6,127,644,rrc04,codered,normal,0
2001-07-14 02:27:00+00:00,556,77,4.654676258992806,24.0,2.1126962220930947,6,68,633,rrc04,codered,normal,0
2001-07-14 02:30:00+00:00,275,43,5.1854545454545455,25.0,2.3085153183824905,9,29,318,rrc04,codered,normal,0
2001-07-14 02:33:00+00:00,226,45,6.053097345132743,17.0,3.36125952995184,9,34,271,rrc04,codered,normal,0
2001-07-14 02:36:00+00:00,474,110,5.333333333333333,24.0,2.693692168100102,19,90,584,rrc04,codered,normal,0
2001-07-14 02:39:00+00:00,299,53,5.508361204013378,17.0,3.036417256540887,12,41,352,rrc04,codered,normal,0
2001-07-14 02:42:00+00:00,456,181,6.456140350877193,19.0,2.9249092079991943,62,117,637,rrc04,codered,normal,0
2001-07-14 02:45:00+00:00,909,105,5.693069306930693,19.0,1.5362743844103661,24,81,1014,rrc04,codered,normal,0
2001-07-14 02:48:00+00:00,1305,279,5.462068965517242,24.0,1.6711141610629299,72,183,1584,rrc04,codered,normal,0
2001-07-14 02:51:00+00:00,223,42,5.26457399103139,14.0,2.099957435538257,7,32,265,rrc04,codered,normal,0
2001-07-14 02:54:00+00:00,160,44,5.9375,13.0,2.4410230949337617,10,29,204,rrc04,codered,normal,0
2001-07-14 02:57:00+00:00,241,80,6.788381742738589,24.0,3.275843604806577,22,38,321,rrc04,codered,normal,0
2001-07-14 03:00:00+00:00,188,92,6.01595744680851,19.0,2.7511623536355625,29,47,280,rrc04,codered,normal,0
2001-07-14 03:03:00+00:00,343,70,5.443148688046647,21.0,2.201670052189517,13,46,413,rrc04,codered,normal,0
2001-07-14 03:06:00+00:00,539,70,5.11317254174397,12.0,1.7988330967930375,11,57,609,rrc04,codered,normal,0
2001-07-14 03:09:00+00:00,251,41,5.027888446215139,20.0,1.7705028669557084,5,35,292,rrc04,codered,normal,0
2001-07-14 03:12:00+00:00,307,68,5.684039087947883,13.0,2.3157524519403134,11,49,375,rrc04,codered,normal,0
2001-07-14 03:15:00+00:00,289,43,5.141868512110727,12.0,1.5753105817830708,13,26,332,rrc04,codered,normal,0
2001-07-14 03:18:00+00:00,870,31,4.308045977011494,13.0,1.6143906284832028,10,21,901,rrc04,codered,normal,0
2001-07-14 03:21:00+00:00,535,83,5.328971962616823,21.0,2.198598081182277,34,47,618,rrc04,codered,normal,0
2001-07-14 03:24:00+00:00,270,54,5.155555555555556,11.0,1.7185983378653604,6,46,324,rrc04,codered,normal,0
2001-07-14 03:27:00+00:00,253,98,4.229249011857707,10.0,1.3047549969341812,27,70,351,rrc04,codered,normal,0
2001-07-14 03:30:00+00:00,188,83,5.792553191489362,24.0,4.488110519406214,18,64,271,rrc04,codered,normal,0
2001-07-14 03:33:00+00:00,220,30,6.013636363636364,14.0,2.3864761878219785,1,29,250,rrc04,codered,normal,0
2001-07-14 03:36:00+00:00,134,38,4.873134328358209,14.0,2.0962711805854,10,28,172,rrc04,codered,normal,0
2001-07-14 03:39:00+00:00,249,57,5.457831325301205,13.0,1.8647084130031564,6,50,306,rrc04,codered,normal,0
2001-07-14 03:42:00+00:00,460,103,6.026086956521739,21.0,2.7543195153138216,20,77,563,rrc04,codered,normal,0
2001-07-14 03:45:00+00:00,524,65,4.587786259541985,14.0,1.34431360508582,9,50,589,rrc04,codered,normal,0
2001-07-14 03:48:00+00:00,246,38,4.841463414634147,11.0,1.541851217040989,13,21,284,rrc04,codered,normal,0
2001-07-14 03:51:00+00:00,203,60,5.068965517241379,14.0,1.9740115475710736,14,41,263,rrc04,codered,normal,0
2001-07-14 03:54:00+00:00,377,146,5.56763925729443,25.0,1.8328893273491238,24,113,523,rrc04,codered,normal,0
2001-07-14 03:57:00+00:00,552,200,6.3478260869565215,21.0,2.5831173558516616,70,124,752,rrc04,codered,normal,0
2001-07-14 04:00:00+00:00,400,141,5.625,21.0,2.308543913379167,45,91,541,rrc04,codered,normal,0
2001-07-14 04:03:00+00:00,280,138,6.714285714285714,24.0,3.8679742100737844,21,113,418,rrc04,codered,normal,0
2001-07-14 04:06:00+00:00,566,86,5.203180212014134,24.0,1.649303459156568,11,73,652,rrc04,codered,normal,0
2001-07-14 04:09:00+00:00,2331,308,5.7378807378807375,10.0,0.9484447588974393,70,237,2639,rrc04,codered,normal,0
2001-07-14 04:12:00+00:00,2580,293,5.75,11.0,1.1458976373781549,29,254,2873,rrc04,codered,normal,0
2001-07-14 04:15:00+00:00,548,78,4.943430656934306,11.0,1.2091850051081516,7,69,626,rrc04,codered,normal,0
2001-07-14 04:18:00+00:00,441,49,5.263038548752834,20.0,1.8154586436901745,15,33,490,rrc04,codered,normal,0
2001-07-14 04:21:00+00:00,395,87,5.878481012658228,25.0,3.712506092943931,13,72,482,rrc04,codered,normal,0
2001-07-14 04:24:00+00:00,368,76,5.100543478260869,22.0,2.2124154929232964,11,58,444,rrc04,codered,normal,0
2001-07-14 04:27:00+00:00,170,41,5.823529411764706,14.0,2.3523528676286705,10,27,211,rrc04,codered,normal,0
2001-07-14 04:30:00+00:00,212,54,5.919811320754717,21.0,2.9216472418670905,7,43,266,rrc04,codered,normal,0
2001-07-14 04:33:00+00:00,285,45,6.807017543859649,24.0,3.32052942561256,9,33,330,rrc04,codered,normal,0
2001-07-14 04:36:00+00:00,348,68,5.528735632183908,24.0,2.2973702130102795,20,40,416,rrc04,codered,normal,0
2001-07-14 04:39:00+00:00,368,91,5.331521739130435,9.0,1.1463011733232207,26,60,459,rrc04,codered,normal,0
2001-07-14 04:42:00+00:00,264,81,5.886363636363637,12.0,2.1164855348628646,21,49,345,rrc04,codered,normal,0
2001-07-14 04:45:00+00:00,263,35,5.623574144486692,13.0,1.9863927221936661,8,25,298,rrc04,codered,normal,0
2001-07-14 04:48:00+00:00,1265,42,5.3612648221343875,11.0,1.101167894664923,13,24,1307,rrc04,codered,normal,0
2001-07-14 04:51:00+00:00,638,171,5.5736677115987465,10.0,1.0971876399097036,56,109,809,rrc04,codered,normal,0
2001-07-14 04:54:00+00:00,353,132,7.11614730878187,24.0,4.594071176269955,39,61,485,rrc04,codered,normal,0
2001-07-14 04:57:00+00:00,367,97,4.940054495912807,24.0,1.912728908428789,21,71,464,rrc04,codered,normal,0
2001-07-14 05:00:00+00:00,628,193,6.382165605095541,19.0,2.9825074558443787,63,120,821,rrc04,codered,normal,0
2001-07-14 05:03:00+00:00,551,175,5.027223230490018,11.0,1.5493055944329666,46,113,726,rrc04,codered,normal,0
2001-07-14 05:06:00+00:00,1062,100,5.368173258003766,25.0,1.8642852687295481,19,69,1162,rrc04,codered,normal,0
2001-07-14 05:09:00+00:00,696,69,5.135057471264368,13.0,1.049975778114947,19,50,765,rrc04,codered,normal,0
2001-07-14 05:12:00+00:00,775,82,5.009032258064516,18.0,1.726804535025671,22,54,857,rrc04,codered,normal,0
2001-07-14 05:15:00+00:00,611,104,5.932896890343699,19.0,2.379071588749054,26,76,715,rrc04,codered,normal,0
2001-07-14 05:18:00+00:00,752,201,5.530585106382978,12.0,2.0729054227564445,63,96,953,rrc04,codered,normal,0
2001-07-14 05:21:00+00:00,174,41,5.471264367816092,10.0,1.710945698432075,10,29,215,rrc04,codered,normal,0
2001-07-14 05:24:00+00:00,704,53,5.275568181818182,24.0,2.2752808807398552,10,37,757,rrc04,codered,normal,0
2001-07-14 05:27:00+00:00,1083,51,5.572483841181902,13.0,1.1638840388256364,6,40,1134,rrc04,codered,normal,0
2001-07-14 05:30:00+00:00,871,26,5.607347876004592,20.0,1.085185161783127,6,17,897,rrc04,codered,normal,0
2001-07-14 05:33:00+00:00,552,77,5.199275362318841,24.0,1.5192483065415003,12,62,629,rrc04,codered,normal,0
2001-07-14 05:36:00+00:00,297,44,5.218855218855219,14.0,2.2909383862243287,8,33,341,rrc04,codered,normal,0
2001-07-14 05:39:00+00:00,816,59,5.811274509803922,14.0,1.9947652923848438,11,45,875,rrc04,codered,normal,0
2001-07-14 05:42:00+00:00,511,109,6.1898238747553815,25.0,3.0374656897384074,33,58,620,rrc04,codered,normal,0
2001-07-14 05:45:00+00:00,338,71,6.633136094674557,25.0,3.477105541391472,7,57,409,rrc04,codered,normal,0
2001-07-14 05:48:00+00:00,361,57,6.019390581717452,21.0,3.112331058026916,8,49,418,rrc04,codered,normal,0
2001-07-14 05:51:00+00:00,365,40,6.517808219178082,25.0,4.147002299590532,8,26,405,rrc04,codered,normal,0
2001-07-14 05:54:00+00:00,341,66,5.0175953079178885,8.0,1.0330242424508638,10,49,407,rrc04,codered,normal,0
2001-07-14 05:57:00+00:00,1487,105,5.548755884330867,10.0,0.8435901751334687,30,53,1592,rrc04,codered,normal,0
2001-07-14 06:00:00+00:00,1663,293,5.644618159951894,18.0,0.9836209238252676,106,166,1956,rrc04,codered,normal,0
2001-07-14 06:03:00+00:00,2397,179,5.093032957863997,15.0,1.2367366674623763,49,112,2576,rrc04,codered,normal,0
2001-07-14 06:06:00+00:00,3041,506,5.131864518250575,25.0,1.0277508107981195,197,303,3547,rrc04,codered,normal,0
2001-07-14 06:09:00+00:00,1765,333,5.252124645892351,25.0,2.1277612664785237,102,208,2098,rrc04,codered,normal,0
2001-07-14 06:12:00+00:00,2325,446,5.660645161290323,24.0,1.378989661669991,138,301,2771,rrc04,codered,normal,0
2001-07-14 06:15:00+00:00,1404,84,5.353276353276353,9.0,0.8854534019628983,15,58,1488,rrc04,codered,normal,0
2001-07-14 06:18:00+00:00,1904,350,5.799894957983193,25.0,1.4739973053547506,105,242,2254,rrc04,codered,normal,0
2001-07-14 06:21:00+00:00,1792,582,5.895647321428571,25.0,1.7339001198505712,213,321,2374,rrc04,codered,normal,0
2001-07-14 06:24:00+00:00,726,234,5.359504132231405,14.0,1.1660778255167998,46,183,960,rrc04,codered,normal,0
2001-07-14 06:27:00+00:00,308,74,4.957792207792208,9.0,1.0727608796345747,9,63,382,rrc04,codered,normal,0
2001-07-14 06:30:00+00:00,471,97,5.658174097664544,12.0,1.4730170590710099,23,72,568,rrc04,codered,normal,0
2001-07-14 06:33:00+00:00,452,131,4.980088495575221,12.0,0.9510366915259948,7,122,583,rrc04,codered,normal,0
2001-07-14 06:36:00+00:00,1241,77,5.789685737308622,25.0,1.9143859252880058,21,47,1318,rrc04,codered,normal,0
2001-07-14 06:39:00+00:00,350,73,4.751428571428572,11.0,1.2954583146122298,21,41,423,rrc04,codered,normal,0
2001-07-14 06:42:00+00:00,621,143,5.428341384863124,20.0,2.0303895660829796,29,103,764,rrc04,codered,normal,0
2001-07-14 06:45:00+00:00,1218,296,5.787356321839081,13.0,1.3747444268695193,123,161,1514,rrc04,codered,normal,0
2001-07-14 06:48:00+00:00,861,66,5.356562137049942,11.0,1.179349721373075,17,43,927,rrc04,codered,normal,0
2001-07-14 06:51:00+00:00,296,126,5.45945945945946,13.0,1.6290370990183392,21,98,422,rrc04,codered,normal,0
2001-07-14 06:54:00+00:00,504,58,5.2936507936507935,16.0,2.1623306808379286,6,50,562,rrc04,codered,normal,0
2001-07-14 06:57:00+00:00,7945,357,4.6308370044052865,19.0,1.2718694799631614,85,270,8302,rrc04,codered,normal,0
2001-07-14 07:00:00+00:00,1031,200,5.5169738118331715,19.0,1.7039501542930033,19,173,1231,rrc04,codered,normal,0
2001-07-14 07:03:00+00:00,949,63,5.278187565858799,18.0,1.6147888979835325,5,53,1012,rrc04,codered,normal,0
2001-07-14 07:06:00+00:00,354,38,5.141242937853107,24.0,2.2176346723144587,4,31,392,rrc04,codered,normal,0
2001-07-14 07:09:00+00:00,673,39,5.166419019316494,20.0,1.0164772295297035,9,25,712,rrc04,codered,normal,0
2001-07-14 07:12:00+00:00,823,97,5.97812879708384,25.0,1.9772725419529313,33,58,920,rrc04,codered,normal,0
2001-07-14 07:15:00+00:00,618,62,5.671521035598706,12.0,1.4460742360471834,6,51,680,rrc04,codered,normal,0
2001-07-14 07:18:00+00:00,642,221,5.426791277258567,12.0,0.9724068399357443,70,144,863,rrc04,codered,normal,0
2001-07-14 07:21:00+00:00,275,59,5.28,21.0,2.6142546304304926,9,43,334,rrc04,codered,normal,0
2001-07-14 07:24:00+00:00,265,56,4.90566037735849,11.0,1.5279058419990914,15,37,321,rrc04,codered,normal,0
2001-07-14 07:27:00+00:00,659,106,4.892261001517451,14.0,1.6143093681593594,29,55,765,rrc04,codered,normal,0
2001-07-14 07:30:00+00:00,1009,84,4.586719524281467,12.0,1.093571648803031,19,57,1093,rrc04,codered,normal,0
2001-07-14 07:33:00+00:00,422,134,4.627962085308057,9.0,1.1318211297075715,22,105,556,rrc04,codered,normal,0
2001-07-14 07:36:00+00:00,335,122,5.614925373134328,17.0,1.744351543658464,11,109,457,rrc04,codered,normal,0
2001-07-14 07:39:00+00:00,1342,92,5.171385991058123,12.0,1.522944541356697,27,58,1434,rrc04,codered,normal,0
2001-07-14 07:42:00+00:00,281,79,6.085409252669039,21.0,3.6000939973572397,12,55,360,rrc04,codered,normal,0
2001-07-14 07:45:00+00:00,365,50,6.101369863013699,24.0,3.548972189652573,6,41,415,rrc04,codered,normal,0
2001-07-14 07:48:00+00:00,242,53,5.322314049586777,14.0,1.7283005364658266,15,34,295,rrc04,codered,normal,0
2001-07-14 07:51:00+00:00,502,64,5.384462151394422,24.0,2.4392208624678005,17,40,566,rrc04,codered,normal,0
2001-07-14 07:54:00+00:00,257,46,5.155642023346304,11.0,1.7684814201261247,10,32,303,rrc04,codered,normal,0
2001-07-14 07:57:00+00:00,231,36,6.12987012987013,24.0,3.952150982152776,3,31,267,rrc04,codered,normal,0
2001-07-14 08:00:00+00:00,220,47,5.4409090909090905,11.0,1.5347961341994965,8,35,267,rrc04,codered,normal,0
2001-07-14 08:03:00+00:00,235,31,5.417021276595745,11.0,2.0328492894432335,6,23,266,rrc04,codered,normal,0
2001-07-14 08:06:00+00:00,593,105,5.860033726812816,24.0,3.051382016065629,7,92,698,rrc04,codered,normal,0
2001-07-14 08:09:00+00:00,1836,109,5.7935729847494555,13.0,1.190641650031979,18,78,1945,rrc04,codered,normal,0
2001-07-14 08:12:00+00:00,768,67,5.252604166666667,20.0,1.4165110783127108,18,47,835,rrc04,codered,normal,0
2001-07-14 08:15:00+00:00,1351,182,5.702442635085122,22.0,1.7540018617273951,18,160,1533,rrc04,codered,normal,0
2001-07-14 08:18:00+00:00,594,139,5.816498316498317,21.0,1.7547426435083469,44,84,733,rrc04,codered,normal,0
2001-07-14 08:21:00+00:00,262,66,7.270992366412214,25.0,4.637944868473014,18,44,328,rrc04,codered,normal,0
2001-07-14 08:24:00+00:00,260,26,5.084615384615384,14.0,1.2590265799394718,3,21,286,rrc04,codered,normal,0
2001-07-14 08:27:00+00:00,501,48,5.149700598802395,24.0,2.1425135196343588,10,34,549,rrc04,codered,normal,0
2001-07-14 08:30:00+00:00,406,55,6.258620689655173,27.0,3.1103849680107296,10,41,461,rrc04,codered,normal,0
2001-07-14 08:33:00+00:00,419,42,5.5536992840095465,12.0,1.465222755560524,9,31,461,rrc04,codered,normal,0
2001-07-14 08:36:00+00:00,258,60,5.5852713178294575,14.0,1.9053413609063428,9,50,318,rrc04,codered,normal,0
2001-07-14 08:39:00+00:00,328,71,6.298780487804878,14.0,2.3037082461808644,21,49,399,rrc04,codered,normal,0
2001-07-14 08:42:00+00:00,245,56,6.489795918367347,21.0,3.757563523324666,11,40,301,rrc04,codered,normal,0
2001-07-14 08:45:00+00:00,217,73,6.290322580645161,20.0,2.6350261039983622,21,42,290,rrc04,codered,normal,0
2001-07-14 08:48:00+00:00,273,46,5.4322344322344325,24.0,1.7964110914571843,2,44,319,rrc04,codered,normal,0
2001-07-14 08:51:00+00:00,1329,89,5.908201655379985,27.0,2.4486910251420566,18,51,1418,rrc04,codered,normal,0
2001-07-14 08:54:00+00:00,1140,94,5.640350877192983,11.0,1.2574493326785046,27,57,1234,rrc04,codered,normal,0
2001-07-14 08:57:00+00:00,1176,56,6.019557823129252,24.0,2.8402102672694407,10,42,1232,rrc04,codered,normal,0
2001-07-14 09:00:00+00:00,1076,68,6.630111524163569,27.0,3.5237885664676747,15,50,1144,rrc04,codered,normal,0
2001-07-14 09:03:00+00:00,708,64,5.690677966101695,27.0,2.88852651295919,6,57,772,rrc04,codered,normal,0
2001-07-14 09:06:00+00:00,1118,293,5.717352415026833,27.0,2.844931368763959,117,176,1411,rrc04,codered,normal,0
2001-07-14 09:09:00+00:00,158,60,5.2784810126582276,27.0,3.3182911144933565,6,52,218,rrc04,codered,normal,0
2001-07-14 09:12:00+00:00,371,53,5.684636118598383,18.0,1.6549382329627478,8,42,424,rrc04,codered,normal,0
2001-07-14 09:15:00+00:00,450,55,5.831111111111111,13.0,1.9749342855140184,4,48,505,rrc04,codered,normal,0
2001-07-14 09:18:00+00:00,523,111,5.164435946462715,25.0,2.67194850471762,20,86,634,rrc04,codered,normal,0
2001-07-14 09:21:00+00:00,708,90,5.320621468926554,25.0,2.1260487364111817,18,67,798,rrc04,codered,normal,0
2001-07-14 09:24:00+00:00,596,204,5.5134228187919465,27.0,3.4125932928343654,87,116,800,rrc04,codered,normal,0
2001-07-14 09:27:00+00:00,332,52,5.704819277108434,25.0,2.904645370157152,14,37,384,rrc04,codered,normal,0
2001-07-14 09:30:00+00:00,234,46,4.811965811965812,12.0,1.554874463460564,9,33,280,rrc04,codered,normal,0
2001-07-14 09:33:00+00:00,378,109,5.351851851851852,11.0,1.2195537648908856,36,63,487,rrc04,codered,normal,0
2001-07-14 09:36:00+00:00,167,50,7.155688622754491,24.0,4.384206887771234,1,49,217,rrc04,codered,normal,0
2001-07-14 09:39:00+00:00,279,67,7.455197132616488,25.0,5.215495922824153,12,52,346,rrc04,codered,normal,0
2001-07-14 09:42:00+00:00,203,28,6.482758620689655,24.0,3.85749200994126,3,23,231,rrc04,codered,normal,0
2001-07-14 09:45:00+00:00,166,48,5.240963855421687,11.0,1.3978499966560793,11,30,214,rrc04,codered,normal,0
2001-07-14 09:48:00+00:00,185,41,4.8108108108108105,11.0,1.2133901098995512,6,26,226,rrc04,codered,normal,0
2001-07-14 09:51:00+00:00,566,31,5.137809187279152,21.0,2.002317951559694,7,23,597,rrc04,codered,normal,0
2001-07-14 09:54:00+00:00,338,104,6.724852071005917,25.0,4.6062124381593925,42,61,442,rrc04,codered,normal,0
2001-07-14 09:57:00+00:00,280,36,5.767857142857143,22.0,3.6429534301000266,3,30,316,rrc04,codered,normal,0
2001-07-14 10:00:00+00:00,214,36,6.658878504672897,23.0,4.411167927042223,5,29,250,rrc04,codered,normal,0
2001-07-14 10:03:00+00:00,288,47,5.65625,24.0,2.877697255281652,11,35,335,rrc04,codered,normal,0
2001-07-14 10:06:00+00:00,287,79,5.167247386759582,12.0,1.7350377049950514,19,51,366,rrc04,codered,normal,0
2001-07-14 10:09:00+00:00,253,70,7.102766798418973,24.0,4.823086797671174,13,53,323,rrc04,codered,normal,0
2001-07-14 10:12:00+00:00,1055,166,5.6180094786729855,14.0,1.0472522475756902,18,144,1221,rrc04,codered,normal,0
2001-07-14 10:15:00+00:00,312,46,5.641025641025641,24.0,2.6900784421617825,8,34,358,rrc04,codered,normal,0
2001-07-14 10:18:00+00:00,263,39,5.315589353612167,10.0,1.3716384192062234,11,26,302,rrc04,codered,normal,0
2001-07-14 10:21:00+00:00,930,80,5.582795698924731,10.0,0.9481871390892143,19,52,1010,rrc04,codered,normal,0
2001-07-14 10:24:00+00:00,828,135,5.729468599033816,24.0,1.6620955307568233,20,112,963,rrc04,codered,normal,0
2001-07-14 10:27:00+00:00,721,161,5.543689320388349,11.0,1.0026827996340928,69,90,882,rrc04,codered,normal,0
2001-07-14 10:30:00+00:00,769,142,5.410923276983095,28.0,1.63039571112899,55,77,911,rrc04,codered,normal,0
2001-07-14 10:33:00+00:00,505,44,5.225742574257426,14.0,1.8099096561527477,12,30,549,rrc04,codered,normal,0
2001-07-14 10:36:00+00:00,239,77,5.644351464435147,13.0,2.1866558736905892,20,48,316,rrc04,codered,normal,0
2001-07-14 10:39:00+00:00,152,28,5.342105263157895,22.0,2.636048835398138,6,21,180,rrc04,codered,normal,0
2001-07-14 10:42:00+00:00,177,40,5.80225988700565,14.0,2.227307533259155,8,28,217,rrc04,codered,normal,0
2001-07-14 10:45:00+00:00,733,37,5.39699863574352,9.0,0.7618758685086923,11,24,770,rrc04,codered,normal,0
2001-07-14 10:48:00+00:00,824,271,5.559466019417476,15.0,1.3974170716526584,123,144,1095,rrc04,codered,normal,0
2001-07-14 10:51:00+00:00,328,110,6.0426829268292686,13.0,2.09194334250359,30,75,438,rrc04,codered,normal,0
2001-07-14 10:54:00+00:00,419,94,5.529832935560859,15.0,2.2002262241604313,10,82,513,rrc04,codered,normal,0
2001-07-14 10:57:00+00:00,351,53,5.293447293447294,10.0,1.4210213901914226,7,45,404,rrc04,codered,normal,0
2001-07-14 11:00:00+00:00,809,48,5.57849196538937,13.0,1.08436794700721,13,23,857,rrc04,codered,normal,0
2001-07-14 11:03:00+00:00,908,141,5.418502202643172,10.0,0.7383225741933064,12,125,1049,rrc04,codered,normal,0
2001-07-14 11:06:00+00:00,166,51,5.867469879518072,11.0,2.3936214652639367,11,30,217,rrc04,codered,normal,0
2001-07-14 11:09:00+00:00,231,57,5.402597402597403,11.0,1.7989396125746473,17,37,288,rrc04,codered,normal,0
2001-07-14 11:12:00+00:00,257,52,6.700389105058366,14.0,2.8720645383435386,6,43,309,rrc04,codered,normal,0
2001-07-14 11:15:00+00:00,187,57,7.005347593582887,18.0,3.7395091419187905,15,33,244,rrc04,codered,normal,0
2001-07-14 11:18:00+00:00,192,40,5.786458333333333,25.0,3.1919860520680885,8,31,232,rrc04,codered,normal,0
2001-07-14 11:21:00+00:00,231,75,5.004329004329004,18.0,2.330854283867173,5,67,306,rrc04,codered,normal,0
2001-07-14 11:24:00+00:00,383,58,5.357702349869451,24.0,3.6569597361642625,10,44,441,rrc04,codered,normal,0
2001-07-14 11:27:00+00:00,252,108,6.25,24.0,3.804367790542114,32,71,360,rrc04,codered,normal,0
2001-07-14 11:30:00+00:00,357,29,5.453781512605042,12.0,1.4709963419320742,6,20,386,rrc04,codered,normal,0
2001-07-14 11:33:00+00:00,388,50,5.443298969072165,12.0,1.0022559313142563,7,39,438,rrc04,codered,normal,0
2001-07-14 11:36:00+00:00,197,29,6.522842639593908,21.0,3.8992041411842706,4,25,226,rrc04,codered,normal,0
2001-07-14 11:39:00+00:00,174,44,5.844827586206897,24.0,3.6599811135964457,11,29,218,rrc04,codered,normal,0
2001-07-14 11:42:00+00:00,268,48,6.91044776119403,21.0,3.4228439919955105,10,32,316,rrc04,codered,normal,0
2001-07-14 11:45:00+00:00,252,51,5.686507936507937,15.0,1.9150967970315507,15,28,303,rrc04,codered,normal,0
2001-07-14 11:48:00+00:00,510,158,5.588235294117647,14.0,1.18448252270663,20,136,668,rrc04,codered,normal,0
2001-07-14 11:51:00+00:00,884,46,5.328054298642534,15.0,1.3073341036590909,9,34,930,rrc04,codered,normal,0
2001-07-14 11:54:00+00:00,338,54,5.029585798816568,13.0,1.883990588749464,15,35,392,rrc04,codered,normal,0
2001-07-14 11:57:00+00:00,184,35,5.146739130434782,11.0,1.610154670328864,6,25,219,rrc04,codered,normal,0
2001-07-14 12:00:00+00:00,301,64,6.189368770764119,21.0,2.2458570052272675,9,48,365,rrc04,codered,normal,0
2001-07-14 12:03:00+00:00,443,50,5.636568848758465,21.0,2.455236990326682,11,33,493,rrc04,codered,normal,0
2001-07-14 12:06:00+00:00,1130,45,5.669911504424779,14.0,1.1358506192878863,9,29,1175,rrc04,codered,normal,0
2001-07-14 12:09:00+00:00,675,31,5.742222222222222,24.0,2.0530543340996683,5,24,706,rrc04,codered,normal,0
2001-07-14 12:12:00+00:00,226,37,5.707964601769912,12.0,1.722734068657533,9,26,263,rrc04,codered,normal,0
2001-07-14 12:15:00+00:00,476,30,6.023109243697479,24.0,2.9664602021471578,4,26,506,rrc04,codered,normal,0
2001-07-14 12:18:00+00:00,668,67,5.440119760479042,11.0,1.119107850417916,18,41,735,rrc04,codered,normal,0
2001-07-14 12:21:00+00:00,777,161,5.4324324324324325,21.0,1.7788629915572254,8,151,938,rrc04,codered,normal,0
2001-07-14 12:24:00+00:00,331,54,5.030211480362538,10.0,1.0539780566006554,5,44,385,rrc04,codered,normal,0
2001-07-14 12:27:00+00:00,383,56,5.496083550913838,18.0,1.7728324943636002,15,38,439,rrc04,codered,normal,0
2001-07-14 12:30:00+00:00,824,86,5.196601941747573,10.0,0.9322631960945075,22,59,910,rrc04,codered,normal,0
2001-07-14 12:33:00+00:00,685,62,5.25985401459854,9.0,1.0805148714605397,6,54,747,rrc04,codered,normal,0
2001-07-14 12:36:00+00:00,364,45,4.967032967032967,10.0,1.3522512726589242,14,26,409,rrc04,codered,normal,0
2001-07-14 12:39:00+00:00,757,166,5.388375165125495,9.0,1.024029457353908,12,144,923,rrc04,codered,normal,0
2001-07-14 12:42:00+00:00,629,35,6.419713831478537,21.0,2.430985572993883,5,28,664,rrc04,codered,normal,0
2001-07-14 12:45:00+00:00,294,59,6.639455782312925,24.0,3.9785916529045555,13,40,353,rrc04,codered,normal,0
2001-07-14 12:48:00+00:00,326,53,6.610429447852761,24.0,3.2791984935895266,13,34,379,rrc04,codered,normal,0
2001-07-14 12:51:00+00:00,953,99,5.795383001049318,10.0,1.3042426873948318,28,54,1052,rrc04,codered,normal,0
2001-07-14 12:54:00+00:00,524,153,5.58587786259542,9.0,1.0922484479757135,45,71,677,rrc04,codered,normal,0
2001-07-14 12:57:00+00:00,378,47,5.235449735449736,10.0,1.2237129871774273,10,30,425,rrc04,codered,normal,0
2001-07-14 13:00:00+00:00,426,164,5.772300469483568,21.0,1.7820921565168926,21,141,590,rrc04,codered,normal,0
2001-07-14 13:03:00+00:00,96,21,5.385416666666667,21.0,3.1436768270697852,3,17,117,rrc04,codered,normal,0
2001-07-14 13:06:00+00:00,125,24,4.688,8.0,1.196100330239901,4,20,149,rrc04,codered,normal,0
2001-07-14 13:09:00+00:00,140,41,5.185714285714286,11.0,1.6586815516535773,6,32,181,rrc04,codered,normal,0
2001-07-14 13:12:00+00:00,171,39,5.690058479532164,22.0,2.4739261352950566,7,29,210,rrc04,codered,normal,0
2001-07-14 13:15:00+00:00,578,82,5.072664359861592,11.0,1.1519113774947067,13,59,660,rrc04,codered,normal,0
2001-07-14 13:18:00+00:00,270,55,5.207407407407407,11.0,1.4636144822109827,6,49,325,rrc04,codered,normal,0
2001-07-14 13:21:00+00:00,197,41,5.883248730964467,21.0,3.548299600496578,10,27,238,rrc04,codered,normal,0
2001-07-14 13:24:00+00:00,242,45,5.202479338842975,12.0,1.6020112776977062,12,29,287,rrc04,codered,normal,0
2001-07-14 13:27:00+00:00,185,37,5.464864864864865,13.0,2.0188592197838022,6,30,222,rrc04,codered,normal,0
2001-07-14 13:30:00+00:00,204,101,5.200980392156863,10.0,1.376910088485227,14,74,305,rrc04,codered,normal,0
2001-07-14 13:33:00+00:00,306,90,5.571895424836601,19.0,1.9794023497678912,20,60,396,rrc04,codered,normal,0
2001-07-14 13:36:00+00:00,227,87,6.277533039647577,21.0,3.5230614805939657,9,74,314,rrc04,codered,normal,0
2001-07-14 13:39:00+00:00,277,39,5.851985559566787,20.0,2.045450536852075,6,32,316,rrc04,codered,normal,0
2001-07-14 13:42:00+00:00,145,47,7.241379310344827,24.0,5.365632478152638,9,30,192,rrc04,codered,normal,0
2001-07-14 13:45:00+00:00,183,34,4.939890710382514,10.0,1.306433843316562,9,20,217,rrc04,codered,normal,0
2001-07-14 13:48:00+00:00,190,36,5.721052631578948,13.0,1.7232401999441636,7,29,226,rrc04,codered,normal,0
2001-07-14 13:51:00+00:00,575,51,6.274782608695652,13.0,1.8782898548488136,8,40,626,rrc04,codered,normal,0
2001-07-14 13:54:00+00:00,241,96,5.838174273858921,14.0,1.9756702698759667,32,58,337,rrc04,codered,normal,0
2001-07-14 13:57:00+00:00,462,123,5.170995670995671,14.0,1.3750177818538059,33,86,585,rrc04,codered,normal,0
2001-07-14 14:00:00+00:00,289,58,5.28719723183391,11.0,1.6186228391307405,17,34,347,rrc04,codered,normal,0
2001-07-14 14:03:00+00:00,251,79,6.605577689243028,21.0,3.469819903724559,18,47,330,rrc04,codered,normal,0
2001-07-14 14:06:00+00:00,498,80,5.532128514056225,14.0,2.187030933656238,16,62,578,rrc04,codered,normal,0
2001-07-14 14:09:00+00:00,631,171,6.638668779714738,24.0,3.442444235801151,55,90,802,rrc04,codered,normal,0
2001-07-14 14:12:00+00:00,1271,50,5.977970102281668,16.0,2.322771202782385,11,35,1321,rrc04,codered,normal,0
2001-07-14 14:15:00+00:00,1386,127,5.756132756132756,12.0,1.1713181458621846,26,101,1513,rrc04,codered,normal,0
2001-07-14 14:18:00+00:00,1163,76,5.6526225279449696,12.0,1.4262191391659538,15,52,1239,rrc04,codered,normal,0
2001-07-14 14:21:00+00:00,628,53,5.337579617834395,11.0,1.1317881693238847,7,40,681,rrc04,codered,normal,0
2001-07-14 14:24:00+00:00,119,32,5.008403361344538,10.0,1.5256672232027164,6,21,151,rrc04,codered,normal,0
2001-07-14 14:27:00+00:00,1171,196,6.421007685738685,15.0,1.5691962214217705,83,112,1367,rrc04,codered,normal,0
2001-07-14 14:30:00+00:00,387,19,5.656330749354005,11.0,1.4726551366789091,0,19,406,rrc04,codered,normal,0
2001-07-14 14:33:00+00:00,311,30,5.337620578778135,12.0,1.1779728612439753,5,22,341,rrc04,codered,normal,0
2001-07-14 14:36:00+00:00,426,41,5.664319248826291,12.0,1.2228244575362122,1,40,467,rrc04,codered,normal,0
2001-07-14 14:39:00+00:00,449,64,5.456570155902004,11.0,1.1970668663423234,18,37,513,rrc04,codered,normal,0
2001-07-14 14:42:00+00:00,985,48,5.783756345177665,13.0,1.366361689123866,5,41,1033,rrc04,codered,normal,0
2001-07-14 14:45:00+00:00,208,44,6.081730769230769,18.0,2.437300856680671,15,24,252,rrc04,codered,normal,0
2001-07-14 14:48:00+00:00,179,39,5.402234636871508,11.0,1.5042567275858991,7,30,218,rrc04,codered,normal,0
2001-07-14 14:51:00+00:00,256,74,4.72265625,12.0,1.5678764920541215,14,55,330,rrc04,codered,normal,0
2001-07-14 14:54:00+00:00,287,26,4.871080139372823,13.0,1.4144968265511684,0,26,313,rrc04,codered,normal,0
2001-07-14 14:57:00+00:00,327,45,6.159021406727828,15.0,2.1329875151071356,9,32,372,rrc04,codered,normal,0
2001-07-14 15:00:00+00:00,309,51,6.56957928802589,21.0,2.691082027126471,10,34,360,rrc04,codered,normal,0
2001-07-14 15:03:00+00:00,322,37,5.630434782608695,19.0,2.549522997116801,3,34,359,rrc04,codered,normal,0
2001-07-14 15:06:00+00:00,277,60,5.700361010830325,14.0,2.122706844150995,12,42,337,rrc04,codered,normal,0
2001-07-14 15:09:00+00:00,326,56,5.7024539877300615,14.0,2.087163540946391,12,36,382,rrc04,codered,normal,0
2001-07-14 15:12:00+00:00,1801,49,5.794558578567463,21.0,1.3908534950855755,9,37,1850,rrc04,codered,normal,0
2001-07-14 15:15:00+00:00,1216,139,5.7738486842105265,21.0,2.0906292312044927,10,126,1355,rrc04,codered,normal,0
2001-07-14 15:18:00+00:00,219,50,5.109589041095891,13.0,1.6404836448753908,8,34,269,rrc04,codered,normal,0
2001-07-14 15:21:00+00:00,505,40,5.895049504950495,21.0,2.3154400491724325,10,29,545,rrc04,codered,normal,0
2001-07-14 15:24:00+00:00,229,32,5.545851528384279,21.0,2.515253517527043,6,22,261,rrc04,codered,normal,0
2001-07-14 15:27:00+00:00,937,40,5.385272145144077,9.0,0.9388546097408148,6,32,977,rrc04,codered,normal,0
2001-07-14 15:30:00+00:00,848,41,5.438679245283019,12.0,1.0721668022436586,3,35,889,rrc04,codered,normal,0
2001-07-14 15:33:00+00:00,381,51,5.79002624671916,13.0,1.9204672575964647,4,46,432,rrc04,codered,normal,0
2001-07-14 15:36:00+00:00,221,83,6.036199095022624,13.0,2.24486382825774,18,55,304,rrc04,codered,normal,0
2001-07-14 15:39:00+00:00,254,54,5.913385826771654,12.0,1.8121359131348662,12,32,308,rrc04,codered,normal,0
2001-07-14 15:42:00+00:00,111,40,5.603603603603603,21.0,4.038729796036424,6,32,151,rrc04,codered,normal,0
2001-07-14 15:45:00+00:00,294,64,5.479591836734694,15.0,2.0248268180085325,9,49,358,rrc04,codered,normal,0
2001-07-14 15:48:00+00:00,156,42,6.461538461538462,13.0,2.8179475513868004,10,27,198,rrc04,codered,normal,0
2001-07-14 15:51:00+00:00,217,71,5.142857142857143,12.0,1.4881582167932779,20,37,288,rrc04,codered,normal,0
2001-07-14 15:54:00+00:00,348,44,5.632183908045977,12.0,1.4008613321542418,11,31,392,rrc04,codered,normal,0
2001-07-14 15:57:00+00:00,410,195,5.402439024390244,10.0,1.202231219366125,14,164,605,rrc04,codered,normal,0
2001-07-14 16:00:00+00:00,922,60,5.542299349240781,23.0,1.6717800420774596,17,37,982,rrc04,codered,normal,0
2001-07-14 16:03:00+00:00,533,84,5.4953095684803,11.0,1.4594187037816952,12,62,617,rrc04,codered,normal,0
2001-07-14 16:06:00+00:00,493,64,5.22920892494929,14.0,1.6245451174723669,11,47,557,rrc04,codered,normal,0
2001-07-14 16:09:00+00:00,268,36,5.041044776119403,10.0,1.78357818646922,1,35,304,rrc04,codered,normal,0
2001-07-14 16:12:00+00:00,237,30,5.616033755274262,15.0,1.9138172601347536,4,25,267,rrc04,codered,normal,0
2001-07-14 16:15:00+00:00,147,35,5.530612244897959,15.0,2.0078286320381964,8,27,182,rrc04,codered,normal,0
2001-07-14 16:18:00+00:00,247,77,6.02834008097166,12.0,1.6553209743338688,21,54,324,rrc04,codered,normal,0
2001-07-14 16:21:00+00:00,224,78,5.959821428571429,21.0,3.132945892943612,13,56,302,rrc04,codered,normal,0
2001-07-14 16:24:00+00:00,193,31,5.523316062176166,21.0,3.139374774987037,9,19,224,rrc04,codered,normal,0
2001-07-14 16:27:00+00:00,134,47,4.858208955223881,15.0,1.7626006272729757,4,40,181,rrc04,codered,normal,0
2001-07-14 16:30:00+00:00,224,35,5.535714285714286,19.0,2.187335999683223,0,35,259,rrc04,codered,normal,0
2001-07-14 16:33:00+00:00,269,61,5.970260223048327,18.0,2.0475409875879746,11,40,330,rrc04,codered,normal,0
2001-07-14 16:36:00+00:00,419,60,6.541766109785203,13.0,2.200032052857607,11,48,479,rrc04,codered,normal,0
2001-07-14 16:39:00+00:00,965,94,5.551295336787565,11.0,1.0434651722151165,26,59,1059,rrc04,codered,normal,0
2001-07-14 16:42:00+00:00,133,38,5.917293233082707,12.0,2.483161678492392,6,29,171,rrc04,codered,normal,0
2001-07-14 16:45:00+00:00,219,56,5.675799086757991,15.0,2.210375838576264,9,36,275,rrc04,codered,normal,0
2001-07-14 16:48:00+00:00,235,53,5.531914893617022,13.0,1.948824673945345,12,35,288,rrc04,codered,normal,0
2001-07-14 16:51:00+00:00,259,33,4.629343629343629,11.0,1.3900042893422726,5,26,292,rrc04,codered,normal,0
2001-07-14 16:54:00+00:00,386,79,5.6450777202072535,13.0,1.6605570945998487,13,65,465,rrc04,codered,normal,0
2001-07-14 16:57:00+00:00,829,59,4.728588661037395,12.0,1.2741905108978087,14,31,888,rrc04,codered,normal,0
2001-07-14 17:00:00+00:00,336,111,5.178571428571429,10.0,1.3554187042923593,35,74,447,rrc04,codered,normal,0
2001-07-14 17:03:00+00:00,199,56,5.190954773869347,17.0,1.7490036195706344,15,34,255,rrc04,codered,normal,0
2001-07-14 17:06:00+00:00,548,78,5.273722627737226,17.0,1.8278769972909041,20,43,626,rrc04,codered,normal,0
2001-07-14 17:09:00+00:00,288,49,5.482638888888889,15.0,1.6350259028321537,13,31,337,rrc04,codered,normal,0
2001-07-14 17:12:00+00:00,214,58,5.841121495327103,17.0,1.9147705882950141,14,42,272,rrc04,codered,normal,0
2001-07-14 17:15:00+00:00,435,81,4.963218390804598,15.0,1.576706515196813,9,67,516,rrc04,codered,normal,0
2001-07-14 17:18:00+00:00,498,54,5.094377510040161,10.0,1.3815800984125182,12,39,552,rrc04,codered,normal,0
2001-07-14 17:21:00+00:00,477,73,5.366876310272537,11.0,1.3954077465924137,22,37,550,rrc04,codered,normal,0
2001-07-14 17:24:00+00:00,2110,1843,4.428909952606635,15.0,1.3842096129398083,25,1814,3953,rrc04,codered,normal,0
2001-07-14 17:27:00+00:00,402,57,5.206467661691542,11.0,1.469307197964081,5,49,459,rrc04,codered,normal,0
2001-07-14 17:30:00+00:00,263,111,5.494296577946768,13.0,1.7911287993664353,40,63,374,rrc04,codered,normal,0
2001-07-14 17:33:00+00:00,328,125,5.8810975609756095,11.0,1.2787698987294354,14,106,453,rrc04,codered,normal,0
2001-07-14 17:36:00+00:00,574,252,5.7770034843205575,9.0,1.2150740546057317,61,93,826,rrc04,codered,normal,0
2001-07-14 17:39:00+00:00,960,130,4.982291666666667,12.0,1.2896620028508332,21,78,1090,rrc04,codered,normal,0
2001-07-14 17:42:00+00:00,243,52,5.51440329218107,15.0,1.9145313800657986,10,36,295,rrc04,codered,normal,0
2001-07-14 17:45:00+00:00,1139,114,5.114135206321334,18.0,1.971518541217767,12,94,1253,rrc04,codered,normal,0
2001-07-14 17:48:00+00:00,1424,113,5.308286516853933,15.0,1.4600634459579829,15,92,1537,rrc04,codered,normal,0
2001-07-14 17:51:00+00:00,401,78,5.341645885286783,14.0,1.529587261751025,20,53,479,rrc04,codered,normal,0
2001-07-14 17:54:00+00:00,488,85,5.721311475409836,13.0,1.9990255621339703,6,76,573,rrc04,codered,normal,0
2001-07-14 17:57:00+00:00,418,116,6.2368421052631575,11.0,2.3889461509023926,26,82,534,rrc04,codered,normal,0
2001-07-14 18:00:00+00:00,205,35,4.9609756097560975,10.0,1.3963153688050611,5,29,240,rrc04,codered,normal,0
2001-07-14 18:03:00+00:00,239,32,5.205020920502092,13.0,1.5962219711406964,4,27,271,rrc04,codered,normal,0
2001-07-14 18:06:00+00:00,516,67,5.77906976744186,12.0,1.9671793216442157,6,57,583,rrc04,codered,normal,0
2001-07-14 18:09:00+00:00,264,52,6.666666666666667,14.0,3.40491326518523,15,33,316,rrc04,codered,normal,0
2001-07-14 18:12:00+00:00,380,43,5.105263157894737,13.0,1.9478662237137243,5,35,423,rrc04,codered,normal,0
2001-07-14 18:15:00+00:00,270,53,5.340740740740741,14.0,2.15565737318397,11,39,323,rrc04,codered,normal,0
2001-07-14 18:18:00+00:00,355,75,5.233802816901409,14.0,2.0025296440261084,23,48,430,rrc04,codered,normal,0
2001-07-14 18:21:00+00:00,341,58,5.721407624633431,13.0,1.882574611576659,15,35,399,rrc04,codered,normal,0
2001-07-14 18:24:00+00:00,253,63,5.873517786561265,13.0,2.2369097200230144,11,44,316,rrc04,codered,normal,0
2001-07-14 18:27:00+00:00,248,64,5.758064516129032,11.0,1.7009056778287055,11,48,312,rrc04,codered,normal,0
2001-07-14 18:30:00+00:00,279,57,5.408602150537634,13.0,1.5719532798773757,11,39,336,rrc04,codered,normal,0
2001-07-14 18:33:00+00:00,273,86,4.9633699633699635,10.0,1.5754918990375564,25,45,359,rrc04,codered,normal,0
2001-07-14 18:36:00+00:00,265,60,5.377358490566038,11.0,1.6713616084502765,9,46,325,rrc04,codered,normal,0
2001-07-14 18:39:00+00:00,591,108,5.284263959390863,15.0,1.5215561401689541,10,91,699,rrc04,codered,normal,0
2001-07-14 18:42:00+00:00,343,122,6.553935860058309,11.0,2.176439027716402,27,86,465,rrc04,codered,normal,0
2001-07-14 18:45:00+00:00,199,77,5.8291457286432165,13.0,2.1828372974652446,10,61,276,rrc04,codered,normal,0
2001-07-14 18:48:00+00:00,520,72,5.8961538461538465,13.0,1.974058834995469,17,46,592,rrc04,codered,normal,0
2001-07-14 18:51:00+00:00,599,155,5.961602671118531,11.0,2.0364446011161794,44,75,754,rrc04,codered,normal,0
2001-07-14 18:54:00+00:00,529,54,5.848771266540643,12.0,1.644088741759761,9,44,583,rrc04,codered,normal,0
2001-07-14 18:57:00+00:00,208,60,5.326923076923077,11.0,1.7065614758941203,10,47,268,rrc04,codered,normal,0
2001-07-14 19:00:00+00:00,178,34,4.977528089887641,10.0,1.414035011326064,4,29,212,rrc04,codered,normal,0
2001-07-14 19:03:00+00:00,194,45,5.268041237113402,11.0,1.6869142445312961,10,31,239,rrc04,codered,normal,0
2001-07-14 19:06:00+00:00,142,35,5.676056338028169,9.0,1.7902289403307774,6,27,177,rrc04,codered,normal,0
2001-07-14 19:09:00+00:00,154,52,4.759740259740259,10.0,1.428172907813658,9,31,206,rrc04,codered,normal,0
2001-07-14 19:12:00+00:00,747,35,4.504685408299866,10.0,1.1077997786118983,10,21,782,rrc04,codered,normal,0
2001-07-14 19:15:00+00:00,193,54,4.875647668393782,10.0,1.5218878786693444,12,36,247,rrc04,codered,normal,0
2001-07-14 19:18:00+00:00,301,58,5.189368770764119,14.0,1.9497047907272702,10,42,359,rrc04,codered,normal,0
2001-07-14 19:21:00+00:00,220,60,5.572727272727272,15.0,2.1530489624508644,16,37,280,rrc04,codered,normal,0
2001-07-14 19:24:00+00:00,202,59,5.242574257425742,12.0,1.9231701620523878,10,41,261,rrc04,codered,normal,0
2001-07-14 19:27:00+00:00,2944,80,5.003057065217392,13.0,1.1622709694929878,23,49,3024,rrc04,codered,normal,0
2001-07-14 19:30:00+00:00,268,87,5.287313432835821,9.0,1.6309470576155845,17,67,355,rrc04,codered,normal,0
2001-07-14 19:33:00+00:00,348,106,6.307471264367816,15.0,2.7048809515056185,27,62,454,rrc04,codered,normal,0
2001-07-14 19:36:00+00:00,343,97,4.967930029154519,11.0,1.7097279806152887,14,79,440,rrc04,codered,normal,0
2001-07-14 19:39:00+00:00,414,90,5.557971014492754,14.0,1.8005022753677056,18,63,504,rrc04,codered,normal,0
2001-07-14 19:42:00+00:00,262,50,6.049618320610687,14.0,1.8268094259523417,13,29,312,rrc04,codered,normal,0
2001-07-14 19:45:00+00:00,303,61,5.534653465346534,11.0,1.6762622834598522,11,48,364,rrc04,codered,normal,0
2001-07-14 19:48:00+00:00,229,71,4.646288209606987,12.0,1.3548382410063946,9,60,300,rrc04,codered,normal,0
2001-07-14 19:51:00+00:00,401,84,5.017456359102244,16.0,1.8367798217075804,12,61,485,rrc04,codered,normal,0
2001-07-14 19:54:00+00:00,291,122,4.9553264604811,14.0,1.601566290899382,50,68,413,rrc04,codered,normal,0
2001-07-14 19:57:00+00:00,350,100,5.2,13.0,1.7566201313073597,7,90,450,rrc04,codered,normal,0
2001-07-14 20:00:00+00:00,660,204,5.115151515151515,11.0,1.351345280804373,57,132,864,rrc04,codered,normal,0
2001-07-14 20:03:00+00:00,348,98,5.836206896551724,19.0,2.130554804102859,27,64,446,rrc04,codered,normal,0
2001-07-14 20:06:00+00:00,227,52,6.022026431718062,12.0,2.1841336832799243,9,40,279,rrc04,codered,normal,0
2001-07-14 20:09:00+00:00,521,95,6.1938579654510555,19.0,2.26608998297072,29,53,616,rrc04,codered,normal,0
2001-07-14 20:12:00+00:00,359,82,6.445682451253482,14.0,2.285165194469573,22,44,441,rrc04,codered,normal,0
2001-07-14 20:15:00+00:00,550,62,5.156363636363636,13.0,1.878371019247905,8,49,612,rrc04,codered,normal,0
2001-07-14 20:18:00+00:00,319,57,5.934169278996865,16.0,2.0644912197495517,7,46,376,rrc04,codered,normal,0
2001-07-14 20:21:00+00:00,559,97,4.892665474060823,15.0,2.0640720510487665,12,75,656,rrc04,codered,normal,0
2001-07-14 20:24:00+00:00,393,100,5.374045801526718,13.0,2.10537617121732,9,85,493,rrc04,codered,normal,0
2001-07-14 20:27:00+00:00,271,76,5.099630996309963,15.0,2.111565379267511,14,59,347,rrc04,codered,normal,0
2001-07-14 20:30:00+00:00,302,102,5.635761589403973,10.0,1.7204783090857496,5,93,404,rrc04,codered,normal,0
2001-07-14 20:33:00+00:00,328,57,5.341463414634147,13.0,1.592432655045931,14,33,385,rrc04,codered,normal,0
2001-07-14 20:36:00+00:00,195,72,5.630769230769231,13.0,1.5745009540923975,15,46,267,rrc04,codered,normal,0
2001-07-14 20:39:00+00:00,192,32,5.885416666666667,13.0,2.185986579645193,6,23,224,rrc04,codered,normal,0
2001-07-14 20:42:00+00:00,280,55,4.746428571428571,10.0,1.498804795937927,12,41,335,rrc04,codered,normal,0
2001-07-14 20:45:00+00:00,183,45,5.251366120218579,13.0,2.0114931496509247,8,31,228,rrc04,codered,normal,0
2001-07-14 20:48:00+00:00,627,95,5.609250398724083,12.0,1.6539867006360787,7,87,722,rrc04,codered,normal,0
2001-07-14 20:51:00+00:00,808,118,4.891089108910891,12.0,1.554463328478467,18,85,926,rrc04,codered,normal,0
2001-07-14 20:54:00+00:00,570,69,5.277192982456141,15.0,1.7014975389457585,19,49,639,rrc04,codered,normal,0
2001-07-14 20:57:00+00:00,279,67,5.17921146953405,12.0,1.9666023559043089,19,43,346,rrc04,codered,normal,0
2001-07-14 21:00:00+00:00,547,64,6.338208409506398,14.0,1.9660888541785841,15,46,611,rrc04,codered,normal,0
2001-07-14 21:03:00+00:00,423,198,6.491725768321513,15.0,2.0741120975865566,46,112,621,rrc04,codered,normal,0
2001-07-14 21:06:00+00:00,528,101,5.619318181818182,11.0,1.5401710320127564,22,59,629,rrc04,codered,normal,0
2001-07-14 21:09:00+00:00,373,103,5.571045576407506,13.0,1.9657709620234467,12,80,476,rrc04,codered,normal,0
2001-07-14 21:12:00+00:00,1673,309,5.473998804542737,13.0,1.1391838995360273,64,215,1982,rrc04,codered,normal,0
2001-07-14 21:15:00+00:00,1551,219,5.602836879432624,14.0,1.177739893096151,27,168,1770,rrc04,codered,normal,0
2001-07-14 21:18:00+00:00,329,47,5.957446808510638,14.0,2.245836577104675,4,42,376,rrc04,codered,normal,0
2001-07-14 21:21:00+00:00,195,48,5.17948717948718,19.0,2.1131067767237024,5,39,243,rrc04,codered,normal,0
2001-07-14 21:24:00+00:00,463,70,4.866090712742981,11.0,1.6389545370426173,11,50,533,rrc04,codered,normal,0
2001-07-14 21:27:00+00:00,536,101,6.326492537313433,14.0,2.0786152672028524,25,57,637,rrc04,codered,normal,0
2001-07-14 21:30:00+00:00,194,59,5.175257731958763,13.0,2.279493112755555,3,54,253,rrc04,codered,normal,0
2001-07-14 21:33:00+00:00,428,119,5.4672897196261685,11.0,1.571163965276115,39,74,547,rrc04,codered,normal,0
2001-07-14 21:36:00+00:00,555,219,6.034234234234234,17.0,2.1199819604661476,49,128,774,rrc04,codered,normal,0
2001-07-14 21:39:00+00:00,297,130,6.013468013468014,13.0,2.6615772949114795,27,82,427,rrc04,codered,normal,0
2001-07-14 21:42:00+00:00,627,83,5.787878787878788,12.0,1.6909496773895791,24,53,710,rrc04,codered,normal,0
2001-07-14 21:45:00+00:00,430,65,5.816279069767442,14.0,2.3833170389536047,7,56,495,rrc04,codered,normal,0
2001-07-14 21:48:00+00:00,157,35,5.318471337579618,13.0,2.037977693009407,8,26,192,rrc04,codered,normal,0
2001-07-14 21:51:00+00:00,132,34,5.204545454545454,12.0,2.002795910734565,4,29,166,rrc04,codered,normal,0
2001-07-14 21:54:00+00:00,207,39,5.106280193236715,13.0,1.7523784192891387,9,23,246,rrc04,codered,normal,0
2001-07-14 21:57:00+00:00,219,52,4.876712328767123,11.0,1.5074718514780587,7,41,271,rrc04,codered,normal,0
2001-07-14 22:00:00+00:00,274,77,5.452554744525547,9.0,1.575222393844352,19,39,351,rrc04,codered,normal,0
2001-07-14 22:03:00+00:00,913,51,5.432639649507119,12.0,1.0049752131368084,10,36,964,rrc04,codered,normal,0
2001-07-14 22:06:00+00:00,214,46,5.186915887850467,14.0,1.9888983524746928,4,39,260,rrc04,codered,normal,0
2001-07-14 22:09:00+00:00,276,48,5.202898550724638,14.0,1.7116794883585726,8,39,324,rrc04,codered,normal,0
2001-07-14 22:12:00+00:00,1275,105,5.04078431372549,16.0,1.4208197621854384,12,83,1380,rrc04,codered,normal,0
2001-07-14 22:15:00+00:00,433,108,5.203233256351039,12.0,1.451379429415992,21,81,541,rrc04,codered,normal,0
2001-07-14 22:18:00+00:00,211,35,5.099526066350711,10.0,1.368068400992611,4,29,246,rrc04,codered,normal,0
2001-07-14 22:21:00+00:00,566,103,4.897526501766785,12.0,1.481366321551249,11,84,669,rrc04,codered,normal,0
2001-07-14 22:24:00+00:00,698,37,4.752148997134671,13.0,1.3553046457055011,5,29,735,rrc04,codered,normal,0
2001-07-14 22:27:00+00:00,275,26,5.163636363636364,12.0,1.539346217346671,2,22,301,rrc04,codered,normal,0
2001-07-14 22:30:00+00:00,602,46,5.026578073089701,14.0,1.7202983742352043,10,35,648,rrc04,codered,normal,0
2001-07-14 22:33:00+00:00,565,93,5.265486725663717,12.0,1.3157836866296766,2,89,658,rrc04,codered,normal,0
2001-07-14 22:36:00+00:00,436,47,5.717889908256881,9.0,1.2709712917989358,17,29,483,rrc04,codered,normal,0
2001-07-14 22:39:00+00:00,727,130,5.456671251719395,14.0,1.6529682960239949,14,111,857,rrc04,codered,normal,0
2001-07-14 22:42:00+00:00,307,127,5.100977198697068,11.0,1.1355517920571787,7,114,434,rrc04,codered,normal,0
2001-07-14 22:45:00+00:00,757,211,4.747688243064729,13.0,1.5225337180577228,87,114,968,rrc04,codered,normal,0
2001-07-14 22:48:00+00:00,219,56,5.30593607305936,12.0,1.7549698290672058,7,47,275,rrc04,codered,normal,0
2001-07-14 22:51:00+00:00,208,27,5.149038461538462,13.0,1.9714059407276054,2,23,235,rrc04,codered,normal,0
2001-07-14 22:54:00+00:00,219,43,5.351598173515982,11.0,1.513903510312159,12,24,262,rrc04,codered,normal,0
2001-07-14 22:57:00+00:00,402,140,5.437810945273632,13.0,1.4411725408904095,13,117,542,rrc04,codered,normal,0
2001-07-14 23:00:00+00:00,1149,30,5.102697998259356,16.0,1.4773843810613994,3,25,1179,rrc04,codered,normal,0
2001-07-14 23:03:00+00:00,507,48,5.433925049309665,16.0,1.5142560480307745,9,35,555,rrc04,codered,normal,0
2001-07-14 23:06:00+00:00,177,43,5.711864406779661,11.0,1.872043936821059,11,31,220,rrc04,codered,normal,0
2001-07-14 23:09:00+00:00,114,40,5.412280701754386,11.0,1.6900711264424926,10,26,154,rrc04,codered,normal,0
2001-07-14 23:12:00+00:00,1026,74,7.795321637426901,16.0,3.2881465809001034,14,51,1100,rrc04,codered,normal,0
2001-07-14 23:15:00+00:00,755,91,6.589403973509934,17.0,2.6149633686892937,21,68,846,rrc04,codered,normal,0
2001-07-14 23:18:00+00:00,337,67,5.483679525222552,14.0,2.3214649507313174,18,44,404,rrc04,codered,normal,0
2001-07-14 23:21:00+00:00,536,61,7.102611940298507,16.0,3.36281141910373,13,42,597,rrc04,codered,normal,0
2001-07-14 23:24:00+00:00,268,73,4.768656716417911,9.0,1.5230281066019977,20,36,341,rrc04,codered,normal,0
2001-07-14 23:27:00+00:00,159,50,4.9748427672955975,12.0,1.5578960394126107,10,36,209,rrc04,codered,normal,0
2001-07-14 23:30:00+00:00,142,34,4.852112676056338,14.0,2.3734066058898486,5,26,176,rrc04,codered,normal,0
2001-07-14 23:33:00+00:00,260,107,5.230769230769231,15.0,1.852393302391682,13,92,367,rrc04,codered,normal,0
2001-07-14 23:36:00+00:00,347,62,5.426512968299712,12.0,1.8447496028171602,14,46,409,rrc04,codered,normal,0
2001-07-14 23:39:00+00:00,397,77,5.18639798488665,14.0,2.02516072013154,14,50,474,rrc04,codered,normal,0
2001-07-14 23:42:00+00:00,384,37,5.591145833333333,13.0,2.039205507969376,12,22,421,rrc04,codered,normal,0
2001-07-14 23:45:00+00:00,278,26,5.223021582733813,16.0,1.9509937164298028,5,19,304,rrc04,codered,normal,0
2001-07-14 23:48:00+00:00,229,41,5.908296943231441,14.0,2.0185539333130817,6,31,270,rrc04,codered,normal,0
2001-07-14 23:51:00+00:00,204,69,5.696078431372549,13.0,1.8671001721043383,19,44,273,rrc04,codered,normal,0
2001-07-14 23:54:00+00:00,318,65,5.883647798742138,12.0,1.6084436875688437,18,41,383,rrc04,codered,normal,0
2001-07-14 23:57:00+00:00,259,56,5.7992277992278,16.0,2.1067641069093535,11,34,315,rrc04,codered,normal,0
2001-07-15 00:00:00+00:00,178,29,5.410112359550562,19.0,1.8947914974571756,7,17,207,rrc04,codered,normal,0
2001-07-15 00:03:00+00:00,215,38,6.083720930232558,13.0,2.4347226796436647,10,25,253,rrc04,codered,normal,0
2001-07-15 00:06:00+00:00,241,32,6.282157676348548,14.0,2.7787077790217993,4,28,273,rrc04,codered,normal,0
2001-07-15 00:09:00+00:00,149,36,5.516778523489933,11.0,1.6853256385622142,5,29,185,rrc04,codered,normal,0
2001-07-15 00:12:00+00:00,222,55,5.90990990990991,14.0,2.348277304363793,10,43,277,rrc04,codered,normal,0
2001-07-15 00:15:00+00:00,789,49,5.923954372623574,13.0,1.6156072060702054,10,30,838,rrc04,codered,normal,0
2001-07-15 00:18:00+00:00,249,72,6.686746987951807,19.0,2.921713658634805,15,52,321,rrc04,codered,normal,0
2001-07-15 00:21:00+00:00,585,103,6.668376068376069,16.0,2.185290748034314,26,65,688,rrc04,codered,normal,0
2001-07-15 00:24:00+00:00,514,173,6.206225680933852,13.0,2.0895050322522355,33,120,687,rrc04,codered,normal,0
2001-07-15 00:27:00+00:00,372,84,6.443548387096774,14.0,2.343955000284266,21,59,456,rrc04,codered,normal,0
2001-07-15 00:30:00+00:00,606,92,5.993399339933993,14.0,1.8175771769922169,28,63,698,rrc04,codered,normal,0
2001-07-15 00:33:00+00:00,199,78,5.21608040201005,9.0,1.445333059134459,17,47,277,rrc04,codered,normal,0
2001-07-15 00:36:00+00:00,250,45,5.424,13.0,2.2441532924468417,13,23,295,rrc04,codered,normal,0
2001-07-15 00:39:00+00:00,214,26,5.088785046728972,13.0,1.7605663438198949,6,19,240,rrc04,codered,normal,0
2001-07-15 00:42:00+00:00,256,32,4.78515625,10.0,1.3936008801252737,4,25,288,rrc04,codered,normal,0
2001-07-15 00:45:00+00:00,284,45,5.123239436619718,11.0,1.5206172529581692,10,30,329,rrc04,codered,normal,0
2001-07-15 00:48:00+00:00,282,46,5.273049645390071,13.0,1.7943717932154164,11,31,328,rrc04,codered,normal,0
2001-07-15 00:51:00+00:00,261,49,4.984674329501916,13.0,1.4725309841571115,9,35,310,rrc04,codered,normal,0
2001-07-15 00:54:00+00:00,146,23,5.458904109589041,13.0,2.287927555158673,6,15,169,rrc04,codered,normal,0
2001-07-15 00:57:00+00:00,123,29,5.390243902439025,11.0,1.6211716446715967,7,21,152,rrc04,codered,normal,0
2001-07-15 01:00:00+00:00,529,41,5.2684310018903595,13.0,1.2494859417317175,13,23,570,rrc04,codered,normal,0
2001-07-15 01:03:00+00:00,787,177,5.62007623888183,15.0,1.4184314024614573,76,99,964,rrc04,codered,normal,0
2001-07-15 01:06:00+00:00,910,34,5.408791208791209,17.0,1.4675724406291306,6,26,944,rrc04,codered,normal,0
2001-07-15 01:09:00+00:00,235,49,5.246808510638298,15.0,2.0229377272764,9,38,284,rrc04,codered,normal,0
2001-07-15 01:12:00+00:00,169,37,6.313609467455621,14.0,2.9315451206198233,9,26,206,rrc04,codered,normal,0
2001-07-15 01:15:00+00:00,2887,46,6.369934187738137,13.0,1.4768635128680767,10,34,2933,rrc04,codered,normal,0
2001-07-15 01:18:00+00:00,4259,248,5.949049072552242,13.0,1.5828043780470864,3,243,4507,rrc04,codered,normal,0
2001-07-15 01:21:00+00:00,2302,227,5.396611642050391,15.0,1.6879618711244961,8,216,2529,rrc04,codered,normal,0
2001-07-15 01:24:00+00:00,4779,411,5.563716258631513,15.0,1.2255005168893855,9,397,5190,rrc04,codered,normal,0
2001-07-15 01:27:00+00:00,1738,328,6.213463751438435,15.0,2.1012633807524783,52,261,2066,rrc04,codered,normal,0
2001-07-15 01:30:00+00:00,797,79,5.540777917189461,15.0,1.6756896060498543,8,64,876,rrc04,codered,normal,0
2001-07-15 01:33:00+00:00,688,115,4.745639534883721,20.0,2.260147311584999,14,99,803,rrc04,codered,normal,0
2001-07-15 01:36:00+00:00,430,39,4.862790697674418,19.0,2.3322335093723034,3,36,469,rrc04,codered,normal,0
2001-07-15 01:39:00+00:00,463,91,6.721382289416846,20.0,3.7500347918716552,22,59,554,rrc04,codered,normal,0
2001-07-15 01:42:00+00:00,723,85,5.929460580912863,17.0,2.8854100699829957,14,61,808,rrc04,codered,normal,0
2001-07-15 01:45:00+00:00,993,227,6.3937562940584085,11.0,2.0022749621848916,71,128,1220,rrc04,codered,normal,0
2001-07-15 01:48:00+00:00,1232,311,5.5941558441558445,12.0,1.294681278182486,48,248,1543,rrc04,codered,normal,0
2001-07-15 01:51:00+00:00,1442,451,5.300277392510402,12.0,1.005870386839164,127,189,1893,rrc04,codered,normal,0
2001-07-15 01:54:00+00:00,793,64,5.34047919293821,13.0,1.4319673227771268,10,52,857,rrc04,codered,normal,0
2001-07-15 01:57:00+00:00,514,48,5.706225680933852,11.0,1.7188812293423958,8,37,562,rrc04,codered,normal,0
2001-07-15 02:00:00+00:00,229,42,5.781659388646288,19.0,1.9946248396117334,11,29,271,rrc04,codered,normal,0
2001-07-15 02:03:00+00:00,471,143,5.600849256900212,12.0,1.720958393617679,43,92,614,rrc04,codered,normal,0
2001-07-15 02:06:00+00:00,236,56,6.076271186440678,12.0,1.9251096365917946,2,54,292,rrc04,codered,normal,0
2001-07-15 02:09:00+00:00,191,34,5.701570680628272,16.0,1.9006605751600152,7,23,225,rrc04,codered,normal,0
2001-07-15 02:12:00+00:00,376,85,5.547872340425532,13.0,1.6672201812115888,28,48,461,rrc04,codered,normal,0
2001-07-15 02:15:00+00:00,225,45,5.688888888888889,19.0,2.2253311585991193,10,27,270,rrc04,codered,normal,0
2001-07-15 02:18:00+00:00,340,62,6.4941176470588236,21.0,2.641851086384272,14,43,402,rrc04,codered,normal,0
2001-07-15 02:21:00+00:00,330,115,6.584848484848485,14.0,2.0686141184335356,30,63,445,rrc04,codered,normal,0
2001-07-15 02:24:00+00:00,395,69,6.275949367088607,20.0,2.088498654619557,2,66,464,rrc04,codered,normal,0
2001-07-15 02:27:00+00:00,266,59,5.853383458646617,19.0,2.0217631281118345,11,45,325,rrc04,codered,normal,0
2001-07-15 02:30:00+00:00,255,87,6.572549019607843,13.0,2.351810185699063,25,43,342,rrc04,codered,normal,0
2001-07-15 02:33:00+00:00,345,68,6.168115942028986,10.0,1.5955093461067433,6,58,413,rrc04,codered,normal,0
2001-07-15 02:36:00+00:00,159,35,5.566037735849057,13.0,2.1117470244873915,3,32,194,rrc04,codered,normal,0
2001-07-15 02:39:00+00:00,373,72,5.067024128686327,11.0,1.8505302455691806,3,69,445,rrc04,codered,normal,0
2001-07-15 02:42:00+00:00,436,78,5.509174311926605,13.0,1.7667697826904887,12,63,514,rrc04,codered,normal,0
2001-07-15 02:45:00+00:00,250,66,5.244,15.0,2.2486582666114474,8,56,316,rrc04,codered,normal,0
2001-07-15 02:48:00+00:00,6707,242,5.8828090055166244,12.0,0.7324190968721113,18,218,6949,rrc04,codered,normal,0
2001-07-15 02:51:00+00:00,4105,2899,6.68721071863581,10.0,0.9854456769150903,906,933,7004,rrc04,codered,normal,0
2001-07-15 02:54:00+00:00,3596,199,5.062013348164627,11.0,0.576989960681533,8,189,3795,rrc04,codered,normal,0
2001-07-15 02:57:00+00:00,304,85,6.0230263157894735,13.0,1.9201483767618488,17,62,389,rrc04,codered,normal,0
2001-07-15 03:00:00+00:00,278,109,5.561151079136691,13.0,1.649569849810947,33,76,387,rrc04,codered,normal,0
2001-07-15 03:03:00+00:00,457,136,6.297592997811816,12.0,1.6442508768270712,28,82,593,rrc04,codered,normal,0
2001-07-15 03:06:00+00:00,260,38,5.792307692307692,13.0,1.8216482555268199,5,32,298,rrc04,codered,normal,0
2001-07-15 03:09:00+00:00,277,56,5.4548736462093865,15.0,1.8388957608885235,8,42,333,rrc04,codered,normal,0
2001-07-15 03:12:00+00:00,192,54,6.020833333333333,13.0,2.051316481081248,9,41,246,rrc04,codered,normal,0
2001-07-15 03:15:00+00:00,411,74,6.51338199513382,13.0,2.0365733822242547,21,53,485,rrc04,codered,normal,0
2001-07-15 03:18:00+00:00,695,48,5.351079136690648,13.0,1.5815194818386609,7,38,743,rrc04,codered,normal,0
2001-07-15 03:21:00+00:00,332,69,6.147590361445783,15.0,2.0694042506668873,16,49,401,rrc04,codered,normal,0
2001-07-15 03:24:00+00:00,436,63,5.853211009174312,12.0,1.6483279716925634,11,50,499,rrc04,codered,normal,0
2001-07-15 03:27:00+00:00,392,127,5.466836734693878,13.0,1.5694540172046936,14,109,519,rrc04,codered,normal,0
2001-07-15 03:30:00+00:00,249,47,5.863453815261044,14.0,1.966953314198496,7,38,296,rrc04,codered,normal,0
2001-07-15 03:33:00+00:00,218,40,5.834862385321101,12.0,1.7894377235275056,9,28,258,rrc04,codered,normal,0
2001-07-15 03:36:00+00:00,413,67,5.464891041162228,10.0,1.8625537157516223,6,60,480,rrc04,codered,normal,0
2001-07-15 03:39:00+00:00,230,43,5.373913043478261,10.0,1.6783059241530605,8,33,273,rrc04,codered,normal,0
2001-07-15 03:42:00+00:00,218,40,6.922018348623853,13.0,2.363400512252357,8,29,258,rrc04,codered,normal,0
2001-07-15 03:45:00+00:00,260,54,5.446153846153846,10.0,1.3647289866858519,12,36,314,rrc04,codered,normal,0
2001-07-15 03:48:00+00:00,219,49,6.876712328767123,22.0,4.133431597489734,13,28,268,rrc04,codered,normal,0
2001-07-15 03:51:00+00:00,311,36,6.655948553054662,21.0,2.4311658743506643,4,32,347,rrc04,codered,normal,0
2001-07-15 03:54:00+00:00,337,43,8.492581602373887,25.0,6.13164953142943,11,27,380,rrc04,codered,normal,0
2001-07-15 03:57:00+00:00,483,148,5.641821946169772,24.0,2.5075600790564065,57,82,631,rrc04,codered,normal,0
2001-07-15 04:00:00+00:00,2960,1102,4.5016891891891895,20.0,1.368318107728309,10,1090,4062,rrc04,codered,normal,0
2001-07-15 04:03:00+00:00,741,109,5.106612685560054,25.0,1.9392172544196993,7,99,850,rrc04,codered,normal,0
2001-07-15 04:06:00+00:00,3178,58,4.52076777847703,12.0,1.1417927958879006,13,41,3236,rrc04,codered,normal,0
2001-07-15 04:09:00+00:00,2725,791,4.6172477064220185,15.0,1.0308612873162908,6,783,3516,rrc04,codered,normal,0
2001-07-15 04:12:00+00:00,5078,316,4.807404489956676,15.0,1.2294503515119803,28,283,5394,rrc04,codered,normal,0
2001-07-15 04:15:00+00:00,5617,226,4.5047178209008365,15.0,1.0009898054733555,8,215,5843,rrc04,codered,normal,0
2001-07-15 04:18:00+00:00,626,47,5.573482428115016,24.0,2.4150486035851224,12,31,673,rrc04,codered,normal,0
2001-07-15 04:21:00+00:00,678,28,4.853982300884955,10.0,1.2160093879346279,5,23,706,rrc04,codered,normal,0
2001-07-15 04:24:00+00:00,894,385,4.840044742729306,15.0,1.2656741658874753,140,238,1279,rrc04,codered,normal,0
2001-07-15 04:27:00+00:00,1363,397,4.897285399853265,13.0,1.1477816672481378,184,207,1760,rrc04,codered,normal,0
2001-07-15 04:30:00+00:00,1255,48,4.508366533864542,15.0,1.1004027337342899,8,37,1303,rrc04,codered,normal,0
2001-07-15 04:33:00+00:00,1067,90,4.782567947516401,15.0,1.5231902358800196,18,68,1157,rrc04,codered,normal,0
2001-07-15 04:36:00+00:00,446,167,5.448430493273543,11.0,1.9317467532550472,10,142,613,rrc04,codered,normal,0
2001-07-15 04:39:00+00:00,648,105,4.779320987654321,14.0,1.6251509432434117,9,94,753,rrc04,codered,normal,0
2001-07-15 04:42:00+00:00,2541,181,4.7323888232979145,15.0,1.6903113498996567,18,160,2722,rrc04,codered,normal,0
2001-07-15 04:45:00+00:00,1428,61,4.318627450980392,11.0,1.1852337611164059,11,41,1489,rrc04,codered,normal,0
2001-07-15 04:48:00+00:00,154,25,5.097402597402597,12.0,1.8613271362243666,2,21,179,rrc04,codered,normal,0
2001-07-15 04:51:00+00:00,1792,46,4.192522321428571,11.0,0.9156927385679323,14,25,1838,rrc04,codered,normal,0
2001-07-15 04:54:00+00:00,137,39,5.481751824817518,11.0,2.014915874721498,9,27,176,rrc04,codered,normal,0
2001-07-15 04:57:00+00:00,604,199,5.781456953642384,21.0,2.6759761225414387,65,129,803,rrc04,codered,normal,0
2001-07-15 05:00:00+00:00,4270,73696,6.742857142857143,25.0,2.4700385960090796,26,73669,77966,rrc04,codered,normal,0
2001-07-15 05:03:00+00:00,1286,51,4.530326594090202,12.0,1.7977688917667107,5,41,1337,rrc04,codered,normal,0
2001-07-15 05:06:00+00:00,32575,143,4.28199539524175,16.0,1.1974594531585787,4,138,32718,rrc04,codered,normal,0
2001-07-15 05:09:00+00:00,34123,368,4.366761421914838,21.0,1.2581298591375034,11,355,34491,rrc04,codered,normal,0
2001-07-15 05:12:00+00:00,16001,47,4.512530466845822,15.0,1.2434878210962752,8,39,16048,rrc04,codered,normal,0
2001-07-15 05:15:00+00:00,468,86,5.002136752136752,14.0,1.5268241599761538,8,73,554,rrc04,codered,normal,0
2001-07-15 05:18:00+00:00,2271,234,5.740642888595333,15.0,1.587633664389905,86,141,2505,rrc04,codered,normal,0
2001-07-15 05:21:00+00:00,592,90,5.133445945945946,11.0,1.2125872567309404,15,70,682,rrc04,codered,normal,0
2001-07-15 05:24:00+00:00,319,80,4.827586206896552,11.0,1.4400422770911105,17,60,399,rrc04,codered,normal,0
2001-07-15 05:27:00+00:00,179,53,5.4804469273743015,14.0,2.205480178332079,11,39,232,rrc04,codered,normal,0
2001-07-15 05:30:00+00:00,216,41,4.981481481481482,11.0,1.2283795519834815,8,30,257,rrc04,codered,normal,0
2001-07-15 05:33:00+00:00,374,59,5.328877005347594,12.0,1.4830126588703285,6,48,433,rrc04,codered,normal,0
2001-07-15 05:36:00+00:00,420,98,6.347619047619047,11.0,2.2034862091519662,20,78,518,rrc04,codered,normal,0
2001-07-15 05:39:00+00:00,438,38,5.662100456621005,12.0,0.8275932917654263,3,34,476,rrc04,codered,normal,0
2001-07-15 05:42:00+00:00,254,77,5.2204724409448815,10.0,1.5054409761611598,17,53,331,rrc04,codered,normal,0
2001-07-15 05:45:00+00:00,373,48,5.07774798927614,9.0,1.0208881539217078,12,32,421,rrc04,codered,normal,0
2001-07-15 05:48:00+00:00,232,301,5.689655172413793,10.0,1.7661266459033447,134,166,533,rrc04,codered,normal,0
2001-07-15 05:51:00+00:00,1967,149,4.495170310116929,12.0,1.1173412678628676,14,131,2116,rrc04,codered,normal,0
2001-07-15 05:54:00+00:00,1055,394,5.173459715639811,13.0,1.4451280702319884,144,211,1449,rrc04,codered,normal,0
2001-07-15 05:57:00+00:00,330,116,5.118181818181818,10.0,1.4295484655747064,37,77,446,rrc04,codered,normal,0
2001-07-15 06:00:00+00:00,348,55,4.793103448275862,12.0,1.3142711894481278,6,46,403,rrc04,codered,normal,0
2001-07-15 06:03:00+00:00,425,156,5.938823529411764,10.0,1.526556610972941,61,89,581,rrc04,codered,normal,0
2001-07-15 06:06:00+00:00,441,150,5.4603174603174605,12.0,1.593321916359315,28,113,591,rrc04,codered,normal,0
2001-07-15 06:09:00+00:00,1379,303,5.346627991298042,12.0,0.968807128249636,129,167,1682,rrc04,codered,normal,0
2001-07-15 06:12:00+00:00,651,139,5.073732718894009,19.0,1.4285119654638014,30,101,790,rrc04,codered,normal,0
2001-07-15 06:15:00+00:00,340,77,4.902941176470589,10.0,1.238828976022885,10,63,417,rrc04,codered,normal,0
2001-07-15 06:18:00+00:00,1251,189,4.914468425259792,14.0,1.690677906573342,29,154,1440,rrc04,codered,normal,0
2001-07-15 06:21:00+00:00,1211,153,4.681255161023947,11.0,1.2369765797125776,15,135,1364,rrc04,codered,normal,0
2001-07-15 06:24:00+00:00,437,188,4.748283752860412,13.0,1.15830620125628,75,111,625,rrc04,codered,normal,0
2001-07-15 06:27:00+00:00,793,191,5.226986128625473,13.0,1.528684331106577,39,150,984,rrc04,codered,normal,0
2001-07-15 06:30:00+00:00,814,174,5.158476658476658,12.0,1.535235822530843,12,161,988,rrc04,codered,normal,0
2001-07-15 06:33:00+00:00,580,72,5.603448275862069,17.0,1.642534366117293,10,58,652,rrc04,codered,normal,0
2001-07-15 06:36:00+00:00,636,86,5.504716981132075,19.0,1.7896390526495127,19,61,722,rrc04,codered,normal,0
2001-07-15 06:39:00+00:00,309,83,4.957928802588997,10.0,1.3823354779400352,19,54,392,rrc04,codered,normal,0
2001-07-15 06:42:00+00:00,628,80,5.297770700636943,11.0,1.5451366475246497,15,63,708,rrc04,codered,normal,0
2001-07-15 06:45:00+00:00,628,200,5.36624203821656,12.0,1.5193886693926106,51,114,828,rrc04,codered,normal,0
2001-07-15 06:48:00+00:00,542,213,5.322878228782288,15.0,1.6771177117662641,68,106,755,rrc04,codered,normal,0
2001-07-15 06:51:00+00:00,388,76,4.871134020618556,13.0,1.3936127316998792,15,57,464,rrc04,codered,normal,0
2001-07-15 06:54:00+00:00,317,38,4.7760252365930596,11.0,0.9713527459640093,6,27,355,rrc04,codered,normal,0
2001-07-15 06:57:00+00:00,365,88,5.016438356164383,11.0,1.330260423430406,19,58,453,rrc04,codered,normal,0
2001-07-15 07:00:00+00:00,229,61,5.205240174672489,9.0,1.131821794941191,7,50,290,rrc04,codered,normal,0
2001-07-15 07:03:00+00:00,380,129,4.8578947368421055,12.0,1.495894659066918,21,105,509,rrc04,codered,normal,0
2001-07-15 07:06:00+00:00,502,184,5.229083665338646,12.0,1.9873380955810014,30,140,686,rrc04,codered,normal,0
2001-07-15 07:09:00+00:00,523,171,4.544933078393881,11.0,1.4774882260906865,54,116,694,rrc04,codered,normal,0
2001-07-15 07:12:00+00:00,424,141,5.44811320754717,13.0,1.8098645384562373,15,121,565,rrc04,codered,normal,0
2001-07-15 07:15:00+00:00,437,58,5.302059496567506,11.0,1.6474987257597704,4,51,495,rrc04,codered,normal,0
2001-07-15 07:18:00+00:00,714,167,5.971988795518207,11.0,1.9436889815547438,39,127,881,rrc04,codered,normal,0
2001-07-15 07:21:00+00:00,703,123,4.987197724039829,11.0,2.0832205001458934,5,117,826,rrc04,codered,normal,0
2001-07-15 07:24:00+00:00,481,146,6.860706860706861,14.0,3.6356022414934364,21,121,627,rrc04,codered,normal,0
2001-07-15 07:27:00+00:00,468,54,5.797008547008547,10.0,1.8126548339205386,7,46,522,rrc04,codered,normal,0
2001-07-15 07:30:00+00:00,495,65,5.232323232323233,10.0,1.4144155578430055,0,65,560,rrc04,codered,normal,0
2001-07-15 07:33:00+00:00,515,82,5.887378640776699,14.0,1.9644747617724365,18,62,597,rrc04,codered,normal,0
2001-07-15 07:36:00+00:00,536,95,5.1585820895522385,12.0,1.7446723393289396,17,74,631,rrc04,codered,normal,0
2001-07-15 07:39:00+00:00,146,43,5.404109589041096,13.0,2.0224045336132144,7,34,189,rrc04,codered,normal,0
2001-07-15 07:42:00+00:00,130,50,5.476923076923077,12.0,1.7016525208676265,16,32,180,rrc04,codered,normal,0
2001-07-15 07:45:00+00:00,655,93,5.67175572519084,13.0,1.6625316301489872,8,82,748,rrc04,codered,normal,0
2001-07-15 07:48:00+00:00,718,169,5.573816155988858,12.0,1.3276509423403433,69,100,887,rrc04,codered,normal,0
2001-07-15 07:51:00+00:00,527,261,5.59392789373814,11.0,1.6888407987070708,9,250,788,rrc04,codered,normal,0
2001-07-15 07:54:00+00:00,780,153,5.357692307692307,13.0,2.6173003918585427,14,136,933,rrc04,codered,normal,0
2001-07-15 07:57:00+00:00,252,96,5.801587301587301,13.0,1.8301697434930675,7,87,348,rrc04,codered,normal,0
2001-07-15 08:00:00+00:00,492,104,5.056910569105691,12.0,1.5736695917097827,23,74,596,rrc04,codered,normal,0
2001-07-15 08:03:00+00:00,429,119,5.606060606060606,15.0,2.2554901898095028,22,93,548,rrc04,codered,normal,0
2001-07-15 08:06:00+00:00,323,127,6.182662538699691,16.0,2.881682789146887,39,78,450,rrc04,codered,normal,0
2001-07-15 08:09:00+00:00,291,105,5.86254295532646,13.0,1.8467969096450287,6,97,396,rrc04,codered,normal,0
2001-07-15 08:12:00+00:00,229,65,4.8034934497816595,10.0,1.4051639094434887,17,40,294,rrc04,codered,normal,0
2001-07-15 08:15:00+00:00,431,59,4.39907192575406,12.0,1.2919163527783468,12,42,490,rrc04,codered,normal,0
2001-07-15 08:18:00+00:00,914,40,4.9070021881838075,15.0,1.3698436980571211,13,21,954,rrc04,codered,normal,0
2001-07-15 08:21:00+00:00,241,73,5.136929460580913,11.0,1.1990337184978286,13,58,314,rrc04,codered,normal,0
2001-07-15 08:24:00+00:00,114,62,5.56140350877193,13.0,1.7322284993680181,4,57,176,rrc04,codered,normal,0
2001-07-15 08:27:00+00:00,1015,52,4.810837438423645,17.0,1.2008538785435734,7,41,1067,rrc04,codered,normal,0
2001-07-15 08:30:00+00:00,279,46,4.974910394265233,11.0,1.4353753555518678,5,41,325,rrc04,codered,normal,0
2001-07-15 08:33:00+00:00,360,89,5.194444444444445,13.0,1.5003600390951435,8,80,449,rrc04,codered,normal,0
2001-07-15 08:36:00+00:00,355,121,5.061971830985915,10.0,1.4656985256936677,27,92,476,rrc04,codered,normal,0
2001-07-15 08:39:00+00:00,211,76,4.7725118483412325,9.0,1.1038076467164306,4,72,287,rrc04,codered,normal,0
2001-07-15 08:42:00+00:00,191,36,5.575916230366492,10.0,1.6605197171977644,4,31,227,rrc04,codered,normal,0
2001-07-15 08:45:00+00:00,247,20,4.821862348178137,11.0,1.4000606454762916,2,18,267,rrc04,codered,normal,0
2001-07-15 08:48:00+00:00,147,35,5.598639455782313,14.0,2.242629239090018,3,32,182,rrc04,codered,normal,0
2001-07-15 08:51:00+00:00,406,105,5.278325123152709,13.0,1.5768876100372609,16,76,511,rrc04,codered,normal,0
2001-07-15 08:54:00+00:00,262,243,5.809160305343512,13.0,1.578067732448556,22,220,505,rrc04,codered,normal,0
2001-07-15 08:57:00+00:00,489,44,4.425357873210634,13.0,1.5425297008685876,7,37,533,rrc04,codered,normal,0
2001-07-15 09:00:00+00:00,427,56,5.124121779859485,11.0,1.2284884808979446,8,46,483,rrc04,codered,normal,0
2001-07-15 09:03:00+00:00,431,159,5.8190255220417635,14.0,1.8252444712583207,59,96,590,rrc04,codered,normal,0
2001-07-15 09:06:00+00:00,538,68,5.314126394052044,9.0,1.1007876863832304,22,36,606,rrc04,codered,normal,0
2001-07-15 09:09:00+00:00,335,47,5.1940298507462686,11.0,1.516464918768384,6,39,382,rrc04,codered,normal,0
2001-07-15 09:12:00+00:00,147,55,5.421768707482993,13.0,1.9757894144997716,12,37,202,rrc04,codered,normal,0
2001-07-15 09:15:00+00:00,127,27,5.645669291338582,11.0,1.9823137640483954,6,20,154,rrc04,codered,normal,0
2001-07-15 09:18:00+00:00,194,32,4.597938144329897,12.0,1.3596527286647972,5,26,226,rrc04,codered,normal,0
2001-07-15 09:21:00+00:00,240,51,5.016666666666667,11.0,1.3069259946743563,9,36,291,rrc04,codered,normal,0
2001-07-15 09:24:00+00:00,183,19,5.699453551912568,12.0,1.7312144657814932,4,14,202,rrc04,codered,normal,0
2001-07-15 09:27:00+00:00,426,79,6.265258215962441,13.0,1.8315350687257954,13,65,505,rrc04,codered,normal,0
2001-07-15 09:30:00+00:00,383,58,5.344647519582246,14.0,2.1133088946277225,15,41,441,rrc04,codered,normal,0
2001-07-15 09:33:00+00:00,319,55,5.1191222570532915,10.0,1.4180579176396446,13,40,374,rrc04,codered,normal,0
2001-07-15 09:36:00+00:00,348,46,5.853448275862069,14.0,2.595047151515552,3,41,394,rrc04,codered,normal,0
2001-07-15 09:39:00+00:00,298,65,6.124161073825503,18.0,2.2303625072289344,16,47,363,rrc04,codered,normal,0
2001-07-15 09:42:00+00:00,205,54,7.53170731707317,20.0,3.6311953970968953,8,40,259,rrc04,codered,normal,0
2001-07-15 09:45:00+00:00,764,144,5.714659685863874,14.0,1.5416536862650996,6,136,908,rrc04,codered,normal,0
2001-07-15 09:48:00+00:00,479,38,6.035490605427975,11.0,1.8369875606351949,8,30,517,rrc04,codered,normal,0
2001-07-15 09:51:00+00:00,4690,742,5.988912579957356,11.0,0.5450735859552699,7,734,5432,rrc04,codered,normal,0
2001-07-15 09:54:00+00:00,3467,2483,6.873089126045572,13.0,1.1977961706462341,821,848,5950,rrc04,codered,normal,0
2001-07-15 09:57:00+00:00,180,33,4.377777777777778,15.0,1.609539463309495,5,24,213,rrc04,codered,normal,0
2001-07-15 10:00:00+00:00,417,78,4.597122302158273,12.0,1.568818268513762,8,69,495,rrc04,codered,normal,0
2001-07-15 10:03:00+00:00,150,70,4.866666666666666,11.0,1.2840906856172147,5,63,220,rrc04,codered,normal,0
2001-07-15 10:06:00+00:00,274,65,5.281021897810219,18.0,2.329876812843146,9,52,339,rrc04,codered,normal,0
2001-07-15 10:09:00+00:00,268,33,5.220149253731344,12.0,1.506219932541729,7,25,301,rrc04,codered,normal,0
2001-07-15 10:12:00+00:00,164,40,5.902439024390244,12.0,2.599764323734923,11,28,204,rrc04,codered,normal,0
2001-07-15 10:15:00+00:00,213,42,5.568075117370892,11.0,1.3290946313029481,11,31,255,rrc04,codered,normal,0
2001-07-15 10:18:00+00:00,475,62,6.448421052631579,12.0,2.178114257207717,4,57,537,rrc04,codered,normal,0
2001-07-15 10:21:00+00:00,321,56,5.479750778816199,13.0,2.0094158262567055,12,38,377,rrc04,codered,normal,0
2001-07-15 10:24:00+00:00,427,91,6.060889929742388,18.0,2.5296447815663003,13,72,518,rrc04,codered,normal,0
2001-07-15 10:27:00+00:00,319,111,5.664576802507837,14.0,1.560794868096677,26,81,430,rrc04,codered,normal,0
2001-07-15 10:30:00+00:00,607,136,5.962108731466228,15.0,2.2090604579308404,31,102,743,rrc04,codered,normal,0
2001-07-15 10:33:00+00:00,408,71,6.181372549019608,14.0,2.2969387296734527,16,48,479,rrc04,codered,normal,0
2001-07-15 10:36:00+00:00,223,72,5.865470852017937,15.0,2.3485174462495984,15,40,295,rrc04,codered,normal,0
2001-07-15 10:39:00+00:00,290,39,5.696551724137931,12.0,2.129672592389001,8,29,329,rrc04,codered,normal,0
2001-07-15 10:42:00+00:00,199,54,6.989949748743719,17.0,3.2438421752262117,9,40,253,rrc04,codered,normal,0
2001-07-15 10:45:00+00:00,312,36,5.480769230769231,15.0,1.865582860203219,4,31,348,rrc04,codered,normal,0
2001-07-15 10:48:00+00:00,260,45,4.75,10.0,1.3541247528030222,11,27,305,rrc04,codered,normal,0
2001-07-15 10:51:00+00:00,241,27,5.199170124481328,12.0,1.2397962522089145,0,27,268,rrc04,codered,normal,0
2001-07-15 10:54:00+00:00,224,46,5.28125,15.0,1.9287315988382476,8,35,270,rrc04,codered,normal,0
2001-07-15 10:57:00+00:00,244,48,6.741803278688525,13.0,2.7689241612007094,8,40,292,rrc04,codered,normal,0
2001-07-15 11:00:00+00:00,439,132,5.211845102505695,13.0,1.7190467278536534,36,78,571,rrc04,codered,normal,0
2001-07-15 11:03:00+00:00,536,69,5.5,13.0,1.8027756377319946,15,53,605,rrc04,codered,normal,0
2001-07-15 11:06:00+00:00,375,59,6.725333333333333,16.0,3.4186583463237286,17,37,434,rrc04,codered,normal,0
2001-07-15 11:09:00+00:00,555,72,5.821621621621621,18.0,2.196369051408018,19,46,627,rrc04,codered,normal,0
2001-07-15 11:12:00+00:00,754,94,5.389920424403183,14.0,1.8914029273149395,35,54,848,rrc04,codered,normal,0
2001-07-15 11:15:00+00:00,548,87,5.395985401459854,12.0,1.6462028681175847,9,76,635,rrc04,codered,normal,0
2001-07-15 11:18:00+00:00,315,54,5.104761904761904,17.0,2.242124033457091,10,42,369,rrc04,codered,normal,0
2001-07-15 11:21:00+00:00,308,37,4.909090909090909,12.0,1.7202523084485457,7,27,345,rrc04,codered,normal,0
2001-07-15 11:24:00+00:00,420,66,5.728571428571429,14.0,2.336591505579351,7,55,486,rrc04,codered,normal,0
2001-07-15 11:27:00+00:00,285,64,5.729824561403508,13.0,2.2307236582321748,13,41,349,rrc04,codered,normal,0
2001-07-15 11:30:00+00:00,266,48,5.349624060150376,13.0,1.5829032078545253,7,36,314,rrc04,codered,normal,0
2001-07-15 11:33:00+00:00,239,45,5.481171548117155,12.0,1.6937804908914205,12,30,284,rrc04,codered,normal,0
2001-07-15 11:36:00+00:00,455,102,4.927472527472528,11.0,1.073769772330426,33,60,557,rrc04,codered,normal,0
2001-07-15 11:39:00+00:00,384,38,4.932291666666667,11.0,1.3846626237453015,6,32,422,rrc04,codered,normal,0
2001-07-15 11:42:00+00:00,254,46,5.2047244094488185,14.0,1.9676060944578022,6,37,300,rrc04,codered,normal,0
2001-07-15 11:45:00+00:00,359,69,5.5654596100278555,14.0,1.8436155732889072,10,54,428,rrc04,codered,normal,0
2001-07-15 11:48:00+00:00,304,80,4.993421052631579,10.0,1.2773158046544109,18,50,384,rrc04,codered,normal,0
2001-07-15 11:51:00+00:00,220,31,5.2318181818181815,12.0,1.7177909608342823,6,22,251,rrc04,codered,normal,0
2001-07-15 11:54:00+00:00,315,54,5.771428571428571,12.0,1.8835485398685152,15,34,369,rrc04,codered,normal,0
2001-07-15 11:57:00+00:00,128,43,5.25,13.0,2.1102428770167667,8,33,171,rrc04,codered,normal,0
2001-07-15 12:00:00+00:00,165,27,5.248484848484848,14.0,2.1892466134766355,5,17,192,rrc04,codered,normal,0
2001-07-15 12:03:00+00:00,594,104,5.681818181818182,17.0,2.0763473319838437,6,93,698,rrc04,codered,normal,0
2001-07-15 12:06:00+00:00,482,73,7.122406639004149,17.0,2.513770377539139,5,67,555,rrc04,codered,normal,0
2001-07-15 12:09:00+00:00,318,97,4.823899371069182,10.0,1.4667578210451406,32,60,415,rrc04,codered,normal,0
2001-07-15 12:12:00+00:00,237,53,5.561181434599156,12.0,2.2840142221714568,16,36,290,rrc04,codered,normal,0
2001-07-15 12:15:00+00:00,200,34,6.465,24.0,4.890682467713479,7,22,234,rrc04,codered,normal,0
2001-07-15 12:18:00+00:00,300,92,5.77,24.0,4.69152782506225,19,73,392,rrc04,codered,normal,0
2001-07-15 12:21:00+00:00,279,55,5.168458781362007,13.0,1.4356975216768513,5,47,334,rrc04,codered,normal,0
2001-07-15 12:24:00+00:00,443,99,5.255079006772009,14.0,1.6445930783347178,33,57,542,rrc04,codered,normal,0
2001-07-15 12:27:00+00:00,208,47,4.591346153846154,10.0,1.4778239314902188,10,34,255,rrc04,codered,normal,0
2001-07-15 12:30:00+00:00,462,43,5.0562770562770565,10.0,1.4508818012374052,8,30,505,rrc04,codered,normal,0
2001-07-15 12:33:00+00:00,239,62,5.949790794979079,10.0,1.5462161799249519,13,46,301,rrc04,codered,normal,0
2001-07-15 12:36:00+00:00,162,45,5.117283950617284,10.0,1.2140423369533935,13,28,207,rrc04,codered,normal,0
2001-07-15 12:39:00+00:00,392,85,5.24234693877551,12.0,1.630369496758332,13,69,477,rrc04,codered,normal,0
2001-07-15 12:42:00+00:00,360,60,5.102777777777778,11.0,1.5891972311535698,15,36,420,rrc04,codered,normal,0
2001-07-15 12:45:00+00:00,175,45,5.622857142857143,12.0,1.7123226855916605,8,33,220,rrc04,codered,normal,0
2001-07-15 12:48:00+00:00,215,54,5.339534883720931,12.0,1.845439323113809,7,44,269,rrc04,codered,normal,0
2001-07-15 12:51:00+00:00,241,47,5.1161825726141075,11.0,1.6074862311275797,7,36,288,rrc04,codered,normal,0
2001-07-15 12:54:00+00:00,293,25,5.5290102389078495,12.0,1.8812923204853114,4,16,318,rrc04,codered,normal,0
2001-07-15 12:57:00+00:00,462,105,5.287878787878788,13.0,1.9982200527587084,23,67,567,rrc04,codered,normal,0
2001-07-15 13:00:00+00:00,351,68,4.829059829059829,12.0,1.4038445277020335,16,48,419,rrc04,codered,normal,0
2001-07-15 13:03:00+00:00,208,41,4.826923076923077,12.0,1.5028326311202334,9,31,249,rrc04,codered,normal,0
2001-07-15 13:06:00+00:00,283,43,5.342756183745583,13.0,1.8889231233682675,9,32,326,rrc04,codered,normal,0
2001-07-15 13:09:00+00:00,233,64,5.587982832618025,13.0,1.983241323094098,15,48,297,rrc04,codered,normal,0
2001-07-15 13:12:00+00:00,371,124,5.485175202156334,14.0,2.3407030434248326,22,95,495,rrc04,codered,normal,0
2001-07-15 13:15:00+00:00,339,78,5.427728613569322,13.0,1.7388323405809687,14,58,417,rrc04,codered,normal,0
2001-07-15 13:18:00+00:00,326,51,5.524539877300613,13.0,2.442783086044485,8,40,377,rrc04,codered,normal,0
2001-07-15 13:21:00+00:00,337,61,5.175074183976261,11.0,1.5356018578112476,7,50,398,rrc04,codered,normal,0
2001-07-15 13:24:00+00:00,213,41,5.291079812206573,17.0,2.3336214292062603,8,31,254,rrc04,codered,normal,0
2001-07-15 13:27:00+00:00,353,56,5.696883852691218,14.0,2.1531757770836353,4,50,409,rrc04,codered,normal,0
2001-07-15 13:30:00+00:00,357,70,5.619047619047619,14.0,2.0485633937285375,13,51,427,rrc04,codered,normal,0
2001-07-15 13:33:00+00:00,271,67,5.405904059040591,13.0,1.867720114529928,17,45,338,rrc04,codered,normal,0
2001-07-15 13:36:00+00:00,266,77,5.5,11.0,1.332784974957958,22,45,343,rrc04,codered,normal,0
2001-07-15 13:39:00+00:00,222,51,5.04954954954955,13.0,1.8410422955574184,6,45,273,rrc04,codered,normal,0
2001-07-15 13:42:00+00:00,332,40,5.078313253012048,10.0,1.3442916523027522,3,36,372,rrc04,codered,normal,0
2001-07-15 13:45:00+00:00,664,135,5.579819277108434,15.0,1.7934660435221368,43,79,799,rrc04,codered,normal,0
2001-07-15 13:48:00+00:00,451,44,5.246119733924612,15.0,1.7375982541948125,9,34,495,rrc04,codered,normal,0
2001-07-15 13:51:00+00:00,304,39,5.358552631578948,13.0,1.9004135311387307,4,34,343,rrc04,codered,normal,0
2001-07-15 13:54:00+00:00,436,106,5.162844036697248,14.0,1.178396976570733,15,83,542,rrc04,codered,normal,0
2001-07-15 13:57:00+00:00,871,79,4.873708381171068,11.0,1.043325471247523,7,70,950,rrc04,codered,normal,0
2001-07-15 14:00:00+00:00,404,102,5.121287128712871,9.0,1.3266657105903175,18,84,506,rrc04,codered,normal,0
2001-07-15 14:03:00+00:00,288,50,5.284722222222222,11.0,1.2701880571857396,14,35,338,rrc04,codered,normal,0
2001-07-15 14:06:00+00:00,398,97,5.665829145728643,13.0,2.259850173126456,24,55,495,rrc04,codered,normal,0
2001-07-15 14:09:00+00:00,522,101,5.74904214559387,14.0,1.5326113499344467,31,62,623,rrc04,codered,normal,0
2001-07-15 14:12:00+00:00,380,47,5.3578947368421055,12.0,1.567201928168961,8,39,427,rrc04,codered,normal,0
2001-07-15 14:15:00+00:00,918,215,4.383442265795207,11.0,1.003820763215428,9,201,1133,rrc04,codered,normal,0
2001-07-15 14:18:00+00:00,186,57,4.811827956989247,9.0,1.3001529655552315,14,32,243,rrc04,codered,normal,0
2001-07-15 14:21:00+00:00,173,52,5.138728323699422,15.0,1.8446462452520873,11,36,225,rrc04,codered,normal,0
2001-07-15 14:24:00+00:00,310,99,5.874193548387097,14.0,1.8334645051299139,22,61,409,rrc04,codered,normal,0
2001-07-15 14:27:00+00:00,309,61,4.650485436893204,14.0,1.4683857539079523,5,52,370,rrc04,codered,normal,0
2001-07-15 14:30:00+00:00,310,45,5.02258064516129,11.0,1.529117324433758,12,29,355,rrc04,codered,normal,0
2001-07-15 14:33:00+00:00,357,48,5.072829131652661,11.0,1.6653550378752744,4,40,405,rrc04,codered,normal,0
2001-07-15 14:36:00+00:00,464,35,5.2780172413793105,16.0,1.5900659928983136,6,27,499,rrc04,codered,normal,0
2001-07-15 14:39:00+00:00,166,41,4.403614457831325,13.0,1.7074567702994925,4,33,207,rrc04,codered,normal,0
2001-07-15 14:42:00+00:00,137,33,5.474452554744525,15.0,2.364828328118465,1,31,170,rrc04,codered,normal,0
2001-07-15 14:45:00+00:00,200,34,5.37,14.0,2.3330452203075702,8,18,234,rrc04,codered,normal,0
2001-07-15 14:48:00+00:00,227,32,5.004405286343612,13.0,1.5915464935179628,7,21,259,rrc04,codered,normal,0
2001-07-15 14:51:00+00:00,219,60,5.0091324200913245,10.0,1.68796672579658,4,56,279,rrc04,codered,normal,0
2001-07-15 14:54:00+00:00,222,36,5.256756756756757,10.0,1.7862902128759783,5,29,258,rrc04,codered,normal,0
2001-07-15 14:57:00+00:00,375,78,5.336,12.0,1.5017003695810958,25,51,453,rrc04,codered,normal,0
2001-07-15 15:00:00+00:00,465,132,5.144086021505377,12.0,1.5598085328869586,50,69,597,rrc04,codered,normal,0
2001-07-15 15:03:00+00:00,178,71,5.264044943820225,12.0,1.5732844904427468,6,61,249,rrc04,codered,normal,0
2001-07-15 15:06:00+00:00,200,63,5.47,12.0,1.7375557545011326,11,42,263,rrc04,codered,normal,0
2001-07-15 15:09:00+00:00,196,36,5.025510204081633,14.0,1.936323637589469,5,30,232,rrc04,codered,normal,0
2001-07-15 15:12:00+00:00,759,78,5.198945981554677,11.0,1.120511339127645,9,64,837,rrc04,codered,normal,0
2001-07-15 15:15:00+00:00,254,71,5.437007874015748,11.0,1.4775113759561151,16,51,325,rrc04,codered,normal,0
2001-07-15 15:18:00+00:00,560,70,5.632142857142857,12.0,1.735254936278111,18,50,630,rrc04,codered,normal,0
2001-07-15 15:21:00+00:00,526,166,5.610266159695818,11.0,1.6678032287315494,35,102,692,rrc04,codered,normal,0
2001-07-15 15:24:00+00:00,655,161,5.4793893129771,9.0,1.3212715109648412,47,97,816,rrc04,codered,normal,0
2001-07-15 15:27:00+00:00,541,64,5.792975970425139,12.0,1.5229685167246874,9,51,605,rrc04,codered,normal,0
2001-07-15 15:30:00+00:00,428,237,5.242990654205608,12.0,1.605138486442936,64,98,665,rrc04,codered,normal,0
2001-07-15 15:33:00+00:00,308,76,5.074675324675325,10.0,1.4608333188611986,12,61,384,rrc04,codered,normal,0
2001-07-15 15:36:00+00:00,214,75,4.953271028037383,10.0,1.373195860199497,22,36,289,rrc04,codered,normal,0
2001-07-15 15:39:00+00:00,396,84,5.545454545454546,12.0,1.912334906178421,8,74,480,rrc04,codered,normal,0
2001-07-15 15:42:00+00:00,307,54,5.485342019543974,15.0,1.9527680504653893,6,46,361,rrc04,codered,normal,0
2001-07-15 15:45:00+00:00,338,71,5.168639053254438,13.0,1.434349917657994,14,45,409,rrc04,codered,normal,0
2001-07-15 15:48:00+00:00,247,39,4.7368421052631575,12.0,1.6320359814369534,2,36,286,rrc04,codered,normal,0
2001-07-15 15:51:00+00:00,309,63,5.4789644012944985,11.0,1.4516069308117223,10,48,372,rrc04,codered,normal,0
2001-07-15 15:54:00+00:00,213,68,5.413145539906103,12.0,1.376603959890502,22,43,281,rrc04,codered,normal,0
2001-07-15 15:57:00+00:00,423,65,4.581560283687943,13.0,1.5398076160978122,21,33,488,rrc04,codered,normal,0
2001-07-15 16:00:00+00:00,227,90,6.559471365638767,11.0,2.5790985828931388,21,34,317,rrc04,codered,normal,0
2001-07-15 16:03:00+00:00,433,33,5.381062355658199,14.0,1.8020547108423977,6,27,466,rrc04,codered,normal,0
2001-07-15 16:06:00+00:00,409,41,5.21760391198044,13.0,1.3429461207405458,11,27,450,rrc04,codered,normal,0
2001-07-15 16:09:00+00:00,434,110,6.320276497695852,15.0,1.8014852850647392,39,64,544,rrc04,codered,normal,0
2001-07-15 16:12:00+00:00,407,103,5.400491400491401,9.0,1.2239621303819392,10,90,510,rrc04,codered,normal,0
2001-07-15 16:15:00+00:00,232,32,5.107758620689655,13.0,1.4358495540048855,8,21,264,rrc04,codered,normal,0
2001-07-15 16:18:00+00:00,272,41,5.360294117647059,15.0,2.1698901914397823,8,29,313,rrc04,codered,normal,0
2001-07-15 16:21:00+00:00,336,67,5.184523809523809,11.0,1.2683879952821864,22,40,403,rrc04,codered,normal,0
2001-07-15 16:24:00+00:00,190,51,5.542105263157895,11.0,1.6814203862316695,4,42,241,rrc04,codered,normal,0
2001-07-15 16:27:00+00:00,245,49,5.3061224489795915,14.0,1.9441600844544256,10,37,294,rrc04,codered,normal,0
2001-07-15 16:30:00+00:00,137,31,5.138686131386861,14.0,2.2706714070320193,6,23,168,rrc04,codered,normal,0
2001-07-15 16:33:00+00:00,259,49,5.297297297297297,14.0,1.8970695834044702,9,31,308,rrc04,codered,normal,0
2001-07-15 16:36:00+00:00,286,74,5.653846153846154,15.0,2.0978933566251454,6,65,360,rrc04,codered,normal,0
2001-07-15 16:39:00+00:00,187,37,5.545454545454546,13.0,1.8155060524667799,4,33,224,rrc04,codered,normal,0
2001-07-15 16:42:00+00:00,176,32,4.948863636363637,10.0,1.357930771948614,5,20,208,rrc04,codered,normal,0
2001-07-15 16:45:00+00:00,285,70,5.024561403508772,11.0,1.459185148931138,10,58,355,rrc04,codered,normal,0
2001-07-15 16:48:00+00:00,281,49,5.498220640569395,12.0,1.5328538619170111,8,38,330,rrc04,codered,normal,0
2001-07-15 16:51:00+00:00,172,42,4.994186046511628,10.0,1.4922166008965811,5,35,214,rrc04,codered,normal,0
2001-07-15 16:54:00+00:00,390,42,5.71025641025641,12.0,1.4198762805971858,8,30,432,rrc04,codered,normal,0
2001-07-15 16:57:00+00:00,287,167,5.2926829268292686,12.0,1.7040785611790847,52,99,454,rrc04,codered,normal,0
2001-07-15 17:00:00+00:00,282,109,5.1453900709219855,12.0,1.6958846799958645,15,83,391,rrc04,codered,normal,0
2001-07-15 17:03:00+00:00,391,111,4.915601023017903,10.0,1.4952737423637634,26,68,502,rrc04,codered,normal,0
2001-07-15 17:06:00+00:00,263,74,5.015209125475285,13.0,1.7110012672393533,15,43,337,rrc04,codered,normal,0
2001-07-15 17:09:00+00:00,203,27,5.8669950738916254,12.0,1.8428518098531912,5,18,230,rrc04,codered,normal,0
2001-07-15 17:12:00+00:00,268,77,6.130597014925373,13.0,1.80632089230049,14,59,345,rrc04,codered,normal,0
2001-07-15 17:15:00+00:00,200,38,5.65,15.0,2.3994791101403656,3,32,238,rrc04,codered,normal,0
2001-07-15 17:18:00+00:00,329,48,5.0820668693009114,11.0,1.0355155163425835,11,26,377,rrc04,codered,normal,0
2001-07-15 17:21:00+00:00,135,38,4.792592592592593,11.0,1.4762128537493364,8,30,173,rrc04,codered,normal,0
2001-07-15 17:24:00+00:00,220,56,5.0,9.0,1.4396969378057567,7,47,276,rrc04,codered,normal,0
2001-07-15 17:27:00+00:00,345,24,5.205797101449275,10.0,1.5212393934438826,1,22,369,rrc04,codered,normal,0
2001-07-15 17:30:00+00:00,227,33,4.845814977973569,10.0,1.1902754359155456,10,22,260,rrc04,codered,normal,0
2001-07-15 17:33:00+00:00,230,47,5.065217391304348,13.0,1.5007559531788939,12,28,277,rrc04,codered,normal,0
2001-07-15 17:36:00+00:00,386,117,5.919689119170984,11.0,1.4826373038797118,39,77,503,rrc04,codered,normal,0
2001-07-15 17:39:00+00:00,1203,98,5.897755610972569,13.0,1.3450515631463906,19,73,1301,rrc04,codered,normal,0
2001-07-15 17:42:00+00:00,399,42,5.007518796992481,10.0,0.8056464948780762,12,27,441,rrc04,codered,normal,0
2001-07-15 17:45:00+00:00,227,55,5.334801762114537,10.0,1.430558663059661,13,26,282,rrc04,codered,normal,0
2001-07-15 17:48:00+00:00,296,34,5.0574324324324325,15.0,1.641957928824371,6,25,330,rrc04,codered,normal,0
2001-07-15 17:51:00+00:00,263,48,5.334600760456274,15.0,1.8277072560975995,12,32,311,rrc04,codered,normal,0
2001-07-15 17:54:00+00:00,168,36,4.994047619047619,10.0,1.8787566297748368,3,31,204,rrc04,codered,normal,0
2001-07-15 17:57:00+00:00,233,34,5.416309012875536,12.0,1.63205290264845,5,27,267,rrc04,codered,normal,0
2001-07-15 18:00:00+00:00,225,32,5.573333333333333,9.0,1.4345576166733616,3,29,257,rrc04,codered,normal,0
2001-07-15 18:03:00+00:00,176,44,5.420454545454546,10.0,1.5500849750101011,4,37,220,rrc04,codered,normal,0
2001-07-15 18:06:00+00:00,292,54,5.147260273972603,13.0,1.5490472195584752,18,34,346,rrc04,codered,normal,0
2001-07-15 18:09:00+00:00,111,33,5.297297297297297,9.0,1.5221759827382406,6,26,144,rrc04,codered,normal,0
2001-07-15 18:12:00+00:00,193,29,6.316062176165803,14.0,2.583045765406788,8,19,222,rrc04,codered,normal,0
2001-07-15 18:15:00+00:00,808,35,5.650990099009901,11.0,0.9809946507766826,10,19,843,rrc04,codered,normal,0
2001-07-15 18:18:00+00:00,379,75,5.353562005277045,13.0,1.4642824850497322,16,48,454,rrc04,codered,normal,0
2001-07-15 18:21:00+00:00,253,81,4.980237154150197,11.0,1.4756269998113136,24,49,334,rrc04,codered,normal,0
2001-07-15 18:24:00+00:00,230,47,5.1173913043478265,10.0,1.2680530005083774,8,35,277,rrc04,codered,normal,0
2001-07-15 18:27:00+00:00,124,39,4.483870967741935,11.0,1.8815053640538948,10,25,163,rrc04,codered,normal,0
2001-07-15 18:30:00+00:00,339,36,5.153392330383481,11.0,1.1236576374478413,8,23,375,rrc04,codered,normal,0
2001-07-15 18:33:00+00:00,197,39,4.873096446700508,13.0,1.8712728250102633,11,28,236,rrc04,codered,normal,0
2001-07-15 18:36:00+00:00,345,44,5.501449275362319,15.0,2.6288528800254904,10,33,389,rrc04,codered,normal,0
2001-07-15 18:39:00+00:00,417,108,6.393285371702638,18.0,3.3677484309405528,16,92,525,rrc04,codered,normal,0
2001-07-15 18:42:00+00:00,371,117,5.204851752021563,11.0,1.909284498465809,12,99,488,rrc04,codered,normal,0
2001-07-15 18:45:00+00:00,247,24,5.251012145748988,15.0,2.5470767931367684,5,18,271,rrc04,codered,normal,0
2001-07-15 18:48:00+00:00,313,36,4.34185303514377,10.0,1.1808126908994458,2,34,349,rrc04,codered,normal,0
2001-07-15 18:51:00+00:00,140,56,4.65,8.0,1.3034295421803863,13,42,196,rrc04,codered,normal,0
2001-07-15 18:54:00+00:00,167,19,5.3053892215568865,19.0,2.7110608985804743,4,13,186,rrc04,codered,normal,0
2001-07-15 18:57:00+00:00,441,124,6.215419501133787,15.0,3.1473759532207493,48,70,565,rrc04,codered,normal,0
2001-07-15 19:00:00+00:00,624,124,6.857371794871795,17.0,3.5559416892949764,14,106,748,rrc04,codered,normal,0
2001-07-15 19:03:00+00:00,1098,189,6.443533697632058,15.0,2.450418924307061,46,116,1287,rrc04,codered,normal,0
2001-07-15 19:06:00+00:00,988,134,6.724696356275303,18.0,2.76493321384645,20,97,1122,rrc04,codered,normal,0
2001-07-15 19:09:00+00:00,612,135,6.833333333333333,18.0,3.516766563026828,17,115,747,rrc04,codered,normal,0
2001-07-15 19:12:00+00:00,618,148,5.676375404530744,14.0,1.8031234500786524,51,94,766,rrc04,codered,normal,0
2001-07-15 19:15:00+00:00,354,48,5.627118644067797,15.0,1.970674596287946,12,32,402,rrc04,codered,normal,0
2001-07-15 19:18:00+00:00,333,115,5.66966966966967,13.0,1.5669864190312626,17,90,448,rrc04,codered,normal,0
2001-07-15 19:21:00+00:00,569,132,5.715289982425308,12.0,1.4153793589064572,23,104,701,rrc04,codered,normal,0
2001-07-15 19:24:00+00:00,505,39,5.368316831683169,15.0,1.7763535178589211,8,30,544,rrc04,codered,normal,0
2001-07-15 19:27:00+00:00,238,44,6.189075630252101,15.0,3.469247609709249,12,28,282,rrc04,codered,normal,0
2001-07-15 19:30:00+00:00,170,26,5.476470588235294,15.0,2.0471010813758665,3,21,196,rrc04,codered,normal,0
2001-07-15 19:33:00+00:00,300,44,5.976666666666667,15.0,2.647537640063981,12,31,344,rrc04,codered,normal,0
2001-07-15 19:36:00+00:00,199,30,6.150753768844221,16.0,2.9497273419134054,2,26,229,rrc04,codered,normal,0
2001-07-15 19:39:00+00:00,269,22,6.018587360594796,14.0,1.8978632704432359,3,18,291,rrc04,codered,normal,0
2001-07-15 19:42:00+00:00,399,41,5.2330827067669174,13.0,1.5212144833776027,6,31,440,rrc04,codered,normal,0
2001-07-15 19:45:00+00:00,516,51,5.532945736434108,14.0,2.4662213833685223,9,36,567,rrc04,codered,normal,0
2001-07-15 19:48:00+00:00,253,44,5.067193675889328,11.0,1.597747559186027,6,35,297,rrc04,codered,normal,0
2001-07-15 19:51:00+00:00,367,22,5.381471389645776,11.0,1.4243828487673693,5,14,389,rrc04,codered,normal,0
2001-07-15 19:54:00+00:00,282,42,6.390070921985815,13.0,2.62090085115134,9,30,324,rrc04,codered,normal,0
2001-07-15 19:57:00+00:00,196,41,5.362244897959184,10.0,1.4970730154185456,9,28,237,rrc04,codered,normal,0
2001-07-15 20:00:00+00:00,558,154,8.132616487455197,15.0,2.6626940772412206,66,86,712,rrc04,codered,normal,0
2001-07-15 20:03:00+00:00,537,95,6.376163873370578,15.0,2.3278793258330346,8,86,632,rrc04,codered,normal,0
2001-07-15 20:06:00+00:00,112,48,5.553571428571429,10.0,1.850865076285207,10,33,160,rrc04,codered,normal,0
2001-07-15 20:09:00+00:00,261,54,5.475095785440613,10.0,1.6319230629982087,6,46,315,rrc04,codered,normal,0
2001-07-15 20:12:00+00:00,359,86,5.114206128133705,20.0,1.9537247825004211,3,81,445,rrc04,codered,normal,0
2001-07-15 20:15:00+00:00,198,26,5.217171717171717,14.0,1.8824838740796104,1,24,224,rrc04,codered,normal,0
2001-07-15 20:18:00+00:00,251,45,5.195219123505976,18.0,1.9222271517438372,8,37,296,rrc04,codered,normal,0
2001-07-15 20:21:00+00:00,345,48,5.802898550724637,11.0,1.800641674232663,3,44,393,rrc04,codered,normal,0
2001-07-15 20:24:00+00:00,377,53,6.925729442970822,22.0,2.762922579224449,7,44,430,rrc04,codered,normal,0
2001-07-15 20:27:00+00:00,491,46,5.472505091649695,22.0,2.079077628568886,16,29,537,rrc04,codered,normal,0
2001-07-15 20:30:00+00:00,414,72,5.973429951690822,20.0,2.4010402986257096,7,63,486,rrc04,codered,normal,0
2001-07-15 20:33:00+00:00,502,50,6.336653386454183,13.0,1.8639511527342578,5,42,552,rrc04,codered,normal,0
2001-07-15 20:36:00+00:00,363,225,6.396694214876033,13.0,1.8127768397358748,6,217,588,rrc04,codered,normal,0
2001-07-15 20:39:00+00:00,684,96,6.785087719298246,14.0,1.9486867277901696,30,53,780,rrc04,codered,normal,0
2001-07-15 20:42:00+00:00,1324,172,5.287764350453172,13.0,1.827815004504793,46,89,1496,rrc04,codered,normal,0
2001-07-15 20:45:00+00:00,144,38,4.986111111111111,10.0,1.715882147237938,7,26,182,rrc04,codered,normal,0
2001-07-15 20:48:00+00:00,190,54,5.38421052631579,12.0,1.9587222359956844,6,45,244,rrc04,codered,normal,0
2001-07-15 20:51:00+00:00,174,28,4.82183908045977,12.0,1.6214740907515188,7,20,202,rrc04,codered,normal,0
2001-07-15 20:54:00+00:00,146,42,5.534246575342466,14.0,2.396242445373343,10,27,188,rrc04,codered,normal,0
2001-07-15 20:57:00+00:00,129,30,4.906976744186046,13.0,1.9226994124061407,8,19,159,rrc04,codered,normal,0
2001-07-15 21:00:00+00:00,262,98,5.549618320610687,12.0,2.006530332802933,27,68,360,rrc04,codered,normal,0
2001-07-15 21:03:00+00:00,151,26,4.953642384105961,14.0,1.9677457043223558,6,18,177,rrc04,codered,normal,0
2001-07-15 21:06:00+00:00,129,30,4.9147286821705425,12.0,1.9728034895947386,5,22,159,rrc04,codered,normal,0
2001-07-15 21:09:00+00:00,338,79,5.281065088757397,12.0,1.3590577319747594,7,63,417,rrc04,codered,normal,0
2001-07-15 21:12:00+00:00,192,49,6.338541666666667,13.0,2.478022976742526,0,49,241,rrc04,codered,normal,0
2001-07-15 21:15:00+00:00,259,42,5.768339768339768,12.0,2.283143185057914,11,26,301,rrc04,codered,normal,0
2001-07-15 21:18:00+00:00,343,80,5.571428571428571,10.0,1.7023393268304265,29,48,423,rrc04,codered,normal,0
2001-07-15 21:21:00+00:00,240,69,6.333333333333333,12.0,2.167307597509459,6,62,309,rrc04,codered,normal,0
2001-07-15 21:24:00+00:00,305,57,5.377049180327869,10.0,1.6651090096371282,10,40,362,rrc04,codered,normal,0
2001-07-15 21:27:00+00:00,445,80,4.943820224719101,14.0,1.5647776922322914,15,54,525,rrc04,codered,normal,0
2001-07-15 21:30:00+00:00,408,64,4.928921568627451,16.0,1.5818662388995122,11,45,472,rrc04,codered,normal,0
2001-07-15 21:33:00+00:00,193,39,4.94300518134715,11.0,1.6293503855001938,9,25,232,rrc04,codered,normal,0
2001-07-15 21:36:00+00:00,153,42,5.5359477124183005,13.0,1.8258354477425751,12,28,195,rrc04,codered,normal,0
2001-07-15 21:39:00+00:00,268,59,5.473880597014926,12.0,1.5072179127416165,19,39,327,rrc04,codered,normal,0
2001-07-15 21:42:00+00:00,506,45,5.292490118577075,14.0,1.43826274656727,6,38,551,rrc04,codered,normal,0
2001-07-15 21:45:00+00:00,138,46,5.594202898550725,14.0,2.2478256197497153,12,30,184,rrc04,codered,normal,0
2001-07-15 21:48:00+00:00,403,64,5.002481389578164,14.0,1.5522316589680756,4,56,467,rrc04,codered,normal,0
2001-07-15 21:51:00+00:00,377,50,6.575596816976128,13.0,2.3859088380179245,16,31,427,rrc04,codered,normal,0
2001-07-15 21:54:00+00:00,374,38,5.762032085561497,12.0,1.5952979501562257,7,26,412,rrc04,codered,normal,0
2001-07-15 21:57:00+00:00,262,35,5.4961832061068705,11.0,1.3972385295361187,12,20,297,rrc04,codered,normal,0
2001-07-15 22:00:00+00:00,308,73,4.7727272727272725,12.0,1.973929850701378,13,54,381,rrc04,codered,normal,0
2001-07-15 22:03:00+00:00,665,29,3.56390977443609,14.0,1.2893629799691733,6,19,694,rrc04,codered,normal,0
2001-07-15 22:06:00+00:00,589,60,5.023769100169779,13.0,1.8934554575630376,9,47,649,rrc04,codered,normal,0
2001-07-15 22:09:00+00:00,936,79,3.8824786324786325,13.0,1.5208917795487569,28,39,1015,rrc04,codered,normal,0
2001-07-15 22:12:00+00:00,135,40,5.444444444444445,14.0,2.0208786745581615,12,26,175,rrc04,codered,normal,0
2001-07-15 22:15:00+00:00,1042,61,5.073896353166987,15.0,3.6362049647784183,14,39,1103,rrc04,codered,normal,0
2001-07-15 22:18:00+00:00,650,43,4.275384615384615,16.0,2.3230305649984806,10,29,693,rrc04,codered,normal,0
2001-07-15 22:21:00+00:00,460,26,4.471739130434782,12.0,2.026258389836265,1,24,486,rrc04,codered,normal,0
2001-07-15 22:24:00+00:00,741,87,4.2105263157894735,11.0,1.255034608582838,10,75,828,rrc04,codered,normal,0
2001-07-15 22:27:00+00:00,582,34,3.9896907216494846,13.0,2.065898099106849,4,29,616,rrc04,codered,normal,0
2001-07-15 22:30:00+00:00,608,48,4.327302631578948,14.0,2.511115675298515,8,36,656,rrc04,codered,normal,0
2001-07-15 22:33:00+00:00,956,92,4.820083682008368,19.0,2.5096163156097644,9,81,1048,rrc04,codered,normal,0
2001-07-15 22:36:00+00:00,922,197,5.227765726681128,17.0,2.826541619062369,78,116,1119,rrc04,codered,normal,0
2001-07-15 22:39:00+00:00,912,54,4.315789473684211,15.0,2.033451777426076,7,45,966,rrc04,codered,normal,0
2001-07-15 22:42:00+00:00,609,44,5.149425287356322,15.0,2.7247579542856006,6,35,653,rrc04,codered,normal,0
2001-07-15 22:45:00+00:00,475,73,4.806315789473684,13.0,2.1852043395390206,19,49,548,rrc04,codered,normal,0
2001-07-15 22:48:00+00:00,832,249,4.197115384615385,13.0,1.5221415032503252,4,245,1081,rrc04,codered,normal,0
2001-07-15 22:51:00+00:00,659,32,4.514415781487101,15.0,1.9765748988893341,7,25,691,rrc04,codered,normal,0
2001-07-15 22:54:00+00:00,794,56,4.479848866498741,14.0,2.1877197858248776,11,40,850,rrc04,codered,normal,0
2001-07-15 22:57:00+00:00,401,47,4.43640897755611,18.0,2.6932206516775867,8,35,448,rrc04,codered,normal,0
2001-07-15 23:00:00+00:00,742,98,4.462264150943396,17.0,2.5382368066353678,16,72,840,rrc04,codered,normal,0
2001-07-15 23:03:00+00:00,580,59,4.624137931034483,14.0,1.986185943376069,7,48,639,rrc04,codered,normal,0
2001-07-15 23:06:00+00:00,567,78,4.271604938271605,14.0,1.71010733261867,8,68,645,rrc04,codered,normal,0
2001-07-15 23:09:00+00:00,689,111,5.031930333817126,13.0,2.368546164366938,32,77,800,rrc04,codered,normal,0
2001-07-15 23:12:00+00:00,383,67,5.326370757180157,11.0,1.5932327968773556,5,61,450,rrc04,codered,normal,0
2001-07-15 23:15:00+00:00,594,55,4.707070707070707,14.0,1.7936618221878524,15,36,649,rrc04,codered,normal,0
2001-07-15 23:18:00+00:00,715,94,4.4125874125874125,14.0,2.159800143980794,23,64,809,rrc04,codered,normal,0
2001-07-15 23:21:00+00:00,490,57,5.293877551020408,17.0,2.9143142970072633,6,48,547,rrc04,codered,normal,0
2001-07-15 23:24:00+00:00,397,74,4.357682619647355,14.0,1.6760342631971368,18,49,471,rrc04,codered,normal,0
2001-07-15 23:27:00+00:00,908,35,3.7202643171806167,10.0,1.3443252965051475,8,24,943,rrc04,codered,normal,0
2001-07-15 23:30:00+00:00,2219,878,4.658855340243353,15.0,1.2798492849678182,426,448,3097,rrc04,codered,normal,0
2001-07-15 23:33:00+00:00,499,179,5.282565130260521,16.0,2.6458112683640413,18,139,678,rrc04,codered,normal,0
2001-07-15 23:36:00+00:00,334,65,5.985029940119761,16.0,2.1409362981267153,15,38,399,rrc04,codered,normal,0
2001-07-15 23:39:00+00:00,700,43,4.482857142857143,14.0,2.528916844849444,10,28,743,rrc04,codered,normal,0
2001-07-15 23:42:00+00:00,742,51,4.27088948787062,17.0,2.064509239549678,9,38,793,rrc04,codered,normal,0
2001-07-15 23:45:00+00:00,398,93,5.3542713567839195,11.0,1.455407296507512,18,65,491,rrc04,codered,normal,0
2001-07-15 23:48:00+00:00,215,50,4.641860465116279,10.0,1.3561629452312831,8,32,265,rrc04,codered,normal,0
2001-07-15 23:51:00+00:00,245,85,4.840816326530613,10.0,1.6645056099177709,26,47,330,rrc04,codered,normal,0
2001-07-15 23:54:00+00:00,242,32,5.396694214876033,13.0,1.6463299471628432,7,21,274,rrc04,codered,normal,0
2001-07-15 23:57:00+00:00,328,73,6.9817073170731705,16.0,3.375797215646398,19,49,401,rrc04,codered,normal,0
2001-07-16 00:00:00+00:00,295,64,5.820338983050847,15.0,2.2333967184626298,11,45,359,rrc04,codered,normal,0
2001-07-16 00:03:00+00:00,376,67,5.691489361702128,16.0,2.3509916230367462,11,48,443,rrc04,codered,normal,0
2001-07-16 00:06:00+00:00,252,61,5.115079365079365,11.0,1.6922591015317532,12,40,313,rrc04,codered,normal,0
2001-07-16 00:09:00+00:00,433,42,5.9953810623556585,13.0,1.6039722358299788,7,31,475,rrc04,codered,normal,0
2001-07-16 00:12:00+00:00,556,26,5.39568345323741,11.0,1.325557871080067,6,14,582,rrc04,codered,normal,0
2001-07-16 00:15:00+00:00,311,23,5.061093247588424,11.0,1.8373047751976403,5,15,334,rrc04,codered,normal,0
2001-07-16 00:18:00+00:00,446,65,5.441704035874439,13.0,1.399859301812723,11,51,511,rrc04,codered,normal,0
2001-07-16 00:21:00+00:00,435,89,5.55632183908046,14.0,1.7534007121417359,12,68,524,rrc04,codered,normal,0
2001-07-16 00:24:00+00:00,306,157,4.869281045751634,7.0,1.0045179669124324,41,74,463,rrc04,codered,normal,0
2001-07-16 00:27:00+00:00,369,50,4.986449864498645,13.0,1.509618887387081,16,28,419,rrc04,codered,normal,0
2001-07-16 00:30:00+00:00,384,63,5.513020833333333,12.0,1.5810852152554287,14,38,447,rrc04,codered,normal,0
2001-07-16 00:33:00+00:00,262,47,5.297709923664122,12.0,1.7085088203278795,8,35,309,rrc04,codered,normal,0
2001-07-16 00:36:00+00:00,414,111,5.1521739130434785,13.0,1.469014132157649,10,89,525,rrc04,codered,normal,0
2001-07-16 00:39:00+00:00,355,75,5.580281690140845,11.0,1.9198459238581853,11,57,430,rrc04,codered,normal,0
2001-07-16 00:42:00+00:00,586,67,5.349829351535837,15.0,1.8999214026024378,7,55,653,rrc04,codered,normal,0
2001-07-16 00:45:00+00:00,399,106,5.636591478696742,13.0,2.05336435489722,27,63,505,rrc04,codered,normal,0
2001-07-16 00:48:00+00:00,300,43,5.36,15.0,2.04215572373901,13,26,343,rrc04,codered,normal,0
2001-07-16 00:51:00+00:00,232,44,5.521551724137931,11.0,1.6133765211657045,9,27,276,rrc04,codered,normal,0
2001-07-16 00:54:00+00:00,408,97,5.330882352941177,14.0,1.4110304973991676,30,63,505,rrc04,codered,normal,0
2001-07-16 00:57:00+00:00,250,61,5.356,13.0,2.1497125389223557,13,38,311,rrc04,codered,normal,0
2001-07-16 01:00:00+00:00,383,128,6.018276762402089,14.0,2.1911714993561238,12,104,511,rrc04,codered,normal,0
2001-07-16 01:03:00+00:00,535,150,5.297196261682243,12.0,1.4987507535592555,9,137,685,rrc04,codered,normal,0
2001-07-16 01:06:00+00:00,773,95,5.758085381630013,11.0,1.6777063311140898,22,56,868,rrc04,codered,normal,0
2001-07-16 01:09:00+00:00,511,37,5.105675146771037,15.0,1.571700278460199,5,30,548,rrc04,codered,normal,0
2001-07-16 01:12:00+00:00,540,87,8.10925925925926,17.0,3.4749243806596937,19,55,627,rrc04,codered,normal,0
2001-07-16 01:15:00+00:00,362,79,6.845303867403315,15.0,2.464856308260541,10,64,441,rrc04,codered,normal,0
2001-07-16 01:18:00+00:00,841,288,5.346016646848989,15.0,1.5165786780652435,18,258,1129,rrc04,codered,normal,0
2001-07-16 01:21:00+00:00,383,49,4.801566579634465,10.0,1.2505028336437163,13,32,432,rrc04,codered,normal,0
2001-07-16 01:24:00+00:00,222,68,4.995495495495495,14.0,1.7795073408406707,14,52,290,rrc04,codered,normal,0
2001-07-16 01:27:00+00:00,202,49,5.252475247524752,12.0,1.9902283096757618,12,32,251,rrc04,codered,normal,0
2001-07-16 01:30:00+00:00,537,86,6.391061452513966,15.0,2.536099548861537,15,59,623,rrc04,codered,normal,0
2001-07-16 01:33:00+00:00,697,72,6.625538020086084,15.0,2.1861916413580618,22,46,769,rrc04,codered,normal,0
2001-07-16 01:36:00+00:00,240,92,5.566666666666666,14.0,2.6684369124181213,9,73,332,rrc04,codered,normal,0
2001-07-16 01:39:00+00:00,178,53,6.050561797752809,17.0,3.139585014998918,14,27,231,rrc04,codered,normal,0
2001-07-16 01:42:00+00:00,256,55,5.76171875,17.0,2.589390043214509,13,38,311,rrc04,codered,normal,0
2001-07-16 01:45:00+00:00,325,71,5.781538461538462,17.0,2.0240775530666806,16,48,396,rrc04,codered,normal,0
2001-07-16 01:48:00+00:00,271,52,6.180811808118081,14.0,2.215460787204135,12,31,323,rrc04,codered,normal,0
2001-07-16 01:51:00+00:00,251,47,6.239043824701195,17.0,3.3941931725964145,10,31,298,rrc04,codered,normal,0
2001-07-16 01:54:00+00:00,245,60,6.093877551020408,17.0,2.7927316861310776,16,34,305,rrc04,codered,normal,0
2001-07-16 01:57:00+00:00,269,41,5.821561338289963,17.0,2.7682714697537314,9,28,310,rrc04,codered,normal,0
2001-07-16 02:00:00+00:00,295,40,6.020338983050848,17.0,2.2847155859798622,9,28,335,rrc04,codered,normal,0
2001-07-16 02:03:00+00:00,531,68,5.056497175141243,12.0,1.7661309734389519,12,51,599,rrc04,codered,normal,0
2001-07-16 02:06:00+00:00,263,43,5.52851711026616,12.0,2.0033585124872553,8,29,306,rrc04,codered,normal,0
2001-07-16 02:09:00+00:00,228,32,5.574561403508772,14.0,2.425858914755717,6,24,260,rrc04,codered,normal,0
2001-07-16 02:12:00+00:00,308,56,5.805194805194805,14.0,2.27515640129698,16,33,364,rrc04,codered,normal,0
2001-07-16 02:15:00+00:00,274,60,5.653284671532846,14.0,2.0840566524547626,9,47,334,rrc04,codered,normal,0
2001-07-16 02:18:00+00:00,660,37,4.792424242424242,12.0,1.3374342924738516,9,22,697,rrc04,codered,normal,0
2001-07-16 02:21:00+00:00,196,69,5.23469387755102,14.0,1.856049240683034,14,51,265,rrc04,codered,normal,0
2001-07-16 02:24:00+00:00,340,64,5.182352941176471,11.0,1.49773762491285,22,31,404,rrc04,codered,normal,0
2001-07-16 02:27:00+00:00,294,38,5.183673469387755,16.0,2.04214242630041,8,22,332,rrc04,codered,normal,0
2001-07-16 02:30:00+00:00,203,52,5.379310344827586,16.0,2.299917650537208,13,34,255,rrc04,codered,normal,0
2001-07-16 02:33:00+00:00,258,51,5.7015503875969,14.0,2.466849495511958,13,31,309,rrc04,codered,normal,0
2001-07-16 02:36:00+00:00,268,53,5.399253731343284,13.0,1.7749078710022608,7,44,321,rrc04,codered,normal,0
2001-07-16 02:39:00+00:00,353,75,5.7507082152974505,17.0,2.1958384041859613,8,65,428,rrc04,codered,normal,0
2001-07-16 02:42:00+00:00,257,121,5.330739299610895,12.0,2.265360159418291,34,69,378,rrc04,codered,normal,0
2001-07-16 02:45:00+00:00,362,107,5.143646408839779,12.0,1.727683585355226,17,75,469,rrc04,codered,normal,0
2001-07-16 02:48:00+00:00,400,32,5.66,17.0,1.7886866690396057,7,25,432,rrc04,codered,normal,0
2001-07-16 02:51:00+00:00,223,66,5.596412556053812,14.0,2.355869618504792,15,45,289,rrc04,codered,normal,0
2001-07-16 02:54:00+00:00,350,126,5.1,13.0,1.543187795256485,12,107,476,rrc04,codered,normal,0
2001-07-16 02:57:00+00:00,541,134,5.597042513863216,17.0,2.3081288754684235,12,114,675,rrc04,codered,normal,0
2001-07-16 03:00:00+00:00,255,35,5.592156862745098,11.0,1.596054342931392,7,23,290,rrc04,codered,normal,0
2001-07-16 03:03:00+00:00,408,64,5.742647058823529,13.0,1.7249452543006942,14,37,472,rrc04,codered,normal,0
2001-07-16 03:06:00+00:00,272,39,7.084558823529412,18.0,3.7890395080545964,7,29,311,rrc04,codered,normal,0
2001-07-16 03:09:00+00:00,311,71,5.498392282958199,19.0,2.499999483049129,10,56,382,rrc04,codered,normal,0
2001-07-16 03:12:00+00:00,172,55,7.017441860465116,16.0,3.4665743381569984,4,51,227,rrc04,codered,normal,0
2001-07-16 03:15:00+00:00,145,48,5.744827586206896,13.0,2.583179837665539,11,28,193,rrc04,codered,normal,0
2001-07-16 03:18:00+00:00,225,55,5.9511111111111115,17.0,2.6199764394379343,19,27,280,rrc04,codered,normal,0
2001-07-16 03:21:00+00:00,389,53,6.061696658097686,15.0,2.520108987016489,8,44,442,rrc04,codered,normal,0
2001-07-16 03:24:00+00:00,782,96,6.043478260869565,18.0,3.3367138793960924,24,44,878,rrc04,codered,normal,0
2001-07-16 03:27:00+00:00,290,39,5.582758620689655,17.0,2.36971829629705,8,29,329,rrc04,codered,normal,0
2001-07-16 03:30:00+00:00,311,82,7.118971061093248,18.0,4.041026767242168,25,43,393,rrc04,codered,normal,0
2001-07-16 03:33:00+00:00,392,83,4.862244897959184,14.0,1.9447477831392403,19,42,475,rrc04,codered,normal,0
2001-07-16 03:36:00+00:00,491,46,5.1853360488798375,14.0,1.8387846975806856,9,34,537,rrc04,codered,normal,0
2001-07-16 03:39:00+00:00,361,73,5.357340720221607,13.0,1.6567690807583362,28,39,434,rrc04,codered,normal,0
2001-07-16 03:42:00+00:00,553,95,5.795660036166366,18.0,1.818087535260953,9,82,648,rrc04,codered,normal,0
2001-07-16 03:45:00+00:00,372,87,6.051075268817204,17.0,2.171435758294295,16,67,459,rrc04,codered,normal,0
2001-07-16 03:48:00+00:00,419,118,6.398568019093079,17.0,2.493159682972715,37,61,537,rrc04,codered,normal,0
2001-07-16 03:51:00+00:00,536,77,6.684701492537314,16.0,2.532517828700193,15,51,613,rrc04,codered,normal,0
2001-07-16 03:54:00+00:00,721,248,5.780859916782247,13.0,1.5225425240886528,54,189,969,rrc04,codered,normal,0
2001-07-16 03:57:00+00:00,551,119,5.372050816696914,16.0,1.5078316919373882,36,79,670,rrc04,codered,normal,0
2001-07-16 04:00:00+00:00,483,168,5.221532091097308,11.0,1.4340549482937728,39,129,651,rrc04,codered,normal,0
2001-07-16 04:03:00+00:00,313,61,4.431309904153355,13.0,1.4617303009274698,8,49,374,rrc04,codered,normal,0
2001-07-16 04:06:00+00:00,364,36,5.81043956043956,14.0,3.2673544805074513,6,25,400,rrc04,codered,normal,0
2001-07-16 04:09:00+00:00,509,99,5.165029469548133,15.0,1.969381303900582,31,55,608,rrc04,codered,normal,0
2001-07-16 04:12:00+00:00,400,75,4.86,11.0,1.6629491874377882,18,49,475,rrc04,codered,normal,0
2001-07-16 04:15:00+00:00,778,53,5.4241645244215935,15.0,1.5445507940663508,10,41,831,rrc04,codered,normal,0
2001-07-16 04:18:00+00:00,785,42,5.835668789808917,16.0,1.7716095362405724,8,27,827,rrc04,codered,normal,0
2001-07-16 04:21:00+00:00,319,56,5.094043887147335,17.0,2.2108160193530693,12,36,375,rrc04,codered,normal,0
2001-07-16 04:24:00+00:00,280,82,5.671428571428572,18.0,2.7811684521408755,14,63,362,rrc04,codered,normal,0
2001-07-16 04:27:00+00:00,318,69,4.80503144654088,14.0,1.6672124417887304,9,50,387,rrc04,codered,normal,0
2001-07-16 04:30:00+00:00,337,77,5.314540059347181,13.0,2.158867403982889,9,61,414,rrc04,codered,normal,0
2001-07-16 04:33:00+00:00,706,77,4.93342776203966,12.0,1.5360959605514464,7,66,783,rrc04,codered,normal,0
2001-07-16 04:36:00+00:00,538,94,5.9182156133829,13.0,2.012230949938414,22,54,632,rrc04,codered,normal,0
2001-07-16 04:39:00+00:00,497,109,5.6720321931589535,11.0,1.6368131963078325,27,64,606,rrc04,codered,normal,0
2001-07-16 04:42:00+00:00,429,86,6.191142191142191,14.0,2.295392334248476,9,71,515,rrc04,codered,normal,0
2001-07-16 04:45:00+00:00,446,87,5.233183856502242,16.0,1.4391615014248171,15,66,533,rrc04,codered,normal,0
2001-07-16 04:48:00+00:00,390,45,5.092307692307692,13.0,1.9339589547502753,11,31,435,rrc04,codered,normal,0
2001-07-16 04:51:00+00:00,700,211,5.651428571428571,11.0,1.344272810018525,21,176,911,rrc04,codered,normal,0
2001-07-16 04:54:00+00:00,1085,175,5.317972350230415,13.0,1.4391816476399681,19,150,1260,rrc04,codered,normal,0
2001-07-16 04:57:00+00:00,256,63,5.4375,12.0,1.8822775432969496,17,39,319,rrc04,codered,normal,0
2001-07-16 05:00:00+00:00,271,75,5.055350553505535,12.0,1.4707100246966551,20,49,346,rrc04,codered,normal,0
2001-07-16 05:03:00+00:00,233,52,5.463519313304721,13.0,2.23505039660811,8,41,285,rrc04,codered,normal,0
2001-07-16 05:06:00+00:00,379,71,5.237467018469657,10.0,1.192133371106558,11,49,450,rrc04,codered,normal,0
2001-07-16 05:09:00+00:00,309,60,5.268608414239482,14.0,1.9777937936059684,13,41,369,rrc04,codered,normal,0
2001-07-16 05:12:00+00:00,334,62,5.266467065868263,13.0,1.8322497142536025,17,34,396,rrc04,codered,normal,0
2001-07-16 05:15:00+00:00,252,59,5.448412698412699,13.0,2.0200673463150367,13,39,311,rrc04,codered,normal,0
2001-07-16 05:18:00+00:00,263,64,5.726235741444867,10.0,1.6640792032280451,16,41,327,rrc04,codered,normal,0
2001-07-16 05:21:00+00:00,548,125,5.0,11.0,1.394724157119448,40,79,673,rrc04,codered,normal,0
2001-07-16 05:24:00+00:00,705,26,5.378723404255319,12.0,1.1521677694176595,7,17,731,rrc04,codered,normal,0
2001-07-16 05:27:00+00:00,723,88,5.504840940525588,15.0,1.6222574715143214,16,66,811,rrc04,codered,normal,0
2001-07-16 05:30:00+00:00,255,96,5.6196078431372545,16.0,2.0234914117119,17,61,351,rrc04,codered,normal,0
2001-07-16 05:33:00+00:00,270,64,6.2444444444444445,16.0,2.977611935680365,21,35,334,rrc04,codered,normal,0
2001-07-16 05:36:00+00:00,332,62,5.358433734939759,12.0,1.7078366375472511,16,44,394,rrc04,codered,normal,0
2001-07-16 05:39:00+00:00,156,68,5.564102564102564,14.0,2.1006088469636945,17,42,224,rrc04,codered,normal,0
2001-07-16 05:42:00+00:00,420,45,6.178571428571429,18.0,3.229185044933438,9,30,465,rrc04,codered,normal,0
2001-07-16 05:45:00+00:00,440,58,5.475,16.0,1.8449716676809578,18,34,498,rrc04,codered,normal,0
2001-07-16 05:48:00+00:00,391,63,6.248081841432225,18.0,3.0774055159199465,11,47,454,rrc04,codered,normal,0
2001-07-16 05:51:00+00:00,463,56,5.987041036717063,17.0,2.0959295355966523,10,44,519,rrc04,codered,normal,0
2001-07-16 05:54:00+00:00,270,65,5.155555555555556,11.0,1.8909792355115382,20,44,335,rrc04,codered,normal,0
2001-07-16 05:57:00+00:00,409,121,5.525672371638142,13.0,1.3541392127746992,34,59,530,rrc04,codered,normal,0
2001-07-16 06:00:00+00:00,313,62,5.460063897763578,17.0,1.8998493287509444,12,44,375,rrc04,codered,normal,0
2001-07-16 06:03:00+00:00,966,151,5.436853002070394,13.0,1.0263848560854483,17,124,1117,rrc04,codered,normal,0
2001-07-16 06:06:00+00:00,1163,89,5.425623387790198,13.0,1.0293694164713223,10,77,1252,rrc04,codered,normal,0
2001-07-16 06:09:00+00:00,638,77,5.539184952978056,13.0,1.5818922323464115,15,53,715,rrc04,codered,normal,0
2001-07-16 06:12:00+00:00,782,164,5.661125319693094,15.0,1.5151402194353922,16,142,946,rrc04,codered,normal,0
2001-07-16 06:15:00+00:00,2220,182,5.612612612612613,17.0,1.4436638273252567,30,142,2402,rrc04,codered,normal,0
2001-07-16 06:18:00+00:00,934,65,5.87152034261242,17.0,1.9639640138946324,14,46,999,rrc04,codered,normal,0
2001-07-16 06:21:00+00:00,606,79,5.782178217821782,14.0,1.863868508351173,16,53,685,rrc04,codered,normal,0
2001-07-16 06:24:00+00:00,1914,310,5.516718913270638,14.0,1.1641557533079272,53,238,2224,rrc04,codered,normal,0
2001-07-16 06:27:00+00:00,717,107,5.421199442119944,13.0,1.3987430941194914,15,88,824,rrc04,codered,normal,0
2001-07-16 06:30:00+00:00,1108,244,5.583935018050542,10.0,1.1333451187666623,82,151,1352,rrc04,codered,normal,0
2001-07-16 06:33:00+00:00,896,84,5.512276785714286,13.0,1.6882818808196558,7,73,980,rrc04,codered,normal,0
2001-07-16 06:36:00+00:00,764,190,5.556282722513089,13.0,1.6738596348368173,46,136,954,rrc04,codered,normal,0
2001-07-16 06:39:00+00:00,462,113,5.725108225108225,15.0,1.6157294631973622,23,72,575,rrc04,codered,normal,0
2001-07-16 06:42:00+00:00,494,200,5.354251012145749,12.0,1.3962109460317285,61,97,694,rrc04,codered,normal,0
2001-07-16 06:45:00+00:00,2606,543,5.910974673829624,14.0,1.2784515114786417,124,319,3149,rrc04,codered,normal,0
2001-07-16 06:48:00+00:00,1469,270,5.495575221238938,11.0,1.3342687650793372,48,217,1739,rrc04,codered,normal,0
2001-07-16 06:51:00+00:00,1513,284,5.6100462656972905,13.0,1.143945034696485,47,224,1797,rrc04,codered,normal,0
2001-07-16 06:54:00+00:00,2160,288,5.650925925925926,12.0,1.162850534197496,40,242,2448,rrc04,codered,normal,0
2001-07-16 06:57:00+00:00,1260,168,5.376984126984127,12.0,1.1359677154486822,25,130,1428,rrc04,codered,normal,0
2001-07-16 07:00:00+00:00,2380,179,5.6911764705882355,12.0,0.9298989521959397,15,156,2559,rrc04,codered,normal,0
2001-07-16 07:03:00+00:00,1116,303,5.870967741935484,13.0,1.5261811205029006,28,261,1419,rrc04,codered,normal,0
2001-07-16 07:06:00+00:00,1551,469,5.871695680206319,15.0,1.445209842754502,196,265,2020,rrc04,codered,normal,0
2001-07-16 07:09:00+00:00,1401,292,5.950749464668094,15.0,1.4573649901565409,43,240,1693,rrc04,codered,normal,0
2001-07-16 07:12:00+00:00,1516,330,5.477572559366755,13.0,1.3355889343145109,73,212,1846,rrc04,codered,normal,0
2001-07-16 07:15:00+00:00,1673,425,5.623430962343096,13.0,1.4601217322430382,120,255,2098,rrc04,codered,normal,0
2001-07-16 07:18:00+00:00,1702,457,6.5117508813160985,13.0,1.820251816616379,71,370,2159,rrc04,codered,normal,0
2001-07-16 07:21:00+00:00,505,182,5.598019801980198,14.0,1.6491209898645527,11,169,687,rrc04,codered,normal,0
2001-07-16 07:24:00+00:00,405,76,5.525925925925926,14.0,1.5846312635520643,22,44,481,rrc04,codered,normal,0
2001-07-16 07:27:00+00:00,909,136,7.31023102310231,14.0,2.7936976950476935,17,103,1045,rrc04,codered,normal,0
2001-07-16 07:30:00+00:00,566,183,5.606007067137809,13.0,1.4174203762180977,34,143,749,rrc04,codered,normal,0
2001-07-16 07:33:00+00:00,855,87,5.404678362573099,14.0,1.1039436413223422,27,53,942,rrc04,codered,normal,0
2001-07-16 07:36:00+00:00,227,77,5.8017621145374445,10.0,1.8322602194263904,19,52,304,rrc04,codered,normal,0
2001-07-16 07:39:00+00:00,664,123,5.679216867469879,14.0,1.8702945747507247,21,93,787,rrc04,codered,normal,0
2001-07-16 07:42:00+00:00,458,127,5.403930131004367,12.0,1.3942120888982832,43,66,585,rrc04,codered,normal,0
2001-07-16 07:45:00+00:00,520,112,5.125,11.0,1.5360257159305635,9,101,632,rrc04,codered,normal,0
2001-07-16 07:48:00+00:00,325,37,4.941538461538461,11.0,1.5108726268863817,8,27,362,rrc04,codered,normal,0
2001-07-16 07:51:00+00:00,965,123,5.161658031088083,13.0,1.080578115827085,20,91,1088,rrc04,codered,normal,0
2001-07-16 07:54:00+00:00,390,106,5.753846153846154,13.0,1.5838683825540674,31,48,496,rrc04,codered,normal,0
2001-07-16 07:57:00+00:00,539,65,6.161410018552876,13.0,2.0973334640307066,16,37,604,rrc04,codered,normal,0
2001-07-16 08:00:00+00:00,491,84,5.409368635437882,13.0,1.4432347297959458,15,58,575,rrc04,codered,normal,0
2001-07-16 08:03:00+00:00,736,79,5.414402173913044,14.0,1.4125828837535641,19,50,815,rrc04,codered,normal,0
2001-07-16 08:06:00+00:00,1175,263,5.817872340425532,15.0,1.7389223076991311,22,238,1438,rrc04,codered,normal,0
2001-07-16 08:09:00+00:00,345,64,6.165217391304348,14.0,2.1693401178570224,6,49,409,rrc04,codered,normal,0
2001-07-16 08:12:00+00:00,435,75,5.724137931034483,15.0,1.969244298560189,4,69,510,rrc04,codered,normal,0
2001-07-16 08:15:00+00:00,2588,209,6.1039412673879445,14.0,1.5351421553214772,53,143,2797,rrc04,codered,normal,0
2001-07-16 08:18:00+00:00,1976,553,5.926619433198381,13.0,1.38900392065903,179,260,2529,rrc04,codered,normal,0
2001-07-16 08:21:00+00:00,1110,152,5.091891891891892,13.0,1.212036863169601,32,119,1262,rrc04,codered,normal,0
2001-07-16 08:24:00+00:00,2520,91,5.198412698412699,14.0,1.1006480145360924,14,77,2611,rrc04,codered,normal,0
2001-07-16 08:27:00+00:00,475,75,5.530526315789474,13.0,1.6659483585987909,11,57,550,rrc04,codered,normal,0
2001-07-16 08:30:00+00:00,594,248,5.723905723905724,13.0,1.5367115501675697,72,160,842,rrc04,codered,normal,0
2001-07-16 08:33:00+00:00,934,80,5.9336188436830835,17.0,1.8393405997454348,12,64,1014,rrc04,codered,normal,0
2001-07-16 08:36:00+00:00,759,162,5.700922266139657,15.0,1.7867575222264518,60,96,921,rrc04,codered,normal,0
2001-07-16 08:39:00+00:00,1811,249,6.004417448923247,19.0,1.6391747294629366,23,213,2060,rrc04,codered,normal,0
2001-07-16 08:42:00+00:00,952,254,5.269957983193278,14.0,1.6326567506556542,82,153,1206,rrc04,codered,normal,0
2001-07-16 08:45:00+00:00,1509,181,5.638170974155069,13.0,1.8178194162271375,43,116,1690,rrc04,codered,normal,0
2001-07-16 08:48:00+00:00,1186,249,5.750421585160202,14.0,1.7567323618688433,33,163,1435,rrc04,codered,normal,0
2001-07-16 08:51:00+00:00,917,126,5.630316248636859,15.0,1.8929004730751855,21,97,1043,rrc04,codered,normal,0
2001-07-16 08:54:00+00:00,753,98,5.48605577689243,13.0,1.3089251217363722,20,64,851,rrc04,codered,normal,0
2001-07-16 08:57:00+00:00,890,110,5.042696629213483,12.0,1.3061554908942246,12,93,1000,rrc04,codered,normal,0
2001-07-16 09:00:00+00:00,992,107,5.621975806451613,12.0,1.482845770827106,21,86,1099,rrc04,codered,normal,0
2001-07-16 09:03:00+00:00,1070,182,5.31214953271028,17.0,1.6484889869989399,7,173,1252,rrc04,codered,normal,0
2001-07-16 09:06:00+00:00,978,81,4.936605316973415,11.0,1.2638069900222064,17,64,1059,rrc04,codered,normal,0
2001-07-16 09:09:00+00:00,805,101,5.685714285714286,17.0,2.386682958772811,24,71,906,rrc04,codered,normal,0
2001-07-16 09:12:00+00:00,501,85,6.009980039920159,15.0,1.7343253531962564,13,66,586,rrc04,codered,normal,0
2001-07-16 09:15:00+00:00,1291,60,4.847405112316034,11.0,1.5205636178148034,11,46,1351,rrc04,codered,normal,0
2001-07-16 09:18:00+00:00,424,62,6.974056603773585,19.0,3.47522044320522,21,39,486,rrc04,codered,normal,0
2001-07-16 09:21:00+00:00,438,49,5.742009132420091,19.0,2.298424630206202,4,44,487,rrc04,codered,normal,0
2001-07-16 09:24:00+00:00,455,127,5.595604395604395,16.0,1.760114387386222,36,78,582,rrc04,codered,normal,0
2001-07-16 09:27:00+00:00,12753,389,5.391594134713401,17.0,1.201699667055673,24,364,13142,rrc04,codered,normal,0
2001-07-16 09:30:00+00:00,10403,47,4.626261655291743,17.0,1.1582015660551663,10,33,10450,rrc04,codered,normal,0
2001-07-16 09:33:00+00:00,931,85,5.319011815252416,12.0,1.2651884933077426,12,70,1016,rrc04,codered,normal,0
2001-07-16 09:36:00+00:00,1443,267,5.65003465003465,12.0,1.1225242252887075,44,207,1710,rrc04,codered,normal,0
2001-07-16 09:39:00+00:00,15224,148,4.47970310036784,15.0,0.8246772110935018,39,92,15372,rrc04,codered,normal,0
2001-07-16 09:42:00+00:00,505,123,5.665346534653465,14.0,1.1573643361735348,5,117,628,rrc04,codered,normal,0
2001-07-16 09:45:00+00:00,823,203,5.301336573511543,17.0,1.4470267542181139,69,121,1026,rrc04,codered,normal,0
2001-07-16 09:48:00+00:00,632,143,5.026898734177215,15.0,1.5814103631191607,20,115,775,rrc04,codered,normal,0
2001-07-16 09:51:00+00:00,743,160,5.508748317631225,15.0,1.5973114760311562,16,132,903,rrc04,codered,normal,0
2001-07-16 09:54:00+00:00,355,224,5.169014084507042,12.0,1.6815981289854185,62,134,579,rrc04,codered,normal,0
2001-07-16 09:57:00+00:00,454,191,5.629955947136564,13.0,1.946324107413509,56,118,645,rrc04,codered,normal,0
2001-07-16 10:00:00+00:00,570,158,6.310526315789474,14.0,2.0148731369690274,30,119,728,rrc04,codered,normal,0
2001-07-16 10:03:00+00:00,746,223,5.568364611260054,16.0,2.039493906636831,80,109,969,rrc04,codered,normal,0
2001-07-16 10:06:00+00:00,516,80,5.651162790697675,14.0,1.7045364133253071,11,64,596,rrc04,codered,normal,0
2001-07-16 10:09:00+00:00,369,145,5.441734417344174,13.0,2.0855661465626247,44,73,514,rrc04,codered,normal,0
2001-07-16 10:12:00+00:00,1133,190,5.413945278022948,13.0,1.6425658744488774,18,165,1323,rrc04,codered,normal,0
2001-07-16 10:15:00+00:00,1555,58,5.708038585209003,11.0,1.1613966305958585,5,51,1613,rrc04,codered,normal,0
2001-07-16 10:18:00+00:00,390,68,5.507692307692308,11.0,1.4335511966897352,17,40,458,rrc04,codered,normal,0
2001-07-16 10:21:00+00:00,762,152,5.8727034120734904,13.0,1.5209181122472,26,97,914,rrc04,codered,normal,0
2001-07-16 10:24:00+00:00,843,236,6.334519572953736,15.0,2.311882114028769,82,128,1079,rrc04,codered,normal,0
2001-07-16 10:27:00+00:00,762,98,5.414698162729659,11.0,1.3770500730347164,25,72,860,rrc04,codered,normal,0
2001-07-16 10:30:00+00:00,580,93,5.196551724137931,11.0,1.4725026218864754,23,66,673,rrc04,codered,normal,0
2001-07-16 10:33:00+00:00,430,82,5.576744186046511,14.0,1.8204059359847529,26,54,512,rrc04,codered,normal,0
2001-07-16 10:36:00+00:00,536,86,5.259328358208955,12.0,1.7141603826812766,22,62,622,rrc04,codered,normal,0
2001-07-16 10:39:00+00:00,209,61,5.545454545454546,14.0,1.9757115874140176,7,50,270,rrc04,codered,normal,0
2001-07-16 10:42:00+00:00,1100,104,5.636363636363637,13.0,1.1994489092705922,16,82,1204,rrc04,codered,normal,0
2001-07-16 10:45:00+00:00,773,91,5.393272962483829,13.0,1.3498335000601946,16,73,864,rrc04,codered,normal,0
2001-07-16 10:48:00+00:00,404,77,5.26980198019802,13.0,1.737466848574979,14,54,481,rrc04,codered,normal,0
2001-07-16 10:51:00+00:00,708,138,5.55225988700565,11.0,1.3895627813881588,31,103,846,rrc04,codered,normal,0
2001-07-16 10:54:00+00:00,2668,82,5.362818590704648,13.0,0.9800849801369613,21,48,2750,rrc04,codered,normal,0
2001-07-16 10:57:00+00:00,1699,155,5.5126545026486165,14.0,1.0027853874925006,17,132,1854,rrc04,codered,normal,0
2001-07-16 11:00:00+00:00,1093,98,5.449222323879232,15.0,1.3317269429130738,30,61,1191,rrc04,codered,normal,0
2001-07-16 11:03:00+00:00,2295,116,5.574727668845316,17.0,0.9810701117555101,34,67,2411,rrc04,codered,normal,0
2001-07-16 11:06:00+00:00,1044,143,5.577586206896552,15.0,1.7178116696027954,22,120,1187,rrc04,codered,normal,0
2001-07-16 11:09:00+00:00,1274,118,5.392464678178964,18.0,1.4394551507473115,36,79,1392,rrc04,codered,normal,0
2001-07-16 11:12:00+00:00,824,73,5.570388349514563,11.0,1.2217275865701798,9,59,897,rrc04,codered,normal,0
2001-07-16 11:15:00+00:00,495,114,5.8404040404040405,15.0,1.6855847045898678,18,94,609,rrc04,codered,normal,0
2001-07-16 11:18:00+00:00,944,89,5.625,16.0,1.6094431345623337,27,60,1033,rrc04,codered,normal,0
2001-07-16 11:21:00+00:00,884,365,5.572398190045249,12.0,1.0806643443526278,117,162,1249,rrc04,codered,normal,0
2001-07-16 11:24:00+00:00,487,63,5.550308008213553,13.0,1.5687643117134866,6,57,550,rrc04,codered,normal,0
2001-07-16 11:27:00+00:00,1119,211,5.486148346738159,13.0,1.1895941811369346,32,176,1330,rrc04,codered,normal,0
2001-07-16 11:30:00+00:00,1281,105,5.727556596409055,17.0,1.6529294724409693,26,78,1386,rrc04,codered,normal,0
2001-07-16 11:33:00+00:00,1715,273,5.714868804664723,17.0,1.6440671401172886,50,212,1988,rrc04,codered,normal,0
2001-07-16 11:36:00+00:00,889,176,6.097862767154106,14.0,1.7589513759402013,57,109,1065,rrc04,codered,normal,0
2001-07-16 11:39:00+00:00,1034,152,5.6518375241779495,13.0,1.3728020973031136,36,113,1186,rrc04,codered,normal,0
2001-07-16 11:42:00+00:00,1006,269,5.470178926441352,17.0,1.5148717271422918,114,143,1275,rrc04,codered,normal,0
2001-07-16 11:45:00+00:00,1178,68,5.869269949066214,18.0,1.3268378905911928,11,54,1246,rrc04,codered,normal,0
2001-07-16 11:48:00+00:00,225,49,5.897777777777778,18.0,2.064137042057785,9,32,274,rrc04,codered,normal,0
2001-07-16 11:51:00+00:00,803,190,7.24906600249066,17.0,3.4831361742467144,52,128,993,rrc04,codered,normal,0
2001-07-16 11:54:00+00:00,1060,158,7.05188679245283,19.0,3.733598879225999,25,121,1218,rrc04,codered,normal,0
2001-07-16 11:57:00+00:00,1335,171,5.878651685393258,19.0,2.3068602416611816,44,126,1506,rrc04,codered,normal,0
2001-07-16 12:00:00+00:00,506,60,5.881422924901186,17.0,1.9177171538066018,15,40,566,rrc04,codered,normal,0
2001-07-16 12:03:00+00:00,1578,43,5.582382762991128,14.0,1.1860485568564483,5,33,1621,rrc04,codered,normal,0
2001-07-16 12:06:00+00:00,666,51,6.36036036036036,17.0,2.171171171171171,5,42,717,rrc04,codered,normal,0
2001-07-16 12:09:00+00:00,591,125,6.231810490693739,17.0,2.1132256011234536,29,79,716,rrc04,codered,normal,0
2001-07-16 12:12:00+00:00,1680,138,5.805357142857143,13.0,1.2519869412339764,21,105,1818,rrc04,codered,normal,0
2001-07-16 12:15:00+00:00,1510,209,5.472185430463576,11.0,1.1827490113687218,12,194,1719,rrc04,codered,normal,0
2001-07-16 12:18:00+00:00,510,127,5.762745098039216,15.0,1.8408715736604944,36,86,637,rrc04,codered,normal,0
2001-07-16 12:21:00+00:00,594,85,6.547138047138047,19.0,1.8225948750575607,23,57,679,rrc04,codered,normal,0
2001-07-16 12:24:00+00:00,668,201,5.748502994011976,19.0,1.686397012782451,31,162,869,rrc04,codered,normal,0
2001-07-16 12:27:00+00:00,512,160,5.763671875,17.0,2.068364907924611,19,133,672,rrc04,codered,normal,0
2001-07-16 12:30:00+00:00,333,76,6.468468468468468,17.0,2.6761761293741837,28,44,409,rrc04,codered,normal,0
2001-07-16 12:33:00+00:00,1059,283,5.576015108593012,14.0,1.5766924847483745,57,187,1342,rrc04,codered,normal,0
2001-07-16 12:36:00+00:00,3280,221,5.483231707317073,15.0,1.5634036649190928,62,145,3501,rrc04,codered,normal,0
2001-07-16 12:39:00+00:00,877,94,5.526795895096921,16.0,1.693983012083741,22,66,971,rrc04,codered,normal,0
2001-07-16 12:42:00+00:00,44854,73,6.254670709412761,20.0,1.3066254919712783,19,48,44927,rrc04,codered,normal,0
2001-07-16 12:45:00+00:00,53649,1126,5.072564260284442,18.0,1.366039802434441,7,1111,54775,rrc04,codered,normal,0
2001-07-16 12:48:00+00:00,1259,113,4.293089753772835,11.0,1.3820734388431382,27,85,1372,rrc04,codered,normal,0
2001-07-16 12:51:00+00:00,1186,213,5.56070826306914,11.0,1.2657536814111665,41,140,1399,rrc04,codered,normal,0
2001-07-16 12:54:00+00:00,1975,129,5.716455696202532,13.0,1.3318332639538188,15,108,2104,rrc04,codered,normal,0
2001-07-16 12:57:00+00:00,2043,249,5.869309838472834,12.0,1.2012609069046123,45,199,2292,rrc04,codered,normal,0
2001-07-16 13:00:00+00:00,2117,297,5.835144071799717,18.0,1.3696668860950911,119,172,2414,rrc04,codered,normal,0
2001-07-16 13:03:00+00:00,1125,139,5.575111111111111,17.0,2.1546648331492015,31,82,1264,rrc04,codered,normal,0
2001-07-16 13:06:00+00:00,698,83,5.674785100286533,19.0,2.088025697842254,13,65,781,rrc04,codered,normal,0
2001-07-16 13:09:00+00:00,837,136,5.373954599761051,14.0,1.750218354793522,36,93,973,rrc04,codered,normal,0
2001-07-16 13:12:00+00:00,1301,116,5.696387394312068,14.0,1.2283710681136555,16,93,1417,rrc04,codered,normal,0
2001-07-16 13:15:00+00:00,1194,188,5.661641541038526,13.0,1.299176128119541,37,140,1382,rrc04,codered,normal,0
2001-07-16 13:18:00+00:00,1180,146,5.538983050847458,15.0,1.4067653664783248,52,81,1326,rrc04,codered,normal,0
2001-07-16 13:21:00+00:00,1966,605,5.846897253306206,14.0,1.205049581139152,201,286,2571,rrc04,codered,normal,0
2001-07-16 13:24:00+00:00,1339,253,5.973861090365944,12.0,1.3089241396687676,29,216,1592,rrc04,codered,normal,0
2001-07-16 13:27:00+00:00,736,212,5.802989130434782,13.0,1.5898939600582418,75,94,948,rrc04,codered,normal,0
2001-07-16 13:30:00+00:00,578,74,5.8321799307958475,13.0,1.9872959203126606,15,55,652,rrc04,codered,normal,0
2001-07-16 13:33:00+00:00,768,390,5.436197916666667,12.0,1.3735189456874362,119,171,1158,rrc04,codered,normal,0
2001-07-16 13:36:00+00:00,902,69,5.703991130820399,14.0,1.373637455085753,21,37,971,rrc04,codered,normal,0
2001-07-16 13:39:00+00:00,695,130,5.512230215827338,14.0,1.7887120253385118,14,110,825,rrc04,codered,normal,0
2001-07-16 13:42:00+00:00,381,70,5.343832020997375,12.0,1.5058573348728637,14,49,451,rrc04,codered,normal,0
2001-07-16 13:45:00+00:00,424,121,5.8915094339622645,13.0,1.9273414049981998,29,90,545,rrc04,codered,normal,0
2001-07-16 13:48:00+00:00,764,82,5.2539267015706805,14.0,1.6731394370401929,14,65,846,rrc04,codered,normal,0
2001-07-16 13:51:00+00:00,297,46,5.299663299663299,14.0,1.9230394417987615,10,30,343,rrc04,codered,normal,0
2001-07-16 13:54:00+00:00,309,30,6.009708737864078,17.0,2.728828994670912,5,21,339,rrc04,codered,normal,0
2001-07-16 13:57:00+00:00,238,95,5.80672268907563,17.0,2.1742469416868877,23,52,333,rrc04,codered,normal,0
2001-07-16 14:00:00+00:00,1040,86,5.7,12.0,1.2186057606953942,26,59,1126,rrc04,codered,normal,0
2001-07-16 14:03:00+00:00,1648,52,5.839805825242719,14.0,1.2945246761083564,5,47,1700,rrc04,codered,normal,0
2001-07-16 14:06:00+00:00,1419,199,5.368569415081043,12.0,0.9855324828638857,17,169,1618,rrc04,codered,normal,0
2001-07-16 14:09:00+00:00,1055,55,5.568720379146919,12.0,0.976873711810486,16,35,1110,rrc04,codered,normal,0
2001-07-16 14:12:00+00:00,837,208,5.489844683393071,12.0,1.0749475160474953,73,118,1045,rrc04,codered,normal,0
2001-07-16 14:15:00+00:00,872,196,4.970183486238532,10.0,0.9833620308736721,12,179,1068,rrc04,codered,normal,0
2001-07-16 14:18:00+00:00,450,27,4.957777777777777,15.0,1.59178291217935,5,22,477,rrc04,codered,normal,0
2001-07-16 14:21:00+00:00,542,53,5.527675276752768,11.0,1.3481467878956968,7,45,595,rrc04,codered,normal,0
2001-07-16 14:24:00+00:00,2792,59,5.305873925501433,14.0,1.409747034200675,11,41,2851,rrc04,codered,normal,0
2001-07-16 14:27:00+00:00,405,86,5.51604938271605,15.0,1.5276429669914318,11,75,491,rrc04,codered,normal,0
2001-07-16 14:30:00+00:00,575,73,5.354782608695652,15.0,1.7050433363489554,11,57,648,rrc04,codered,normal,0
2001-07-16 14:33:00+00:00,811,195,5.651048088779285,14.0,1.3344744131915962,22,160,1006,rrc04,codered,normal,0
2001-07-16 14:36:00+00:00,913,199,5.430449069003286,13.0,1.4172437946886451,29,152,1112,rrc04,codered,normal,0
2001-07-16 14:39:00+00:00,1394,205,5.573888091822095,14.0,1.3420923958335813,20,183,1599,rrc04,codered,normal,0
2001-07-16 14:42:00+00:00,1563,254,5.697376839411389,15.0,1.6041092554890022,74,175,1817,rrc04,codered,normal,0
2001-07-16 14:45:00+00:00,1434,140,5.366108786610878,13.0,1.2987476230755588,18,113,1574,rrc04,codered,normal,0
2001-07-16 14:48:00+00:00,1089,160,6.042240587695133,16.0,2.1427600210415836,29,128,1249,rrc04,codered,normal,0
2001-07-16 14:51:00+00:00,469,59,5.995735607675906,16.0,2.4363940424522257,12,44,528,rrc04,codered,normal,0
2001-07-16 14:54:00+00:00,940,117,6.061702127659575,14.0,2.04586278854911,25,83,1057,rrc04,codered,normal,0
2001-07-16 14:57:00+00:00,910,85,5.871428571428571,15.0,1.6468275004767592,17,66,995,rrc04,codered,normal,0
2001-07-16 15:00:00+00:00,427,82,5.388758782201405,14.0,2.0229746237238952,27,45,509,rrc04,codered,normal,0
2001-07-16 15:03:00+00:00,1349,94,5.744996293550779,12.0,1.4200404897654726,21,70,1443,rrc04,codered,normal,0
2001-07-16 15:06:00+00:00,371,88,5.16711590296496,14.0,1.616657573185636,5,82,459,rrc04,codered,normal,0
2001-07-16 15:09:00+00:00,467,100,5.263383297644539,13.0,1.9646794718118066,15,80,567,rrc04,codered,normal,0
2001-07-16 15:12:00+00:00,455,53,5.158241758241759,18.0,1.51810074620194,8,42,508,rrc04,codered,normal,0
2001-07-16 15:15:00+00:00,403,116,6.064516129032258,15.0,2.292680434513691,33,80,519,rrc04,codered,normal,0
2001-07-16 15:18:00+00:00,244,44,4.967213114754099,12.0,1.530747306134438,9,33,288,rrc04,codered,normal,0
2001-07-16 15:21:00+00:00,390,64,5.582051282051282,11.0,1.7966310060023802,5,57,454,rrc04,codered,normal,0
2001-07-16 15:24:00+00:00,486,74,5.670781893004115,12.0,1.7256984647129017,19,49,560,rrc04,codered,normal,0
2001-07-16 15:27:00+00:00,421,32,4.966745843230404,13.0,1.7824257149923792,4,28,453,rrc04,codered,normal,0
2001-07-16 15:30:00+00:00,468,72,5.369658119658119,15.0,2.1077031820516505,13,54,540,rrc04,codered,normal,0
2001-07-16 15:33:00+00:00,559,134,5.386404293381037,11.0,1.6514408912300333,19,103,693,rrc04,codered,normal,0
2001-07-16 15:36:00+00:00,417,130,4.971223021582734,12.0,1.6120459885518832,32,88,547,rrc04,codered,normal,0
2001-07-16 15:39:00+00:00,253,91,5.138339920948616,14.0,2.556985396758526,3,88,344,rrc04,codered,normal,0
2001-07-16 15:42:00+00:00,512,59,4.9921875,12.0,1.404491087491747,10,43,571,rrc04,codered,normal,0
2001-07-16 15:45:00+00:00,1006,289,5.801192842942346,14.0,1.5834125792765452,63,225,1295,rrc04,codered,normal,0
2001-07-16 15:48:00+00:00,447,57,5.619686800894854,15.0,1.6917663195555064,6,49,504,rrc04,codered,normal,0
2001-07-16 15:51:00+00:00,1169,391,5.643284858853721,12.0,1.5554341360867783,125,232,1560,rrc04,codered,normal,0
2001-07-16 15:54:00+00:00,525,148,5.352380952380952,11.0,1.7759287436421347,12,134,673,rrc04,codered,normal,0
2001-07-16 15:57:00+00:00,453,66,5.225165562913907,14.0,2.1515604033019646,14,49,519,rrc04,codered,normal,0
2001-07-16 16:00:00+00:00,379,74,4.955145118733509,12.0,1.6164045796830189,11,57,453,rrc04,codered,normal,0
2001-07-16 16:03:00+00:00,790,172,5.5329113924050635,13.0,1.7591152493521067,14,149,962,rrc04,codered,normal,0
2001-07-16 16:06:00+00:00,1415,86,5.667844522968198,15.0,1.5650527318801142,11,71,1501,rrc04,codered,normal,0
2001-07-16 16:09:00+00:00,750,146,5.336,15.0,1.8291447910612946,8,135,896,rrc04,codered,normal,0
2001-07-16 16:12:00+00:00,462,55,6.010822510822511,12.0,2.103874948675996,7,45,517,rrc04,codered,normal,0
2001-07-16 16:15:00+00:00,904,135,5.439159292035399,12.0,1.2909889196097895,8,125,1039,rrc04,codered,normal,0
2001-07-16 16:18:00+00:00,547,91,5.797074954296161,18.0,2.5939302374290567,21,55,638,rrc04,codered,normal,0
2001-07-16 16:21:00+00:00,1435,167,5.343554006968641,17.0,1.234698082568036,18,138,1602,rrc04,codered,normal,0
2001-07-16 16:24:00+00:00,1691,196,5.36073329390893,15.0,1.5695868916617444,38,149,1887,rrc04,codered,normal,0
2001-07-16 16:27:00+00:00,1008,59,5.328373015873016,12.0,1.0579951333200925,12,45,1067,rrc04,codered,normal,0
2001-07-16 16:30:00+00:00,1561,80,5.558616271620756,12.0,1.100022308068799,14,60,1641,rrc04,codered,normal,0
2001-07-16 16:33:00+00:00,617,181,5.653160453808752,16.0,1.9180015333341316,32,130,798,rrc04,codered,normal,0
2001-07-16 16:36:00+00:00,1269,96,5.421591804570528,17.0,1.3961131410893721,36,53,1365,rrc04,codered,normal,0
2001-07-16 16:39:00+00:00,1467,334,5.295160190865713,11.0,1.308353851415876,112,194,1801,rrc04,codered,normal,0
2001-07-16 16:42:00+00:00,2491,631,5.422721798474508,14.0,1.0321748710146998,114,308,3122,rrc04,codered,normal,0
2001-07-16 16:45:00+00:00,2244,213,5.484402852049911,16.0,1.6716219694755212,81,131,2457,rrc04,codered,normal,0
2001-07-16 16:48:00+00:00,654,67,5.440366972477064,15.0,1.9391248979677296,5,60,721,rrc04,codered,normal,0
2001-07-16 16:51:00+00:00,418,39,5.100478468899522,10.0,1.344650845189719,7,27,457,rrc04,codered,normal,0
2001-07-16 16:54:00+00:00,253,36,5.75098814229249,11.0,1.8105010475936367,1,34,289,rrc04,codered,normal,0
2001-07-16 16:57:00+00:00,529,84,5.077504725897921,14.0,1.3692700208009536,8,76,613,rrc04,codered,normal,0
2001-07-16 17:00:00+00:00,424,91,5.9575471698113205,17.0,2.422007903684639,11,78,515,rrc04,codered,normal,0
2001-07-16 17:03:00+00:00,466,77,5.3218884120171674,11.0,1.8189021462385053,27,45,543,rrc04,codered,normal,0
2001-07-16 17:06:00+00:00,336,97,5.428571428571429,12.0,1.8079567149113935,23,68,433,rrc04,codered,normal,0
2001-07-16 17:09:00+00:00,435,121,5.797701149425287,17.0,2.2915124258979387,27,72,556,rrc04,codered,normal,0
2001-07-16 17:12:00+00:00,280,120,5.571428571428571,17.0,1.7914194577120648,23,69,400,rrc04,codered,normal,0
2001-07-16 17:15:00+00:00,360,32,6.175,15.0,2.5668695807236572,6,25,392,rrc04,codered,normal,0
2001-07-16 17:18:00+00:00,355,83,5.72112676056338,13.0,1.9925152547144496,15,59,438,rrc04,codered,normal,0
2001-07-16 17:21:00+00:00,686,239,6.037900874635569,14.0,2.078985012945431,73,113,925,rrc04,codered,normal,0
2001-07-16 17:24:00+00:00,1156,140,6.657439446366782,16.0,2.5451538217634435,23,89,1296,rrc04,codered,normal,0
2001-07-16 17:27:00+00:00,1230,339,5.708130081300813,19.0,1.374630386149677,108,149,1569,rrc04,codered,normal,0
2001-07-16 17:30:00+00:00,2023,201,5.617399901136926,17.0,1.0964075439642327,33,160,2224,rrc04,codered,normal,0
2001-07-16 17:33:00+00:00,1752,129,5.641552511415525,17.0,1.058477135046415,19,91,1881,rrc04,codered,normal,0
2001-07-16 17:36:00+00:00,223,32,5.668161434977579,11.0,1.5782205257030486,10,21,255,rrc04,codered,normal,0
2001-07-16 17:39:00+00:00,405,64,5.461728395061728,12.0,1.2772044995372374,19,38,469,rrc04,codered,normal,0
2001-07-16 17:42:00+00:00,1163,157,5.0206362854686155,11.0,1.264470746019761,4,152,1320,rrc04,codered,normal,0
2001-07-16 17:45:00+00:00,7059,76,4.620342824762714,18.0,0.9493862714639738,5,69,7135,rrc04,codered,normal,0
2001-07-16 17:48:00+00:00,911,229,5.695938529088913,18.0,1.8791054498088284,43,153,1140,rrc04,codered,normal,0
2001-07-16 17:51:00+00:00,720,160,5.7125,14.0,2.0198623096637056,16,140,880,rrc04,codered,normal,0
2001-07-16 17:54:00+00:00,1961,201,5.389087200407955,13.0,1.5791422329176545,7,189,2162,rrc04,codered,normal,0
2001-07-16 17:57:00+00:00,679,64,6.0058910162002945,13.0,1.8276136028972694,14,43,743,rrc04,codered,normal,0
2001-07-16 18:00:00+00:00,1732,280,7.428983833718245,18.0,2.5274777488835065,112,163,2012,rrc04,codered,normal,0
2001-07-16 18:03:00+00:00,369,117,7.997289972899729,18.0,4.07018283615242,5,106,486,rrc04,codered,normal,0
2001-07-16 18:06:00+00:00,320,90,4.9125,12.0,2.0808276598507622,11,75,410,rrc04,codered,normal,0
2001-07-16 18:09:00+00:00,506,88,5.707509881422925,13.0,1.5544857075958431,14,69,594,rrc04,codered,normal,0
2001-07-16 18:12:00+00:00,914,185,6.352297592997812,17.0,2.0942142280820812,70,105,1099,rrc04,codered,normal,0
2001-07-16 18:15:00+00:00,658,64,5.4832826747720365,14.0,1.4846305351399887,12,43,722,rrc04,codered,normal,0
2001-07-16 18:18:00+00:00,314,86,5.910828025477707,11.0,1.7371027793329228,22,48,400,rrc04,codered,normal,0
2001-07-16 18:21:00+00:00,526,63,6.093155893536122,14.0,2.082169167809814,18,40,589,rrc04,codered,normal,0
2001-07-16 18:24:00+00:00,602,199,4.956810631229236,13.0,1.7524909070867847,73,122,801,rrc04,codered,normal,0
2001-07-16 18:27:00+00:00,756,171,5.355820105820106,12.0,1.6679694874380429,5,163,927,rrc04,codered,normal,0
2001-07-16 18:30:00+00:00,948,111,5.4451476793248945,16.0,2.146567193587809,15,87,1059,rrc04,codered,normal,0
2001-07-16 18:33:00+00:00,532,73,6.7518796992481205,15.0,2.643351754270688,12,59,605,rrc04,codered,normal,0
2001-07-16 18:36:00+00:00,549,97,8.36247723132969,15.0,3.1900537110453304,15,77,646,rrc04,codered,normal,0
2001-07-16 18:39:00+00:00,353,63,6.665722379603399,15.0,3.741110423084896,13,39,416,rrc04,codered,normal,0
2001-07-16 18:42:00+00:00,322,50,5.444099378881988,15.0,2.6977640781172356,4,44,372,rrc04,codered,normal,0
2001-07-16 18:45:00+00:00,1608,647,5.454601990049751,13.0,1.597317002901188,15,630,2255,rrc04,codered,normal,0
2001-07-16 18:48:00+00:00,300,56,5.556666666666667,14.0,1.8885944214915198,17,35,356,rrc04,codered,normal,0
2001-07-16 18:51:00+00:00,646,111,6.3343653250774,14.0,2.7201168619562246,31,78,757,rrc04,codered,normal,0
2001-07-16 18:54:00+00:00,426,153,6.652582159624413,12.0,3.1721285339245098,50,72,579,rrc04,codered,normal,0
2001-07-16 18:57:00+00:00,474,150,5.468354430379747,13.0,1.9904971054236127,45,81,624,rrc04,codered,normal,0
2001-07-16 19:00:00+00:00,321,60,4.940809968847352,11.0,1.429414394839637,7,49,381,rrc04,codered,normal,0
2001-07-16 19:03:00+00:00,221,49,5.484162895927602,13.0,2.362216316982009,12,29,270,rrc04,codered,normal,0
2001-07-16 19:06:00+00:00,293,16,5.993174061433447,15.0,2.559854376806124,1,14,309,rrc04,codered,normal,0
2001-07-16 19:09:00+00:00,1542,97,7.105706874189364,19.0,2.1039413602594994,17,72,1639,rrc04,codered,normal,0
2001-07-16 19:12:00+00:00,1366,381,7.537335285505124,15.0,2.4407466965320155,8,369,1747,rrc04,codered,normal,0
2001-07-16 19:15:00+00:00,763,481,6.943643512450852,12.0,2.7443679181249134,39,435,1244,rrc04,codered,normal,0
2001-07-16 19:18:00+00:00,328,79,5.073170731707317,13.0,1.7928073625304441,7,70,407,rrc04,codered,normal,0
2001-07-16 19:21:00+00:00,750,143,5.529333333333334,15.0,2.0606971851509113,18,122,893,rrc04,codered,normal,0
2001-07-16 19:24:00+00:00,708,180,6.057909604519774,13.0,2.5128555644672166,74,106,888,rrc04,codered,normal,0
2001-07-16 19:27:00+00:00,721,153,5.7891816920943135,15.0,2.368879255714193,18,130,874,rrc04,codered,normal,0
2001-07-16 19:30:00+00:00,403,116,5.806451612903226,15.0,2.4162925201523198,12,82,519,rrc04,codered,normal,0
2001-07-16 19:33:00+00:00,556,120,5.93705035971223,14.0,2.3308984753737927,11,107,676,rrc04,codered,normal,0
2001-07-16 19:36:00+00:00,344,72,5.325581395348837,15.0,1.7747706072873408,4,68,416,rrc04,codered,normal,0
2001-07-16 19:39:00+00:00,568,66,5.577464788732394,13.0,1.8832992613801707,9,53,634,rrc04,codered,normal,0
2001-07-16 19:42:00+00:00,566,131,5.07773851590106,12.0,1.6336671582433449,15,114,697,rrc04,codered,normal,0
2001-07-16 19:45:00+00:00,513,95,5.346978557504873,14.0,1.869128398037742,38,56,608,rrc04,codered,normal,0
2001-07-16 19:48:00+00:00,381,57,5.467191601049869,16.0,1.6368780660709126,14,38,438,rrc04,codered,normal,0
2001-07-16 19:51:00+00:00,400,44,5.41,13.0,1.9279263471408858,3,40,444,rrc04,codered,normal,0
2001-07-16 19:54:00+00:00,362,91,5.480662983425415,13.0,2.0304074114781927,13,70,453,rrc04,codered,normal,0
2001-07-16 19:57:00+00:00,332,79,6.870481927710843,15.0,2.7862780821156763,16,59,411,rrc04,codered,normal,0
2001-07-16 20:00:00+00:00,360,31,6.091666666666667,13.0,1.9321655956177484,6,23,391,rrc04,codered,normal,0
2001-07-16 20:03:00+00:00,224,68,5.348214285714286,14.0,1.9964693006323306,8,58,292,rrc04,codered,normal,0
2001-07-16 20:06:00+00:00,642,69,5.158878504672897,15.0,1.6863915616657885,6,61,711,rrc04,codered,normal,0
2001-07-16 20:09:00+00:00,559,85,5.243291592128801,14.0,1.4935234920265603,10,72,644,rrc04,codered,normal,0
2001-07-16 20:12:00+00:00,268,42,5.485074626865671,13.0,1.8006428148496405,6,33,310,rrc04,codered,normal,0
2001-07-16 20:15:00+00:00,241,63,5.2987551867219915,12.0,1.5837473636444328,18,40,304,rrc04,codered,normal,0
2001-07-16 20:18:00+00:00,874,109,6.907322654462242,15.0,2.1268397971865176,13,87,983,rrc04,codered,normal,0
2001-07-16 20:21:00+00:00,1259,295,6.748212867355043,15.0,2.181076728169659,45,238,1554,rrc04,codered,normal,0
2001-07-16 20:24:00+00:00,433,70,6.4919168591224015,12.0,1.9379649983652907,5,60,503,rrc04,codered,normal,0
2001-07-16 20:27:00+00:00,1602,525,6.350187265917603,13.0,2.4887443178314275,124,296,2127,rrc04,codered,normal,0
2001-07-16 20:30:00+00:00,678,76,7.34070796460177,16.0,4.035297151091377,11,63,754,rrc04,codered,normal,0
2001-07-16 20:33:00+00:00,438,77,7.34703196347032,17.0,3.501875277642759,8,67,515,rrc04,codered,normal,0
2001-07-16 20:36:00+00:00,311,176,7.054662379421222,16.0,4.2555319546681885,48,83,487,rrc04,codered,normal,0
2001-07-16 20:39:00+00:00,1322,177,5.524205748865356,15.0,1.9690735620887874,4,172,1499,rrc04,codered,normal,0
2001-07-16 20:42:00+00:00,820,101,6.615853658536586,17.0,2.186430965941545,22,74,921,rrc04,codered,normal,0
2001-07-16 20:45:00+00:00,388,69,5.703608247422681,16.0,1.7998531930779829,11,48,457,rrc04,codered,normal,0
2001-07-16 20:48:00+00:00,1048,169,5.284351145038168,13.0,1.4393804855008536,21,147,1217,rrc04,codered,normal,0
2001-07-16 20:51:00+00:00,1074,84,5.648044692737431,12.0,1.4464239901456466,14,62,1158,rrc04,codered,normal,0
2001-07-16 20:54:00+00:00,285,59,6.585964912280701,18.0,3.2783949108902832,9,40,344,rrc04,codered,normal,0
2001-07-16 20:57:00+00:00,229,52,5.528384279475983,14.0,1.8889075216259392,10,32,281,rrc04,codered,normal,0
2001-07-16 21:00:00+00:00,518,147,6.102316602316602,11.0,2.057839900979698,48,81,665,rrc04,codered,normal,0
2001-07-16 21:03:00+00:00,450,107,5.322222222222222,14.0,1.9789322473258586,10,96,557,rrc04,codered,normal,0
2001-07-16 21:06:00+00:00,515,39,5.716504854368932,18.0,2.200886718362354,11,25,554,rrc04,codered,normal,0
2001-07-16 21:09:00+00:00,658,66,5.655015197568389,18.0,1.7576097897489402,6,58,724,rrc04,codered,normal,0
2001-07-16 21:12:00+00:00,368,37,5.684782608695652,18.0,2.406645454578918,6,29,405,rrc04,codered,normal,0
2001-07-16 21:15:00+00:00,661,69,5.015128593040847,15.0,1.5003018930037604,9,53,730,rrc04,codered,normal,0
2001-07-16 21:18:00+00:00,389,95,5.956298200514139,14.0,2.144075995641651,18,68,484,rrc04,codered,normal,0
2001-07-16 21:21:00+00:00,349,54,5.598853868194842,15.0,2.1113959732183964,15,35,403,rrc04,codered,normal,0
2001-07-16 21:24:00+00:00,285,49,5.526315789473684,13.0,2.1448041104508433,10,39,334,rrc04,codered,normal,0
2001-07-16 21:27:00+00:00,356,76,5.896067415730337,15.0,1.9132554279378828,15,53,432,rrc04,codered,normal,0
2001-07-16 21:30:00+00:00,533,90,5.803001876172608,13.0,1.7734307583835123,14,66,623,rrc04,codered,normal,0
2001-07-16 21:33:00+00:00,379,82,6.071240105540897,14.0,2.535799883249904,18,59,461,rrc04,codered,normal,0
2001-07-16 21:36:00+00:00,270,49,5.107407407407408,13.0,1.8011160996419902,7,41,319,rrc04,codered,normal,0
2001-07-16 21:39:00+00:00,283,52,5.455830388692579,13.0,2.125229465772124,12,34,335,rrc04,codered,normal,0
2001-07-16 21:42:00+00:00,221,45,5.5610859728506785,11.0,1.827919891120854,8,33,266,rrc04,codered,normal,0
2001-07-16 21:45:00+00:00,223,45,5.547085201793722,12.0,1.837886782917101,10,30,268,rrc04,codered,normal,0
2001-07-16 21:48:00+00:00,303,41,5.1551155115511555,11.0,1.4484651840128382,11,28,344,rrc04,codered,normal,0
2001-07-16 21:51:00+00:00,977,179,5.2917093142272265,15.0,2.254499162642429,68,91,1156,rrc04,codered,normal,0
2001-07-16 21:54:00+00:00,456,86,5.484649122807017,16.0,2.4646147273109804,11,74,542,rrc04,codered,normal,0
2001-07-16 21:57:00+00:00,510,52,4.690196078431373,14.0,1.2978496396129424,15,35,562,rrc04,codered,normal,0
2001-07-16 22:00:00+00:00,577,104,4.507798960138648,9.0,1.3970846748494137,25,63,681,rrc04,codered,normal,0
2001-07-16 22:03:00+00:00,295,56,5.274576271186441,10.0,1.2871718071539087,9,47,351,rrc04,codered,normal,0
2001-07-16 22:06:00+00:00,342,82,6.119883040935672,14.0,2.135802296166216,19,52,424,rrc04,codered,normal,0
2001-07-16 22:09:00+00:00,282,87,5.75531914893617,10.0,1.92971998600447,19,52,369,rrc04,codered,normal,0
2001-07-16 22:12:00+00:00,323,37,6.591331269349845,19.0,2.9421963361328385,7,23,360,rrc04,codered,normal,0
2001-07-16 22:15:00+00:00,641,72,5.697347893915756,15.0,1.907897001793714,14,54,713,rrc04,codered,normal,0
2001-07-16 22:18:00+00:00,404,56,6.873762376237623,14.0,3.1262866187767986,14,41,460,rrc04,codered,normal,0
2001-07-16 22:21:00+00:00,331,74,5.9395770392749245,14.0,2.992837139128342,13,59,405,rrc04,codered,normal,0
2001-07-16 22:24:00+00:00,372,30,4.973118279569892,14.0,1.9618205164331715,4,25,402,rrc04,codered,normal,0
2001-07-16 22:27:00+00:00,242,54,5.3884297520661155,17.0,2.3526735304612485,9,43,296,rrc04,codered,normal,0
2001-07-16 22:30:00+00:00,276,54,5.217391304347826,14.0,1.4051619661906358,4,50,330,rrc04,codered,normal,0
2001-07-16 22:33:00+00:00,216,32,5.087962962962963,12.0,1.6263579848620517,4,27,248,rrc04,codered,normal,0
2001-07-16 22:36:00+00:00,195,45,5.871794871794871,14.0,2.2185637208706552,9,34,240,rrc04,codered,normal,0
2001-07-16 22:39:00+00:00,173,32,7.161849710982659,14.0,2.896547883628561,8,17,205,rrc04,codered,normal,0
2001-07-16 22:42:00+00:00,347,42,5.23342939481268,13.0,1.895004975942744,8,34,389,rrc04,codered,normal,0
2001-07-16 22:45:00+00:00,313,141,5.137380191693291,9.0,1.1681238223749926,29,96,454,rrc04,codered,normal,0
2001-07-16 22:48:00+00:00,511,76,4.913894324853229,13.0,1.6267163750814115,11,56,587,rrc04,codered,normal,0
2001-07-16 22:51:00+00:00,248,34,4.854838709677419,13.0,1.4848348902840298,9,25,282,rrc04,codered,normal,0
2001-07-16 22:54:00+00:00,264,52,5.306818181818182,13.0,1.6493200243432822,13,30,316,rrc04,codered,normal,0
2001-07-16 22:57:00+00:00,472,68,5.22457627118644,13.0,1.641745476705936,3,63,540,rrc04,codered,normal,0
2001-07-16 23:00:00+00:00,258,57,5.821705426356589,14.0,2.0229290775410917,7,46,315,rrc04,codered,normal,0
2001-07-16 23:03:00+00:00,412,74,5.383495145631068,13.0,1.9430032347798047,20,40,486,rrc04,codered,normal,0
2001-07-16 23:06:00+00:00,458,57,5.620087336244541,13.0,1.563709058160518,6,50,515,rrc04,codered,normal,0
2001-07-16 23:09:00+00:00,306,35,4.9183006535947715,13.0,1.6715199106107592,5,30,341,rrc04,codered,normal,0
2001-07-16 23:12:00+00:00,294,86,5.299319727891157,13.0,1.864144187243921,17,66,380,rrc04,codered,normal,0
2001-07-16 23:15:00+00:00,504,120,5.079365079365079,12.0,1.4603390267558638,21,95,624,rrc04,codered,normal,0
2001-07-16 23:18:00+00:00,512,85,5.236328125,11.0,1.2057838290232559,14,61,597,rrc04,codered,normal,0
2001-07-16 23:21:00+00:00,428,205,5.677570093457944,14.0,2.3098249483057973,16,188,633,rrc04,codered,normal,0
2001-07-16 23:24:00+00:00,600,79,5.57,14.0,1.731598490797833,16,61,679,rrc04,codered,normal,0
2001-07-16 23:27:00+00:00,1463,258,4.889268626110732,12.0,1.4696895477155527,49,204,1721,rrc04,codered,normal,0
2001-07-16 23:30:00+00:00,585,147,4.776068376068376,12.0,1.4260488461353733,28,101,732,rrc04,codered,normal,0
2001-07-16 23:33:00+00:00,444,102,4.891891891891892,13.0,1.8138672605135933,22,73,546,rrc04,codered,normal,0
2001-07-16 23:36:00+00:00,854,231,4.962529274004684,11.0,1.1071414638789336,7,222,1085,rrc04,codered,normal,0
2001-07-16 23:39:00+00:00,1268,130,4.356466876971608,9.0,1.4814512908416204,49,81,1398,rrc04,codered,normal,0
2001-07-16 23:42:00+00:00,540,215,4.637037037037037,12.0,1.8190653172049343,60,137,755,rrc04,codered,normal,0
2001-07-16 23:45:00+00:00,815,225,5.488343558282208,14.0,2.280791828867835,70,152,1040,rrc04,codered,normal,0
2001-07-16 23:48:00+00:00,287,57,5.209059233449477,11.0,1.6856190727778042,14,30,344,rrc04,codered,normal,0
2001-07-16 23:51:00+00:00,449,50,4.9621380846325165,8.0,0.9536664069141313,10,33,499,rrc04,codered,normal,0
2001-07-16 23:54:00+00:00,193,42,4.891191709844559,10.0,1.3441776689613552,7,29,235,rrc04,codered,normal,0
2001-07-16 23:57:00+00:00,483,82,5.146997929606625,14.0,1.4320807857126314,23,48,565,rrc04,codered,normal,0
2001-07-17 00:00:00+00:00,305,76,4.9049180327868855,13.0,2.1441820810183225,15,52,381,rrc04,codered,normal,0
2001-07-17 00:03:00+00:00,346,159,5.124277456647399,11.0,1.5853885479191845,46,84,505,rrc04,codered,normal,0
2001-07-17 00:06:00+00:00,343,120,4.539358600583091,11.0,1.7372766621501843,29,82,463,rrc04,codered,normal,0
2001-07-17 00:09:00+00:00,226,50,6.057522123893805,14.0,2.2910485797213633,12,36,276,rrc04,codered,normal,0
2001-07-17 00:12:00+00:00,267,70,5.2434456928838955,14.0,1.7643749144700045,15,42,337,rrc04,codered,normal,0
2001-07-17 00:15:00+00:00,271,103,5.940959409594096,13.0,1.4991453291491172,33,55,374,rrc04,codered,normal,0
2001-07-17 00:18:00+00:00,548,68,5.118613138686132,14.0,1.518312875867308,21,38,616,rrc04,codered,normal,0
2001-07-17 00:21:00+00:00,1697,86,5.4484384207424865,13.0,0.9363158164219433,16,62,1783,rrc04,codered,normal,0
2001-07-17 00:24:00+00:00,1160,102,5.412068965517242,13.0,1.1510980643995745,30,54,1262,rrc04,codered,normal,0
2001-07-17 00:27:00+00:00,529,100,5.23062381852552,18.0,1.6736950135475928,20,80,629,rrc04,codered,normal,0
2001-07-17 00:30:00+00:00,459,94,5.55119825708061,15.0,2.1131123165177907,13,73,553,rrc04,codered,normal,0
2001-07-17 00:33:00+00:00,712,162,5.324438202247191,16.0,2.5268376268071626,37,105,874,rrc04,codered,normal,0
2001-07-17 00:36:00+00:00,464,91,5.390086206896552,15.0,2.481133290728548,24,61,555,rrc04,codered,normal,0
2001-07-17 00:39:00+00:00,609,148,5.316912972085386,15.0,1.7305502776175279,34,114,757,rrc04,codered,normal,0
2001-07-17 00:42:00+00:00,538,52,6.059479553903346,15.0,3.018559891464006,15,32,590,rrc04,codered,normal,0
2001-07-17 00:45:00+00:00,557,145,5.233393177737882,14.0,1.6165986451012027,21,87,702,rrc04,codered,normal,0
2001-07-17 00:48:00+00:00,1365,102,5.56043956043956,14.0,1.2747947435914737,6,93,1467,rrc04,codered,normal,0
2001-07-17 00:51:00+00:00,462,117,5.134199134199134,14.0,2.2647685841088383,31,62,579,rrc04,codered,normal,0
2001-07-17 00:54:00+00:00,515,83,4.883495145631068,17.0,2.3635622731183696,20,61,598,rrc04,codered,normal,0
2001-07-17 00:57:00+00:00,330,86,5.627272727272727,14.0,2.528117364852415,15,66,416,rrc04,codered,normal,0
2001-07-17 01:00:00+00:00,510,81,6.090196078431372,14.0,2.257819084952729,8,72,591,rrc04,codered,normal,0
2001-07-17 01:03:00+00:00,821,204,6.177831912302071,12.0,2.0194054131501296,24,160,1025,rrc04,codered,normal,0
2001-07-17 01:06:00+00:00,401,56,5.369077306733167,13.0,1.6826654418024214,10,42,457,rrc04,codered,normal,0
2001-07-17 01:09:00+00:00,799,170,5.005006257822278,14.0,1.8368975773292004,9,160,969,rrc04,codered,normal,0
2001-07-17 01:12:00+00:00,443,127,4.099322799097066,13.0,1.9402065218084419,46,74,570,rrc04,codered,normal,0
2001-07-17 01:15:00+00:00,382,72,5.37696335078534,13.0,1.257144272217761,12,54,454,rrc04,codered,normal,0
2001-07-17 01:18:00+00:00,276,62,6.492753623188406,14.0,2.5057799179635634,10,51,338,rrc04,codered,normal,0
2001-07-17 01:21:00+00:00,388,86,4.974226804123711,14.0,2.013960469647346,23,47,474,rrc04,codered,normal,0
2001-07-17 01:24:00+00:00,394,67,5.00253807106599,11.0,1.6316954698774568,12,44,461,rrc04,codered,normal,0
2001-07-17 01:27:00+00:00,449,71,5.841870824053452,14.0,2.3329597461331164,12,53,520,rrc04,codered,normal,0
2001-07-17 01:30:00+00:00,533,109,5.230769230769231,13.0,1.2453405726416824,22,75,642,rrc04,codered,normal,0
2001-07-17 01:33:00+00:00,482,95,5.273858921161826,12.0,1.58693487174197,22,71,577,rrc04,codered,normal,0
2001-07-17 01:36:00+00:00,1004,129,5.21613545816733,14.0,1.2505371776349157,21,103,1133,rrc04,codered,normal,0
2001-07-17 01:39:00+00:00,202,28,5.633663366336633,13.0,2.2743632436146823,5,21,230,rrc04,codered,normal,0
2001-07-17 01:42:00+00:00,539,88,6.49721706864564,16.0,2.1297198268803723,21,45,627,rrc04,codered,normal,0
2001-07-17 01:45:00+00:00,620,82,6.540322580645161,14.0,2.047024565890962,6,72,702,rrc04,codered,normal,0
2001-07-17 01:48:00+00:00,869,118,5.874568469505179,11.0,1.6546923768824366,14,100,987,rrc04,codered,normal,0
2001-07-17 01:51:00+00:00,759,105,4.967061923583663,17.0,1.7317375907226797,27,75,864,rrc04,codered,normal,0
2001-07-17 01:54:00+00:00,1078,85,4.758812615955473,16.0,1.7851405000619505,15,70,1163,rrc04,codered,normal,0
2001-07-17 01:57:00+00:00,361,107,6.083102493074792,14.0,2.5630589655650367,34,68,468,rrc04,codered,normal,0
2001-07-17 02:00:00+00:00,207,50,5.811594202898551,12.0,2.121493610566984,9,41,257,rrc04,codered,normal,0
2001-07-17 02:03:00+00:00,198,15,7.151515151515151,15.0,4.058570272129193,2,13,213,rrc04,codered,normal,0
2001-07-17 02:06:00+00:00,338,83,5.180473372781065,16.0,1.9746852975699496,11,72,421,rrc04,codered,normal,0
2001-07-17 02:09:00+00:00,200,30,6.1,17.0,2.4124676163629637,9,21,230,rrc04,codered,normal,0
2001-07-17 02:12:00+00:00,305,60,5.390163934426229,14.0,1.9388779007738242,18,40,365,rrc04,codered,normal,0
2001-07-17 02:15:00+00:00,429,80,5.953379953379954,15.0,2.5770493232784246,18,58,509,rrc04,codered,normal,0
2001-07-17 02:18:00+00:00,294,67,5.408163265306122,9.0,1.2923379754275564,13,47,361,rrc04,codered,normal,0
2001-07-17 02:21:00+00:00,822,145,5.695863746958637,14.0,1.7825751407126407,6,138,967,rrc04,codered,normal,0
2001-07-17 02:24:00+00:00,399,35,5.090225563909774,13.0,1.4131071717833308,6,28,434,rrc04,codered,normal,0
2001-07-17 02:27:00+00:00,188,37,6.3936170212765955,15.0,3.0237291513935025,9,22,225,rrc04,codered,normal,0
2001-07-17 02:30:00+00:00,323,79,5.560371517027864,10.0,1.6707025231316996,6,69,402,rrc04,codered,normal,0
2001-07-17 02:33:00+00:00,789,140,6.073510773130545,14.0,1.7620619529203752,42,73,929,rrc04,codered,normal,0
2001-07-17 02:36:00+00:00,432,58,6.25,14.0,2.6109633527933,5,50,490,rrc04,codered,normal,0
2001-07-17 02:39:00+00:00,967,141,5.070320579110652,16.0,1.7368856224820255,51,90,1108,rrc04,codered,normal,0
2001-07-17 02:42:00+00:00,1440,64,4.797916666666667,17.0,1.3535431256726016,13,49,1504,rrc04,codered,normal,0
2001-07-17 02:45:00+00:00,430,103,5.732558139534884,12.0,1.9954857111400173,23,63,533,rrc04,codered,normal,0
2001-07-17 02:48:00+00:00,571,118,5.69877408056042,14.0,2.064710214400746,29,77,689,rrc04,codered,normal,0
2001-07-17 02:51:00+00:00,415,78,5.706024096385542,14.0,1.9623780384228784,22,47,493,rrc04,codered,normal,0
2001-07-17 02:54:00+00:00,1455,173,5.40618556701031,15.0,1.3889461331361588,19,149,1628,rrc04,codered,normal,0
2001-07-17 02:57:00+00:00,391,174,5.961636828644501,13.0,1.5721558596827157,14,155,565,rrc04,codered,normal,0
2001-07-17 03:00:00+00:00,582,136,6.109965635738831,14.0,2.014962160292387,21,109,718,rrc04,codered,normal,0
2001-07-17 03:03:00+00:00,572,98,5.437062937062937,14.0,2.0324011195441316,23,62,670,rrc04,codered,normal,0
2001-07-17 03:06:00+00:00,2042,98,5.593535749265426,15.0,1.391986769143398,23,68,2140,rrc04,codered,normal,0
2001-07-17 03:09:00+00:00,4450,182,5.052134831460674,22.0,1.6810847701089875,16,165,4632,rrc04,codered,normal,0
2001-07-17 03:12:00+00:00,2477,73,4.6350423899878885,21.0,1.910817253407051,11,57,2550,rrc04,codered,normal,0
2001-07-17 03:15:00+00:00,378,55,5.701058201058201,16.0,2.4458254991462516,12,33,433,rrc04,codered,normal,0
2001-07-17 03:18:00+00:00,292,69,5.551369863013699,14.0,1.9656549782040431,17,46,361,rrc04,codered,normal,0
2001-07-17 03:21:00+00:00,322,53,5.186335403726708,15.0,1.8540034538152832,6,46,375,rrc04,codered,normal,0
2001-07-17 03:24:00+00:00,376,87,5.2686170212765955,14.0,1.9059465181171906,14,68,463,rrc04,codered,normal,0
2001-07-17 03:27:00+00:00,475,41,5.551578947368421,12.0,1.656557188101734,8,33,516,rrc04,codered,normal,0
2001-07-17 03:30:00+00:00,498,88,5.835341365461847,14.0,2.3526870871528938,19,61,586,rrc04,codered,normal,0
2001-07-17 03:33:00+00:00,352,74,5.463068181818182,20.0,2.034866456392468,19,43,426,rrc04,codered,normal,0
2001-07-17 03:36:00+00:00,344,49,6.383720930232558,14.0,3.3434024051929936,9,40,393,rrc04,codered,normal,0
2001-07-17 03:39:00+00:00,444,65,5.4707207207207205,12.0,1.6306601833965273,19,46,509,rrc04,codered,normal,0
2001-07-17 03:42:00+00:00,627,50,4.779904306220096,10.0,1.1599557230855566,8,39,677,rrc04,codered,normal,0
2001-07-17 03:45:00+00:00,348,45,6.626436781609195,14.0,3.342273978813184,8,31,393,rrc04,codered,normal,0
2001-07-17 03:48:00+00:00,288,56,5.631944444444445,13.0,1.676001059805493,11,37,344,rrc04,codered,normal,0
2001-07-17 03:51:00+00:00,334,69,5.050898203592815,14.0,1.6159151673156746,7,59,403,rrc04,codered,normal,0
2001-07-17 03:54:00+00:00,449,93,6.051224944320713,15.0,2.8054281723158874,11,81,542,rrc04,codered,normal,0
2001-07-17 03:57:00+00:00,289,70,5.923875432525952,16.0,2.837176126366884,24,44,359,rrc04,codered,normal,0
2001-07-17 04:00:00+00:00,352,62,5.5227272727272725,16.0,1.974135442111724,7,54,414,rrc04,codered,normal,0
2001-07-17 04:03:00+00:00,314,69,5.36624203821656,15.0,1.608973805177919,19,40,383,rrc04,codered,normal,0
2001-07-17 04:06:00+00:00,855,162,5.2257309941520464,11.0,1.447495889005729,52,101,1017,rrc04,codered,normal,0
2001-07-17 04:09:00+00:00,1043,102,5.209012464046021,13.0,1.430537811570747,11,82,1145,rrc04,codered,normal,0
2001-07-17 04:12:00+00:00,1024,76,5.56640625,14.0,1.2261332349956662,16,49,1100,rrc04,codered,normal,0
2001-07-17 04:15:00+00:00,451,55,5.06430155210643,14.0,1.3143715713107442,17,35,506,rrc04,codered,normal,0
2001-07-17 04:18:00+00:00,598,84,5.481605351170568,13.0,1.7171657731310732,9,68,682,rrc04,codered,normal,0
2001-07-17 04:21:00+00:00,624,145,4.7756410256410255,13.0,1.5225809647484538,47,78,769,rrc04,codered,normal,0
2001-07-17 04:24:00+00:00,758,185,5.096306068601583,16.0,2.298895472136595,61,100,943,rrc04,codered,normal,0
2001-07-17 04:27:00+00:00,1471,181,4.816451393609789,14.0,1.4823782213771282,26,141,1652,rrc04,codered,normal,0
2001-07-17 04:30:00+00:00,548,63,4.963503649635037,15.0,1.7061877902312292,9,53,611,rrc04,codered,normal,0
2001-07-17 04:33:00+00:00,498,116,5.548192771084337,16.0,2.0026806199817666,3,113,614,rrc04,codered,normal,0
2001-07-17 04:36:00+00:00,596,150,6.508389261744966,18.0,2.4552908402509592,32,88,746,rrc04,codered,normal,0
2001-07-17 04:39:00+00:00,293,67,7.037542662116041,17.0,3.393723895601889,11,48,360,rrc04,codered,normal,0
2001-07-17 04:42:00+00:00,340,68,5.9411764705882355,12.0,1.8221057060862986,25,36,408,rrc04,codered,normal,0
2001-07-17 04:45:00+00:00,324,70,6.651234567901234,14.0,2.3619864430863227,19,48,394,rrc04,codered,normal,0
2001-07-17 04:48:00+00:00,788,64,5.393401015228426,14.0,1.881666047230077,18,39,852,rrc04,codered,normal,0
2001-07-17 04:51:00+00:00,1081,89,5.4551341350601295,14.0,1.8857452526179055,27,59,1170,rrc04,codered,normal,0
2001-07-17 04:54:00+00:00,1148,105,5.830139372822299,18.0,2.597217282253689,18,74,1253,rrc04,codered,normal,0
2001-07-17 04:57:00+00:00,933,224,5.586280814576635,19.0,1.800412122175029,21,194,1157,rrc04,codered,normal,0
2001-07-17 05:00:00+00:00,1289,175,5.534522885958107,15.0,1.413860714194521,24,133,1464,rrc04,codered,normal,0
2001-07-17 05:03:00+00:00,506,103,5.784584980237154,14.0,1.8380689745032215,9,92,609,rrc04,codered,normal,0
2001-07-17 05:06:00+00:00,1243,325,5.49396621078037,15.0,1.870442650614128,78,236,1568,rrc04,codered,normal,0
2001-07-17 05:09:00+00:00,1500,118,5.300666666666666,14.0,1.999566508576852,24,90,1618,rrc04,codered,normal,0
2001-07-17 05:12:00+00:00,752,131,6.013297872340425,17.0,2.3286681831074065,13,107,883,rrc04,codered,normal,0
2001-07-17 05:15:00+00:00,1006,285,5.462226640159046,17.0,2.164705272967469,121,153,1291,rrc04,codered,normal,0
2001-07-17 05:18:00+00:00,433,92,4.967667436489608,13.0,1.6151329277771422,27,49,525,rrc04,codered,normal,0
2001-07-17 05:21:00+00:00,453,74,4.863134657836644,13.0,1.861373575272782,13,58,527,rrc04,codered,normal,0
2001-07-17 05:24:00+00:00,992,94,5.47883064516129,14.0,1.994840988172524,27,48,1086,rrc04,codered,normal,0
2001-07-17 05:27:00+00:00,970,103,5.371134020618556,14.0,1.8135775865539487,24,55,1073,rrc04,codered,normal,0
2001-07-17 05:30:00+00:00,751,86,5.73768308921438,13.0,1.6119244267717638,13,70,837,rrc04,codered,normal,0
2001-07-17 05:33:00+00:00,955,129,5.766492146596859,15.0,1.5284142104251137,42,61,1084,rrc04,codered,normal,0
2001-07-17 05:36:00+00:00,1536,147,5.529947916666667,13.0,1.1537479674033346,25,105,1683,rrc04,codered,normal,0
2001-07-17 05:39:00+00:00,1598,309,5.578848560700876,16.0,0.94847386848231,95,118,1907,rrc04,codered,normal,0
2001-07-17 05:42:00+00:00,732,314,5.815573770491803,11.0,1.2480052165412607,98,137,1046,rrc04,codered,normal,0
2001-07-17 05:45:00+00:00,1369,146,5.633308984660336,17.0,1.3112763481757903,21,109,1515,rrc04,codered,normal,0
2001-07-17 05:48:00+00:00,748,214,5.701871657754011,14.0,1.888792366526592,52,116,962,rrc04,codered,normal,0
2001-07-17 05:51:00+00:00,914,255,5.4901531728665205,15.0,1.1199461628177863,95,149,1169,rrc04,codered,normal,0
2001-07-17 05:54:00+00:00,1487,442,5.740416946872898,14.0,1.5964404212149175,129,285,1929,rrc04,codered,normal,0
2001-07-17 05:57:00+00:00,1304,412,5.899539877300613,15.0,2.2177891570981934,115,269,1716,rrc04,codered,normal,0
2001-07-17 06:00:00+00:00,2578,504,5.581458494957332,14.0,1.0255452704059633,149,291,3082,rrc04,codered,normal,0
2001-07-17 06:03:00+00:00,2130,671,5.615962441314554,14.0,0.8806360476125216,262,382,2801,rrc04,codered,normal,0
2001-07-17 06:06:00+00:00,1202,373,5.321963394342762,12.0,1.241409806689241,95,220,1575,rrc04,codered,normal,0
2001-07-17 06:09:00+00:00,1008,169,5.587301587301587,13.0,1.426894959871054,26,140,1177,rrc04,codered,normal,0
2001-07-17 06:12:00+00:00,827,166,5.87061668681983,12.0,1.5065981385277838,41,99,993,rrc04,codered,normal,0
2001-07-17 06:15:00+00:00,808,265,5.464108910891089,13.0,1.6609072279394734,59,198,1073,rrc04,codered,normal,0
2001-07-17 06:18:00+00:00,984,218,5.782520325203252,14.0,1.6957201475162633,26,173,1202,rrc04,codered,normal,0
2001-07-17 06:21:00+00:00,547,158,6.330895795246801,14.0,2.305350211951464,45,85,705,rrc04,codered,normal,0
2001-07-17 06:24:00+00:00,1783,602,5.827818283791363,15.0,2.207942148770781,264,323,2385,rrc04,codered,normal,0
2001-07-17 06:27:00+00:00,689,332,5.8751814223512335,15.0,1.3921121365600972,43,261,1021,rrc04,codered,normal,0
2001-07-17 06:30:00+00:00,1519,85,5.432521395655036,15.0,1.154558028702885,17,65,1604,rrc04,codered,normal,0
2001-07-17 06:33:00+00:00,933,112,4.92390139335477,14.0,1.7451807778577768,23,81,1045,rrc04,codered,normal,0
2001-07-17 06:36:00+00:00,735,167,5.33469387755102,15.0,2.3397381405091022,31,93,902,rrc04,codered,normal,0
2001-07-17 06:39:00+00:00,580,118,5.48448275862069,16.0,2.6296913234445003,19,98,698,rrc04,codered,normal,0
2001-07-17 06:42:00+00:00,721,143,5.016643550624133,14.0,2.090796249317852,50,85,864,rrc04,codered,normal,0
2001-07-17 06:45:00+00:00,441,98,5.945578231292517,18.0,2.643047559657227,26,57,539,rrc04,codered,normal,0
2001-07-17 06:48:00+00:00,763,119,7.052424639580603,17.0,2.6745494872813884,16,98,882,rrc04,codered,normal,0
2001-07-17 06:51:00+00:00,1275,143,5.982745098039215,16.0,1.9959999984590482,38,88,1418,rrc04,codered,normal,0
2001-07-17 06:54:00+00:00,1177,241,5.796091758708581,16.0,1.6517188138447012,56,153,1418,rrc04,codered,normal,0
2001-07-17 06:57:00+00:00,915,100,6.00655737704918,17.0,1.984078885191856,19,72,1015,rrc04,codered,normal,0
2001-07-17 07:00:00+00:00,682,131,5.651026392961877,13.0,1.901128034305547,18,109,813,rrc04,codered,normal,0
2001-07-17 07:03:00+00:00,930,162,4.682795698924731,17.0,2.548333786475651,44,111,1092,rrc04,codered,normal,0
2001-07-17 07:06:00+00:00,1532,172,5.670365535248042,16.0,1.7885140125007122,21,146,1704,rrc04,codered,normal,0
2001-07-17 07:09:00+00:00,722,223,5.875346260387811,14.0,1.82198833712029,35,185,945,rrc04,codered,normal,0
2001-07-17 07:12:00+00:00,1570,310,5.338216560509554,21.0,1.8681724109201487,69,241,1880,rrc04,codered,normal,0
2001-07-17 07:15:00+00:00,788,471,6.194162436548224,17.0,2.3563536387979407,112,286,1259,rrc04,codered,normal,0
2001-07-17 07:18:00+00:00,1796,105,4.630289532293987,14.0,1.5253084410856774,14,74,1901,rrc04,codered,normal,0
2001-07-17 07:21:00+00:00,683,125,5.449487554904832,16.0,2.1342248124299217,26,85,808,rrc04,codered,normal,0
2001-07-17 07:24:00+00:00,595,212,5.216806722689076,13.0,1.5723621008181479,63,142,807,rrc04,codered,normal,0
2001-07-17 07:27:00+00:00,1763,250,5.568349404424277,16.0,1.7095563864460237,23,208,2013,rrc04,codered,normal,0
2001-07-17 07:30:00+00:00,927,184,5.1898597626752965,16.0,2.1398224229847824,42,122,1111,rrc04,codered,normal,0
2001-07-17 07:33:00+00:00,725,273,5.241379310344827,12.0,1.4530626968411406,78,172,998,rrc04,codered,normal,0
2001-07-17 07:36:00+00:00,587,123,5.412265758091993,14.0,2.4194807355884667,29,88,710,rrc04,codered,normal,0
2001-07-17 07:39:00+00:00,478,289,5.604602510460251,13.0,1.7950827037024708,115,149,767,rrc04,codered,normal,0
2001-07-17 07:42:00+00:00,744,162,5.092741935483871,15.0,1.6332403993962155,17,132,906,rrc04,codered,normal,0
2001-07-17 07:45:00+00:00,691,116,4.672937771345875,12.0,1.2444283562740528,25,81,807,rrc04,codered,normal,0
2001-07-17 07:48:00+00:00,644,105,5.368012422360248,15.0,1.8236630668004834,28,65,749,rrc04,codered,normal,0
2001-07-17 07:51:00+00:00,476,81,5.626050420168068,15.0,1.7146409666506368,17,58,557,rrc04,codered,normal,0
2001-07-17 07:54:00+00:00,745,167,5.464429530201342,12.0,1.3724554894558014,29,132,912,rrc04,codered,normal,0
2001-07-17 07:57:00+00:00,2678,281,5.505601194921583,14.0,1.0080734556013475,24,242,2959,rrc04,codered,normal,0
2001-07-17 08:00:00+00:00,1936,417,5.646177685950414,14.0,1.430669040103965,141,215,2353,rrc04,codered,normal,0
2001-07-17 08:03:00+00:00,566,157,5.581272084805653,12.0,1.5982330592987943,41,90,723,rrc04,codered,normal,0
2001-07-17 08:06:00+00:00,585,135,5.423931623931624,14.0,2.1279037304170987,9,123,720,rrc04,codered,normal,0
2001-07-17 08:09:00+00:00,672,82,5.395833333333333,14.0,1.798109263811066,23,55,754,rrc04,codered,normal,0
2001-07-17 08:12:00+00:00,670,89,5.441791044776119,15.0,2.1583679056266583,15,69,759,rrc04,codered,normal,0
2001-07-17 08:15:00+00:00,798,124,5.274436090225564,15.0,1.7589365436855684,23,92,922,rrc04,codered,normal,0
2001-07-17 08:18:00+00:00,1086,170,5.995395948434623,14.0,2.187562570479434,30,132,1256,rrc04,codered,normal,0
2001-07-17 08:21:00+00:00,1544,331,5.351683937823834,16.0,1.8488961175448924,61,264,1875,rrc04,codered,normal,0
2001-07-17 08:24:00+00:00,8046,680,4.354213273676361,15.0,1.1160864837802462,121,540,8726,rrc04,codered,normal,0
2001-07-17 08:27:00+00:00,18380,683,4.865669205658325,15.0,1.428440661732154,122,536,19063,rrc04,codered,normal,0
2001-07-17 08:30:00+00:00,1515,179,5.466666666666667,12.0,1.1959962544690808,13,163,1694,rrc04,codered,normal,0
2001-07-17 08:33:00+00:00,411,69,5.5036496350364965,14.0,1.4200035344421977,13,52,480,rrc04,codered,normal,0
2001-07-17 08:36:00+00:00,1122,61,5.64795008912656,12.0,1.0435867659051465,13,47,1183,rrc04,codered,normal,0
2001-07-17 08:39:00+00:00,5231,145,4.769642515771363,10.0,1.0709328624393373,51,94,5376,rrc04,codered,normal,0
2001-07-17 08:42:00+00:00,1381,655,5.703837798696597,11.0,1.079017729772585,22,619,2036,rrc04,codered,normal,0
2001-07-17 08:45:00+00:00,577,112,5.753899480069324,16.0,1.8835480946618828,39,69,689,rrc04,codered,normal,0
2001-07-17 08:48:00+00:00,765,92,5.049673202614379,14.0,1.656088950557221,18,74,857,rrc04,codered,normal,0
2001-07-17 08:51:00+00:00,1990,68,4.273869346733668,14.0,1.393405359359773,17,49,2058,rrc04,codered,normal,0
2001-07-17 08:54:00+00:00,1186,91,4.797639123102867,14.0,1.1385597057964558,18,72,1277,rrc04,codered,normal,0
2001-07-17 08:57:00+00:00,646,103,5.1687306501547985,13.0,1.4995398464129164,20,73,749,rrc04,codered,normal,0
2001-07-17 09:00:00+00:00,802,284,6.537406483790524,15.0,2.2882595847150418,72,112,1086,rrc04,codered,normal,0
2001-07-17 09:03:00+00:00,1163,104,5.681857265692176,22.0,2.5327242916122024,17,82,1267,rrc04,codered,normal,0
2001-07-17 09:06:00+00:00,650,93,4.973846153846154,12.0,1.6002669895582495,21,62,743,rrc04,codered,normal,0
2001-07-17 09:09:00+00:00,1820,72,4.22032967032967,11.0,1.0594026417050033,22,41,1892,rrc04,codered,normal,0
2001-07-17 09:12:00+00:00,1367,720,4.455742501828822,22.0,1.951322853561149,77,632,2087,rrc04,codered,normal,0
2001-07-17 09:15:00+00:00,1220,142,6.029508196721311,13.0,1.9583653489828572,29,112,1362,rrc04,codered,normal,0
2001-07-17 09:18:00+00:00,1347,174,5.73199703043801,15.0,1.62210302057092,38,116,1521,rrc04,codered,normal,0
2001-07-17 09:21:00+00:00,2060,94,4.479126213592233,13.0,1.2633947232708296,8,82,2154,rrc04,codered,normal,0
2001-07-17 09:24:00+00:00,890,139,5.432584269662922,11.0,1.8015146736296983,10,127,1029,rrc04,codered,normal,0
2001-07-17 09:27:00+00:00,1520,663,5.883552631578947,16.0,2.320445286184806,122,532,2183,rrc04,codered,normal,0
2001-07-17 09:30:00+00:00,1591,192,5.487115021998743,15.0,1.7878502338842897,22,163,1783,rrc04,codered,normal,0
2001-07-17 09:33:00+00:00,2016,589,5.642361111111111,16.0,2.024544623635357,110,402,2605,rrc04,codered,normal,0
2001-07-17 09:36:00+00:00,1378,495,5.968069666182874,17.0,1.7263002430788292,168,308,1873,rrc04,codered,normal,0
2001-07-17 09:39:00+00:00,1710,203,5.6912280701754385,14.0,1.8820432502833753,32,160,1913,rrc04,codered,normal,0
2001-07-17 09:42:00+00:00,1426,316,5.758064516129032,14.0,1.4357517439207483,72,155,1742,rrc04,codered,normal,0
2001-07-17 09:45:00+00:00,582,183,5.378006872852234,14.0,1.5030544433740844,37,133,765,rrc04,codered,normal,0
2001-07-17 09:48:00+00:00,618,198,5.038834951456311,14.0,1.299158279385118,30,166,816,rrc04,codered,normal,0
2001-07-17 09:51:00+00:00,2079,344,6.03030303030303,17.0,2.2371530417310432,57,246,2423,rrc04,codered,normal,0
2001-07-17 09:54:00+00:00,1174,308,5.7001703577512775,14.0,1.8675157194680716,60,245,1482,rrc04,codered,normal,0
2001-07-17 09:57:00+00:00,668,172,6.350299401197605,17.0,1.8547680666373372,37,123,840,rrc04,codered,normal,0
2001-07-17 10:00:00+00:00,1011,486,5.236399604352127,13.0,1.3330243810800126,113,286,1497,rrc04,codered,normal,0
2001-07-17 10:03:00+00:00,768,172,5.90234375,14.0,2.2225395399938193,15,152,940,rrc04,codered,normal,0
2001-07-17 10:06:00+00:00,1003,127,6.138584247258225,16.0,2.1907393211678956,31,70,1130,rrc04,codered,normal,0
2001-07-17 10:09:00+00:00,955,150,5.283769633507854,17.0,1.6250971551526407,17,128,1105,rrc04,codered,normal,0
2001-07-17 10:12:00+00:00,15650,212,4.452460063897764,15.0,0.7666003239705922,14,191,15862,rrc04,codered,normal,0
2001-07-17 10:15:00+00:00,2315,201,5.48207343412527,22.0,1.9472532626511339,11,190,2516,rrc04,codered,normal,0
2001-07-17 10:18:00+00:00,1375,75,5.1054545454545455,19.0,1.7534815427204125,14,58,1450,rrc04,codered,normal,0
2001-07-17 10:21:00+00:00,562,85,4.912811387900356,13.0,1.2303456665049044,16,59,647,rrc04,codered,normal,0
2001-07-17 10:24:00+00:00,660,97,5.465151515151515,15.0,1.4014054011082162,27,69,757,rrc04,codered,normal,0
2001-07-17 10:27:00+00:00,2398,105,5.615512927439533,11.0,0.9117669560308591,30,64,2503,rrc04,codered,normal,0
2001-07-17 10:30:00+00:00,2256,526,5.307624113475177,14.0,1.1730780390322184,174,310,2782,rrc04,codered,normal,0
2001-07-17 10:33:00+00:00,1424,491,5.563904494382022,17.0,2.000383511511197,164,319,1915,rrc04,codered,normal,0
2001-07-17 10:36:00+00:00,1013,164,5.234945705824284,15.0,1.5551979276889727,15,143,1177,rrc04,codered,normal,0
2001-07-17 10:39:00+00:00,618,102,5.359223300970874,11.0,1.6848133904063864,20,80,720,rrc04,codered,normal,0
2001-07-17 10:42:00+00:00,856,137,5.9953271028037385,16.0,1.5862954656112174,22,110,993,rrc04,codered,normal,0
2001-07-17 10:45:00+00:00,854,68,5.453161592505855,13.0,1.3830804568065713,12,50,922,rrc04,codered,normal,0
2001-07-17 10:48:00+00:00,1273,105,5.4116260801256875,12.0,1.1543516946955363,15,78,1378,rrc04,codered,normal,0
2001-07-17 10:51:00+00:00,1766,150,5.116081540203851,13.0,1.1709012713442921,35,102,1916,rrc04,codered,normal,0
2001-07-17 10:54:00+00:00,2184,229,5.636446886446887,14.0,1.6103117272443128,27,197,2413,rrc04,codered,normal,0
2001-07-17 10:57:00+00:00,2489,395,5.687826436319807,14.0,1.7343041325078903,74,277,2884,rrc04,codered,normal,0
2001-07-17 11:00:00+00:00,1053,41,4.5916429249762585,15.0,1.78108838587797,11,27,1094,rrc04,codered,normal,0
2001-07-17 11:03:00+00:00,745,67,6.173154362416107,13.0,1.8582892786878844,13,38,812,rrc04,codered,normal,0
2001-07-17 11:06:00+00:00,701,124,5.9728958630527815,15.0,1.6968902586152033,22,83,825,rrc04,codered,normal,0
2001-07-17 11:09:00+00:00,817,120,5.483476132190942,13.0,1.4116263734062842,21,81,937,rrc04,codered,normal,0
2001-07-17 11:12:00+00:00,360,61,5.158333333333333,13.0,1.867838174051608,15,41,421,rrc04,codered,normal,0
2001-07-17 11:15:00+00:00,350,66,5.042857142857143,12.0,1.6356363050657012,4,60,416,rrc04,codered,normal,0
2001-07-17 11:18:00+00:00,420,88,5.935714285714286,17.0,1.7763420719170575,12,68,508,rrc04,codered,normal,0
2001-07-17 11:21:00+00:00,757,103,5.782034346103038,13.0,1.4642528976778546,21,74,860,rrc04,codered,normal,0
2001-07-17 11:24:00+00:00,567,140,5.843033509700176,12.0,1.786205214812631,16,110,707,rrc04,codered,normal,0
2001-07-17 11:27:00+00:00,896,112,5.621651785714286,12.0,1.3793518613168432,26,85,1008,rrc04,codered,normal,0
2001-07-17 11:30:00+00:00,985,67,5.792893401015228,13.0,1.2486542009338506,10,53,1052,rrc04,codered,normal,0
2001-07-17 11:33:00+00:00,367,112,5.73841961852861,12.0,1.7240787797064803,33,54,479,rrc04,codered,normal,0
2001-07-17 11:36:00+00:00,383,55,5.266318537859008,12.0,1.0897523003322014,3,49,438,rrc04,codered,normal,0
2001-07-17 11:39:00+00:00,357,132,6.420168067226891,13.0,2.006275022909802,6,125,489,rrc04,codered,normal,0
2001-07-17 11:42:00+00:00,1179,42,5.0508905852417305,14.0,1.5313923340603843,6,34,1221,rrc04,codered,normal,0
2001-07-17 11:45:00+00:00,407,44,5.528255528255528,11.0,1.489871670862619,11,30,451,rrc04,codered,normal,0
2001-07-17 11:48:00+00:00,331,49,5.27190332326284,12.0,1.415845483003432,5,41,380,rrc04,codered,normal,0
2001-07-17 11:51:00+00:00,363,81,5.881542699724518,16.0,2.1627362120951927,9,69,444,rrc04,codered,normal,0
2001-07-17 11:54:00+00:00,427,149,6.330210772833723,15.0,2.4362794036448268,46,65,576,rrc04,codered,normal,0
2001-07-17 11:57:00+00:00,626,132,5.698083067092652,14.0,1.4062490040780349,32,91,758,rrc04,codered,normal,0
2001-07-17 12:00:00+00:00,363,93,5.7245179063360885,15.0,2.0058123466041273,27,47,456,rrc04,codered,normal,0
2001-07-17 12:03:00+00:00,250,38,6.024,16.0,2.6121684478608955,5,30,288,rrc04,codered,normal,0
2001-07-17 12:06:00+00:00,472,32,4.947033898305085,13.0,1.4798618862044983,3,28,504,rrc04,codered,normal,0
2001-07-17 12:09:00+00:00,511,134,5.89628180039139,12.0,1.4615107157499545,22,107,645,rrc04,codered,normal,0
2001-07-17 12:12:00+00:00,583,143,5.457975986277873,13.0,1.4434571206359383,36,87,726,rrc04,codered,normal,0
2001-07-17 12:15:00+00:00,722,125,5.458448753462604,14.0,1.2450753198433153,43,70,847,rrc04,codered,normal,0
2001-07-17 12:18:00+00:00,1026,378,5.030214424951267,11.0,1.1046875811186123,141,181,1404,rrc04,codered,normal,0
2001-07-17 12:21:00+00:00,939,192,5.538871139510118,13.0,1.199632178011954,15,170,1131,rrc04,codered,normal,0
2001-07-17 12:24:00+00:00,735,88,5.854421768707483,14.0,1.3569790022647175,22,60,823,rrc04,codered,normal,0
2001-07-17 12:27:00+00:00,925,105,5.456216216216216,15.0,1.1714978892861476,18,67,1030,rrc04,codered,normal,0
2001-07-17 12:30:00+00:00,551,105,5.70961887477314,18.0,1.553369395560174,33,67,656,rrc04,codered,normal,0
2001-07-17 12:33:00+00:00,598,100,5.709030100334449,12.0,1.3718205791702889,18,72,698,rrc04,codered,normal,0
2001-07-17 12:36:00+00:00,1193,390,5.885163453478626,15.0,1.5235693392620686,46,335,1583,rrc04,codered,normal,0
2001-07-17 12:39:00+00:00,1130,72,5.29646017699115,13.0,1.064173550582451,7,61,1202,rrc04,codered,normal,0
2001-07-17 12:42:00+00:00,419,83,5.43436754176611,15.0,1.8698366343446673,8,71,502,rrc04,codered,normal,0
2001-07-17 12:45:00+00:00,247,83,5.364372469635628,14.0,1.6679965409006858,27,33,330,rrc04,codered,normal,0
2001-07-17 12:48:00+00:00,464,93,5.7155172413793105,12.0,1.3281178962179747,29,45,557,rrc04,codered,normal,0
2001-07-17 12:51:00+00:00,1061,293,5.714420358152686,11.0,1.3199225152622391,113,178,1354,rrc04,codered,normal,0
2001-07-17 12:54:00+00:00,191,56,5.528795811518324,13.0,2.0714863306314446,10,41,247,rrc04,codered,normal,0
2001-07-17 12:57:00+00:00,538,80,5.723048327137547,14.0,1.7233009523544276,28,46,618,rrc04,codered,normal,0
2001-07-17 13:00:00+00:00,672,79,5.467261904761905,13.0,1.5929904875141776,8,68,751,rrc04,codered,normal,0
2001-07-17 13:03:00+00:00,548,75,6.4178832116788325,14.0,1.851860745287596,18,38,623,rrc04,codered,normal,0
2001-07-17 13:06:00+00:00,258,68,5.310077519379845,11.0,1.3253547111131478,18,42,326,rrc04,codered,normal,0
2001-07-17 13:09:00+00:00,866,44,5.245958429561201,13.0,1.0608565836683794,9,30,910,rrc04,codered,normal,0
2001-07-17 13:12:00+00:00,362,106,5.361878453038674,14.0,1.8203833020663,29,73,468,rrc04,codered,normal,0
2001-07-17 13:15:00+00:00,1173,419,5.283887468030691,12.0,1.3752363117543682,7,411,1592,rrc04,codered,normal,0
2001-07-17 13:18:00+00:00,1417,176,5.331686661961891,13.0,1.1183045151578255,26,145,1593,rrc04,codered,normal,0
2001-07-17 13:21:00+00:00,754,98,5.489389920424403,14.0,1.3618597438871662,17,71,852,rrc04,codered,normal,0
2001-07-17 13:24:00+00:00,1421,117,5.399014778325123,16.0,2.190241073735141,11,97,1538,rrc04,codered,normal,0
2001-07-17 13:27:00+00:00,1305,130,5.29272030651341,16.0,1.2812173458429272,15,108,1435,rrc04,codered,normal,0
2001-07-17 13:30:00+00:00,611,128,5.541734860883797,13.0,1.298170537625366,31,84,739,rrc04,codered,normal,0
2001-07-17 13:33:00+00:00,454,127,5.52863436123348,13.0,1.7365770634052775,33,88,581,rrc04,codered,normal,0
2001-07-17 13:36:00+00:00,826,100,5.602905569007264,12.0,1.1991487227878197,16,81,926,rrc04,codered,normal,0
2001-07-17 13:39:00+00:00,1205,109,5.551867219917012,12.0,1.343806539485677,14,89,1314,rrc04,codered,normal,0
2001-07-17 13:42:00+00:00,320,99,5.48125,12.0,1.8505805676868003,28,67,419,rrc04,codered,normal,0
2001-07-17 13:45:00+00:00,567,269,5.435626102292769,14.0,1.7107401951796557,20,242,836,rrc04,codered,normal,0
2001-07-17 13:48:00+00:00,823,86,5.733900364520049,11.0,1.475076116754176,12,64,909,rrc04,codered,normal,0
2001-07-17 13:51:00+00:00,647,167,5.449768160741885,12.0,1.663369081262768,44,116,814,rrc04,codered,normal,0
2001-07-17 13:54:00+00:00,1612,169,5.642059553349876,13.0,1.1100902994262212,61,101,1781,rrc04,codered,normal,0
2001-07-17 13:57:00+00:00,1944,143,5.62037037037037,12.0,1.1470649011791558,49,82,2087,rrc04,codered,normal,0
2001-07-17 14:00:00+00:00,1230,235,5.494308943089431,20.0,1.4425192965136828,61,145,1465,rrc04,codered,normal,0
2001-07-17 14:03:00+00:00,2042,552,5.715475024485798,19.0,1.1796700573817993,154,269,2594,rrc04,codered,normal,0
2001-07-17 14:06:00+00:00,768,88,5.677083333333333,15.0,1.7728848410774523,17,69,856,rrc04,codered,normal,0
2001-07-17 14:09:00+00:00,1096,175,5.477189781021898,13.0,1.1396270297351112,25,139,1271,rrc04,codered,normal,0
2001-07-17 14:12:00+00:00,495,73,5.739393939393939,14.0,1.7885052831462525,14,52,568,rrc04,codered,normal,0
2001-07-17 14:15:00+00:00,1410,258,5.578723404255319,14.0,1.3862960758869718,36,217,1668,rrc04,codered,normal,0
2001-07-17 14:18:00+00:00,1198,228,5.502504173622705,11.0,1.1847291017951502,28,191,1426,rrc04,codered,normal,0
2001-07-17 14:21:00+00:00,398,85,5.407035175879397,12.0,1.4389243448213118,25,52,483,rrc04,codered,normal,0
2001-07-17 14:24:00+00:00,963,265,5.803738317757009,12.0,1.1003192881540222,114,149,1228,rrc04,codered,normal,0
2001-07-17 14:27:00+00:00,679,149,5.58321060382916,12.0,1.0276362347888646,51,91,828,rrc04,codered,normal,0
2001-07-17 14:30:00+00:00,1199,263,5.698081734778983,12.0,1.1532691279110963,28,232,1462,rrc04,codered,normal,0
2001-07-17 14:33:00+00:00,1420,274,5.669014084507042,13.0,1.0134436550963986,23,245,1694,rrc04,codered,normal,0
2001-07-17 14:36:00+00:00,356,76,5.671348314606742,12.0,1.842497505684123,15,57,432,rrc04,codered,normal,0
2001-07-17 14:39:00+00:00,923,121,5.413867822318527,12.0,1.1922022248941677,30,89,1044,rrc04,codered,normal,0
2001-07-17 14:42:00+00:00,939,85,6.173588924387646,14.0,1.8335138855787336,11,70,1024,rrc04,codered,normal,0
2001-07-17 14:45:00+00:00,393,71,6.0559796437659035,14.0,2.3372024162330645,14,54,464,rrc04,codered,normal,0
2001-07-17 14:48:00+00:00,834,90,5.563549160671463,13.0,1.3924823401850068,19,62,924,rrc04,codered,normal,0
2001-07-17 14:51:00+00:00,462,164,5.64935064935065,12.0,1.7215182599871763,29,119,626,rrc04,codered,normal,0
2001-07-17 14:54:00+00:00,481,72,5.347193347193347,12.0,1.4105473724238369,13,44,553,rrc04,codered,normal,0
2001-07-17 14:57:00+00:00,572,328,5.5874125874125875,10.0,1.125537455635023,100,128,900,rrc04,codered,normal,0
2001-07-17 15:00:00+00:00,721,117,5.170596393897365,13.0,1.447182275153411,34,78,838,rrc04,codered,normal,0
2001-07-17 15:03:00+00:00,668,149,6.049401197604791,14.0,1.782890138574475,30,91,817,rrc04,codered,normal,0
2001-07-17 15:06:00+00:00,681,47,4.8252569750367105,11.0,1.1317118788993736,5,38,728,rrc04,codered,normal,0
2001-07-17 15:09:00+00:00,509,82,4.917485265225933,11.0,1.6082635214110748,14,66,591,rrc04,codered,normal,0
2001-07-17 15:12:00+00:00,577,58,5.235701906412478,17.0,2.0765024172768265,8,49,635,rrc04,codered,normal,0
2001-07-17 15:15:00+00:00,712,83,5.050561797752809,18.0,1.6302011729104373,15,60,795,rrc04,codered,normal,0
2001-07-17 15:18:00+00:00,589,132,6.3718166383701185,12.0,2.0666205430424816,23,101,721,rrc04,codered,normal,0
2001-07-17 15:21:00+00:00,621,104,6.5297906602254425,12.0,2.471316570625405,9,93,725,rrc04,codered,normal,0
2001-07-17 15:24:00+00:00,619,129,6.235864297253635,16.0,2.935924172613451,16,107,748,rrc04,codered,normal,0
2001-07-17 15:27:00+00:00,415,68,4.828915662650602,16.0,1.709543032049612,20,46,483,rrc04,codered,normal,0
2001-07-17 15:30:00+00:00,329,64,5.474164133738602,13.0,1.7100013287973455,13,48,393,rrc04,codered,normal,0
2001-07-17 15:33:00+00:00,419,139,5.727923627684964,15.0,2.3474880158630693,16,110,558,rrc04,codered,normal,0
2001-07-17 15:36:00+00:00,1199,68,5.11092577147623,15.0,1.2300948492331025,22,43,1267,rrc04,codered,normal,0
2001-07-17 15:39:00+00:00,495,97,5.791919191919192,14.0,1.997760198735542,29,56,592,rrc04,codered,normal,0
2001-07-17 15:42:00+00:00,837,176,5.41457586618877,14.0,1.6688667108207471,59,100,1013,rrc04,codered,normal,0
2001-07-17 15:45:00+00:00,435,121,5.645977011494253,11.0,1.8578695373632492,29,60,556,rrc04,codered,normal,0
2001-07-17 15:48:00+00:00,400,126,4.8175,16.0,1.7983864295528924,9,111,526,rrc04,codered,normal,0
2001-07-17 15:51:00+00:00,484,154,4.857438016528926,12.0,1.7159697298981251,8,146,638,rrc04,codered,normal,0
2001-07-17 15:54:00+00:00,586,115,5.237201365187714,14.0,1.5522905074503035,33,81,701,rrc04,codered,normal,0
2001-07-17 15:57:00+00:00,550,149,4.836363636363636,11.0,1.3343522277751834,21,112,699,rrc04,codered,normal,0
2001-07-17 16:00:00+00:00,362,77,5.8812154696132595,12.0,2.4437835584692578,17,59,439,rrc04,codered,normal,0
2001-07-17 16:03:00+00:00,343,128,4.930029154518951,13.0,1.7796392169735549,14,113,471,rrc04,codered,normal,0
2001-07-17 16:06:00+00:00,637,172,5.649921507064364,14.0,1.574389067465246,6,162,809,rrc04,codered,normal,0
2001-07-17 16:09:00+00:00,594,142,5.3367003367003365,12.0,1.6052627739724017,34,105,736,rrc04,codered,normal,0
2001-07-17 16:12:00+00:00,465,92,5.481720430107527,15.0,1.5325112033872188,13,70,557,rrc04,codered,normal,0
2001-07-17 16:15:00+00:00,404,91,5.316831683168317,13.0,1.7712259728552335,17,65,495,rrc04,codered,normal,0
2001-07-17 16:18:00+00:00,289,66,5.4567474048442905,14.0,1.7045728671368314,10,45,355,rrc04,codered,normal,0
2001-07-17 16:21:00+00:00,270,49,5.381481481481481,13.0,1.79475305988132,8,41,319,rrc04,codered,normal,0
2001-07-17 16:24:00+00:00,1496,205,5.439839572192513,13.0,1.5947326317525101,78,121,1701,rrc04,codered,normal,0
2001-07-17 16:27:00+00:00,422,60,5.206161137440758,12.0,1.5309322354630033,14,44,482,rrc04,codered,normal,0
2001-07-17 16:30:00+00:00,358,48,5.430167597765363,14.0,1.9243762610927622,1,47,406,rrc04,codered,normal,0
2001-07-17 16:33:00+00:00,260,45,5.111538461538461,9.0,1.2275137232749793,8,37,305,rrc04,codered,normal,0
2001-07-17 16:36:00+00:00,157,47,6.050955414012739,14.0,2.377699413550166,14,24,204,rrc04,codered,normal,0
2001-07-17 16:39:00+00:00,451,116,6.170731707317073,13.0,3.223339792863685,6,109,567,rrc04,codered,normal,0
2001-07-17 16:42:00+00:00,494,152,6.4271255060728745,16.0,3.316281915848203,9,142,646,rrc04,codered,normal,0
2001-07-17 16:45:00+00:00,406,71,5.45320197044335,13.0,1.8639771805607734,14,53,477,rrc04,codered,normal,0
2001-07-17 16:48:00+00:00,404,60,5.574257425742574,13.0,1.9465457328733973,16,37,464,rrc04,codered,normal,0
2001-07-17 16:51:00+00:00,869,185,6.497123130034522,13.0,1.7604669089273384,28,152,1054,rrc04,codered,normal,0
2001-07-17 16:54:00+00:00,945,208,6.136507936507937,13.0,1.7333914752734794,29,171,1153,rrc04,codered,normal,0
2001-07-17 16:57:00+00:00,1359,178,5.777041942604857,14.0,2.3124966374072993,64,114,1537,rrc04,codered,normal,0
2001-07-17 17:00:00+00:00,608,226,6.9375,13.0,2.4284582638937167,75,149,834,rrc04,codered,normal,0
2001-07-17 17:03:00+00:00,636,114,6.364779874213837,15.0,2.359035576441294,7,101,750,rrc04,codered,normal,0
2001-07-17 17:06:00+00:00,581,90,6.647160068846816,14.0,2.409343478367744,9,77,671,rrc04,codered,normal,0
2001-07-17 17:09:00+00:00,662,143,5.910876132930514,14.0,2.2581646732702176,51,83,805,rrc04,codered,normal,0
2001-07-17 17:12:00+00:00,470,134,7.159574468085107,14.0,2.4715538720260266,42,87,604,rrc04,codered,normal,0
2001-07-17 17:15:00+00:00,481,112,6.796257796257796,14.0,2.4579766470766873,19,88,593,rrc04,codered,normal,0
2001-07-17 17:18:00+00:00,447,127,5.97986577181208,14.0,2.4816186858365863,8,116,574,rrc04,codered,normal,0
2001-07-17 17:21:00+00:00,482,141,7.170124481327801,14.0,2.7397677584781737,52,77,623,rrc04,codered,normal,0
2001-07-17 17:24:00+00:00,1219,202,6.143560295324036,13.0,2.1688141171120052,42,158,1421,rrc04,codered,normal,0
2001-07-17 17:27:00+00:00,528,94,6.153409090909091,13.0,2.408387279319936,16,76,622,rrc04,codered,normal,0
2001-07-17 17:30:00+00:00,693,255,6.220779220779221,15.0,2.566073687396711,12,237,948,rrc04,codered,normal,0
2001-07-17 17:33:00+00:00,642,169,6.7274143302180685,14.0,2.5385800443189854,34,135,811,rrc04,codered,normal,0
2001-07-17 17:36:00+00:00,591,98,5.9847715736040605,14.0,2.553940237089234,38,56,689,rrc04,codered,normal,0
2001-07-17 17:39:00+00:00,627,210,5.891547049441786,17.0,2.1464057711042734,39,170,837,rrc04,codered,normal,0
2001-07-17 17:42:00+00:00,528,109,6.431818181818182,14.0,2.4929998414292753,19,86,637,rrc04,codered,normal,0
2001-07-17 17:45:00+00:00,731,175,6.19015047879617,14.0,2.3235454192353178,57,99,906,rrc04,codered,normal,0
2001-07-17 17:48:00+00:00,499,69,7.609218436873747,14.0,2.761312166369649,8,58,568,rrc04,codered,normal,0
2001-07-17 17:51:00+00:00,421,80,5.5439429928741095,13.0,1.741240073733341,17,56,501,rrc04,codered,normal,0
2001-07-17 17:54:00+00:00,618,159,5.634304207119741,14.0,2.240171901203171,6,151,777,rrc04,codered,normal,0
2001-07-17 17:57:00+00:00,477,81,5.79664570230608,11.0,1.6402143805295044,8,68,558,rrc04,codered,normal,0
2001-07-17 18:00:00+00:00,403,81,6.913151364764268,18.0,2.9912860615713006,9,70,484,rrc04,codered,normal,0
2001-07-17 18:03:00+00:00,772,182,6.037564766839378,18.0,2.3737310822809317,17,158,954,rrc04,codered,normal,0
2001-07-17 18:06:00+00:00,478,103,5.96234309623431,12.0,2.0410649118377355,11,86,581,rrc04,codered,normal,0
2001-07-17 18:09:00+00:00,545,84,5.561467889908257,16.0,2.444312186583928,8,72,629,rrc04,codered,normal,0
2001-07-17 18:12:00+00:00,619,109,5.455573505654281,12.0,1.2553782658289971,5,101,728,rrc04,codered,normal,0
2001-07-17 18:15:00+00:00,405,81,5.785185185185185,13.0,1.893661363805096,5,73,486,rrc04,codered,normal,0
2001-07-17 18:18:00+00:00,468,85,6.726495726495727,12.0,2.452537258048996,10,70,553,rrc04,codered,normal,0
2001-07-17 18:21:00+00:00,366,73,6.278688524590164,12.0,2.3115141646946835,6,65,439,rrc04,codered,normal,0
2001-07-17 18:24:00+00:00,396,127,6.212121212121212,12.0,2.2406831897938617,54,72,523,rrc04,codered,normal,0
2001-07-17 18:27:00+00:00,232,61,5.547413793103448,10.0,1.6234786622269792,17,28,293,rrc04,codered,normal,0
2001-07-17 18:30:00+00:00,438,120,6.726027397260274,14.0,2.236641362338691,42,71,558,rrc04,codered,normal,0
2001-07-17 18:33:00+00:00,388,68,7.149484536082475,13.0,2.458589978575232,2,66,456,rrc04,codered,normal,0
2001-07-17 18:36:00+00:00,534,53,5.646067415730337,13.0,1.9401661873165479,3,49,587,rrc04,codered,normal,0
2001-07-17 18:39:00+00:00,433,100,6.780600461893765,12.0,2.3952209172051075,33,66,533,rrc04,codered,normal,0
2001-07-17 18:42:00+00:00,15564,120,4.517154973014649,15.0,0.9657598488878026,34,86,15684,rrc04,codered,normal,0
2001-07-17 18:45:00+00:00,678,83,6.323008849557522,14.0,2.3430878266389237,4,78,761,rrc04,codered,normal,0
2001-07-17 18:48:00+00:00,338,43,5.378698224852071,19.0,1.9257878025397943,9,28,381,rrc04,codered,normal,0
2001-07-17 18:51:00+00:00,403,161,5.4342431761786605,12.0,1.6855887810733179,56,104,564,rrc04,codered,normal,0
2001-07-17 18:54:00+00:00,764,97,6.698952879581152,12.0,1.8157106559860636,8,85,861,rrc04,codered,normal,0
2001-07-17 18:57:00+00:00,997,98,5.714142427281845,14.0,1.9366938169460648,15,82,1095,rrc04,codered,normal,0
2001-07-17 19:00:00+00:00,411,107,6.301703163017032,14.0,2.208471197708772,10,95,518,rrc04,codered,normal,0
2001-07-17 19:03:00+00:00,656,75,6.6432926829268295,15.0,2.346679831466124,6,67,731,rrc04,codered,normal,0
2001-07-17 19:06:00+00:00,458,65,5.61353711790393,16.0,2.2644953118037607,7,55,523,rrc04,codered,normal,0
2001-07-17 19:09:00+00:00,800,92,5.76625,15.0,2.2156513573890635,2,89,892,rrc04,codered,normal,0
2001-07-17 19:12:00+00:00,824,107,5.546116504854369,14.0,2.2673943528806726,14,93,931,rrc04,codered,normal,0
2001-07-17 19:15:00+00:00,292,42,5.804794520547945,21.0,2.4633430951358637,8,31,334,rrc04,codered,normal,0
2001-07-17 19:18:00+00:00,281,77,6.345195729537367,15.0,2.4140130748177433,13,56,358,rrc04,codered,normal,0
2001-07-17 19:21:00+00:00,425,36,5.470588235294118,20.0,2.5176470588235293,7,27,461,rrc04,codered,normal,0
2001-07-17 19:24:00+00:00,228,66,5.5701754385964914,20.0,2.4422067179974394,12,52,294,rrc04,codered,normal,0
2001-07-17 19:27:00+00:00,293,29,5.539249146757679,13.0,2.272253346877694,5,23,322,rrc04,codered,normal,0
2001-07-17 19:30:00+00:00,890,40,4.619101123595506,13.0,1.2903597969188112,9,27,930,rrc04,codered,normal,0
2001-07-17 19:33:00+00:00,332,74,5.352409638554217,12.0,1.5904156389087136,12,55,406,rrc04,codered,normal,0
2001-07-17 19:36:00+00:00,347,76,5.1469740634005765,15.0,1.6559249335324473,4,72,423,rrc04,codered,normal,0
2001-07-17 19:39:00+00:00,611,154,6.404255319148936,14.0,2.3152341619156296,7,141,765,rrc04,codered,normal,0
2001-07-17 19:42:00+00:00,299,51,5.3879598662207355,13.0,1.6570480416801747,14,37,350,rrc04,codered,normal,0
2001-07-17 19:45:00+00:00,292,106,5.4006849315068495,14.0,1.826479380701875,33,55,398,rrc04,codered,normal,0
2001-07-17 19:48:00+00:00,283,73,6.236749116607774,16.0,2.6618212960244314,15,49,356,rrc04,codered,normal,0
2001-07-17 19:51:00+00:00,469,83,6.769722814498934,19.0,2.414919010047164,5,77,552,rrc04,codered,normal,0
2001-07-17 19:54:00+00:00,727,187,6.921595598349381,20.0,2.775539391201767,67,120,914,rrc04,codered,normal,0
2001-07-17 19:57:00+00:00,518,124,6.745173745173745,14.0,2.4034896341673844,38,84,642,rrc04,codered,normal,0
2001-07-17 20:00:00+00:00,534,69,6.308988764044944,14.0,2.4700516507103902,16,49,603,rrc04,codered,normal,0
2001-07-17 20:03:00+00:00,294,51,5.493197278911564,14.0,1.7970936424461823,10,39,345,rrc04,codered,normal,0
2001-07-17 20:06:00+00:00,320,68,6.653125,13.0,2.2475659577362794,11,49,388,rrc04,codered,normal,0
2001-07-17 20:09:00+00:00,747,80,6.947791164658635,19.0,2.652816405272438,8,67,827,rrc04,codered,normal,0
2001-07-17 20:12:00+00:00,442,152,6.617647058823529,14.0,2.2433321778211788,43,108,594,rrc04,codered,normal,0
2001-07-17 20:15:00+00:00,415,62,6.578313253012048,19.0,2.2415597083211805,8,52,477,rrc04,codered,normal,0
2001-07-17 20:18:00+00:00,1033,188,6.6263310745401744,21.0,2.2968819714299786,48,134,1221,rrc04,codered,normal,0
2001-07-17 20:21:00+00:00,807,213,6.1871127633209415,15.0,1.797266950572865,47,162,1020,rrc04,codered,normal,0
2001-07-17 20:24:00+00:00,276,89,6.358695652173913,13.0,2.4387341769108972,6,80,365,rrc04,codered,normal,0
2001-07-17 20:27:00+00:00,674,116,6.617210682492582,12.0,2.2798434130996448,20,81,790,rrc04,codered,normal,0
2001-07-17 20:30:00+00:00,422,107,7.305687203791469,12.0,2.458935899932822,33,74,529,rrc04,codered,normal,0
2001-07-17 20:33:00+00:00,417,106,5.669064748201439,19.0,2.478846203741344,24,81,523,rrc04,codered,normal,0
2001-07-17 20:36:00+00:00,358,71,4.569832402234637,14.0,1.3718582084085906,5,64,429,rrc04,codered,normal,0
2001-07-17 20:39:00+00:00,382,80,6.5890052356020945,14.0,2.59302014274968,33,47,462,rrc04,codered,normal,0
2001-07-17 20:42:00+00:00,654,127,6.86697247706422,13.0,2.4140980567029673,52,69,781,rrc04,codered,normal,0
2001-07-17 20:45:00+00:00,560,91,6.551785714285714,15.0,2.0901547337995074,19,71,651,rrc04,codered,normal,0
2001-07-17 20:48:00+00:00,521,128,7.044145873320537,20.0,2.8338455674948193,36,61,649,rrc04,codered,normal,0
2001-07-17 20:51:00+00:00,581,89,6.8502581755593805,18.0,3.019720741802869,18,71,670,rrc04,codered,normal,0
2001-07-17 20:54:00+00:00,575,152,5.765217391304348,17.0,2.539874816437968,52,94,727,rrc04,codered,normal,0
2001-07-17 20:57:00+00:00,624,193,6.434294871794871,15.0,2.40169080723632,68,90,817,rrc04,codered,normal,0
2001-07-17 21:00:00+00:00,869,107,6.379746835443038,20.0,3.1021510678495994,15,82,976,rrc04,codered,normal,0
2001-07-17 21:03:00+00:00,745,166,6.528859060402684,15.0,2.524943890718558,53,105,911,rrc04,codered,normal,0
2001-07-17 21:06:00+00:00,659,111,6.1350531107738995,14.0,2.173429097344865,9,96,770,rrc04,codered,normal,0
2001-07-17 21:09:00+00:00,684,84,5.435672514619883,14.0,1.597773300091199,10,72,768,rrc04,codered,normal,0
2001-07-17 21:12:00+00:00,381,137,5.446194225721785,17.0,1.7069773300547926,38,96,518,rrc04,codered,normal,0
2001-07-17 21:15:00+00:00,404,41,6.457920792079208,20.0,3.2693766071939008,10,26,445,rrc04,codered,normal,0
2001-07-17 21:18:00+00:00,496,251,6.292338709677419,17.0,3.293018913200334,53,192,747,rrc04,codered,normal,0
2001-07-17 21:21:00+00:00,601,150,5.810316139767055,17.0,2.29097049817682,16,125,751,rrc04,codered,normal,0
2001-07-17 21:24:00+00:00,593,178,6.222596964586846,20.0,2.7786882272408033,46,77,771,rrc04,codered,normal,0
2001-07-17 21:27:00+00:00,460,155,6.306521739130435,12.0,2.076671895743497,20,129,615,rrc04,codered,normal,0
2001-07-17 21:30:00+00:00,317,30,5.839116719242902,20.0,2.2203496418622772,7,20,347,rrc04,codered,normal,0
2001-07-17 21:33:00+00:00,330,38,6.257575757575758,14.0,2.4014554050497394,10,23,368,rrc04,codered,normal,0
2001-07-17 21:36:00+00:00,271,62,6.166051660516605,14.0,2.364815647212626,18,41,333,rrc04,codered,normal,0
2001-07-17 21:39:00+00:00,513,135,5.875243664717349,14.0,2.301798430087279,16,116,648,rrc04,codered,normal,0
2001-07-17 21:42:00+00:00,275,42,6.225454545454546,15.0,2.7209769757348807,6,31,317,rrc04,codered,normal,0
2001-07-17 21:45:00+00:00,304,100,7.3618421052631575,16.0,3.1226029587872914,39,54,404,rrc04,codered,normal,0
2001-07-17 21:48:00+00:00,450,61,7.064444444444445,20.0,2.8296568740204804,9,46,511,rrc04,codered,normal,0
2001-07-17 21:51:00+00:00,240,57,5.566666666666666,15.0,2.1669230617526676,17,34,297,rrc04,codered,normal,0
2001-07-17 21:54:00+00:00,308,64,6.535714285714286,14.0,2.585302578976173,0,64,372,rrc04,codered,normal,0
2001-07-17 21:57:00+00:00,372,42,5.508064516129032,13.0,1.7574540224423965,5,35,414,rrc04,codered,normal,0
2001-07-17 22:00:00+00:00,421,87,6.5605700712589075,12.0,2.5741753577419573,13,72,508,rrc04,codered,normal,0
2001-07-17 22:03:00+00:00,348,65,6.652298850574713,15.0,2.553411151457885,7,55,413,rrc04,codered,normal,0
2001-07-17 22:06:00+00:00,220,52,5.568181818181818,14.0,2.2176741222273155,13,31,272,rrc04,codered,normal,0
2001-07-17 22:09:00+00:00,459,99,5.919389978213507,14.0,1.9199772086938742,19,80,558,rrc04,codered,normal,0
2001-07-17 22:12:00+00:00,640,191,5.7203125,14.0,1.6464620865187725,34,131,831,rrc04,codered,normal,0
2001-07-17 22:15:00+00:00,415,63,5.925301204819277,15.0,1.8450091176510255,10,53,478,rrc04,codered,normal,0
2001-07-17 22:18:00+00:00,519,86,6.601156069364162,18.0,2.575428320385916,9,73,605,rrc04,codered,normal,0
2001-07-17 22:21:00+00:00,369,112,5.6287262872628725,11.0,2.0522546932984094,12,94,481,rrc04,codered,normal,0
2001-07-17 22:24:00+00:00,733,76,6.210095497953615,18.0,2.2061693521861447,4,70,809,rrc04,codered,normal,0
2001-07-17 22:27:00+00:00,819,150,6.438339438339439,24.0,4.921562551742656,12,137,969,rrc04,codered,normal,0
2001-07-17 22:30:00+00:00,325,196,5.852307692307693,24.0,3.89196836465551,20,170,521,rrc04,codered,normal,0
2001-07-17 22:33:00+00:00,509,136,6.514734774066798,14.0,2.568182025843843,18,113,645,rrc04,codered,normal,0
2001-07-17 22:36:00+00:00,546,163,5.501831501831502,14.0,2.693261897637147,14,144,709,rrc04,codered,normal,0
2001-07-17 22:39:00+00:00,737,136,4.9280868385345995,12.0,1.6601272623081635,26,99,873,rrc04,codered,normal,0
2001-07-17 22:42:00+00:00,375,95,5.56,11.0,1.3783081416480618,22,65,470,rrc04,codered,normal,0
2001-07-17 22:45:00+00:00,541,106,5.408502772643253,12.0,1.9761614836158703,15,81,647,rrc04,codered,normal,0
2001-07-17 22:48:00+00:00,598,149,5.9280936454849495,14.0,2.9351713432051967,19,128,747,rrc04,codered,normal,0
2001-07-17 22:51:00+00:00,542,242,6.4575645756457565,19.0,2.6653869879710683,49,162,784,rrc04,codered,normal,0
2001-07-17 22:54:00+00:00,582,92,5.121993127147766,13.0,2.0001453933288156,17,75,674,rrc04,codered,normal,0
2001-07-17 22:57:00+00:00,159,53,5.591194968553459,16.0,2.572749884515899,15,38,212,rrc04,codered,normal,0
2001-07-17 23:00:00+00:00,306,81,6.339869281045751,16.0,3.0166496558783966,5,76,387,rrc04,codered,normal,0
2001-07-17 23:03:00+00:00,425,186,6.875294117647059,14.0,2.56601801297391,52,131,611,rrc04,codered,normal,0
2001-07-17 23:06:00+00:00,312,95,5.987179487179487,15.0,2.246042615206313,15,78,407,rrc04,codered,normal,0
2001-07-17 23:09:00+00:00,272,77,4.672794117647059,13.0,2.16920176805977,7,68,349,rrc04,codered,normal,0
2001-07-17 23:12:00+00:00,385,82,6.420779220779221,13.0,2.3608460767296506,25,56,467,rrc04,codered,normal,0
2001-07-17 23:15:00+00:00,376,112,6.1861702127659575,14.0,2.835455648918717,18,93,488,rrc04,codered,normal,0
2001-07-17 23:18:00+00:00,345,96,6.228985507246377,14.0,2.445291331404529,21,65,441,rrc04,codered,normal,0
2001-07-17 23:21:00+00:00,307,54,5.912052117263844,16.0,2.7351169112958282,4,48,361,rrc04,codered,normal,0
2001-07-17 23:24:00+00:00,234,70,5.128205128205129,13.0,2.0715346371215264,19,51,304,rrc04,codered,normal,0
2001-07-17 23:27:00+00:00,333,69,5.351351351351352,14.0,2.6654794045596764,15,44,402,rrc04,codered,normal,0
2001-07-17 23:30:00+00:00,196,75,5.295918367346939,14.0,2.0061598186151337,17,57,271,rrc04,codered,normal,0
2001-07-17 23:33:00+00:00,205,74,5.824390243902439,15.0,2.670231604808739,16,55,279,rrc04,codered,normal,0
2001-07-17 23:36:00+00:00,682,88,5.406158357771261,13.0,2.213161820063094,31,56,770,rrc04,codered,normal,0
2001-07-17 23:39:00+00:00,426,64,4.262910798122066,14.0,1.5911684006939584,15,47,490,rrc04,codered,normal,0
2001-07-17 23:42:00+00:00,291,90,4.869415807560137,17.0,2.679332763458959,12,68,381,rrc04,codered,normal,0
2001-07-17 23:45:00+00:00,760,98,4.564473684210526,17.0,1.7780980337789398,24,68,858,rrc04,codered,normal,0
2001-07-17 23:48:00+00:00,558,92,6.897849462365591,13.0,2.443328059432923,5,85,650,rrc04,codered,normal,0
2001-07-17 23:51:00+00:00,209,47,5.45933014354067,11.0,2.0796396290461057,12,30,256,rrc04,codered,normal,0
2001-07-17 23:54:00+00:00,470,174,5.959574468085107,15.0,2.3211478794977833,72,98,644,rrc04,codered,normal,0
2001-07-17 23:57:00+00:00,311,50,5.961414790996785,20.0,2.856445848572355,4,46,361,rrc04,codered,normal,0
2001-07-18 00:00:00+00:00,470,75,4.293617021276596,20.0,1.9004371563517144,24,49,545,rrc04,codered,normal,0
2001-07-18 00:03:00+00:00,360,79,5.241666666666666,11.0,1.5455806172582667,15,57,439,rrc04,codered,normal,0
2001-07-18 00:06:00+00:00,1107,687,4.281842818428184,12.0,0.7627655197808709,292,394,1794,rrc04,codered,normal,0
2001-07-18 00:09:00+00:00,1277,150,6.348472983555207,15.0,2.2446193424316103,34,112,1427,rrc04,codered,normal,0
2001-07-18 00:12:00+00:00,488,148,6.627049180327869,15.0,2.446192655082182,33,106,636,rrc04,codered,normal,0
2001-07-18 00:15:00+00:00,492,108,6.693089430894309,13.0,2.723227589496926,16,91,600,rrc04,codered,normal,0
2001-07-18 00:18:00+00:00,1143,137,4.776027996500438,13.0,1.8581976910123792,38,99,1280,rrc04,codered,normal,0
2001-07-18 00:21:00+00:00,434,82,5.864055299539171,13.0,2.2210654969276393,22,57,516,rrc04,codered,normal,0
2001-07-18 00:24:00+00:00,1602,207,5.036828963795256,15.0,1.9765837517798985,84,117,1809,rrc04,codered,normal,0
2001-07-18 00:27:00+00:00,996,1157,5.147590361445783,13.0,1.3161432860693136,380,441,2153,rrc04,codered,normal,0
2001-07-18 00:30:00+00:00,502,90,5.96215139442231,12.0,1.6832197829272024,10,77,592,rrc04,codered,normal,0
2001-07-18 00:33:00+00:00,400,120,4.9475,14.0,2.091588809971979,15,104,520,rrc04,codered,normal,0
2001-07-18 00:36:00+00:00,1313,157,5.149276466108149,15.0,2.3535136527791427,55,85,1470,rrc04,codered,normal,0
2001-07-18 00:39:00+00:00,453,52,7.037527593818985,14.0,2.6479872946852936,13,35,505,rrc04,codered,normal,0
2001-07-18 00:42:00+00:00,499,120,5.509018036072145,11.0,1.4730099641156944,46,70,619,rrc04,codered,normal,0
2001-07-18 00:45:00+00:00,384,124,6.161458333333333,13.0,2.370604256287952,53,66,508,rrc04,codered,normal,0
2001-07-18 00:48:00+00:00,413,90,5.556900726392252,13.0,2.701408848168517,11,75,503,rrc04,codered,normal,0
2001-07-18 00:51:00+00:00,1601,364,5.051842598376015,14.0,1.8393806266045885,77,284,1965,rrc04,codered,normal,0
2001-07-18 00:54:00+00:00,580,609,6.063793103448276,13.0,1.9345496023856221,255,354,1189,rrc04,codered,normal,0
2001-07-18 00:57:00+00:00,226,79,4.738938053097345,13.0,1.9274419577739195,14,65,305,rrc04,codered,normal,0
2001-07-18 01:00:00+00:00,399,88,6.2631578947368425,13.0,2.2762632731856205,13,70,487,rrc04,codered,normal,0
2001-07-18 01:03:00+00:00,451,83,4.762749445676275,14.0,1.7903499581643945,16,48,534,rrc04,codered,normal,0
2001-07-18 01:06:00+00:00,477,102,6.161425576519916,16.0,2.631278646938862,13,89,579,rrc04,codered,normal,0
2001-07-18 01:09:00+00:00,2169,75,4.905025357307515,11.0,1.0685225952083954,26,47,2244,rrc04,codered,normal,0
2001-07-18 01:12:00+00:00,583,116,6.648370497427101,14.0,2.3373013539473044,26,80,699,rrc04,codered,normal,0
2001-07-18 01:15:00+00:00,238,63,4.836134453781512,11.0,1.3166823020163934,13,46,301,rrc04,codered,normal,0
2001-07-18 01:18:00+00:00,727,135,6.166437414030261,13.0,1.9586021855359397,13,120,862,rrc04,codered,normal,0
2001-07-18 01:21:00+00:00,302,58,4.731788079470198,13.0,1.579331355747941,5,49,360,rrc04,codered,normal,0
2001-07-18 01:24:00+00:00,349,78,5.080229226361031,17.0,2.1369672842175915,16,57,427,rrc04,codered,normal,0
2001-07-18 01:27:00+00:00,350,95,6.877142857142857,12.0,2.553270811475879,20,70,445,rrc04,codered,normal,0
2001-07-18 01:30:00+00:00,7689,35,4.570555338795682,15.0,0.9070448493794077,13,22,7724,rrc04,codered,normal,0
2001-07-18 01:33:00+00:00,6392,60,4.526439299123905,15.0,0.8919690848442601,1,59,6452,rrc04,codered,normal,0
2001-07-18 01:36:00+00:00,3363,100,4.817127564674398,14.0,1.2637037649516618,8,87,3463,rrc04,codered,normal,0
2001-07-18 01:39:00+00:00,525,82,5.975238095238096,12.0,2.254594502761436,13,68,607,rrc04,codered,normal,0
2001-07-18 01:42:00+00:00,407,70,4.631449631449631,11.0,1.4676842016481872,13,54,477,rrc04,codered,normal,0
2001-07-18 01:45:00+00:00,377,115,6.583554376657825,12.0,2.6927636780495647,23,88,492,rrc04,codered,normal,0
2001-07-18 01:48:00+00:00,470,93,5.48936170212766,16.0,1.6614828089663523,13,80,563,rrc04,codered,normal,0
2001-07-18 01:51:00+00:00,1577,76,4.0025364616360175,14.0,0.9515830864515761,7,67,1653,rrc04,codered,normal,0
2001-07-18 01:54:00+00:00,332,70,4.897590361445783,13.0,1.5949072491530891,17,52,402,rrc04,codered,normal,0
2001-07-18 01:57:00+00:00,332,89,6.096385542168675,15.0,2.516760481499333,19,54,421,rrc04,codered,normal,0
2001-07-18 02:00:00+00:00,980,59,5.918367346938775,14.0,1.737189081784868,14,40,1039,rrc04,codered,normal,0
2001-07-18 02:03:00+00:00,652,87,4.690184049079755,12.0,2.0279553825492806,9,71,739,rrc04,codered,normal,0
2001-07-18 02:06:00+00:00,361,44,5.556786703601108,11.0,2.123008026816778,4,40,405,rrc04,codered,normal,0
2001-07-18 02:09:00+00:00,590,138,6.8694915254237285,15.0,2.3531266064959975,34,104,728,rrc04,codered,normal,0
2001-07-18 02:12:00+00:00,948,151,6.966244725738397,15.0,2.372246311954534,4,146,1099,rrc04,codered,normal,0
2001-07-18 02:15:00+00:00,568,102,6.836267605633803,14.0,2.519561807742591,24,73,670,rrc04,codered,normal,0
2001-07-18 02:18:00+00:00,565,145,6.71858407079646,13.0,2.626702521553861,12,131,710,rrc04,codered,normal,0
2001-07-18 02:21:00+00:00,342,45,6.47953216374269,14.0,2.7579532653541783,3,40,387,rrc04,codered,normal,0
2001-07-18 02:24:00+00:00,311,80,6.411575562700965,14.0,2.6252045260847408,13,67,391,rrc04,codered,normal,0
2001-07-18 02:27:00+00:00,264,50,5.640151515151516,15.0,2.3458654747295307,7,39,314,rrc04,codered,normal,0
2001-07-18 02:30:00+00:00,713,147,6.140252454417952,15.0,2.1105408181227907,38,108,860,rrc04,codered,normal,0
2001-07-18 02:33:00+00:00,512,91,5.51171875,15.0,1.7721421136292759,16,73,603,rrc04,codered,normal,0
2001-07-18 02:36:00+00:00,711,159,6.665260196905766,13.0,2.13217661377422,48,107,870,rrc04,codered,normal,0
2001-07-18 02:39:00+00:00,612,116,5.7369281045751634,14.0,2.4463676637956597,29,68,728,rrc04,codered,normal,0
2001-07-18 02:42:00+00:00,1052,103,4.714828897338403,17.0,2.1749631064572372,19,81,1155,rrc04,codered,normal,0
2001-07-18 02:45:00+00:00,510,106,5.517647058823529,17.0,2.200419379132073,17,86,616,rrc04,codered,normal,0
2001-07-18 02:48:00+00:00,424,65,6.377358490566038,14.0,2.53355902325458,15,41,489,rrc04,codered,normal,0
2001-07-18 02:51:00+00:00,257,74,6.852140077821011,16.0,3.441778860352429,23,45,331,rrc04,codered,normal,0
2001-07-18 02:54:00+00:00,693,56,5.5064935064935066,15.0,1.701039822565028,13,39,749,rrc04,codered,normal,0
2001-07-18 02:57:00+00:00,838,168,5.508353221957041,15.0,1.9667406154610063,45,114,1006,rrc04,codered,normal,0
2001-07-18 03:00:00+00:00,729,123,6.05761316872428,16.0,2.533609538471598,5,118,852,rrc04,codered,normal,0
2001-07-18 03:03:00+00:00,1947,922,5.305598356445814,12.0,1.2294889300973877,196,541,2869,rrc04,codered,normal,0
2001-07-18 03:06:00+00:00,766,366,6.513054830287206,15.0,1.817872343871384,158,208,1132,rrc04,codered,normal,0
2001-07-18 03:09:00+00:00,469,94,5.62046908315565,18.0,1.7181109133147947,8,81,563,rrc04,codered,normal,0
2001-07-18 03:12:00+00:00,186,45,4.935483870967742,11.0,1.7215050405324301,14,31,231,rrc04,codered,normal,0
2001-07-18 03:15:00+00:00,317,114,5.441640378548896,10.0,1.612422543077093,3,108,431,rrc04,codered,normal,0
2001-07-18 03:18:00+00:00,315,88,5.609523809523809,16.0,2.0724737374187034,23,63,403,rrc04,codered,normal,0
2001-07-18 03:21:00+00:00,374,40,5.371657754010696,13.0,1.9888321702909624,3,37,414,rrc04,codered,normal,0
2001-07-18 03:24:00+00:00,440,52,5.525,12.0,2.141433780522675,5,45,492,rrc04,codered,normal,0
2001-07-18 03:27:00+00:00,346,67,5.514450867052023,13.0,1.8313485236884899,19,46,413,rrc04,codered,normal,0
2001-07-18 03:30:00+00:00,411,156,5.569343065693431,15.0,2.09783443121649,26,105,567,rrc04,codered,normal,0
2001-07-18 03:33:00+00:00,608,93,6.355263157894737,14.0,2.2967594297436427,22,70,701,rrc04,codered,normal,0
2001-07-18 03:36:00+00:00,673,417,5.787518573551263,12.0,1.609137705281447,16,399,1090,rrc04,codered,normal,0
2001-07-18 03:39:00+00:00,409,90,5.623471882640587,13.0,1.771835255030728,10,72,499,rrc04,codered,normal,0
2001-07-18 03:42:00+00:00,675,103,5.115555555555556,14.0,1.653273595097591,22,78,778,rrc04,codered,normal,0
2001-07-18 03:45:00+00:00,563,239,6.134991119005329,13.0,1.8949970005907524,61,87,802,rrc04,codered,normal,0
2001-07-18 03:48:00+00:00,247,66,6.101214574898785,13.0,2.2027491432221034,22,39,313,rrc04,codered,normal,0
2001-07-18 03:51:00+00:00,620,65,5.891935483870967,13.0,2.1708329297163553,3,62,685,rrc04,codered,normal,0
2001-07-18 03:54:00+00:00,808,57,6.2549504950495045,13.0,2.070382909895864,15,41,865,rrc04,codered,normal,0
2001-07-18 03:57:00+00:00,521,190,6.710172744721689,13.0,1.6116395750512436,82,105,711,rrc04,codered,normal,0
2001-07-18 04:00:00+00:00,200,50,5.32,16.0,2.418181134654722,6,43,250,rrc04,codered,normal,0
2001-07-18 04:03:00+00:00,341,74,5.736070381231672,15.0,2.438839163260811,20,53,415,rrc04,codered,normal,0
2001-07-18 04:06:00+00:00,638,166,5.376175548589342,12.0,2.4210796667771493,60,105,804,rrc04,codered,normal,0
2001-07-18 04:09:00+00:00,630,56,5.519047619047619,12.0,2.0506566615999304,11,43,686,rrc04,codered,normal,0
2001-07-18 04:12:00+00:00,321,94,5.922118380062305,13.0,1.8368442390610673,3,91,415,rrc04,codered,normal,0
2001-07-18 04:15:00+00:00,399,71,6.155388471177945,15.0,2.300902032328485,15,56,470,rrc04,codered,normal,0
2001-07-18 04:18:00+00:00,289,79,5.9411764705882355,13.0,2.3099004607143363,10,60,368,rrc04,codered,normal,0
2001-07-18 04:21:00+00:00,341,111,6.451612903225806,12.0,2.234396277309909,15,96,452,rrc04,codered,normal,0
2001-07-18 04:24:00+00:00,374,73,6.286096256684492,15.0,2.1095578905089205,21,46,447,rrc04,codered,normal,0
2001-07-18 04:27:00+00:00,503,131,5.833001988071571,18.0,2.5891546886936125,21,100,634,rrc04,codered,normal,0
2001-07-18 04:30:00+00:00,649,157,6.0508474576271185,18.0,1.7052994684785057,14,143,806,rrc04,codered,normal,0
2001-07-18 04:33:00+00:00,460,114,5.439130434782609,18.0,1.9197461631197115,4,109,574,rrc04,codered,normal,0
2001-07-18 04:36:00+00:00,530,75,5.254716981132075,14.0,1.7711595218883565,11,62,605,rrc04,codered,normal,0
2001-07-18 04:39:00+00:00,298,46,6.590604026845638,15.0,3.301440447914323,2,44,344,rrc04,codered,normal,0
2001-07-18 04:42:00+00:00,257,113,5.700389105058366,14.0,2.146329743097966,4,106,370,rrc04,codered,normal,0
2001-07-18 04:45:00+00:00,189,46,5.391534391534392,10.0,1.7105747278651329,7,35,235,rrc04,codered,normal,0
2001-07-18 04:48:00+00:00,349,65,5.32378223495702,11.0,1.4683017571329093,6,59,414,rrc04,codered,normal,0
2001-07-18 04:51:00+00:00,563,109,5.074600355239787,18.0,1.7051102718646516,19,85,672,rrc04,codered,normal,0
2001-07-18 04:54:00+00:00,382,103,6.159685863874346,12.0,2.115301497394332,8,93,485,rrc04,codered,normal,0
2001-07-18 04:57:00+00:00,118,82,5.322033898305085,12.0,1.5885253578115228,5,76,200,rrc04,codered,normal,0
2001-07-18 05:00:00+00:00,763,71,6.676277850589777,21.0,2.689974744724408,3,68,834,rrc04,codered,normal,0
2001-07-18 05:03:00+00:00,319,41,5.884012539184953,21.0,2.470330821924206,7,31,360,rrc04,codered,normal,0
2001-07-18 05:06:00+00:00,345,47,5.379710144927536,14.0,2.1300186914975567,6,40,392,rrc04,codered,normal,0
2001-07-18 05:09:00+00:00,825,142,6.1866666666666665,15.0,1.8868775982312873,11,128,967,rrc04,codered,normal,0
2001-07-18 05:12:00+00:00,437,43,5.583524027459954,14.0,1.9314341626055727,1,40,480,rrc04,codered,normal,0
2001-07-18 05:15:00+00:00,884,160,4.610859728506787,11.0,1.6884407873956089,9,149,1044,rrc04,codered,normal,0
2001-07-18 05:18:00+00:00,465,80,5.78494623655914,13.0,2.30123605106058,19,53,545,rrc04,codered,normal,0
2001-07-18 05:21:00+00:00,466,102,6.834763948497854,21.0,2.591781672984248,10,89,568,rrc04,codered,normal,0
2001-07-18 05:24:00+00:00,586,150,6.800341296928328,21.0,2.3686086740430348,9,132,736,rrc04,codered,normal,0
2001-07-18 05:27:00+00:00,1946,177,5.316032887975334,24.0,2.9135047018029927,39,128,2123,rrc04,codered,normal,0
2001-07-18 05:30:00+00:00,498,177,5.124497991967871,15.0,1.8192859738961449,23,136,675,rrc04,codered,normal,0
2001-07-18 05:33:00+00:00,265,61,6.943396226415095,14.0,3.217963110238165,6,55,326,rrc04,codered,normal,0
2001-07-18 05:36:00+00:00,277,118,6.4296028880866425,14.0,2.9824258148727014,39,77,395,rrc04,codered,normal,0
2001-07-18 05:39:00+00:00,400,123,4.5425,13.0,1.2096254585614508,18,103,523,rrc04,codered,normal,0
2001-07-18 05:42:00+00:00,585,44,5.312820512820513,15.0,2.037995431310081,14,30,629,rrc04,codered,normal,0
2001-07-18 05:45:00+00:00,440,147,6.095454545454546,12.0,1.5982880821017311,16,129,587,rrc04,codered,normal,0
2001-07-18 05:48:00+00:00,425,103,5.5717647058823525,15.0,1.9293773311131104,13,86,528,rrc04,codered,normal,0
2001-07-18 05:51:00+00:00,1091,98,5.342804766269477,18.0,1.587009309808283,21,74,1189,rrc04,codered,normal,0
2001-07-18 05:54:00+00:00,342,222,4.862573099415204,14.0,1.6776314196893756,19,190,564,rrc04,codered,normal,0
2001-07-18 05:57:00+00:00,217,48,5.465437788018433,16.0,1.9604273767691294,6,39,265,rrc04,codered,normal,0
2001-07-18 06:00:00+00:00,400,83,5.21,19.0,2.0151674868357716,22,55,483,rrc04,codered,normal,0
2001-07-18 06:03:00+00:00,391,95,5.670076726342711,21.0,2.769231705660862,18,72,486,rrc04,codered,normal,0
2001-07-18 06:06:00+00:00,505,125,5.2693069306930695,24.0,3.284941417090165,22,94,630,rrc04,codered,normal,0
2001-07-18 06:09:00+00:00,400,77,4.9475,19.0,2.3632062436444263,18,54,477,rrc04,codered,normal,0
2001-07-18 06:12:00+00:00,307,98,5.710097719869707,21.0,3.4439195802372304,9,82,405,rrc04,codered,normal,0
2001-07-18 06:15:00+00:00,453,84,5.598233995584989,25.0,2.283871170054258,12,68,537,rrc04,codered,normal,0
2001-07-18 06:18:00+00:00,550,63,6.430909090909091,13.0,2.1945695562433385,17,41,613,rrc04,codered,normal,0
2001-07-18 06:21:00+00:00,852,109,5.988262910798122,18.0,1.9739746340215574,36,64,961,rrc04,codered,normal,0
2001-07-18 06:24:00+00:00,737,106,5.744911804613297,17.0,1.8630315599331793,29,73,843,rrc04,codered,normal,0
2001-07-18 06:27:00+00:00,683,75,5.66325036603221,14.0,1.9855066305780529,16,54,758,rrc04,codered,normal,0
2001-07-18 06:30:00+00:00,937,73,5.025613660618997,13.0,1.1794148976032652,12,58,1010,rrc04,codered,normal,0
2001-07-18 06:33:00+00:00,392,52,5.512755102040816,13.0,1.746670465638895,10,37,444,rrc04,codered,normal,0
2001-07-18 06:36:00+00:00,319,73,6.021943573667712,15.0,2.076021027629753,13,51,392,rrc04,codered,normal,0
2001-07-18 06:39:00+00:00,206,31,5.538834951456311,19.0,1.823776781697258,6,17,237,rrc04,codered,normal,0
2001-07-18 06:42:00+00:00,330,76,6.075757575757576,23.0,4.263696667747815,27,41,406,rrc04,codered,normal,0
2001-07-18 06:45:00+00:00,386,99,5.419689119170984,22.0,3.48051957093535,20,72,485,rrc04,codered,normal,0
2001-07-18 06:48:00+00:00,788,70,4.373096446700508,24.0,2.0973483514784332,11,54,858,rrc04,codered,normal,0
2001-07-18 06:51:00+00:00,484,125,5.270661157024794,13.0,2.0121240927249695,28,96,609,rrc04,codered,normal,0
2001-07-18 06:54:00+00:00,378,62,5.441798941798941,15.0,2.188969205310532,13,45,440,rrc04,codered,normal,0
2001-07-18 06:57:00+00:00,667,87,5.985007496251874,16.0,1.8817557254167472,25,56,754,rrc04,codered,normal,0
2001-07-18 07:00:00+00:00,608,62,5.4457236842105265,15.0,1.7472764904776519,13,43,670,rrc04,codered,normal,0
2001-07-18 07:03:00+00:00,284,70,6.725352112676056,16.0,3.0295362128136145,12,54,354,rrc04,codered,normal,0
2001-07-18 07:06:00+00:00,389,92,5.5347043701799485,15.0,2.187121390520051,26,61,481,rrc04,codered,normal,0
2001-07-18 07:09:00+00:00,447,156,6.114093959731544,14.0,1.9815599621987268,40,83,603,rrc04,codered,normal,0
2001-07-18 07:12:00+00:00,512,98,6.8515625,16.0,2.7651283982111483,26,58,610,rrc04,codered,normal,0
2001-07-18 07:15:00+00:00,670,119,5.353731343283582,15.0,2.201480394603497,19,80,789,rrc04,codered,normal,0
2001-07-18 07:18:00+00:00,822,114,4.9330900243309,13.0,1.1896348533701595,28,70,936,rrc04,codered,normal,0
2001-07-18 07:21:00+00:00,801,47,6.579275905118601,18.0,1.9388968059185638,10,31,848,rrc04,codered,normal,0
2001-07-18 07:24:00+00:00,1186,340,6.955311973018549,14.0,1.940217720126377,145,180,1526,rrc04,codered,normal,0
2001-07-18 07:27:00+00:00,1186,588,6.528667790893761,15.0,2.837879955782375,95,467,1774,rrc04,codered,normal,0
2001-07-18 07:30:00+00:00,918,318,6.07516339869281,17.0,2.513539312455974,10,301,1236,rrc04,codered,normal,0
2001-07-18 07:33:00+00:00,500,152,7.082,13.0,2.4720995125601233,33,117,652,rrc04,codered,normal,0
2001-07-18 07:36:00+00:00,400,328,5.6675,12.0,1.7441168968850684,18,306,728,rrc04,codered,normal,0
2001-07-18 07:39:00+00:00,454,122,6.918502202643172,21.0,2.819060588639069,39,79,576,rrc04,codered,normal,0
2001-07-18 07:42:00+00:00,505,98,7.120792079207921,21.0,3.196418690021296,14,77,603,rrc04,codered,normal,0
2001-07-18 07:45:00+00:00,473,68,6.408033826638478,20.0,2.0574463694924803,8,56,541,rrc04,codered,normal,0
2001-07-18 07:48:00+00:00,632,160,5.930379746835443,15.0,2.1848647630934805,26,133,792,rrc04,codered,normal,0
2001-07-18 07:51:00+00:00,1002,258,6.467065868263473,16.0,2.7137950928617687,28,227,1260,rrc04,codered,normal,0
2001-07-18 07:54:00+00:00,429,148,5.2027972027972025,16.0,1.8034909448743912,52,87,577,rrc04,codered,normal,0
2001-07-18 07:57:00+00:00,367,56,5.444141689373297,19.0,2.2199276472929643,17,36,423,rrc04,codered,normal,0
2001-07-18 08:00:00+00:00,335,72,5.286567164179105,15.0,1.5858417909071134,18,48,407,rrc04,codered,normal,0
2001-07-18 08:03:00+00:00,604,97,6.346026490066225,14.0,2.4314034263804993,22,68,701,rrc04,codered,normal,0
2001-07-18 08:06:00+00:00,425,38,5.449411764705882,22.0,2.3380043541151907,6,32,463,rrc04,codered,normal,0
2001-07-18 08:09:00+00:00,548,77,5.125912408759124,12.0,1.16699755423816,6,69,625,rrc04,codered,normal,0
2001-07-18 08:12:00+00:00,1341,72,4.999254287844892,12.0,1.4395601838613314,7,65,1413,rrc04,codered,normal,0
2001-07-18 08:15:00+00:00,599,100,5.779632721202003,13.0,1.7435363672062378,8,86,699,rrc04,codered,normal,0
2001-07-18 08:18:00+00:00,835,62,4.658682634730539,12.0,1.2456989721515408,17,37,897,rrc04,codered,normal,0
2001-07-18 08:21:00+00:00,655,62,4.966412213740458,14.0,1.6518604217610506,21,39,717,rrc04,codered,normal,0
2001-07-18 08:24:00+00:00,553,307,5.649186256781194,10.0,1.5390881343772176,79,158,860,rrc04,codered,normal,0
2001-07-18 08:27:00+00:00,446,92,5.560538116591928,14.0,1.9395953711287506,30,60,538,rrc04,codered,normal,0
2001-07-18 08:30:00+00:00,536,96,5.524253731343284,12.0,1.514657676149602,10,82,632,rrc04,codered,normal,0
2001-07-18 08:33:00+00:00,1133,82,4.260370697263901,14.0,1.899084799395003,24,56,1215,rrc04,codered,normal,0
2001-07-18 08:36:00+00:00,388,161,5.829896907216495,15.0,1.8686046918828279,16,143,549,rrc04,codered,normal,0
2001-07-18 08:39:00+00:00,1010,244,5.223762376237624,14.0,1.5668059528958895,60,170,1254,rrc04,codered,normal,0
2001-07-18 08:42:00+00:00,1468,103,4.993869209809264,14.0,2.033932986688123,7,94,1571,rrc04,codered,normal,0
2001-07-18 08:45:00+00:00,658,108,4.620060790273556,12.0,2.1356060896534093,9,98,766,rrc04,codered,normal,0
2001-07-18 08:48:00+00:00,763,89,5.433813892529489,14.0,1.8200167072428677,22,44,852,rrc04,codered,normal,0
2001-07-18 08:51:00+00:00,282,59,5.26595744680851,14.0,1.9831320520272668,6,51,341,rrc04,codered,normal,0
2001-07-18 08:54:00+00:00,471,132,5.921443736730361,12.0,1.69556272295406,50,73,603,rrc04,codered,normal,0
2001-07-18 08:57:00+00:00,696,64,5.765804597701149,16.0,1.8788088323415473,22,39,760,rrc04,codered,normal,0
2001-07-18 09:00:00+00:00,345,52,6.217391304347826,19.0,3.319985879214738,10,36,397,rrc04,codered,normal,0
2001-07-18 09:03:00+00:00,499,124,6.284569138276553,22.0,3.2484283797871663,14,108,623,rrc04,codered,normal,0
2001-07-18 09:06:00+00:00,353,76,5.7025495750708215,24.0,2.665362603027207,14,53,429,rrc04,codered,normal,0
2001-07-18 09:09:00+00:00,231,54,5.220779220779221,12.0,1.3253117900580698,10,37,285,rrc04,codered,normal,0
2001-07-18 09:12:00+00:00,959,76,5.641293013555788,14.0,1.5127559105501012,14,60,1035,rrc04,codered,normal,0
2001-07-18 09:15:00+00:00,626,63,5.642172523961661,14.0,1.7162289839957396,7,55,689,rrc04,codered,normal,0
2001-07-18 09:18:00+00:00,555,201,5.673873873873874,12.0,1.8277003574724202,30,163,756,rrc04,codered,normal,0
2001-07-18 09:21:00+00:00,714,95,5.351540616246498,14.0,2.1617904529893814,28,65,809,rrc04,codered,normal,0
2001-07-18 09:24:00+00:00,984,196,5.591463414634147,9.0,1.6471730811395071,12,184,1180,rrc04,codered,normal,0
2001-07-18 09:27:00+00:00,607,379,7.1334431630971995,14.0,3.088531985429854,151,213,986,rrc04,codered,normal,0
2001-07-18 09:30:00+00:00,236,232,5.279661016949152,14.0,1.9696235260178616,17,209,468,rrc04,codered,normal,0
2001-07-18 09:33:00+00:00,310,74,5.674193548387096,15.0,1.9919949057350788,10,60,384,rrc04,codered,normal,0
2001-07-18 09:36:00+00:00,421,81,5.32541567695962,10.0,1.2619199377735628,26,47,502,rrc04,codered,normal,0
2001-07-18 09:39:00+00:00,314,57,5.245222929936306,11.0,1.4738893415268919,15,39,371,rrc04,codered,normal,0
2001-07-18 09:42:00+00:00,311,82,5.215434083601286,11.0,1.4057368865502828,12,55,393,rrc04,codered,normal,0
2001-07-18 09:45:00+00:00,326,77,5.276073619631902,12.0,1.8041817259083472,18,58,403,rrc04,codered,normal,0
2001-07-18 09:48:00+00:00,15518,930,6.456888774326589,12.0,2.039667496733377,31,895,16448,rrc04,codered,normal,0
2001-07-18 09:51:00+00:00,3424,2649,11.17143691588785,14.0,2.2492448453925746,46,2594,6073,rrc04,codered,normal,0
2001-07-18 09:54:00+00:00,274,2594,5.321167883211679,14.0,1.894803907460515,10,2580,2868,rrc04,codered,normal,0
2001-07-18 09:57:00+00:00,433,120,5.279445727482679,12.0,1.4458566005694173,30,86,553,rrc04,codered,normal,0
2001-07-18 10:00:00+00:00,2018,390,4.375123885034688,16.0,0.9240298314179141,2,388,2408,rrc04,codered,normal,0
2001-07-18 10:03:00+00:00,1675,71,3.924179104477612,15.0,1.5548423630361168,12,53,1746,rrc04,codered,normal,0
2001-07-18 10:06:00+00:00,1075,32,4.770232558139535,18.0,2.5236089775355666,7,21,1107,rrc04,codered,normal,0
2001-07-18 10:09:00+00:00,576,55,6.472222222222222,13.0,1.6391242768813257,15,36,631,rrc04,codered,normal,0
2001-07-18 10:12:00+00:00,313,82,5.718849840255591,11.0,1.5389083574805928,27,45,395,rrc04,codered,normal,0
2001-07-18 10:15:00+00:00,264,68,5.484848484848484,10.0,1.4641413270337011,11,48,332,rrc04,codered,normal,0
2001-07-18 10:18:00+00:00,333,77,5.12012012012012,9.0,1.365815154631917,18,38,410,rrc04,codered,normal,0
2001-07-18 10:21:00+00:00,179,77,5.709497206703911,10.0,1.477756594188696,12,57,256,rrc04,codered,normal,0
2001-07-18 10:24:00+00:00,384,66,5.372395833333333,13.0,1.6721893363639495,13,48,450,rrc04,codered,normal,0
2001-07-18 10:27:00+00:00,337,72,5.172106824925816,11.0,1.6214601290234574,9,58,409,rrc04,codered,normal,0
2001-07-18 10:30:00+00:00,304,62,5.328947368421052,13.0,1.9509657385560082,16,42,366,rrc04,codered,normal,0
2001-07-18 10:33:00+00:00,379,72,5.564643799472296,14.0,1.6220497691489364,12,52,451,rrc04,codered,normal,0
2001-07-18 10:36:00+00:00,219,52,5.328767123287672,12.0,1.7285261321727403,11,35,271,rrc04,codered,normal,0
2001-07-18 10:39:00+00:00,282,59,5.98581560283688,15.0,2.0298685126785045,14,34,341,rrc04,codered,normal,0
2001-07-18 10:42:00+00:00,252,21,5.535714285714286,15.0,1.4179665904740777,5,15,273,rrc04,codered,normal,0
2001-07-18 10:45:00+00:00,408,134,5.200980392156863,16.0,1.8586836527995183,25,102,542,rrc04,codered,normal,0
2001-07-18 10:48:00+00:00,975,170,4.948717948717949,11.0,1.072469423357523,65,102,1145,rrc04,codered,normal,0
2001-07-18 10:51:00+00:00,228,101,6.065789473684211,13.0,2.765715190883215,20,64,329,rrc04,codered,normal,0
2001-07-18 10:54:00+00:00,423,118,6.66193853427896,17.0,3.023414228042647,10,103,541,rrc04,codered,normal,0
2001-07-18 10:57:00+00:00,1189,225,5.372582001682086,17.0,1.9510291807057574,68,152,1414,rrc04,codered,normal,0
2001-07-18 11:00:00+00:00,1224,139,5.183006535947713,17.0,1.819692240361123,34,99,1363,rrc04,codered,normal,0
2001-07-18 11:03:00+00:00,234,23,5.452991452991453,15.0,2.501267119892466,4,18,257,rrc04,codered,normal,0
2001-07-18 11:06:00+00:00,325,37,5.529230769230769,16.0,1.5835425793428215,8,26,362,rrc04,codered,normal,0
2001-07-18 11:09:00+00:00,469,87,5.686567164179104,17.0,2.1003225324122203,25,57,556,rrc04,codered,normal,0
2001-07-18 11:12:00+00:00,522,109,5.818007662835249,12.0,1.549756332329845,8,95,631,rrc04,codered,normal,0
2001-07-18 11:15:00+00:00,239,57,5.615062761506276,14.0,1.4297873763842257,3,51,296,rrc04,codered,normal,0
2001-07-18 11:18:00+00:00,602,96,5.380398671096345,13.0,1.9194271295136953,14,81,698,rrc04,codered,normal,0
2001-07-18 11:21:00+00:00,487,192,5.6652977412731005,12.0,1.6897100900916484,51,70,679,rrc04,codered,normal,0
2001-07-18 11:24:00+00:00,1375,82,4.858181818181818,16.0,1.8783639795496032,16,61,1457,rrc04,codered,normal,0
2001-07-18 11:27:00+00:00,586,118,4.836177474402731,14.0,1.6699885744549283,11,103,704,rrc04,codered,normal,0
2001-07-18 11:30:00+00:00,2073,331,4.729860106126387,15.0,1.6197528977587197,6,323,2404,rrc04,codered,normal,0
2001-07-18 11:33:00+00:00,554,406,5.855595667870036,14.0,2.174037673922571,56,331,960,rrc04,codered,normal,0
2001-07-18 11:36:00+00:00,1109,62,4.377817853922453,15.0,1.2058971117760435,9,49,1171,rrc04,codered,normal,0
2001-07-18 11:39:00+00:00,383,59,6.013054830287206,16.0,2.6239182656627773,8,50,442,rrc04,codered,normal,0
2001-07-18 11:42:00+00:00,668,138,5.203592814371257,17.0,2.0038553324732056,23,96,806,rrc04,codered,normal,0
2001-07-18 11:45:00+00:00,648,159,5.4753086419753085,17.0,1.751368485329914,42,101,807,rrc04,codered,normal,0
2001-07-18 11:48:00+00:00,1481,204,6.2457798784605,17.0,1.8345723539756877,66,112,1685,rrc04,codered,normal,0
2001-07-18 11:51:00+00:00,1194,292,5.806532663316583,19.0,2.056633066170557,85,127,1486,rrc04,codered,normal,0
2001-07-18 11:54:00+00:00,628,78,5.928343949044586,20.0,2.1287295775140467,22,53,706,rrc04,codered,normal,0
2001-07-18 11:57:00+00:00,512,66,5.734375,15.0,2.067170375023549,18,40,578,rrc04,codered,normal,0
2001-07-18 12:00:00+00:00,233,35,4.909871244635193,12.0,1.3728003023445672,8,27,268,rrc04,codered,normal,0
2001-07-18 12:03:00+00:00,359,48,5.231197771587744,12.0,1.5185121226832472,10,35,407,rrc04,codered,normal,0
2001-07-18 12:06:00+00:00,317,50,5.545741324921136,12.0,1.6147845621935328,10,36,367,rrc04,codered,normal,0
2001-07-18 12:09:00+00:00,403,50,5.506203473945409,14.0,1.9064566351025123,11,36,453,rrc04,codered,normal,0
2001-07-18 12:12:00+00:00,449,60,5.4832962138084635,13.0,1.7198725295928259,2,56,509,rrc04,codered,normal,0
2001-07-18 12:15:00+00:00,101789,69,4.382280993034611,22.0,1.3280637311213437,11,55,101858,rrc04,codered,normal,0
2001-07-18 12:18:00+00:00,422,102,6.2440758293838865,14.0,2.6688745651466785,24,64,524,rrc04,codered,normal,0
2001-07-18 12:21:00+00:00,355,93,5.828169014084507,14.0,1.9504555696505157,31,51,448,rrc04,codered,normal,0
2001-07-18 12:24:00+00:00,685,114,6.054014598540146,15.0,2.126304308979649,29,77,799,rrc04,codered,normal,0
2001-07-18 12:27:00+00:00,576,96,5.505208333333333,12.0,1.621248005545762,26,66,672,rrc04,codered,normal,0
2001-07-18 12:30:00+00:00,909,70,5.759075907590759,25.0,1.5003621212187719,16,45,979,rrc04,codered,normal,0
2001-07-18 12:33:00+00:00,994,79,5.450704225352113,19.0,1.536963908286236,11,58,1073,rrc04,codered,normal,0
2001-07-18 12:36:00+00:00,260,51,5.823076923076923,15.0,2.216946564761072,13,36,311,rrc04,codered,normal,0
2001-07-18 12:39:00+00:00,235,51,5.378723404255319,17.0,1.8022369280345438,15,33,286,rrc04,codered,normal,0
2001-07-18 12:42:00+00:00,322,32,5.220496894409938,9.0,0.9641794382379195,6,26,354,rrc04,codered,normal,0
2001-07-18 12:45:00+00:00,261,46,5.371647509578544,9.0,1.3936778317599114,8,35,307,rrc04,codered,normal,0
2001-07-18 12:48:00+00:00,541,129,4.946395563770795,13.0,1.5050411109210855,12,114,670,rrc04,codered,normal,0
2001-07-18 12:51:00+00:00,659,79,5.122913505311077,14.0,1.5449973142915612,10,63,738,rrc04,codered,normal,0
2001-07-18 12:54:00+00:00,574,86,5.357142857142857,14.0,1.4312257570855642,28,51,660,rrc04,codered,normal,0
2001-07-18 12:57:00+00:00,339,72,5.162241887905605,16.0,1.9598301474814002,15,55,411,rrc04,codered,normal,0
2001-07-18 13:00:00+00:00,292,84,5.339041095890411,11.0,1.6649436737221148,22,55,376,rrc04,codered,normal,0
2001-07-18 13:03:00+00:00,440,85,6.720454545454546,13.0,2.103360897733839,19,62,525,rrc04,codered,normal,0
2001-07-18 13:06:00+00:00,536,144,6.404850746268656,24.0,2.931158966717957,37,87,680,rrc04,codered,normal,0
2001-07-18 13:09:00+00:00,519,92,5.2215799614643545,13.0,2.1733711170419774,9,80,611,rrc04,codered,normal,0
2001-07-18 13:12:00+00:00,286,40,5.9475524475524475,16.0,2.1288997837397834,9,30,326,rrc04,codered,normal,0
2001-07-18 13:15:00+00:00,252,116,5.833333333333333,15.0,1.899247971472619,35,79,368,rrc04,codered,normal,0
2001-07-18 13:18:00+00:00,204,51,5.5245098039215685,14.0,1.622267613770366,2,49,255,rrc04,codered,normal,0
2001-07-18 13:21:00+00:00,228,49,5.407894736842105,10.0,1.4002909933698247,15,31,277,rrc04,codered,normal,0
2001-07-18 13:24:00+00:00,333,77,5.7357357357357355,12.0,1.9395866132928168,13,57,410,rrc04,codered,normal,0
2001-07-18 13:27:00+00:00,426,34,5.455399061032864,15.0,1.813908563674038,6,23,460,rrc04,codered,normal,0
2001-07-18 13:30:00+00:00,417,110,5.059952038369304,17.0,2.3184698910249777,20,78,527,rrc04,codered,normal,0
2001-07-18 13:33:00+00:00,751,104,5.170439414114514,15.0,1.6626962825744835,19,74,855,rrc04,codered,normal,0
2001-07-18 13:36:00+00:00,816,154,8.10906862745098,16.0,3.668442009846141,8,144,970,rrc04,codered,normal,0
2001-07-18 13:39:00+00:00,625,185,6.8416,15.0,2.7315397562547026,30,128,810,rrc04,codered,normal,0
2001-07-18 13:42:00+00:00,351,63,5.7407407407407405,12.0,1.8283984923273018,21,35,414,rrc04,codered,normal,0
2001-07-18 13:45:00+00:00,544,92,7.891544117647059,16.0,3.112061776066412,26,49,636,rrc04,codered,normal,0
2001-07-18 13:48:00+00:00,432,66,6.217592592592593,16.0,2.8167596534192114,7,57,498,rrc04,codered,normal,0
2001-07-18 13:51:00+00:00,413,153,6.36319612590799,11.0,2.1150450233124456,38,74,566,rrc04,codered,normal,0
2001-07-18 13:54:00+00:00,737,123,5.6621438263229305,13.0,1.747599172206048,24,72,860,rrc04,codered,normal,0
2001-07-18 13:57:00+00:00,544,64,5.345588235294118,19.0,1.8426271066005837,18,40,608,rrc04,codered,normal,0
2001-07-18 14:00:00+00:00,565,158,5.585840707964602,13.0,1.9448533059605533,24,119,723,rrc04,codered,normal,0
2001-07-18 14:03:00+00:00,550,83,5.156363636363636,16.0,1.7850656862234038,9,71,633,rrc04,codered,normal,0
2001-07-18 14:06:00+00:00,409,86,5.47677261613692,11.0,1.8880847204566225,28,56,495,rrc04,codered,normal,0
2001-07-18 14:09:00+00:00,281,78,6.633451957295374,16.0,2.4431220557648152,23,42,359,rrc04,codered,normal,0
2001-07-18 14:12:00+00:00,492,82,5.8861788617886175,14.0,1.898665564905535,18,59,574,rrc04,codered,normal,0
2001-07-18 14:15:00+00:00,1070,98,5.741121495327103,15.0,1.9895264674485078,20,64,1168,rrc04,codered,normal,0
2001-07-18 14:18:00+00:00,411,74,5.0583941605839415,12.0,1.554053282932928,19,46,485,rrc04,codered,normal,0
2001-07-18 14:21:00+00:00,469,96,6.063965884861407,14.0,2.8977165568838363,22,61,565,rrc04,codered,normal,0
2001-07-18 14:24:00+00:00,706,110,6.328611898016997,11.0,2.072947990332442,37,71,816,rrc04,codered,normal,0
2001-07-18 14:27:00+00:00,647,165,6.1004636785162285,14.0,1.7495726397573197,39,110,812,rrc04,codered,normal,0
2001-07-18 14:30:00+00:00,934,75,4.963597430406852,15.0,2.0140731612211678,10,64,1009,rrc04,codered,normal,0
2001-07-18 14:33:00+00:00,557,91,5.626570915619389,13.0,2.099126410776162,13,72,648,rrc04,codered,normal,0
2001-07-18 14:36:00+00:00,1090,176,4.935779816513762,14.0,1.800994777907849,55,120,1266,rrc04,codered,normal,0
2001-07-18 14:39:00+00:00,320,62,5.271875,12.0,1.4354298953188205,10,48,382,rrc04,codered,normal,0
2001-07-18 14:42:00+00:00,474,86,5.322784810126582,13.0,1.8857750446684147,31,49,560,rrc04,codered,normal,0
2001-07-18 14:45:00+00:00,424,50,5.613207547169812,12.0,1.8096739762510812,2,48,474,rrc04,codered,normal,0
2001-07-18 14:48:00+00:00,538,81,5.58550185873606,14.0,1.6700771939163974,23,44,619,rrc04,codered,normal,0
2001-07-18 14:51:00+00:00,703,61,5.139402560455192,17.0,1.728490469071775,7,47,764,rrc04,codered,normal,0
2001-07-18 14:54:00+00:00,470,80,5.248936170212766,13.0,1.773249492283363,21,46,550,rrc04,codered,normal,0
2001-07-18 14:57:00+00:00,714,87,5.2703081232493,14.0,1.6195715328067453,7,75,801,rrc04,codered,normal,0
2001-07-18 15:00:00+00:00,695,105,5.520863309352518,11.0,1.7471240425810035,8,93,800,rrc04,codered,normal,0
2001-07-18 15:03:00+00:00,621,142,5.357487922705314,13.0,1.6703522925584007,34,97,763,rrc04,codered,normal,0
2001-07-18 15:06:00+00:00,392,72,5.3979591836734695,11.0,1.8083694082519133,16,55,464,rrc04,codered,normal,0
2001-07-18 15:09:00+00:00,479,78,5.281837160751566,12.0,1.7830985576171863,12,61,557,rrc04,codered,normal,0
2001-07-18 15:12:00+00:00,964,148,6.454356846473029,19.0,2.369190142380278,23,112,1112,rrc04,codered,normal,0
2001-07-18 15:15:00+00:00,478,61,6.292887029288703,18.0,2.445641591641956,20,37,539,rrc04,codered,normal,0
2001-07-18 15:18:00+00:00,316,37,5.917721518987341,14.0,2.001471578466792,6,29,353,rrc04,codered,normal,0
2001-07-18 15:21:00+00:00,1020,73,4.931372549019608,13.0,1.3901601256447826,18,48,1093,rrc04,codered,normal,0
2001-07-18 15:24:00+00:00,444,70,6.076576576576577,13.0,2.1827520010734345,19,41,514,rrc04,codered,normal,0
2001-07-18 15:27:00+00:00,917,85,4.79062159214831,14.0,1.2924575028259946,7,75,1002,rrc04,codered,normal,0
2001-07-18 15:30:00+00:00,455,67,5.663736263736264,14.0,1.5245620148214993,11,49,522,rrc04,codered,normal,0
2001-07-18 15:33:00+00:00,432,60,5.456018518518518,14.0,1.5672903249302688,11,46,492,rrc04,codered,normal,0
2001-07-18 15:36:00+00:00,391,86,5.143222506393862,14.0,2.025401062012128,16,58,477,rrc04,codered,normal,0
2001-07-18 15:39:00+00:00,466,56,4.836909871244635,15.0,1.4214822933585007,10,43,522,rrc04,codered,normal,0
2001-07-18 15:42:00+00:00,291,85,5.281786941580756,12.0,1.4079956639342526,12,71,376,rrc04,codered,normal,0
2001-07-18 15:45:00+00:00,1419,124,6.0902043692741366,17.0,2.2419622057199384,35,88,1543,rrc04,codered,normal,0
2001-07-18 15:48:00+00:00,575,177,6.219130434782609,18.0,3.212581128115817,43,128,752,rrc04,codered,normal,0
2001-07-18 15:51:00+00:00,522,83,5.626436781609195,16.0,1.6793512547433407,22,51,605,rrc04,codered,normal,0
2001-07-18 15:54:00+00:00,356,61,4.957865168539326,11.0,1.5106066732099126,12,41,417,rrc04,codered,normal,0
2001-07-18 15:57:00+00:00,741,119,6.05668016194332,13.0,2.6581221322906234,15,99,860,rrc04,codered,normal,0
2001-07-18 16:00:00+00:00,734,107,4.775204359673024,13.0,1.5200336649013104,15,90,841,rrc04,codered,normal,0
2001-07-18 16:03:00+00:00,392,74,5.137755102040816,13.0,1.784686293025972,15,49,466,rrc04,codered,normal,0
2001-07-18 16:06:00+00:00,216,65,5.407407407407407,12.0,2.1301931621553196,20,43,281,rrc04,codered,normal,0
2001-07-18 16:09:00+00:00,418,73,5.3875598086124405,13.0,2.121441749871434,18,41,491,rrc04,codered,normal,0
2001-07-18 16:12:00+00:00,422,106,6.123222748815166,13.0,2.2747284703652153,31,68,528,rrc04,codered,normal,0
2001-07-18 16:15:00+00:00,566,99,6.019434628975265,16.0,2.108700728322464,28,64,665,rrc04,codered,normal,0
2001-07-18 16:18:00+00:00,308,94,5.798701298701299,11.0,1.7668662923925846,6,86,402,rrc04,codered,normal,0
2001-07-18 16:21:00+00:00,343,41,5.297376093294461,11.0,1.5571406463979485,9,28,384,rrc04,codered,normal,0
2001-07-18 16:24:00+00:00,1955,54,4.7907928388746805,11.0,1.1379153261842845,13,39,2009,rrc04,codered,normal,0
2001-07-18 16:27:00+00:00,1315,68,3.896577946768061,15.0,1.6328226978320335,13,54,1383,rrc04,codered,normal,0
2001-07-18 16:30:00+00:00,1795,54,5.225626740947075,18.0,2.4790623137358208,15,35,1849,rrc04,codered,normal,0
2001-07-18 16:33:00+00:00,1843,703,5.619641888225719,15.0,2.58993093504748,42,653,2546,rrc04,codered,normal,0
2001-07-18 16:36:00+00:00,675,115,5.5525925925925925,13.0,1.6514339281982766,29,83,790,rrc04,codered,normal,0
2001-07-18 16:39:00+00:00,517,82,5.8220502901353965,10.0,1.48077860400083,24,52,599,rrc04,codered,normal,0
2001-07-18 16:42:00+00:00,991,180,5.064581231079718,13.0,1.5774223123739164,43,129,1171,rrc04,codered,normal,0
2001-07-18 16:45:00+00:00,707,73,5.485148514851486,13.0,1.7706526575451687,18,47,780,rrc04,codered,normal,0
2001-07-18 16:48:00+00:00,447,71,5.541387024608501,14.0,1.914845067677726,15,49,518,rrc04,codered,normal,0
2001-07-18 16:51:00+00:00,337,86,5.4955489614243325,13.0,1.686253835679735,20,60,423,rrc04,codered,normal,0
2001-07-18 16:54:00+00:00,613,87,5.548123980424143,14.0,1.7362042295057958,27,47,700,rrc04,codered,normal,0
2001-07-18 16:57:00+00:00,263,59,6.20532319391635,13.0,1.8134610183644537,9,44,322,rrc04,codered,normal,0
2001-07-18 17:00:00+00:00,551,94,5.112522686025408,12.0,1.5865951590335348,16,70,645,rrc04,codered,normal,0
2001-07-18 17:03:00+00:00,555,39,4.677477477477478,11.0,1.1224719089712993,7,30,594,rrc04,codered,normal,0
2001-07-18 17:06:00+00:00,584,160,5.570205479452055,14.0,1.8895538246920438,12,145,744,rrc04,codered,normal,0
2001-07-18 17:09:00+00:00,920,502,5.121739130434783,11.0,1.8196885834237466,236,265,1422,rrc04,codered,normal,0
2001-07-18 17:12:00+00:00,956,42,4.341004184100418,15.0,1.5774405398893039,6,30,998,rrc04,codered,normal,0
2001-07-18 17:15:00+00:00,618,101,5.233009708737864,12.0,1.5550557498106006,13,83,719,rrc04,codered,normal,0
2001-07-18 17:18:00+00:00,319,77,5.6802507836990594,13.0,2.0089030522047833,12,60,396,rrc04,codered,normal,0
2001-07-18 17:21:00+00:00,438,107,5.8744292237442925,15.0,1.7878928232066447,19,88,545,rrc04,codered,normal,0
2001-07-18 17:24:00+00:00,442,137,5.834841628959276,14.0,1.926795712316192,38,81,579,rrc04,codered,normal,0
2001-07-18 17:27:00+00:00,380,64,5.242105263157895,14.0,1.5370223398279523,16,42,444,rrc04,codered,normal,0
2001-07-18 17:30:00+00:00,432,75,5.541666666666667,11.0,1.4491776084182162,18,53,507,rrc04,codered,normal,0
2001-07-18 17:33:00+00:00,240,93,5.808333333333334,12.0,1.7972007554960452,22,69,333,rrc04,codered,normal,0
2001-07-18 17:36:00+00:00,664,35,5.507530120481928,15.0,1.5801681078583873,0,35,699,rrc04,codered,normal,0
2001-07-18 17:39:00+00:00,659,95,5.594840667678301,18.0,1.9604675893385481,22,53,754,rrc04,codered,normal,0
2001-07-18 17:42:00+00:00,281,68,5.117437722419929,13.0,2.0519277934686317,9,55,349,rrc04,codered,normal,0
2001-07-18 17:45:00+00:00,264,39,5.704545454545454,11.0,1.9799702950160656,11,26,303,rrc04,codered,normal,0
2001-07-18 17:48:00+00:00,458,84,5.198689956331878,13.0,1.5277057133714214,24,57,542,rrc04,codered,normal,0
2001-07-18 17:51:00+00:00,610,128,5.722950819672131,13.0,1.8475409836065573,24,88,738,rrc04,codered,normal,0
2001-07-18 17:54:00+00:00,599,103,5.928213689482471,17.0,2.079357639930532,32,49,702,rrc04,codered,normal,0
2001-07-18 17:57:00+00:00,612,182,6.008169934640523,13.0,1.8018505149739144,46,67,794,rrc04,codered,normal,0
2001-07-18 18:00:00+00:00,652,172,6.067484662576687,17.0,1.7632194284411251,52,90,824,rrc04,codered,normal,0
2001-07-18 18:03:00+00:00,614,163,6.162866449511401,15.0,2.1482942840073074,49,86,777,rrc04,codered,normal,0
2001-07-18 18:06:00+00:00,510,55,5.609803921568627,14.0,1.8275403916526376,7,48,565,rrc04,codered,normal,0
2001-07-18 18:09:00+00:00,321,65,5.604361370716511,12.0,1.6881056260239455,5,60,386,rrc04,codered,normal,0
2001-07-18 18:12:00+00:00,667,213,5.257871064467766,14.0,1.707925864897924,62,149,880,rrc04,codered,normal,0
2001-07-18 18:15:00+00:00,603,90,5.986733001658375,15.0,1.8329460757948082,12,69,693,rrc04,codered,normal,0
2001-07-18 18:18:00+00:00,550,84,5.829090909090909,14.0,2.0315397409374656,21,51,634,rrc04,codered,normal,0
2001-07-18 18:21:00+00:00,499,127,5.841683366733467,14.0,1.8296670010177025,35,83,626,rrc04,codered,normal,0
2001-07-18 18:24:00+00:00,900,115,6.29,19.0,2.2174334513376297,27,64,1015,rrc04,codered,normal,0
2001-07-18 18:27:00+00:00,701,53,6.348074179743224,20.0,2.5989874853196757,6,46,754,rrc04,codered,normal,0
2001-07-18 18:30:00+00:00,566,120,5.687279151943463,20.0,1.7308510181880274,32,70,686,rrc04,codered,normal,0
2001-07-18 18:33:00+00:00,437,99,5.6521739130434785,13.0,1.7531471764760174,26,68,536,rrc04,codered,normal,0
2001-07-18 18:36:00+00:00,449,38,5.812917594654788,11.0,1.6780285109712891,3,35,487,rrc04,codered,normal,0
2001-07-18 18:39:00+00:00,594,38,5.331649831649831,14.0,1.912067377254239,8,29,632,rrc04,codered,normal,0
2001-07-18 18:42:00+00:00,863,338,5.849362688296639,15.0,1.5851341366412801,21,307,1201,rrc04,codered,normal,0
2001-07-18 18:45:00+00:00,504,129,5.527777777777778,15.0,1.7432472385591977,37,60,633,rrc04,codered,normal,0
2001-07-18 18:48:00+00:00,764,66,4.4188481675392675,21.0,2.67036494417188,16,40,830,rrc04,codered,normal,0
2001-07-18 18:51:00+00:00,368,26,5.565217391304348,20.0,2.505664659830527,4,22,394,rrc04,codered,normal,0
2001-07-18 18:54:00+00:00,621,97,4.700483091787439,14.0,2.0057445098426747,21,57,718,rrc04,codered,normal,0
2001-07-18 18:57:00+00:00,343,34,5.822157434402333,20.0,2.0218569557608257,3,30,377,rrc04,codered,normal,0
2001-07-18 19:00:00+00:00,720,109,5.969444444444444,16.0,1.5263099008983225,17,77,829,rrc04,codered,normal,0
2001-07-18 19:03:00+00:00,680,120,6.073529411764706,16.0,2.0372716506511135,29,53,800,rrc04,codered,normal,0
2001-07-18 19:06:00+00:00,546,252,5.617216117216117,13.0,1.6994925812957906,15,228,798,rrc04,codered,normal,0
2001-07-18 19:09:00+00:00,671,127,5.301043219076006,12.0,1.6256097192696575,39,69,798,rrc04,codered,normal,0
2001-07-18 19:12:00+00:00,351,103,5.886039886039886,13.0,2.098324929171031,24,71,454,rrc04,codered,normal,0
2001-07-18 19:15:00+00:00,569,148,4.831282952548331,10.0,1.3877465033455127,10,128,717,rrc04,codered,normal,0
2001-07-18 19:18:00+00:00,405,103,5.219753086419753,13.0,2.0168683555762983,20,69,508,rrc04,codered,normal,0
2001-07-18 19:21:00+00:00,2153,83,4.60427310729215,10.0,1.1058348577695092,14,64,2236,rrc04,codered,normal,0
2001-07-18 19:24:00+00:00,1349,64,4.771682727946627,15.0,1.376946235035728,11,45,1413,rrc04,codered,normal,0
2001-07-18 19:27:00+00:00,379,58,5.532981530343008,14.0,2.1770800146435114,10,48,437,rrc04,codered,normal,0
2001-07-18 19:30:00+00:00,314,56,6.025477707006369,13.0,2.264230425879297,11,43,370,rrc04,codered,normal,0
2001-07-18 19:33:00+00:00,354,58,6.480225988700565,14.0,2.1328488030626356,14,40,412,rrc04,codered,normal,0
2001-07-18 19:36:00+00:00,352,60,6.03125,13.0,2.011794942842201,9,47,412,rrc04,codered,normal,0
2001-07-18 19:39:00+00:00,424,112,6.153301886792453,14.0,2.238721932263237,25,79,536,rrc04,codered,normal,0
2001-07-18 19:42:00+00:00,341,172,5.114369501466276,10.0,1.3896766321921952,14,154,513,rrc04,codered,normal,0
2001-07-18 19:45:00+00:00,870,314,5.244827586206896,12.0,1.6091876026083556,6,306,1184,rrc04,codered,normal,0
2001-07-18 19:48:00+00:00,3929,444,4.537795876813439,14.0,1.439245343979355,22,418,4373,rrc04,codered,normal,0
2001-07-18 19:51:00+00:00,1360,368,4.986029411764706,15.0,1.9779547069294483,25,332,1728,rrc04,codered,normal,0
2001-07-18 19:54:00+00:00,1798,131,4.454393770856507,15.0,1.3799292854015004,38,85,1929,rrc04,codered,normal,0
2001-07-18 19:57:00+00:00,771,113,5.421530479896239,15.0,1.7650603007132604,27,74,884,rrc04,codered,normal,0
2001-07-18 20:00:00+00:00,882,167,5.051020408163265,15.0,1.9791154720575812,11,155,1049,rrc04,codered,normal,0
2001-07-18 20:03:00+00:00,729,120,4.950617283950617,14.0,1.403611949616392,28,88,849,rrc04,codered,normal,0
2001-07-18 20:06:00+00:00,733,133,5.05593451568895,10.0,1.3803862306543113,31,89,866,rrc04,codered,normal,0
2001-07-18 20:09:00+00:00,651,197,5.235023041474655,14.0,1.9308480800479493,86,109,848,rrc04,codered,normal,0
2001-07-18 20:12:00+00:00,484,109,5.336776859504132,14.0,1.9306709812424345,32,66,593,rrc04,codered,normal,0
2001-07-18 20:15:00+00:00,735,199,5.1401360544217685,14.0,1.9225004927839422,42,152,934,rrc04,codered,normal,0
2001-07-18 20:18:00+00:00,2375,86,4.101473684210526,15.0,1.603488938416249,18,64,2461,rrc04,codered,normal,0
2001-07-18 20:21:00+00:00,404,146,5.202970297029703,13.0,2.5772022379618096,19,119,550,rrc04,codered,normal,0
2001-07-18 20:24:00+00:00,340,77,5.670588235294118,13.0,2.4597380792850934,12,55,417,rrc04,codered,normal,0
2001-07-18 20:27:00+00:00,1157,43,5.445980985306828,11.0,1.108571854736838,7,33,1200,rrc04,codered,normal,0
2001-07-18 20:30:00+00:00,1098,98,5.554644808743169,15.0,1.8419374133936275,17,79,1196,rrc04,codered,normal,0
2001-07-18 20:33:00+00:00,1132,145,5.037985865724382,14.0,1.4959800691491143,10,132,1277,rrc04,codered,normal,0
2001-07-18 20:36:00+00:00,492,74,5.477642276422764,18.0,1.894983785374057,9,63,566,rrc04,codered,normal,0
2001-07-18 20:39:00+00:00,543,55,4.874769797421731,16.0,1.6881584909756495,5,48,598,rrc04,codered,normal,0
2001-07-18 20:42:00+00:00,277,62,5.043321299638989,13.0,2.1592552403075054,9,52,339,rrc04,codered,normal,0
2001-07-18 20:45:00+00:00,369,42,6.186991869918699,23.0,2.439566335454511,11,29,411,rrc04,codered,normal,0
2001-07-18 20:48:00+00:00,490,71,5.261224489795918,16.0,1.6614250493182923,12,56,561,rrc04,codered,normal,0
2001-07-18 20:51:00+00:00,675,94,5.691851851851852,16.0,2.2594346015746654,20,71,769,rrc04,codered,normal,0
2001-07-18 20:54:00+00:00,318,83,5.169811320754717,16.0,1.7418545281120765,17,59,401,rrc04,codered,normal,0
2001-07-18 20:57:00+00:00,738,212,5.032520325203252,14.0,1.519172642552376,20,188,950,rrc04,codered,normal,0
2001-07-18 21:00:00+00:00,1273,173,5.340141398271799,14.0,1.919781420555165,5,165,1446,rrc04,codered,normal,0
2001-07-18 21:03:00+00:00,893,73,5.076147816349384,14.0,1.3662144544679415,7,64,966,rrc04,codered,normal,0
2001-07-18 21:06:00+00:00,624,153,4.905448717948718,13.0,1.8386090209681707,12,140,777,rrc04,codered,normal,0
2001-07-18 21:09:00+00:00,734,191,5.013623978201635,11.0,1.633214413081782,58,133,925,rrc04,codered,normal,0
2001-07-18 21:12:00+00:00,1030,265,5.270873786407767,22.0,1.8931214819010367,109,151,1295,rrc04,codered,normal,0
2001-07-18 21:15:00+00:00,695,158,4.506474820143885,10.0,1.1640421160452596,15,141,853,rrc04,codered,normal,0
2001-07-18 21:18:00+00:00,239,76,5.857740585774058,13.0,1.7939498273121979,11,58,315,rrc04,codered,normal,0
2001-07-18 21:21:00+00:00,294,86,5.894557823129252,15.0,2.9030427929227702,21,49,380,rrc04,codered,normal,0
2001-07-18 21:24:00+00:00,249,46,5.204819277108434,17.0,1.8954121494638627,4,41,295,rrc04,codered,normal,0
2001-07-18 21:27:00+00:00,494,114,4.609311740890688,11.0,1.405308880127997,6,105,608,rrc04,codered,normal,0
2001-07-18 21:30:00+00:00,558,158,5.132616487455197,10.0,1.620979382218548,38,117,716,rrc04,codered,normal,0
2001-07-18 21:33:00+00:00,922,269,4.83297180043384,11.0,1.2730638641645833,65,199,1191,rrc04,codered,normal,0
2001-07-18 21:36:00+00:00,798,157,5.31328320802005,10.0,1.4246659890812465,4,151,955,rrc04,codered,normal,0
2001-07-18 21:39:00+00:00,210,39,5.09047619047619,9.0,1.2483912550252756,1,36,249,rrc04,codered,normal,0
2001-07-18 21:42:00+00:00,819,44,6.007326007326007,10.0,1.561892047862815,1,43,863,rrc04,codered,normal,0
2001-07-18 21:45:00+00:00,683,267,5.5051244509516835,13.0,1.8056086624476,103,159,950,rrc04,codered,normal,0
2001-07-18 21:48:00+00:00,632,63,5.582278481012659,13.0,1.818384280289168,2,61,695,rrc04,codered,normal,0
2001-07-18 21:51:00+00:00,549,64,5.781420765027322,14.0,1.807578909791871,13,46,613,rrc04,codered,normal,0
2001-07-18 21:54:00+00:00,607,91,5.1037891268533775,12.0,1.2605151041758347,5,82,698,rrc04,codered,normal,0
2001-07-18 21:57:00+00:00,572,111,5.454545454545454,12.0,1.7639643556302051,17,89,683,rrc04,codered,normal,0
2001-07-18 22:00:00+00:00,488,85,5.790983606557377,12.0,1.724153586515769,10,70,573,rrc04,codered,normal,0
2001-07-18 22:03:00+00:00,770,101,4.928571428571429,11.0,1.4211169142118456,3,98,871,rrc04,codered,normal,0
2001-07-18 22:06:00+00:00,343,66,5.119533527696793,11.0,1.0331236077147712,9,55,409,rrc04,codered,normal,0
2001-07-18 22:09:00+00:00,314,28,5.006369426751593,15.0,1.4607249543244942,2,25,342,rrc04,codered,normal,0
2001-07-18 22:12:00+00:00,509,47,5.25343811394892,13.0,1.7962559201431982,10,29,556,rrc04,codered,normal,0
2001-07-18 22:15:00+00:00,706,151,5.447592067988668,13.0,1.3509837494884396,10,140,857,rrc04,codered,normal,0
2001-07-18 22:18:00+00:00,569,43,5.764499121265378,12.0,1.354834396880058,10,26,612,rrc04,codered,normal,0
2001-07-18 22:21:00+00:00,423,131,5.335697399527187,14.0,1.9181421821365545,51,70,554,rrc04,codered,normal,0
2001-07-18 22:24:00+00:00,751,95,5.291611185086551,13.0,1.4988398311701145,14,66,846,rrc04,codered,normal,0
2001-07-18 22:27:00+00:00,201,42,5.63681592039801,14.0,2.478251231235379,13,23,243,rrc04,codered,normal,0
2001-07-18 22:30:00+00:00,209,37,6.157894736842105,21.0,3.8061832555153727,8,27,246,rrc04,codered,normal,0
2001-07-18 22:33:00+00:00,332,64,6.156626506024097,14.0,2.627390146320903,14,39,396,rrc04,codered,normal,0
2001-07-18 22:36:00+00:00,232,35,5.314655172413793,13.0,1.8523402863044223,10,22,267,rrc04,codered,normal,0
2001-07-18 22:39:00+00:00,463,84,4.6781857451403885,10.0,0.955883990387817,3,80,547,rrc04,codered,normal,0
2001-07-18 22:42:00+00:00,369,67,5.200542005420054,11.0,1.5902479665508187,9,56,436,rrc04,codered,normal,0
2001-07-18 22:45:00+00:00,304,30,4.631578947368421,11.0,1.0771808388366304,6,22,334,rrc04,codered,normal,0
2001-07-18 22:48:00+00:00,356,78,5.398876404494382,12.0,1.663689846717971,5,73,434,rrc04,codered,normal,0
2001-07-18 22:51:00+00:00,180,37,4.611111111111111,11.0,1.3012339822427055,5,30,217,rrc04,codered,normal,0
2001-07-18 22:54:00+00:00,311,29,4.887459807073955,14.0,1.316554371217409,2,27,340,rrc04,codered,normal,0
2001-07-18 22:57:00+00:00,260,42,4.546153846153846,9.0,1.0749707578243768,11,31,302,rrc04,codered,normal,0
2001-07-18 23:00:00+00:00,187,43,5.048128342245989,14.0,1.459922430214991,3,38,230,rrc04,codered,normal,0
2001-07-18 23:03:00+00:00,242,54,5.202479338842975,12.0,1.4841845472293105,3,51,296,rrc04,codered,normal,0
2001-07-18 23:06:00+00:00,435,88,6.804597701149425,15.0,2.2067768166752626,28,51,523,rrc04,codered,normal,0
2001-07-18 23:09:00+00:00,263,35,5.346007604562738,12.0,1.7951278675288491,8,23,298,rrc04,codered,normal,0
2001-07-18 23:12:00+00:00,742,109,4.886792452830188,9.0,1.0464228413285386,5,102,851,rrc04,codered,normal,0
2001-07-18 23:15:00+00:00,597,129,4.777219430485762,9.0,1.0557096768049008,13,114,726,rrc04,codered,normal,0
2001-07-18 23:18:00+00:00,260,48,5.4884615384615385,13.0,1.699508282523761,16,26,308,rrc04,codered,normal,0
2001-07-18 23:21:00+00:00,454,69,5.431718061674009,10.0,1.2570359338590855,18,35,523,rrc04,codered,normal,0
2001-07-18 23:24:00+00:00,229,23,4.751091703056769,10.0,1.1499235347167016,6,16,252,rrc04,codered,normal,0
2001-07-18 23:27:00+00:00,829,21,4.238841978287093,16.0,1.0663791074675892,1,20,850,rrc04,codered,normal,0
2001-07-18 23:30:00+00:00,200,18,4.795,10.0,1.436306025887241,4,12,218,rrc04,codered,normal,0
2001-07-18 23:33:00+00:00,319,37,6.398119122257054,14.0,2.3209816263701484,8,27,356,rrc04,codered,normal,0
2001-07-18 23:36:00+00:00,655,46,4.844274809160305,13.0,1.5862558684541144,13,29,701,rrc04,codered,normal,0
2001-07-18 23:39:00+00:00,570,845,5.131578947368421,9.0,0.8676764484563987,278,295,1415,rrc04,codered,normal,0
2001-07-18 23:42:00+00:00,493,39,5.9776876267748476,14.0,1.6218303860154704,12,27,532,rrc04,codered,normal,0
2001-07-18 23:45:00+00:00,325,38,6.547692307692308,17.0,3.0007746534370185,12,20,363,rrc04,codered,normal,0
2001-07-18 23:48:00+00:00,237,47,5.713080168776371,17.0,2.3550730335964034,11,27,284,rrc04,codered,normal,0
2001-07-18 23:51:00+00:00,276,53,5.4601449275362315,17.0,1.9565586416272949,8,42,329,rrc04,codered,normal,0
2001-07-18 23:54:00+00:00,160,31,5.21875,13.0,1.675827687293655,5,23,191,rrc04,codered,normal,0
2001-07-18 23:57:00+00:00,740,53,4.866216216216216,11.0,1.450887615278822,14,35,793,rrc04,codered,normal,0
2001-07-19 00:00:00+00:00,196,26,5.8061224489795915,15.0,2.9019984784075468,5,19,222,rrc04,codered,normal,0
2001-07-19 00:03:00+00:00,201,33,5.497512437810945,15.0,2.054298679784831,8,23,234,rrc04,codered,normal,0
2001-07-19 00:06:00+00:00,289,70,5.709342560553633,15.0,2.0099964494851537,22,37,359,rrc04,codered,normal,0
2001-07-19 00:09:00+00:00,465,64,4.991397849462365,12.0,1.6197474855620622,18,38,529,rrc04,codered,normal,0
2001-07-19 00:12:00+00:00,1282,353,5.109984399375975,11.0,0.8891319013386874,6,342,1635,rrc04,codered,normal,0
2001-07-19 00:15:00+00:00,690,36,5.16231884057971,11.0,1.2275935513541085,5,30,726,rrc04,codered,normal,0
2001-07-19 00:18:00+00:00,191,60,5.366492146596858,10.0,1.2869574284774121,3,56,251,rrc04,codered,normal,0
2001-07-19 00:21:00+00:00,289,76,5.588235294117647,14.0,2.154901068707553,15,51,365,rrc04,codered,normal,0
2001-07-19 00:24:00+00:00,344,35,5.598837209302325,15.0,1.7542635230725485,10,24,379,rrc04,codered,normal,0
2001-07-19 00:27:00+00:00,289,55,4.882352941176471,11.0,1.3669352986614411,6,48,344,rrc04,codered,normal,0
2001-07-19 00:30:00+00:00,388,54,5.126288659793815,10.0,1.167440428368371,16,31,442,rrc04,codered,normal,0
2001-07-19 00:33:00+00:00,2353,88,5.746706332341692,16.0,1.5251172297295839,11,74,2441,rrc04,codered,normal,0
2001-07-19 00:36:00+00:00,3689,70,5.441583084846842,17.0,1.2888223041328801,14,52,3759,rrc04,codered,normal,0
2001-07-19 00:39:00+00:00,856,494,6.0233644859813085,16.0,1.9840287267691705,1,493,1350,rrc04,codered,normal,0
2001-07-19 00:42:00+00:00,644,862,6.051242236024844,16.0,1.8003230413242368,4,855,1506,rrc04,codered,normal,0
2001-07-19 00:45:00+00:00,1127,176,5.464063886424134,13.0,1.8469127186787127,44,123,1303,rrc04,codered,normal,0
2001-07-19 00:48:00+00:00,709,113,5.919605077574048,14.0,2.264716015543727,37,67,822,rrc04,codered,normal,0
2001-07-19 00:51:00+00:00,177,33,5.610169491525424,13.0,2.287403105187825,7,22,210,rrc04,codered,normal,0
2001-07-19 00:54:00+00:00,224,32,6.089285714285714,14.0,2.4018355013427137,5,25,256,rrc04,codered,normal,0
2001-07-19 00:57:00+00:00,210,33,5.495238095238095,11.0,1.4614005645192985,4,26,243,rrc04,codered,normal,0
2001-07-19 01:00:00+00:00,230,30,6.921739130434783,13.0,2.259849268105235,4,26,260,rrc04,codered,normal,0
2001-07-19 01:03:00+00:00,241,62,6.157676348547718,13.0,1.8647286284886975,12,42,303,rrc04,codered,normal,0
2001-07-19 01:06:00+00:00,378,60,5.857142857142857,13.0,1.696780108383403,9,46,438,rrc04,codered,normal,0
2001-07-19 01:09:00+00:00,439,127,6.453302961275626,13.0,2.2440976547531704,30,76,566,rrc04,codered,normal,0
2001-07-19 01:12:00+00:00,274,26,5.587591240875913,12.0,1.540686417099757,7,15,300,rrc04,codered,normal,0
2001-07-19 01:15:00+00:00,256,29,6.3125,14.0,2.8932842497756766,3,23,285,rrc04,codered,normal,0
2001-07-19 01:18:00+00:00,198,28,5.717171717171717,11.0,1.494369256764779,5,20,226,rrc04,codered,normal,0
2001-07-19 01:21:00+00:00,773,37,4.725743855109961,10.0,1.5318345448551318,2,33,810,rrc04,codered,normal,0
2001-07-19 01:24:00+00:00,266,45,6.30827067669173,15.0,2.3337357548254407,12,26,311,rrc04,codered,normal,0
2001-07-19 01:27:00+00:00,293,63,5.689419795221843,17.0,1.9920809101997365,10,52,356,rrc04,codered,normal,0
2001-07-19 01:30:00+00:00,287,46,5.846689895470384,14.0,1.7463295060086557,12,26,333,rrc04,codered,normal,0
2001-07-19 01:33:00+00:00,638,142,4.846394984326019,14.0,1.143981599683192,9,131,780,rrc04,codered,normal,0
2001-07-19 01:36:00+00:00,189,51,6.296296296296297,17.0,2.9017486129466152,13,32,240,rrc04,codered,normal,0
2001-07-19 01:39:00+00:00,285,63,5.329824561403509,15.0,1.9726164753177398,6,52,348,rrc04,codered,normal,0
2001-07-19 01:42:00+00:00,119,61,4.831932773109243,11.0,1.4856135180094148,4,55,180,rrc04,codered,normal,0
2001-07-19 01:45:00+00:00,224,44,5.59375,16.0,2.042004497074242,6,36,268,rrc04,codered,normal,0
2001-07-19 01:48:00+00:00,750,128,5.204,19.0,1.789520606195972,7,120,878,rrc04,codered,normal,0
2001-07-19 01:51:00+00:00,209,64,5.617224880382775,12.0,1.693469006149113,8,49,273,rrc04,codered,normal,0
2001-07-19 01:54:00+00:00,219,28,5.981735159817352,13.0,2.3563059672161035,4,24,247,rrc04,codered,normal,0
2001-07-19 01:57:00+00:00,175,43,5.731428571428571,11.0,1.5970994116247885,8,32,218,rrc04,codered,normal,0
2001-07-19 02:00:00+00:00,660,76,7.033333333333333,20.0,3.7126456030353037,8,66,736,rrc04,codered,normal,0
2001-07-19 02:03:00+00:00,404,53,5.806930693069307,17.0,2.3916835044159916,6,43,457,rrc04,codered,normal,0
2001-07-19 02:06:00+00:00,511,79,5.583170254403131,10.0,1.2513908224782975,27,51,590,rrc04,codered,normal,0
2001-07-19 02:09:00+00:00,425,149,5.578823529411765,15.0,1.752718501451023,27,116,574,rrc04,codered,normal,0
2001-07-19 02:12:00+00:00,291,28,4.838487972508591,8.0,0.9405141072508236,3,23,319,rrc04,codered,normal,0
2001-07-19 02:15:00+00:00,418,55,5.523923444976076,14.0,2.0752936989069912,3,51,473,rrc04,codered,normal,0
2001-07-19 02:18:00+00:00,1506,75,5.037184594953519,15.0,1.7038191735092267,9,66,1581,rrc04,codered,normal,0
2001-07-19 02:21:00+00:00,720,195,5.527777777777778,16.0,1.7366332548147279,14,167,915,rrc04,codered,normal,0
2001-07-19 02:24:00+00:00,998,179,5.08316633266533,16.0,1.558510540419273,6,172,1177,rrc04,codered,normal,0
2001-07-19 02:27:00+00:00,377,41,4.957559681697613,10.0,1.0162094164113427,5,35,418,rrc04,codered,normal,0
2001-07-19 02:30:00+00:00,216,38,4.925925925925926,15.0,1.7331394320161686,6,28,254,rrc04,codered,normal,0
2001-07-19 02:33:00+00:00,509,39,4.56188605108055,20.0,2.474744966872909,11,27,548,rrc04,codered,normal,0
2001-07-19 02:36:00+00:00,504,45,5.255952380952381,13.0,2.385464474612269,6,34,549,rrc04,codered,normal,0
2001-07-19 02:39:00+00:00,455,136,4.589010989010989,16.0,2.28042075110648,57,79,591,rrc04,codered,normal,0
2001-07-19 02:42:00+00:00,1062,162,4.459510357815443,15.0,1.5100912736616743,56,94,1224,rrc04,codered,normal,0
2001-07-19 02:45:00+00:00,499,61,6.527054108216433,15.0,2.8504419969953125,5,52,560,rrc04,codered,normal,0
2001-07-19 02:48:00+00:00,390,109,6.138461538461539,17.0,2.601046671434838,33,51,499,rrc04,codered,normal,0
2001-07-19 02:51:00+00:00,189,23,5.2592592592592595,13.0,2.379693964913781,4,16,212,rrc04,codered,normal,0
2001-07-19 02:54:00+00:00,273,57,5.633699633699634,12.0,1.732441969354054,14,42,330,rrc04,codered,normal,0
2001-07-19 02:57:00+00:00,396,84,6.103535353535354,14.0,2.0503479936866262,31,45,480,rrc04,codered,normal,0
2001-07-19 03:00:00+00:00,472,71,5.976694915254237,16.0,2.528123024215271,21,46,543,rrc04,codered,normal,0
2001-07-19 03:03:00+00:00,313,75,6.012779552715655,11.0,1.8262803568505934,19,49,388,rrc04,codered,normal,0
2001-07-19 03:06:00+00:00,261,65,6.222222222222222,15.0,2.114637103827861,17,36,326,rrc04,codered,normal,0
2001-07-19 03:09:00+00:00,488,79,5.997950819672131,13.0,1.9412466159174118,6,69,567,rrc04,codered,normal,0
2001-07-19 03:12:00+00:00,996,61,5.331325301204819,14.0,1.6442252147530545,6,52,1057,rrc04,codered,normal,0
2001-07-19 03:15:00+00:00,124,38,5.790322580645161,11.0,1.9603908166501505,7,24,162,rrc04,codered,normal,0
2001-07-19 03:18:00+00:00,217,26,5.815668202764977,19.0,2.910830505358294,6,20,243,rrc04,codered,normal,0
2001-07-19 03:21:00+00:00,467,89,5.205567451820128,11.0,1.2624247806585158,16,69,556,rrc04,codered,normal,0
2001-07-19 03:24:00+00:00,1138,327,6.284710017574692,21.0,2.0244016569865817,117,166,1465,rrc04,codered,normal,0
2001-07-19 03:27:00+00:00,297,131,6.2592592592592595,21.0,2.7567102319893917,10,115,428,rrc04,codered,normal,0
2001-07-19 03:30:00+00:00,701,64,5.4850213980028535,17.0,2.140930752264084,19,41,765,rrc04,codered,normal,0
2001-07-19 03:33:00+00:00,541,61,5.833641404805915,16.0,1.5779369099372142,7,53,602,rrc04,codered,normal,0
2001-07-19 03:36:00+00:00,433,47,5.02540415704388,15.0,1.623101523288635,6,37,480,rrc04,codered,normal,0
2001-07-19 03:39:00+00:00,680,402,5.182352941176471,16.0,1.7976243454062453,87,312,1082,rrc04,codered,normal,0
2001-07-19 03:42:00+00:00,721,62,5.1178918169209435,16.0,1.7879932403140582,4,57,783,rrc04,codered,normal,0
2001-07-19 03:45:00+00:00,287,39,5.529616724738676,17.0,1.7996304865008481,8,22,326,rrc04,codered,normal,0
2001-07-19 03:48:00+00:00,907,38,6.0485115766262405,16.0,1.837339494337241,4,34,945,rrc04,codered,normal,0
2001-07-19 03:51:00+00:00,222,29,6.315315315315315,15.0,2.694612516167763,1,27,251,rrc04,codered,normal,0
2001-07-19 03:54:00+00:00,266,79,6.597744360902255,20.0,1.80221109665441,4,74,345,rrc04,codered,normal,0
2001-07-19 03:57:00+00:00,756,48,6.275132275132275,14.0,2.0563402042009833,5,41,804,rrc04,codered,normal,0
2001-07-19 04:00:00+00:00,359,105,5.646239554317549,13.0,1.6455159154048002,14,85,464,rrc04,codered,normal,0
2001-07-19 04:03:00+00:00,510,145,5.674509803921569,14.0,1.510725463601667,15,127,655,rrc04,codered,normal,0
2001-07-19 04:06:00+00:00,365,58,5.2246575342465755,18.0,2.3834923624004585,20,34,423,rrc04,codered,normal,0
2001-07-19 04:09:00+00:00,979,205,4.835546475995915,13.0,1.331063220846799,80,108,1184,rrc04,codered,normal,0
2001-07-19 04:12:00+00:00,354,122,4.977401129943503,14.0,1.2775983925530316,11,106,476,rrc04,codered,normal,0
2001-07-19 04:15:00+00:00,259,56,5.888030888030888,14.0,1.7550290626166114,4,49,315,rrc04,codered,normal,0
2001-07-19 04:18:00+00:00,315,41,5.158730158730159,12.0,1.6941200760122035,9,31,356,rrc04,codered,normal,0
2001-07-19 04:21:00+00:00,595,135,5.376470588235295,13.0,1.2472966318363927,13,117,730,rrc04,codered,normal,0
2001-07-19 04:24:00+00:00,637,144,5.1004709576138145,9.0,1.0404456981151868,35,80,781,rrc04,codered,normal,0
2001-07-19 04:27:00+00:00,602,49,4.509966777408638,10.0,1.086339367549396,7,41,651,rrc04,codered,normal,0
2001-07-19 04:30:00+00:00,429,45,4.8321678321678325,13.0,1.4418940566722862,9,34,474,rrc04,codered,normal,0
2001-07-19 04:33:00+00:00,289,44,5.740484429065744,13.0,1.8087985002380524,3,41,333,rrc04,codered,normal,0
2001-07-19 04:36:00+00:00,304,102,5.828947368421052,12.0,1.9289222372169172,23,75,406,rrc04,codered,normal,0
2001-07-19 04:39:00+00:00,353,148,4.898016997167139,11.0,1.2417759053647819,22,118,501,rrc04,codered,normal,0
2001-07-19 04:42:00+00:00,370,46,5.643243243243243,13.0,1.8951631949326473,13,32,416,rrc04,codered,normal,0
2001-07-19 04:45:00+00:00,454,57,5.290748898678414,14.0,1.3104301555041893,7,49,511,rrc04,codered,normal,0
2001-07-19 04:48:00+00:00,313,99,6.875399361022364,22.0,2.984593333181664,27,64,412,rrc04,codered,normal,0
2001-07-19 04:51:00+00:00,355,59,7.622535211267605,24.0,3.615077860696919,17,40,414,rrc04,codered,normal,0
2001-07-19 04:54:00+00:00,447,56,5.317673378076063,12.0,1.6715077657586568,12,41,503,rrc04,codered,normal,0
2001-07-19 04:57:00+00:00,510,75,6.837254901960784,10.0,1.819012960567149,6,68,585,rrc04,codered,normal,0
2001-07-19 05:00:00+00:00,627,42,5.421052631578948,12.0,2.006704116680624,12,24,669,rrc04,codered,normal,0
2001-07-19 05:03:00+00:00,1164,79,5.09106529209622,13.0,1.709169499254021,15,51,1243,rrc04,codered,normal,0
2001-07-19 05:06:00+00:00,828,147,4.826086956521739,15.0,1.5784465096235956,10,130,975,rrc04,codered,normal,0
2001-07-19 05:09:00+00:00,448,94,5.660714285714286,14.0,1.823965320338059,10,83,542,rrc04,codered,normal,0
2001-07-19 05:12:00+00:00,559,69,5.037567084078712,14.0,1.349624668711335,15,51,628,rrc04,codered,normal,0
2001-07-19 05:15:00+00:00,310,25,5.296774193548387,13.0,2.2595294787057942,3,21,335,rrc04,codered,normal,0
2001-07-19 05:18:00+00:00,1122,112,5.010695187165775,12.0,1.2416823651954805,8,104,1234,rrc04,codered,normal,0
2001-07-19 05:21:00+00:00,315,99,5.295238095238095,14.0,1.7795512695869244,8,87,414,rrc04,codered,normal,0
2001-07-19 05:24:00+00:00,585,74,5.67008547008547,13.0,1.701345116773807,7,63,659,rrc04,codered,normal,0
2001-07-19 05:27:00+00:00,536,75,5.333955223880597,13.0,1.88435329523916,13,59,611,rrc04,codered,normal,0
2001-07-19 05:30:00+00:00,780,95,4.908974358974359,14.0,1.5821671195592244,13,70,875,rrc04,codered,normal,0
2001-07-19 05:33:00+00:00,810,91,5.7592592592592595,13.0,1.8466036744021441,24,62,901,rrc04,codered,normal,0
2001-07-19 05:36:00+00:00,644,114,5.659937888198757,13.0,2.1455306708355772,24,88,758,rrc04,codered,normal,0
2001-07-19 05:39:00+00:00,508,82,5.0295275590551185,13.0,1.9804939963839676,16,65,590,rrc04,codered,normal,0
2001-07-19 05:42:00+00:00,949,153,5.148577449947313,18.0,2.03914551092057,21,130,1102,rrc04,codered,normal,0
2001-07-19 05:45:00+00:00,709,350,7.152327221438646,19.0,3.3133377212177337,109,158,1059,rrc04,codered,normal,0
2001-07-19 05:48:00+00:00,622,47,4.908360128617363,13.0,1.6462841952888516,10,37,669,rrc04,codered,normal,0
2001-07-19 05:51:00+00:00,461,63,4.793926247288503,13.0,1.3796027230762207,3,59,524,rrc04,codered,normal,0
2001-07-19 05:54:00+00:00,452,72,5.382743362831858,16.0,1.797728039020073,9,61,524,rrc04,codered,normal,0
2001-07-19 05:57:00+00:00,383,43,5.261096605744125,11.0,1.6619614221561267,5,37,426,rrc04,codered,normal,0
2001-07-19 06:00:00+00:00,477,66,5.622641509433962,12.0,1.6110698502114038,8,57,543,rrc04,codered,normal,0
2001-07-19 06:03:00+00:00,414,77,5.183574879227053,10.0,1.4362863994359536,7,69,491,rrc04,codered,normal,0
2001-07-19 06:06:00+00:00,219,54,5.091324200913242,11.0,1.8753063871215017,10,40,273,rrc04,codered,normal,0
2001-07-19 06:09:00+00:00,367,44,5.427792915531335,12.0,1.88341138709227,5,39,411,rrc04,codered,normal,0
2001-07-19 06:12:00+00:00,424,75,6.297169811320755,14.0,1.9135543115468625,13,56,499,rrc04,codered,normal,0
2001-07-19 06:15:00+00:00,417,71,6.119904076738609,18.0,2.1345646904362585,5,65,488,rrc04,codered,normal,0
2001-07-19 06:18:00+00:00,515,140,6.196116504854369,14.0,2.051375211479187,10,126,655,rrc04,codered,normal,0
2001-07-19 06:21:00+00:00,392,109,6.216836734693878,17.0,2.273723502359329,24,74,501,rrc04,codered,normal,0
2001-07-19 06:24:00+00:00,278,36,5.280575539568345,14.0,1.7342457443648898,9,22,314,rrc04,codered,normal,0
2001-07-19 06:27:00+00:00,353,53,5.790368271954674,11.0,1.7768476814495529,7,43,406,rrc04,codered,normal,0
2001-07-19 06:30:00+00:00,594,88,5.62962962962963,15.0,1.7245106261959728,17,65,682,rrc04,codered,normal,0
2001-07-19 06:33:00+00:00,939,180,5.354632587859425,13.0,1.673226923279328,56,117,1119,rrc04,codered,normal,0
2001-07-19 06:36:00+00:00,1273,371,5.358994501178319,15.0,1.1946922130264643,74,290,1644,rrc04,codered,normal,0
2001-07-19 06:39:00+00:00,619,147,5.308562197092084,12.0,1.5252662684228977,39,97,766,rrc04,codered,normal,0
2001-07-19 06:42:00+00:00,751,109,5.640479360852197,15.0,1.6076255648101898,19,84,860,rrc04,codered,normal,0
2001-07-19 06:45:00+00:00,373,69,6.313672922252011,13.0,2.3410890136207443,20,42,442,rrc04,codered,normal,0
2001-07-19 06:48:00+00:00,1163,172,5.658641444539983,9.0,0.8197270341771948,10,157,1335,rrc04,codered,normal,0
2001-07-19 06:51:00+00:00,1880,128,5.488297872340426,12.0,0.8967264796788234,39,79,2008,rrc04,codered,normal,0
2001-07-19 06:54:00+00:00,939,29,5.264110756123536,13.0,1.063730916995186,3,25,968,rrc04,codered,normal,0
2001-07-19 06:57:00+00:00,976,252,5.549180327868853,11.0,1.1915168663899371,54,158,1228,rrc04,codered,normal,0
2001-07-19 07:00:00+00:00,968,220,5.49896694214876,13.0,1.3568006573187408,25,184,1188,rrc04,codered,normal,0
2001-07-19 07:03:00+00:00,1195,161,5.3832635983263595,15.0,1.38203211970211,66,95,1356,rrc04,codered,normal,0
2001-07-19 07:06:00+00:00,677,255,5.344165435745938,13.0,1.4031034674713507,38,212,932,rrc04,codered,normal,0
2001-07-19 07:09:00+00:00,653,98,5.442572741194487,15.0,1.2843125080636524,5,91,751,rrc04,codered,normal,0
2001-07-19 07:12:00+00:00,1209,176,5.240694789081886,14.0,1.2265864514548557,17,153,1385,rrc04,codered,normal,0
2001-07-19 07:15:00+00:00,552,226,5.215579710144928,11.0,1.7566364921022857,26,184,778,rrc04,codered,normal,0
2001-07-19 07:18:00+00:00,505,238,5.063366336633663,12.0,1.63741663062066,88,142,743,rrc04,codered,normal,0
2001-07-19 07:21:00+00:00,675,87,5.053333333333334,13.0,1.441234039132977,11,69,762,rrc04,codered,normal,0
2001-07-19 07:24:00+00:00,1029,102,4.901846452866861,18.0,1.2819622091446294,18,84,1131,rrc04,codered,normal,0
2001-07-19 07:27:00+00:00,1053,105,4.547958214624881,14.0,1.3562237774888966,28,69,1158,rrc04,codered,normal,0
2001-07-19 07:30:00+00:00,802,287,5.513715710723192,14.0,2.1187763863935025,55,211,1089,rrc04,codered,normal,0
2001-07-19 07:33:00+00:00,976,177,5.037909836065574,12.0,1.2411974222704432,61,112,1153,rrc04,codered,normal,0
2001-07-19 07:36:00+00:00,1344,135,5.429315476190476,15.0,2.2843419148210073,10,119,1479,rrc04,codered,normal,0
2001-07-19 07:39:00+00:00,1032,157,4.895348837209302,17.0,1.6614349110283917,23,132,1189,rrc04,codered,normal,0
2001-07-19 07:42:00+00:00,1327,284,4.375282592313489,13.0,1.2353464436103259,51,219,1611,rrc04,codered,normal,0
2001-07-19 07:45:00+00:00,542,206,5.333948339483395,13.0,1.7141452694305883,40,160,748,rrc04,codered,normal,0
2001-07-19 07:48:00+00:00,878,280,4.996583143507973,14.0,1.5811351381497132,9,268,1158,rrc04,codered,normal,0
2001-07-19 07:51:00+00:00,534,247,5.947565543071161,13.0,1.8352212794593763,28,217,781,rrc04,codered,normal,0
2001-07-19 07:54:00+00:00,537,120,6.402234636871508,24.0,2.3891114413932617,11,108,657,rrc04,codered,normal,0
2001-07-19 07:57:00+00:00,314,102,5.710191082802548,18.0,2.5038997536295686,33,67,416,rrc04,codered,normal,0
2001-07-19 08:00:00+00:00,707,87,5.196605374823196,17.0,1.4890794612806553,16,67,794,rrc04,codered,normal,0
2001-07-19 08:03:00+00:00,1443,372,5.173250173250174,13.0,1.2817519457260278,151,201,1815,rrc04,codered,normal,0
2001-07-19 08:06:00+00:00,946,154,4.949260042283298,13.0,1.3156901909941499,29,118,1100,rrc04,codered,normal,0
2001-07-19 08:09:00+00:00,881,179,6.930760499432463,13.0,2.715570020090242,49,129,1060,rrc04,codered,normal,0
2001-07-19 08:12:00+00:00,1205,145,4.678838174273859,14.0,1.6098015066538118,27,118,1350,rrc04,codered,normal,0
2001-07-19 08:15:00+00:00,1285,252,5.595330739299611,11.0,1.3851834036753912,40,181,1537,rrc04,codered,normal,0
2001-07-19 08:18:00+00:00,1064,175,5.476503759398496,16.0,1.968600461318054,41,128,1239,rrc04,codered,normal,0
2001-07-19 08:21:00+00:00,386,130,5.569948186528498,14.0,1.9184213332381228,8,119,516,rrc04,codered,normal,0
2001-07-19 08:24:00+00:00,490,81,5.591836734693878,15.0,1.3690212107141568,30,44,571,rrc04,codered,normal,0
2001-07-19 08:27:00+00:00,795,237,5.440251572327044,14.0,1.4362389517933536,57,164,1032,rrc04,codered,normal,0
2001-07-19 08:30:00+00:00,1110,359,5.163963963963964,12.0,1.602969810981361,71,270,1469,rrc04,codered,normal,0
2001-07-19 08:33:00+00:00,1044,94,5.24904214559387,13.0,1.8731949273291453,27,62,1138,rrc04,codered,normal,0
2001-07-19 08:36:00+00:00,440,81,5.334090909090909,13.0,1.5752984106653027,19,56,521,rrc04,codered,normal,0
2001-07-19 08:39:00+00:00,352,89,5.6960227272727275,11.0,1.764931778087089,20,56,441,rrc04,codered,normal,0
2001-07-19 08:42:00+00:00,388,80,4.876288659793815,11.0,1.266195958505364,9,64,468,rrc04,codered,normal,0
2001-07-19 08:45:00+00:00,560,109,5.353571428571429,12.0,1.763718098396749,35,68,669,rrc04,codered,normal,0
2001-07-19 08:48:00+00:00,295,40,5.098305084745762,11.0,1.4358003172416052,6,33,335,rrc04,codered,normal,0
2001-07-19 08:51:00+00:00,324,50,5.592592592592593,15.0,1.8743082857599993,8,40,374,rrc04,codered,normal,0
2001-07-19 08:54:00+00:00,459,71,5.644880174291939,17.0,1.8299823614336121,14,52,530,rrc04,codered,normal,0
2001-07-19 08:57:00+00:00,631,172,5.058637083993661,15.0,1.5131910363034222,58,110,803,rrc04,codered,normal,0
2001-07-19 09:00:00+00:00,520,139,4.778846153846154,12.0,2.082697634768384,8,129,659,rrc04,codered,normal,0
2001-07-19 09:03:00+00:00,1061,413,3.58435438265787,9.0,1.5145229347361406,12,399,1474,rrc04,codered,normal,0
2001-07-19 09:06:00+00:00,543,108,5.6740331491712706,14.0,1.820339285661668,30,70,651,rrc04,codered,normal,0
2001-07-19 09:09:00+00:00,443,97,5.234762979683973,10.0,1.2566613926532686,6,90,540,rrc04,codered,normal,0
2001-07-19 09:12:00+00:00,578,226,5.102076124567474,10.0,1.3014348673399807,25,198,804,rrc04,codered,normal,0
2001-07-19 09:15:00+00:00,745,203,5.0,13.0,1.705891882299098,83,113,948,rrc04,codered,normal,0
2001-07-19 09:18:00+00:00,717,47,5.2468619246861925,11.0,1.9864623557564787,7,31,764,rrc04,codered,normal,0
2001-07-19 09:21:00+00:00,533,99,5.425891181988743,14.0,1.8069714391156417,5,90,632,rrc04,codered,normal,0
2001-07-19 09:24:00+00:00,732,41,5.122950819672131,16.0,1.9428073971139672,5,34,773,rrc04,codered,normal,0
2001-07-19 09:27:00+00:00,1627,104,5.907191149354641,17.0,1.6651062716393894,19,84,1731,rrc04,codered,normal,0
2001-07-19 09:30:00+00:00,655,152,4.844274809160305,12.0,1.8126426368868405,37,110,807,rrc04,codered,normal,0
2001-07-19 09:33:00+00:00,910,196,5.327472527472527,13.0,1.6221045842399597,40,151,1106,rrc04,codered,normal,0
2001-07-19 09:36:00+00:00,888,98,5.627252252252252,18.0,2.8493757210013326,15,78,986,rrc04,codered,normal,0
2001-07-19 09:39:00+00:00,1957,355,4.344915687276443,10.0,0.8614202930935028,13,338,2312,rrc04,codered,normal,0
2001-07-19 09:42:00+00:00,1764,44,4.06859410430839,13.0,1.8663842281131096,8,35,1808,rrc04,codered,normal,0
2001-07-19 09:45:00+00:00,2231,610,4.282832810398924,14.0,1.801007300282076,41,566,2841,rrc04,codered,normal,0
2001-07-19 09:48:00+00:00,1055,70,5.375355450236967,13.0,1.1334463829573127,7,63,1125,rrc04,codered,normal,0
2001-07-19 09:51:00+00:00,853,136,5.177022274325909,13.0,1.816386799168389,26,103,989,rrc04,codered,normal,0
2001-07-19 09:54:00+00:00,748,147,5.485294117647059,17.0,1.855342854032154,38,103,895,rrc04,codered,normal,0
2001-07-19 09:57:00+00:00,975,50,6.260512820512821,19.0,2.9323710094418685,14,33,1025,rrc04,codered,normal,0
2001-07-19 10:00:00+00:00,399,133,4.631578947368421,11.0,1.4654262001301754,5,127,532,rrc04,codered,normal,0
2001-07-19 10:03:00+00:00,523,39,4.673040152963671,12.0,1.5317480648406245,3,34,562,rrc04,codered,normal,0
2001-07-19 10:06:00+00:00,234,58,4.9743589743589745,8.0,1.016627056492257,9,45,292,rrc04,codered,normal,0
2001-07-19 10:09:00+00:00,165,29,5.509090909090909,13.0,1.8010710006302622,5,21,194,rrc04,codered,normal,0
2001-07-19 10:12:00+00:00,489,26,5.237218813905931,12.0,1.1744403162421466,1,25,515,rrc04,codered,normal,0
2001-07-19 10:15:00+00:00,375,55,6.704,18.0,3.593380581012816,5,49,430,rrc04,codered,normal,0
2001-07-19 10:18:00+00:00,390,53,5.343589743589743,11.0,1.4339822392410961,5,43,443,rrc04,codered,normal,0
2001-07-19 10:21:00+00:00,342,52,5.944444444444445,14.0,1.9615786431416329,9,41,394,rrc04,codered,normal,0
2001-07-19 10:24:00+00:00,541,50,5.375231053604436,13.0,1.3368294325854744,10,32,591,rrc04,codered,normal,0
2001-07-19 10:27:00+00:00,471,58,5.2165605095541405,12.0,1.8349698320558718,8,47,529,rrc04,codered,normal,0
2001-07-19 10:30:00+00:00,497,131,7.845070422535211,18.0,4.530484808568997,39,85,628,rrc04,codered,normal,0
2001-07-19 10:33:00+00:00,344,83,5.723837209302325,12.0,1.7527093104641056,27,54,427,rrc04,codered,normal,0
2001-07-19 10:36:00+00:00,287,70,5.634146341463414,11.0,1.9882804416059314,25,42,357,rrc04,codered,normal,0
2001-07-19 10:39:00+00:00,489,68,5.147239263803681,14.0,1.7168709190177296,15,49,557,rrc04,codered,normal,0
2001-07-19 10:42:00+00:00,515,55,5.551456310679612,16.0,1.7478899388641451,8,44,570,rrc04,codered,normal,0
2001-07-19 10:45:00+00:00,508,154,5.255905511811024,14.0,1.9464950751764454,20,132,662,rrc04,codered,normal,0
2001-07-19 10:48:00+00:00,804,204,6.124378109452737,18.0,3.147999876146332,57,143,1008,rrc04,codered,normal,0
2001-07-19 10:51:00+00:00,838,183,5.587112171837709,15.0,1.7900350030096668,54,107,1021,rrc04,codered,normal,0
2001-07-19 10:54:00+00:00,638,174,5.476489028213166,16.0,2.267097123165896,28,145,812,rrc04,codered,normal,0
2001-07-19 10:57:00+00:00,543,65,4.970534069981584,14.0,1.3635133264404395,10,48,608,rrc04,codered,normal,0
2001-07-19 11:00:00+00:00,299,85,5.234113712374582,14.0,1.7858717554373347,11,72,384,rrc04,codered,normal,0
2001-07-19 11:03:00+00:00,402,39,5.616915422885572,12.0,1.555766816036882,6,32,441,rrc04,codered,normal,0
2001-07-19 11:06:00+00:00,1897,330,4.37532946758039,15.0,1.0041467577831704,10,315,2227,rrc04,codered,normal,0
2001-07-19 11:09:00+00:00,438,96,5.166666666666667,13.0,1.556275654156403,18,73,534,rrc04,codered,normal,0
2001-07-19 11:12:00+00:00,1281,215,6.590944574551132,19.0,2.455800531524509,11,198,1496,rrc04,codered,normal,0
2001-07-19 11:15:00+00:00,1303,102,6.653108211818879,18.0,2.1833115925499054,7,94,1405,rrc04,codered,normal,0
2001-07-19 11:18:00+00:00,2159,652,6.23853635942566,20.0,2.3033247989897996,196,438,2811,rrc04,codered,normal,0
2001-07-19 11:21:00+00:00,1099,158,5.528662420382165,16.0,2.3976495796100297,46,105,1257,rrc04,codered,normal,0
2001-07-19 11:24:00+00:00,906,44,5.5551876379690945,18.0,2.7696200794004295,8,33,950,rrc04,codered,normal,0
2001-07-19 11:27:00+00:00,865,126,4.803468208092486,11.0,1.250474867199635,23,102,991,rrc04,codered,normal,0
2001-07-19 11:30:00+00:00,699,83,5.278969957081545,16.0,1.8701024194367695,15,68,782,rrc04,codered,normal,0
2001-07-19 11:33:00+00:00,927,43,5.843581445523193,15.0,1.790638279287618,4,38,970,rrc04,codered,normal,0
2001-07-19 11:36:00+00:00,381,59,5.624671916010499,14.0,1.8957945473736624,10,45,440,rrc04,codered,normal,0
2001-07-19 11:39:00+00:00,416,132,5.548076923076923,13.0,1.5985558849035473,15,113,548,rrc04,codered,normal,0
2001-07-19 11:42:00+00:00,2264,59,4.104240282685512,12.0,1.8768864824648517,15,39,2323,rrc04,codered,normal,0
2001-07-19 11:45:00+00:00,639,80,5.145539906103286,16.0,2.109470703525764,9,71,719,rrc04,codered,normal,0
2001-07-19 11:48:00+00:00,267,58,5.1722846441947565,11.0,1.6169455024610426,14,37,325,rrc04,codered,normal,0
2001-07-19 11:51:00+00:00,298,41,5.097315436241611,11.0,1.4215241989326048,11,25,339,rrc04,codered,normal,0
2001-07-19 11:54:00+00:00,431,76,5.225058004640371,13.0,1.4651159243587093,21,49,507,rrc04,codered,normal,0
2001-07-19 11:57:00+00:00,1128,351,4.529255319148936,12.0,1.2733752596282877,103,243,1479,rrc04,codered,normal,0
2001-07-19 12:00:00+00:00,470,149,5.459574468085107,17.0,2.713532640929656,31,95,619,rrc04,codered,normal,0
2001-07-19 12:03:00+00:00,551,187,6.41016333938294,18.0,3.5385620253769794,53,98,738,rrc04,codered,normal,0
2001-07-19 12:06:00+00:00,509,98,5.5166994106090375,12.0,1.5765397282511067,26,56,607,rrc04,codered,normal,0
2001-07-19 12:09:00+00:00,438,47,5.082191780821918,10.0,1.1478002545771329,9,35,485,rrc04,codered,normal,0
2001-07-19 12:12:00+00:00,442,56,5.920814479638009,17.0,1.9543596159787535,9,44,498,rrc04,codered,normal,0
2001-07-19 12:15:00+00:00,858,183,6.703962703962704,18.0,2.931384416961994,15,159,1041,rrc04,codered,normal,0
2001-07-19 12:18:00+00:00,313,44,5.3706070287539935,15.0,1.641134167810697,7,33,357,rrc04,codered,normal,0
2001-07-19 12:21:00+00:00,461,72,6.329718004338395,13.0,1.9966799250459457,9,61,533,rrc04,codered,normal,0
2001-07-19 12:24:00+00:00,320,57,4.95625,10.0,1.3174163872899107,11,40,377,rrc04,codered,normal,0
2001-07-19 12:27:00+00:00,315,102,5.619047619047619,13.0,2.022324385049873,29,57,417,rrc04,codered,normal,0
2001-07-19 12:30:00+00:00,362,87,5.2154696132596685,11.0,1.6072980743799128,22,49,449,rrc04,codered,normal,0
2001-07-19 12:33:00+00:00,305,54,5.0,13.0,1.88175014456154,6,48,359,rrc04,codered,normal,0
2001-07-19 12:36:00+00:00,313,63,5.635782747603834,11.0,1.838946108471398,11,46,376,rrc04,codered,normal,0
2001-07-19 12:39:00+00:00,300,73,5.683333333333334,14.0,2.4075690828902268,11,57,373,rrc04,codered,normal,0
2001-07-19 12:42:00+00:00,284,47,5.454225352112676,17.0,1.935950588628437,13,28,331,rrc04,codered,normal,0
2001-07-19 12:45:00+00:00,383,83,4.960835509138382,16.0,1.3484470641045214,20,47,466,rrc04,codered,normal,0
2001-07-19 12:48:00+00:00,566,150,5.448763250883392,15.0,2.0105789711109407,13,131,716,rrc04,codered,normal,0
2001-07-19 12:51:00+00:00,490,63,5.202040816326531,17.0,1.7408641761971784,4,58,553,rrc04,codered,normal,0
2001-07-19 12:54:00+00:00,341,54,5.102639296187683,12.0,1.2944814342723308,11,41,395,rrc04,codered,normal,0
2001-07-19 12:57:00+00:00,222,85,5.252252252252252,15.0,1.5390910413832248,19,63,307,rrc04,codered,normal,0
2001-07-19 13:00:00+00:00,306,57,5.470588235294118,16.0,1.77144682025337,16,36,363,rrc04,codered,normal,0
2001-07-19 13:03:00+00:00,394,70,5.01015228426396,13.0,1.610529590093224,14,51,464,rrc04,codered,normal,0
2001-07-19 13:06:00+00:00,547,56,4.926873857404022,10.0,1.0109771860643169,12,36,603,rrc04,codered,normal,0
2001-07-19 13:09:00+00:00,385,85,5.457142857142857,11.0,1.7384444884240902,30,44,470,rrc04,codered,normal,0
2001-07-19 13:12:00+00:00,618,51,5.229773462783172,15.0,1.6834296977855627,5,46,669,rrc04,codered,normal,0
2001-07-19 13:15:00+00:00,488,54,5.202868852459017,13.0,1.7373170286997588,12,30,542,rrc04,codered,normal,0
2001-07-19 13:18:00+00:00,392,126,5.201530612244898,15.0,1.7136003701723246,22,80,518,rrc04,codered,normal,0
2001-07-19 13:21:00+00:00,232,57,5.491379310344827,15.0,1.8312219853343665,8,48,289,rrc04,codered,normal,0
2001-07-19 13:24:00+00:00,357,32,4.955182072829132,15.0,1.7322795599591556,3,29,389,rrc04,codered,normal,0
2001-07-19 13:27:00+00:00,559,72,5.9391771019677995,12.0,1.9693228776769618,8,59,631,rrc04,codered,normal,0
2001-07-19 13:30:00+00:00,532,91,5.7368421052631575,19.0,1.961642463732976,25,62,623,rrc04,codered,normal,0
2001-07-19 13:33:00+00:00,364,55,5.695054945054945,14.0,2.2170363713088506,8,45,419,rrc04,codered,normal,0
2001-07-19 13:36:00+00:00,1057,279,5.314096499526963,17.0,1.9266885140659673,87,184,1336,rrc04,codered,normal,0
2001-07-19 13:39:00+00:00,623,284,5.715890850722311,13.0,1.9275449836122827,72,198,907,rrc04,codered,normal,0
2001-07-19 13:42:00+00:00,283,211,5.480565371024735,13.0,1.7997281985018774,10,198,494,rrc04,codered,normal,0
2001-07-19 13:45:00+00:00,1236,212,4.8122977346278315,15.0,1.406886977113042,11,200,1448,rrc04,codered,normal,0
2001-07-19 13:48:00+00:00,1244,39,4.210610932475884,9.0,0.6797601807173181,8,30,1283,rrc04,codered,normal,0
2001-07-19 13:51:00+00:00,2275,140,5.141978021978022,16.0,1.7936568452850299,47,91,2415,rrc04,codered,normal,0
2001-07-19 13:54:00+00:00,528,131,5.386363636363637,10.0,1.5722389327668964,44,81,659,rrc04,codered,normal,0
2001-07-19 13:57:00+00:00,325,53,5.2215384615384615,14.0,1.7043376613527395,6,45,378,rrc04,codered,normal,0
2001-07-19 14:00:00+00:00,8621,461,4.603990256350771,14.0,0.6418876884378555,39,405,9082,rrc04,codered,normal,0
2001-07-19 14:03:00+00:00,3527,272,4.700311879784519,14.0,1.910696144157129,63,206,3799,rrc04,codered,normal,0
2001-07-19 14:06:00+00:00,5569,792,4.71287484288023,14.0,1.5237325801191475,121,588,6361,rrc04,codered,normal,0
2001-07-19 14:09:00+00:00,5014,682,4.569206222576785,13.0,1.625944261920785,63,578,5696,rrc04,codered,normal,0
2001-07-19 14:12:00+00:00,6319,6405,5.3456243076436145,15.0,1.1884577379617192,47,6337,12724,rrc04,codered,normal,0
2001-07-19 14:15:00+00:00,3742,4643,4.992250133618386,13.0,1.8306709956902414,34,4596,8385,rrc04,codered,normal,0
2001-07-19 14:18:00+00:00,4989,1490,5.309280416917218,15.0,1.0212985729180495,19,1463,6479,rrc04,codered,normal,0
2001-07-19 14:21:00+00:00,372,62,5.263440860215054,17.0,1.9317541722451015,15,41,434,rrc04,codered,normal,0
2001-07-19 14:24:00+00:00,5892,510,5.724541751527495,17.0,1.2158387893823153,7,500,6402,rrc04,codered,normal,0
2001-07-19 14:27:00+00:00,779,278,5.489088575096277,19.0,2.222725793335706,64,153,1057,rrc04,codered,normal,0
2001-07-19 14:30:00+00:00,554,133,5.564981949458484,12.0,2.1396044751643917,16,116,687,rrc04,codered,normal,0
2001-07-19 14:33:00+00:00,618,87,5.122977346278317,16.0,1.8853264598812145,16,63,705,rrc04,codered,normal,0
2001-07-19 14:36:00+00:00,545,161,5.759633027522936,19.0,2.382471127352995,59,91,706,rrc04,codered,normal,0
2001-07-19 14:39:00+00:00,560,300,5.816071428571429,17.0,2.3694692583628365,97,146,860,rrc04,codered,normal,0
2001-07-19 14:42:00+00:00,522,81,5.080459770114943,17.0,1.901109118531986,16,59,603,rrc04,codered,normal,0
2001-07-19 14:45:00+00:00,885,78,5.309604519774012,19.0,2.001459456644011,6,68,963,rrc04,codered,normal,0
2001-07-19 14:48:00+00:00,522,188,5.618773946360153,13.0,1.7014395613960727,47,79,710,rrc04,codered,normal,0
2001-07-19 14:51:00+00:00,431,88,5.392111368909513,14.0,1.9090292103265545,19,61,519,rrc04,codered,normal,0
2001-07-19 14:54:00+00:00,614,112,5.231270358306189,12.0,1.4746277668228305,18,84,726,rrc04,codered,normal,0
2001-07-19 14:57:00+00:00,614,68,5.420195439739413,15.0,1.7946670803327336,12,53,682,rrc04,codered,normal,0
2001-07-19 15:00:00+00:00,598,146,5.38628762541806,13.0,1.9499453549192818,32,86,744,rrc04,codered,normal,0
2001-07-19 15:03:00+00:00,679,112,4.7820324005891015,13.0,1.6043666459815615,29,77,791,rrc04,codered,normal,0
2001-07-19 15:06:00+00:00,545,170,5.495412844036697,15.0,1.6085998995708195,35,130,715,rrc04,codered,normal,0
2001-07-19 15:09:00+00:00,666,139,5.7192192192192195,13.0,2.3850428550471374,24,103,805,rrc04,codered,normal,0
2001-07-19 15:12:00+00:00,389,70,5.025706940874036,14.0,2.3855514797845943,14,54,459,rrc04,codered,normal,0
2001-07-19 15:15:00+00:00,1644,65,5.350973236009732,14.0,1.5591517054623707,8,53,1709,rrc04,codered,normal,0
2001-07-19 15:18:00+00:00,3087,315,5.735665694849368,17.0,1.8904481917593772,17,295,3402,rrc04,codered,normal,0
2001-07-19 15:21:00+00:00,4368,113,6.404075091575091,14.0,1.1292205591842244,22,78,4481,rrc04,codered,normal,0
2001-07-19 15:24:00+00:00,9598,726,5.460408418420505,14.0,1.4467147109165044,13,708,10324,rrc04,codered,normal,0
2001-07-19 15:27:00+00:00,7091,340,5.880693837258496,18.0,1.575669390170984,39,283,7431,rrc04,codered,normal,0
2001-07-19 15:30:00+00:00,792,144,5.46969696969697,16.0,2.119317335553762,18,124,936,rrc04,codered,normal,0
2001-07-19 15:33:00+00:00,1154,294,4.811958405545927,12.0,1.4044355873068077,77,208,1448,rrc04,codered,normal,0
2001-07-19 15:36:00+00:00,8120,3566,6.754556650246306,14.0,1.088216747776151,372,3173,11686,rrc04,codered,normal,0
2001-07-19 15:39:00+00:00,585,1268,5.36068376068376,13.0,1.7825822652745447,360,894,1853,rrc04,codered,normal,0
2001-07-19 15:42:00+00:00,694,4682,5.463976945244957,13.0,1.569063040057974,2204,2472,5376,rrc04,codered,normal,0
2001-07-19 15:45:00+00:00,597,132,5.261306532663316,16.0,1.9954874472842175,26,93,729,rrc04,codered,normal,0
2001-07-19 15:48:00+00:00,1028,217,4.828793774319066,22.0,1.1702654028522725,41,141,1245,rrc04,codered,normal,0
2001-07-19 15:51:00+00:00,721,80,5.045769764216367,12.0,1.411017475413938,13,65,801,rrc04,codered,normal,0
2001-07-19 15:54:00+00:00,1298,186,5.191833590138675,17.0,1.6605718277485237,50,131,1484,rrc04,codered,normal,0
2001-07-19 15:57:00+00:00,807,142,4.826517967781908,22.0,1.4816985612401061,16,126,949,rrc04,codered,normal,0
2001-07-19 16:00:00+00:00,1142,183,5.188266199649737,11.0,1.348451394030367,34,138,1325,rrc04,codered,normal,0
2001-07-19 16:03:00+00:00,1288,176,5.112577639751553,12.0,1.4077966800711224,55,120,1464,rrc04,codered,normal,0
2001-07-19 16:06:00+00:00,2572,119,5.141135303265941,15.0,1.0896387256586832,27,76,2691,rrc04,codered,normal,0
2001-07-19 16:09:00+00:00,840,314,5.595238095238095,13.0,1.6819705536395866,68,211,1154,rrc04,codered,normal,0
2001-07-19 16:12:00+00:00,1229,248,5.017087062652563,17.0,1.4496264134442236,47,189,1477,rrc04,codered,normal,0
2001-07-19 16:15:00+00:00,1484,153,4.956199460916442,22.0,1.219272728789388,20,126,1637,rrc04,codered,normal,0
2001-07-19 16:18:00+00:00,701,145,4.723252496433666,11.0,1.3461579418604093,16,125,846,rrc04,codered,normal,0
2001-07-19 16:21:00+00:00,609,141,5.042692939244663,13.0,1.5210023829367405,16,118,750,rrc04,codered,normal,0
2001-07-19 16:24:00+00:00,1090,112,4.959633027522936,14.0,1.9094703269627902,19,89,1202,rrc04,codered,normal,0
2001-07-19 16:27:00+00:00,2514,99,6.806682577565632,17.0,2.2520253178192746,14,77,2613,rrc04,codered,normal,0
2001-07-19 16:30:00+00:00,3292,293,7.078675577156743,19.0,3.0538217309618214,43,232,3585,rrc04,codered,normal,0
2001-07-19 16:33:00+00:00,3251,731,6.3002153183635805,20.0,2.869830009706688,232,472,3982,rrc04,codered,normal,0
2001-07-19 16:36:00+00:00,2031,362,4.79123584441162,11.0,1.2249426474039966,60,294,2393,rrc04,codered,normal,0
2001-07-19 16:39:00+00:00,1555,364,5.239871382636656,14.0,1.6133542328216959,34,324,1919,rrc04,codered,normal,0
2001-07-19 16:42:00+00:00,3028,359,4.952774108322325,14.0,1.5373215544962573,25,328,3387,rrc04,codered,normal,0
2001-07-19 16:45:00+00:00,2148,237,4.706703910614525,12.0,1.0201013805843004,30,203,2385,rrc04,codered,normal,0
2001-07-19 16:48:00+00:00,1573,328,5.426573426573427,14.0,1.681727313887923,93,224,1901,rrc04,codered,normal,0
2001-07-19 16:51:00+00:00,1730,374,5.191329479768786,15.0,1.3722413087216685,61,285,2104,rrc04,codered,normal,0
2001-07-19 16:54:00+00:00,1611,529,5.620111731843576,14.0,1.7181089708411497,130,367,2140,rrc04,codered,normal,0
2001-07-19 16:57:00+00:00,2367,207,5.141529362061681,11.0,1.218014976586664,63,128,2574,rrc04,codered,normal,0
2001-07-19 17:00:00+00:00,2565,220,5.221052631578948,15.0,1.2777391030854082,19,198,2785,rrc04,codered,normal,0
2001-07-19 17:03:00+00:00,1554,436,5.523166023166024,13.0,1.800483637151047,105,320,1990,rrc04,codered,normal,0
2001-07-19 17:06:00+00:00,1256,423,5.812898089171974,16.0,1.9263987082753031,137,238,1679,rrc04,codered,normal,0
2001-07-19 17:09:00+00:00,3949,653,4.898708533806027,14.0,1.2747904771286818,50,579,4602,rrc04,codered,normal,0
2001-07-19 17:12:00+00:00,1217,297,4.958093672966311,14.0,1.6533780011121013,98,183,1514,rrc04,codered,normal,0
2001-07-19 17:15:00+00:00,3169,591,5.346165982959924,16.0,1.6276306150237998,99,430,3760,rrc04,codered,normal,0
2001-07-19 17:18:00+00:00,3325,416,5.053834586466166,15.0,1.663709381162825,94,275,3741,rrc04,codered,normal,0
2001-07-19 17:21:00+00:00,1674,171,5.410394265232975,16.0,1.5909426921834098,26,137,1845,rrc04,codered,normal,0
2001-07-19 17:24:00+00:00,1593,184,5.106716886377903,16.0,1.4919449191424683,15,165,1777,rrc04,codered,normal,0
2001-07-19 17:27:00+00:00,1875,378,5.6128,16.0,1.8768616074003253,48,316,2253,rrc04,codered,normal,0
2001-07-19 17:30:00+00:00,1662,659,5.6432009626955475,18.0,2.099426626623729,170,370,2321,rrc04,codered,normal,0
2001-07-19 17:33:00+00:00,1628,395,5.159090909090909,19.0,1.7622501137693278,114,234,2023,rrc04,codered,normal,0
2001-07-19 17:36:00+00:00,1740,364,5.558620689655172,12.0,1.8142191711453302,49,304,2104,rrc04,codered,normal,0
2001-07-19 17:39:00+00:00,1460,239,5.133561643835616,13.0,1.7573632723081394,45,157,1699,rrc04,codered,normal,0
2001-07-19 17:42:00+00:00,2033,312,5.233644859813084,17.0,1.206234560868302,72,226,2345,rrc04,codered,normal,0
2001-07-19 17:45:00+00:00,1512,342,5.213624338624339,14.0,1.7750473834170977,15,323,1854,rrc04,codered,normal,0
2001-07-19 17:48:00+00:00,1097,232,5.938924339106655,16.0,2.6986116709374346,31,200,1329,rrc04,codered,normal,0
2001-07-19 17:51:00+00:00,2251,378,5.34517992003554,16.0,2.0230562627964592,56,296,2629,rrc04,codered,normal,0
2001-07-19 17:54:00+00:00,2733,300,5.0080497621661175,14.0,1.673475616367778,74,224,3033,rrc04,codered,normal,0
2001-07-19 17:57:00+00:00,1899,272,5.063191153238547,17.0,1.4918449656669317,48,221,2171,rrc04,codered,normal,0
2001-07-19 18:00:00+00:00,1760,240,5.253977272727273,14.0,1.6021065959972878,26,207,2000,rrc04,codered,normal,0
2001-07-19 18:03:00+00:00,4218,543,4.913466097676624,16.0,1.4931021361621069,36,499,4761,rrc04,codered,normal,0
2001-07-19 18:06:00+00:00,4959,1333,5.0846944948578345,14.0,1.1884729274179646,397,935,6292,rrc04,codered,normal,0
2001-07-19 18:09:00+00:00,2303,474,5.169344333478072,16.0,1.543402429524819,66,403,2777,rrc04,codered,normal,0
2001-07-19 18:12:00+00:00,1830,302,4.896174863387978,16.0,1.5164441482193458,62,190,2132,rrc04,codered,normal,0
2001-07-19 18:15:00+00:00,2070,386,4.95024154589372,13.0,1.3959698512910488,63,314,2456,rrc04,codered,normal,0
2001-07-19 18:18:00+00:00,1965,413,5.041730279898219,16.0,1.695162720772663,112,262,2378,rrc04,codered,normal,0
2001-07-19 18:21:00+00:00,1880,534,5.116489361702127,13.0,1.72520255205918,72,432,2414,rrc04,codered,normal,0
2001-07-19 18:24:00+00:00,2408,338,5.490448504983389,13.0,1.715400769162495,69,247,2746,rrc04,codered,normal,0
2001-07-19 18:27:00+00:00,2014,256,5.459285004965244,16.0,1.9895658020379976,39,217,2270,rrc04,codered,normal,0
2001-07-19 18:30:00+00:00,1543,191,5.109526895657809,15.0,1.9180369694960904,31,156,1734,rrc04,codered,normal,0
2001-07-19 18:33:00+00:00,2009,374,4.79342956694873,13.0,1.7320900735926494,91,248,2383,rrc04,codered,normal,0
2001-07-19 18:36:00+00:00,2550,247,4.554117647058823,12.0,1.891159180233832,33,213,2797,rrc04,codered,normal,0
2001-07-19 18:39:00+00:00,1737,227,4.896948762233737,16.0,1.5164714195036673,47,165,1964,rrc04,codered,normal,0
2001-07-19 18:42:00+00:00,1911,417,5.357927786499215,13.0,1.5757810841407545,75,334,2328,rrc04,codered,normal,0
2001-07-19 18:45:00+00:00,1598,178,5.168335419274093,13.0,1.6832603227894936,26,142,1776,rrc04,codered,normal,0
2001-07-19 18:48:00+00:00,2876,391,5.159944367176634,13.0,1.4191744734374938,73,303,3267,rrc04,codered,normal,0
2001-07-19 18:51:00+00:00,1823,503,5.573230938014262,15.0,2.059452828205723,74,415,2326,rrc04,codered,normal,0
2001-07-19 18:54:00+00:00,2502,394,5.388089528377298,14.0,1.6495724160683503,114,278,2896,rrc04,codered,normal,0
2001-07-19 18:57:00+00:00,1803,292,5.36051026067665,16.0,1.697551061536165,63,217,2095,rrc04,codered,normal,0
2001-07-19 19:00:00+00:00,1579,143,4.959468017732743,13.0,1.698527088541643,19,116,1722,rrc04,codered,normal,0
2001-07-19 19:03:00+00:00,1802,309,5.341842397336293,13.0,1.5972758932845477,67,217,2111,rrc04,codered,normal,0
2001-07-19 19:06:00+00:00,1967,209,5.072699542450432,16.0,1.5149826157733188,25,182,2176,rrc04,codered,normal,0
2001-07-19 19:09:00+00:00,2035,491,5.271253071253072,14.0,1.6068447426133092,48,443,2526,rrc04,codered,normal,0
2001-07-19 19:12:00+00:00,2756,656,5.198476052249637,16.0,1.7599430983738047,91,565,3412,rrc04,codered,normal,0
2001-07-19 19:15:00+00:00,6060,362,4.912046204620462,12.0,1.1577063236669878,37,298,6422,rrc04,codered,normal,0
2001-07-19 19:18:00+00:00,4311,412,5.0637903038738115,15.0,1.22578211451319,43,369,4723,rrc04,codered,normal,0
2001-07-19 19:21:00+00:00,2566,620,5.614964925954793,17.0,1.498971503314445,164,336,3186,rrc04,codered,normal,0
2001-07-19 19:24:00+00:00,6297,311,5.030173098300778,17.0,1.2656055946667755,43,266,6608,rrc04,codered,normal,0
2001-07-19 19:27:00+00:00,2642,571,5.320968962906889,15.0,1.5422167063064804,77,433,3213,rrc04,codered,normal,0
2001-07-19 19:30:00+00:00,6087,850,5.2104484967964515,13.0,1.178319528281016,115,723,6937,rrc04,codered,normal,0
2001-07-19 19:33:00+00:00,3102,911,5.425531914893617,14.0,1.4705685458181972,180,669,4013,rrc04,codered,normal,0
2001-07-19 19:36:00+00:00,2539,485,6.001181567546278,16.0,1.6219006806095926,75,405,3024,rrc04,codered,normal,0
2001-07-19 19:39:00+00:00,2740,1208,5.118978102189781,12.0,1.547214725976847,378,751,3948,rrc04,codered,normal,0
2001-07-19 19:42:00+00:00,1960,645,5.051020408163265,14.0,1.4726932774272534,190,346,2605,rrc04,codered,normal,0
2001-07-19 19:45:00+00:00,2413,202,5.225445503522586,14.0,1.2979881218871687,24,172,2615,rrc04,codered,normal,0
2001-07-19 19:48:00+00:00,1968,333,4.864329268292683,13.0,1.4967403461990711,54,267,2301,rrc04,codered,normal,0
2001-07-19 19:51:00+00:00,4348,431,5.5556577736890524,17.0,1.398146593086947,41,375,4779,rrc04,codered,normal,0
2001-07-19 19:54:00+00:00,1337,245,5.474195961106956,13.0,1.839352053457442,45,195,1582,rrc04,codered,normal,0
2001-07-19 19:57:00+00:00,3258,457,4.931553100061388,13.0,1.2442299411704907,44,408,3715,rrc04,codered,normal,0
2001-07-19 20:00:00+00:00,4075,444,5.2591411042944785,12.0,1.406413617076487,64,362,4519,rrc04,codered,normal,0
2001-07-19 20:03:00+00:00,4843,1440,5.582490192029733,14.0,1.5655407545896898,363,938,6283,rrc04,codered,normal,0
2001-07-19 20:06:00+00:00,3984,384,5.12324297188755,13.0,1.0979270012167506,77,268,4368,rrc04,codered,normal,0
2001-07-19 20:09:00+00:00,4179,416,5.298157453936349,17.0,1.6413605831339535,124,275,4595,rrc04,codered,normal,0
2001-07-19 20:12:00+00:00,2885,694,5.190987868284229,16.0,1.6377019961750363,129,501,3579,rrc04,codered,normal,0
2001-07-19 20:15:00+00:00,5988,533,5.3502004008016035,13.0,1.2717466882985133,77,441,6521,rrc04,codered,normal,0
2001-07-19 20:18:00+00:00,2700,456,5.479629629629629,11.0,1.6206856836067909,45,396,3156,rrc04,codered,normal,0
2001-07-19 20:21:00+00:00,3417,554,5.54228855721393,16.0,1.7599700777881329,40,509,3971,rrc04,codered,normal,0
2001-07-19 20:24:00+00:00,3161,571,5.462828218918064,14.0,1.804409719857368,131,417,3732,rrc04,codered,normal,0
2001-07-19 20:27:00+00:00,3469,751,4.993946382242721,15.0,1.7348672713290187,150,520,4220,rrc04,codered,normal,0
2001-07-19 20:30:00+00:00,2098,369,5.547664442326025,11.0,1.5147406558276746,80,267,2467,rrc04,codered,normal,0
2001-07-19 20:33:00+00:00,2623,609,5.04727411361037,14.0,1.1260845172699934,137,438,3232,rrc04,codered,normal,0
2001-07-19 20:36:00+00:00,2321,567,5.167600172339509,15.0,1.5235906721916677,118,411,2888,rrc04,codered,normal,0
2001-07-19 20:39:00+00:00,2036,440,5.053045186640471,12.0,1.5434555291466145,82,338,2476,rrc04,codered,normal,0
2001-07-19 20:42:00+00:00,4476,305,4.859919571045577,18.0,1.496583058650615,47,250,4781,rrc04,codered,normal,0
2001-07-19 20:45:00+00:00,3467,406,5.082492068070378,20.0,1.7856272691445505,43,359,3873,rrc04,codered,normal,0
2001-07-19 20:48:00+00:00,2286,416,5.332895888013998,14.0,1.5572574751558743,71,341,2702,rrc04,codered,normal,0
2001-07-19 20:51:00+00:00,3974,481,4.803472571716155,14.0,1.2776890073190088,95,369,4455,rrc04,codered,normal,0
2001-07-19 20:54:00+00:00,2980,849,5.307046979865772,12.0,1.4780328861557828,169,643,3829,rrc04,codered,normal,0
2001-07-19 20:57:00+00:00,1942,389,5.440782698249228,15.0,1.889955291606988,59,307,2331,rrc04,codered,normal,0
2001-07-19 21:00:00+00:00,1604,216,5.54426433915212,17.0,1.8368385422715272,44,165,1820,rrc04,codered,normal,0
2001-07-19 21:03:00+00:00,4977,389,5.245328511151296,12.0,1.3355507396412811,60,317,5366,rrc04,codered,normal,0
2001-07-19 21:06:00+00:00,4559,770,5.134020618556701,16.0,1.248918233563075,132,611,5329,rrc04,codered,normal,0
2001-07-19 21:09:00+00:00,2664,256,5.54542042042042,16.0,1.8698757937112642,48,206,2920,rrc04,codered,normal,0
2001-07-19 21:12:00+00:00,1868,296,4.9737687366167025,17.0,1.9478911162862695,60,218,2164,rrc04,codered,normal,0
2001-07-19 21:15:00+00:00,2371,338,4.81568958245466,12.0,1.7042453686248973,35,286,2709,rrc04,codered,normal,0
2001-07-19 21:18:00+00:00,1906,359,4.9412381951731374,16.0,1.6893311723873685,89,237,2265,rrc04,codered,normal,0
2001-07-19 21:21:00+00:00,2427,449,4.661310259579728,13.0,1.2923656269135855,106,323,2876,rrc04,codered,normal,0
2001-07-19 21:24:00+00:00,3059,216,4.6770186335403725,15.0,1.5177811106402146,39,169,3275,rrc04,codered,normal,0
2001-07-19 21:27:00+00:00,2685,393,4.571322160148976,15.0,1.6817114416377654,69,286,3078,rrc04,codered,normal,0
2001-07-19 21:30:00+00:00,3235,341,4.400927357032457,16.0,1.6122595640861606,90,226,3576,rrc04,codered,normal,0
2001-07-19 21:33:00+00:00,5444,308,4.9693240264511385,16.0,1.3651668712689444,61,222,5752,rrc04,codered,normal,0
2001-07-19 21:36:00+00:00,3503,390,4.989437624892949,14.0,1.8352504507536422,110,262,3893,rrc04,codered,normal,0
2001-07-19 21:39:00+00:00,2683,400,5.008945210585166,16.0,1.6638697843630734,83,307,3083,rrc04,codered,normal,0
2001-07-19 21:42:00+00:00,3257,603,4.779858765735339,16.0,1.532891730396399,170,376,3860,rrc04,codered,normal,0
2001-07-19 21:45:00+00:00,3898,602,5.315546434068753,16.0,1.6166683943546183,146,429,4500,rrc04,codered,normal,0
2001-07-19 21:48:00+00:00,5290,239,5.09187145557656,13.0,1.3013988745712477,50,162,5529,rrc04,codered,normal,0
2001-07-19 21:51:00+00:00,2182,374,4.769019248395967,20.0,1.7004859527028904,27,333,2556,rrc04,codered,normal,0
2001-07-19 21:54:00+00:00,1835,235,5.595095367847412,13.0,1.2892673411703703,58,166,2070,rrc04,codered,normal,0
2001-07-19 21:57:00+00:00,4051,1765,5.4732164897556155,14.0,1.3502647910534618,527,727,5816,rrc04,codered,normal,0
2001-07-19 22:00:00+00:00,2658,374,5.153498871331829,16.0,1.3423377937882421,99,251,3032,rrc04,codered,normal,0
2001-07-19 22:03:00+00:00,1132,258,5.489399293286219,13.0,1.7378738867416652,32,214,1390,rrc04,codered,normal,0
2001-07-19 22:06:00+00:00,1663,458,5.3517739025856885,16.0,1.9539515856721104,138,284,2121,rrc04,codered,normal,0
2001-07-19 22:09:00+00:00,1566,467,5.2701149425287355,16.0,2.024552578058189,74,359,2033,rrc04,codered,normal,0
2001-07-19 22:12:00+00:00,2006,549,5.1600199401794615,16.0,1.5673057956983085,91,422,2555,rrc04,codered,normal,0
2001-07-19 22:15:00+00:00,5293,1230,5.609862081995088,15.0,1.423757637844512,471,749,6523,rrc04,codered,normal,0
2001-07-19 22:18:00+00:00,3866,436,5.377651319192965,14.0,1.3796455712315758,19,415,4302,rrc04,codered,normal,0
2001-07-19 22:21:00+00:00,3705,480,5.539541160593792,15.0,1.6305498786836625,33,440,4185,rrc04,codered,normal,0
2001-07-19 22:24:00+00:00,1957,358,5.238630556974962,13.0,1.4863644469762107,36,314,2315,rrc04,codered,normal,0
2001-07-19 22:27:00+00:00,1762,502,5.443813847900113,13.0,1.8488480892332277,127,330,2264,rrc04,codered,normal,0
2001-07-19 22:30:00+00:00,1690,289,5.301183431952663,13.0,1.5018130331273136,77,188,1979,rrc04,codered,normal,0
2001-07-19 22:33:00+00:00,2053,252,5.202143205065758,14.0,1.5080738336448136,23,217,2305,rrc04,codered,normal,0
2001-07-19 22:36:00+00:00,1138,198,5.1731107205623905,12.0,1.6206318030842237,30,162,1336,rrc04,codered,normal,0
2001-07-19 22:39:00+00:00,1632,167,5.0931372549019605,16.0,1.7419005736872792,29,132,1799,rrc04,codered,normal,0
2001-07-19 22:42:00+00:00,1458,353,5.462277091906722,13.0,1.7790167827605032,49,296,1811,rrc04,codered,normal,0
2001-07-19 22:45:00+00:00,1858,225,5.082346609257266,15.0,1.6746062899891665,31,185,2083,rrc04,codered,normal,0
2001-07-19 22:48:00+00:00,2535,433,5.209467455621302,14.0,1.614990523486964,125,306,2968,rrc04,codered,normal,0
2001-07-19 22:51:00+00:00,1916,407,5.450939457202505,14.0,1.709055506686609,31,352,2323,rrc04,codered,normal,0
2001-07-19 22:54:00+00:00,1287,264,5.1849261849261845,13.0,1.4760421806394488,43,220,1551,rrc04,codered,normal,0
2001-07-19 22:57:00+00:00,1477,541,5.5280974949221395,12.0,1.7349964155361566,143,393,2018,rrc04,codered,normal,0
2001-07-19 23:00:00+00:00,1276,300,5.565047021943574,14.0,2.0132011614054455,62,228,1576,rrc04,codered,normal,0
2001-07-19 23:03:00+00:00,3957,198,4.993682082385646,15.0,1.5387211862687922,30,151,4155,rrc04,codered,normal,0
2001-07-19 23:06:00+00:00,6040,221,5.092549668874172,13.0,1.1611298972386679,23,196,6261,rrc04,codered,normal,0
2001-07-19 23:09:00+00:00,1475,183,5.188474576271187,14.0,1.711695376786698,34,147,1658,rrc04,codered,normal,0
2001-07-19 23:12:00+00:00,955,184,5.328795811518325,11.0,1.3988619589854436,17,166,1139,rrc04,codered,normal,0
2001-07-19 23:15:00+00:00,1405,255,4.93950177935943,16.0,1.6410780354158165,14,239,1660,rrc04,codered,normal,0
2001-07-19 23:18:00+00:00,1986,320,5.317724068479356,15.0,1.8618602854274342,42,267,2306,rrc04,codered,normal,0
2001-07-19 23:21:00+00:00,1545,342,5.524919093851133,15.0,2.0131108475978987,45,283,1887,rrc04,codered,normal,0
2001-07-19 23:24:00+00:00,1691,253,5.324659964518037,15.0,1.8553169203438031,37,199,1944,rrc04,codered,normal,0
2001-07-19 23:27:00+00:00,907,239,6.094818081587651,15.0,2.4984770763796407,49,155,1146,rrc04,codered,normal,0
2001-07-19 23:30:00+00:00,1514,156,5.796565389696169,19.0,2.4453528217291507,30,123,1670,rrc04,codered,normal,0
2001-07-19 23:33:00+00:00,2428,364,4.9159802306425044,15.0,1.6068300430003726,62,286,2792,rrc04,codered,normal,0
2001-07-19 23:36:00+00:00,1576,301,5.13007614213198,15.0,1.2730948717900052,49,243,1877,rrc04,codered,normal,0
2001-07-19 23:39:00+00:00,926,283,4.892008639308855,16.0,1.4253190556126487,48,228,1209,rrc04,codered,normal,0
2001-07-19 23:42:00+00:00,1608,281,5.212686567164179,14.0,1.5623965028468658,43,215,1889,rrc04,codered,normal,0
2001-07-19 23:45:00+00:00,2263,242,4.898365002209457,15.0,1.6722929861187854,37,200,2505,rrc04,codered,normal,0
2001-07-19 23:48:00+00:00,1227,184,4.965770171149145,14.0,1.6029115591108276,19,165,1411,rrc04,codered,normal,0
2001-07-19 23:51:00+00:00,1118,235,5.5026833631484795,14.0,2.0021214039610746,24,210,1353,rrc04,codered,normal,0
2001-07-19 23:54:00+00:00,1317,322,5.463173880030372,15.0,1.9900023338359032,42,277,1639,rrc04,codered,normal,0
2001-07-19 23:57:00+00:00,1909,280,5.302252488213725,14.0,2.0624864479514997,56,210,2189,rrc04,codered,normal,0
2001-07-20 00:00:00+00:00,1028,170,5.825875486381323,16.0,2.0212469934723147,51,110,1198,rrc04,codered,normal,0
2001-07-20 00:03:00+00:00,735,151,5.156462585034014,13.0,1.725757963307673,19,126,886,rrc04,codered,normal,0
2001-07-20 00:06:00+00:00,769,146,5.384915474642392,18.0,1.9579669598188651,29,113,915,rrc04,codered,normal,0
2001-07-20 00:09:00+00:00,756,127,5.87037037037037,19.0,2.309772285523821,26,95,883,rrc04,codered,normal,0
2001-07-20 00:12:00+00:00,1043,165,5.546500479386386,13.0,1.4689156085210018,14,148,1208,rrc04,codered,normal,0
2001-07-20 00:15:00+00:00,1124,174,5.300711743772242,15.0,1.404859205279745,37,133,1298,rrc04,codered,normal,0
2001-07-20 00:18:00+00:00,1213,160,5.269579554822753,13.0,1.4039302639244118,51,104,1373,rrc04,codered,normal,0
2001-07-20 00:21:00+00:00,639,147,5.123630672926447,15.0,1.705754403722803,36,106,786,rrc04,codered,normal,0
2001-07-20 00:24:00+00:00,714,117,4.676470588235294,13.0,1.2413649676982614,25,74,831,rrc04,codered,normal,0
2001-07-20 00:27:00+00:00,545,104,5.170642201834863,13.0,1.7129459977613213,24,74,649,rrc04,codered,normal,0
2001-07-20 00:30:00+00:00,886,277,5.225733634311513,10.0,1.2592113305950599,60,168,1163,rrc04,codered,normal,0
2001-07-20 00:33:00+00:00,595,110,5.008403361344538,11.0,1.272170105951282,9,97,705,rrc04,codered,normal,0
2001-07-20 00:36:00+00:00,502,86,4.707171314741036,13.0,1.4085355787580784,20,64,588,rrc04,codered,normal,0
2001-07-20 00:39:00+00:00,430,168,4.78139534883721,13.0,1.4796693241449508,14,150,598,rrc04,codered,normal,0
2001-07-20 00:42:00+00:00,1206,91,4.368988391376451,13.0,1.0785101840559215,27,61,1297,rrc04,codered,normal,0
2001-07-20 00:45:00+00:00,699,122,4.988555078683834,12.0,1.479429016713139,18,103,821,rrc04,codered,normal,0
2001-07-20 00:48:00+00:00,587,91,5.439522998296423,17.0,1.8322322643691873,16,72,678,rrc04,codered,normal,0
2001-07-20 00:51:00+00:00,479,92,5.4258872651356995,14.0,1.6894113302636542,22,69,571,rrc04,codered,normal,0
2001-07-20 00:54:00+00:00,683,137,5.475841874084919,16.0,2.1140093924703844,31,98,820,rrc04,codered,normal,0
2001-07-20 00:57:00+00:00,610,165,5.0967213114754095,14.0,1.2631559763914202,65,100,775,rrc04,codered,normal,0
2001-07-20 01:00:00+00:00,8298,187,4.525548324897565,15.0,0.9599778404840921,62,107,8485,rrc04,codered,normal,0
2001-07-20 01:03:00+00:00,7328,105,4.485944323144105,15.0,0.8525706268433031,37,65,7433,rrc04,codered,normal,0
2001-07-20 01:06:00+00:00,1260,113,4.650793650793651,16.0,1.3605406273573186,8,101,1373,rrc04,codered,normal,0
2001-07-20 01:09:00+00:00,670,93,5.7208955223880595,15.0,2.010720321915762,18,68,763,rrc04,codered,normal,0
2001-07-20 01:12:00+00:00,1108,175,5.484657039711191,18.0,1.7734349305162995,48,106,1283,rrc04,codered,normal,0
2001-07-20 01:15:00+00:00,556,73,5.613309352517986,14.0,2.0302839892396554,12,60,629,rrc04,codered,normal,0
2001-07-20 01:18:00+00:00,372,75,5.397849462365591,20.0,1.7621454722895222,21,53,447,rrc04,codered,normal,0
2001-07-20 01:21:00+00:00,424,63,5.613207547169812,21.0,2.222614280513612,9,54,487,rrc04,codered,normal,0
2001-07-20 01:24:00+00:00,662,142,4.873111782477341,15.0,1.4632153218645294,20,122,804,rrc04,codered,normal,0
2001-07-20 01:27:00+00:00,450,63,5.237777777777778,15.0,1.9456834147973006,6,54,513,rrc04,codered,normal,0
2001-07-20 01:30:00+00:00,591,127,5.406091370558376,14.0,1.60716356962705,24,89,718,rrc04,codered,normal,0
2001-07-20 01:33:00+00:00,338,61,5.15680473372781,13.0,1.5994538168284012,3,53,399,rrc04,codered,normal,0
2001-07-20 01:36:00+00:00,365,112,5.221917808219178,15.0,1.677428444084973,27,79,477,rrc04,codered,normal,0
2001-07-20 01:39:00+00:00,622,105,5.85048231511254,14.0,2.332868338973779,14,88,727,rrc04,codered,normal,0
2001-07-20 01:42:00+00:00,926,88,6.413606911447085,14.0,2.8460477223929286,13,74,1014,rrc04,codered,normal,0
2001-07-20 01:45:00+00:00,698,173,5.401146131805158,15.0,1.6296320726202416,50,108,871,rrc04,codered,normal,0
2001-07-20 01:48:00+00:00,465,88,5.264516129032258,13.0,1.4987195367178792,19,60,553,rrc04,codered,normal,0
2001-07-20 01:51:00+00:00,251,63,6.187250996015936,14.0,3.152308458618208,6,54,314,rrc04,codered,normal,0
2001-07-20 01:54:00+00:00,679,152,6.035346097201767,15.0,2.1570010319064057,30,116,831,rrc04,codered,normal,0
2001-07-20 01:57:00+00:00,514,113,6.060311284046692,14.0,2.0955438872182763,9,99,627,rrc04,codered,normal,0
2001-07-20 02:00:00+00:00,681,237,5.422907488986784,14.0,1.652747742429389,99,128,918,rrc04,codered,normal,0
2001-07-20 02:03:00+00:00,708,152,4.834745762711864,13.0,1.5031347913278186,13,131,860,rrc04,codered,normal,0
2001-07-20 02:06:00+00:00,1034,203,5.0802707930367506,13.0,1.483088915511574,12,189,1237,rrc04,codered,normal,0
2001-07-20 02:09:00+00:00,374,68,5.577540106951871,13.0,2.0008362803047994,15,49,442,rrc04,codered,normal,0
2001-07-20 02:12:00+00:00,337,50,5.353115727002967,12.0,1.8464652480952044,6,40,387,rrc04,codered,normal,0
2001-07-20 02:15:00+00:00,444,88,5.362612612612613,13.0,2.0316301588092416,19,60,532,rrc04,codered,normal,0
2001-07-20 02:18:00+00:00,1117,203,4.673231871083258,12.0,1.6084294605002123,17,179,1320,rrc04,codered,normal,0
2001-07-20 02:21:00+00:00,1302,102,4.731182795698925,13.0,1.5098025777327941,14,77,1404,rrc04,codered,normal,0
2001-07-20 02:24:00+00:00,1021,216,5.112634671890303,13.0,1.6613504215091393,33,178,1237,rrc04,codered,normal,0
2001-07-20 02:27:00+00:00,340,53,5.261764705882353,12.0,1.6748160049745857,8,39,393,rrc04,codered,normal,0
2001-07-20 02:30:00+00:00,851,114,5.381903642773208,22.0,2.099432332232883,22,84,965,rrc04,codered,normal,0
2001-07-20 02:33:00+00:00,1560,249,4.716666666666667,15.0,1.8520201490476913,39,184,1809,rrc04,codered,normal,0
2001-07-20 02:36:00+00:00,1769,333,5.101752402487281,13.0,1.6302823553772963,19,307,2102,rrc04,codered,normal,0
2001-07-20 02:39:00+00:00,656,221,5.573170731707317,12.0,1.8864438592932784,30,184,877,rrc04,codered,normal,0
2001-07-20 02:42:00+00:00,616,205,5.310064935064935,15.0,1.9025690071459347,15,188,821,rrc04,codered,normal,0
2001-07-20 02:45:00+00:00,1208,152,5.3385761589403975,14.0,2.3827682908003296,17,126,1360,rrc04,codered,normal,0
2001-07-20 02:48:00+00:00,514,82,4.996108949416342,14.0,2.2438815287305776,6,74,596,rrc04,codered,normal,0
2001-07-20 02:51:00+00:00,328,151,5.640243902439025,13.0,2.0508391950433933,10,135,479,rrc04,codered,normal,0
2001-07-20 02:54:00+00:00,414,74,5.243961352657005,9.0,1.2987916191614293,11,63,488,rrc04,codered,normal,0
2001-07-20 02:57:00+00:00,416,45,5.622596153846154,16.0,2.1837179371924336,7,34,461,rrc04,codered,normal,0
2001-07-20 03:00:00+00:00,604,89,5.562913907284768,13.0,1.4133992604389025,28,58,693,rrc04,codered,normal,0
2001-07-20 03:03:00+00:00,673,193,5.649331352154532,13.0,1.7441228840404808,9,182,866,rrc04,codered,normal,0
2001-07-20 03:06:00+00:00,2030,271,5.021674876847291,12.0,1.5528531353003658,22,249,2301,rrc04,codered,normal,0
2001-07-20 03:09:00+00:00,298,56,4.953020134228188,11.0,1.6882363239489468,8,47,354,rrc04,codered,normal,0
2001-07-20 03:12:00+00:00,1173,65,4.021312872975277,13.0,1.3789512485070912,9,53,1238,rrc04,codered,normal,0
2001-07-20 03:15:00+00:00,492,66,4.400406504065041,15.0,1.5991104734505246,20,37,558,rrc04,codered,normal,0
2001-07-20 03:18:00+00:00,387,85,5.403100775193798,16.0,2.0842192095263328,14,69,472,rrc04,codered,normal,0
2001-07-20 03:21:00+00:00,1853,294,5.442525634106854,16.0,2.324130088700411,78,181,2147,rrc04,codered,normal,0
2001-07-20 03:24:00+00:00,743,382,6.045760430686406,16.0,2.354356274262608,62,258,1125,rrc04,codered,normal,0
2001-07-20 03:27:00+00:00,1196,152,4.09113712374582,15.0,1.4268876640949146,5,144,1348,rrc04,codered,normal,0
2001-07-20 03:30:00+00:00,817,209,5.82374541003672,20.0,2.463595242035367,53,101,1026,rrc04,codered,normal,0
2001-07-20 03:33:00+00:00,561,93,5.279857397504457,13.0,2.3639683804418152,12,78,654,rrc04,codered,normal,0
2001-07-20 03:36:00+00:00,581,119,5.564543889845095,19.0,2.6017436243081096,23,71,700,rrc04,codered,normal,0
2001-07-20 03:39:00+00:00,482,158,5.186721991701245,14.0,1.6878839785959854,5,151,640,rrc04,codered,normal,0
2001-07-20 03:42:00+00:00,849,393,5.921083627797409,14.0,1.889064869544086,40,343,1242,rrc04,codered,normal,0
2001-07-20 03:45:00+00:00,493,70,5.730223123732252,13.0,1.6419449182344708,9,61,563,rrc04,codered,normal,0
2001-07-20 03:48:00+00:00,361,83,5.875346260387811,17.0,2.11798170123161,18,51,444,rrc04,codered,normal,0
2001-07-20 03:51:00+00:00,396,58,5.186868686868687,13.0,1.6637639246294158,12,40,454,rrc04,codered,normal,0
2001-07-20 03:54:00+00:00,625,87,5.2624,14.0,1.42826686582025,23,58,712,rrc04,codered,normal,0
2001-07-20 03:57:00+00:00,438,117,5.837899543378995,15.0,1.810352565109844,22,91,555,rrc04,codered,normal,0
2001-07-20 04:00:00+00:00,313,88,4.980830670926518,14.0,2.0488327418106937,19,64,401,rrc04,codered,normal,0
2001-07-20 04:03:00+00:00,939,220,5.291799787007455,17.0,2.1627219415210277,86,131,1159,rrc04,codered,normal,0
2001-07-20 04:06:00+00:00,969,161,5.152734778121775,14.0,2.0173129019857177,13,146,1130,rrc04,codered,normal,0
2001-07-20 04:09:00+00:00,437,121,5.565217391304348,15.0,1.843655274088586,27,90,558,rrc04,codered,normal,0
2001-07-20 04:12:00+00:00,392,84,5.558673469387755,17.0,2.0055093188693083,13,68,476,rrc04,codered,normal,0
2001-07-20 04:15:00+00:00,460,61,5.660869565217391,17.0,2.0961121631196344,6,53,521,rrc04,codered,normal,0
2001-07-20 04:18:00+00:00,564,101,5.911347517730497,17.0,2.3351945625983443,22,73,665,rrc04,codered,normal,0
2001-07-20 04:21:00+00:00,1052,107,4.717680608365019,14.0,1.8232630519330217,18,84,1159,rrc04,codered,normal,0
2001-07-20 04:24:00+00:00,211,57,5.928909952606635,16.0,2.605074931642928,12,40,268,rrc04,codered,normal,0
2001-07-20 04:27:00+00:00,441,124,5.900226757369614,15.0,2.402573250751179,33,77,565,rrc04,codered,normal,0
2001-07-20 04:30:00+00:00,420,48,5.178571428571429,11.0,1.723511879065216,4,41,468,rrc04,codered,normal,0
2001-07-20 04:33:00+00:00,349,134,5.679083094555874,17.0,2.2823963846592488,40,86,483,rrc04,codered,normal,0
2001-07-20 04:36:00+00:00,454,108,5.88546255506608,13.0,2.00881540303925,26,69,562,rrc04,codered,normal,0
2001-07-20 04:39:00+00:00,415,115,5.768674698795181,17.0,2.139582647673915,20,86,530,rrc04,codered,normal,0
2001-07-20 04:42:00+00:00,616,143,5.696428571428571,15.0,2.0616442116154694,44,83,759,rrc04,codered,normal,0
2001-07-20 04:45:00+00:00,303,86,5.735973597359736,12.0,1.8729249356246018,20,46,389,rrc04,codered,normal,0
2001-07-20 04:48:00+00:00,380,136,5.957894736842105,13.0,2.046387263209222,41,83,516,rrc04,codered,normal,0
2001-07-20 04:51:00+00:00,297,49,5.269360269360269,12.0,1.4430270961324037,4,42,346,rrc04,codered,normal,0
2001-07-20 04:54:00+00:00,396,116,5.7146464646464645,13.0,1.62271988479457,25,80,512,rrc04,codered,normal,0
2001-07-20 04:57:00+00:00,414,80,6.004830917874396,16.0,2.2873261070961233,13,64,494,rrc04,codered,normal,0
2001-07-20 05:00:00+00:00,507,77,5.540433925049309,13.0,1.7730844899646583,19,50,584,rrc04,codered,normal,0
2001-07-20 05:03:00+00:00,344,67,5.3313953488372094,11.0,1.3578164437294489,14,50,411,rrc04,codered,normal,0
2001-07-20 05:06:00+00:00,618,132,4.799352750809062,14.0,1.7594496331208793,17,105,750,rrc04,codered,normal,0
2001-07-20 05:09:00+00:00,314,125,5.439490445859873,10.0,1.4708963410407487,17,100,439,rrc04,codered,normal,0
2001-07-20 05:12:00+00:00,451,83,5.401330376940133,11.0,1.5477321953428327,10,64,534,rrc04,codered,normal,0
2001-07-20 05:15:00+00:00,411,82,5.2725060827250605,13.0,1.6723596095302902,21,50,493,rrc04,codered,normal,0
2001-07-20 05:18:00+00:00,268,49,4.970149253731344,11.0,1.7848462390711164,8,38,317,rrc04,codered,normal,0
2001-07-20 05:21:00+00:00,436,74,4.894495412844036,14.0,1.9717888707710032,20,37,510,rrc04,codered,normal,0
2001-07-20 05:24:00+00:00,528,130,5.695075757575758,13.0,2.1487783690062767,50,74,658,rrc04,codered,normal,0
2001-07-20 05:27:00+00:00,385,131,5.158441558441559,15.0,1.6094970295539615,20,99,516,rrc04,codered,normal,0
2001-07-20 05:30:00+00:00,438,127,5.2465753424657535,12.0,1.4644726192533237,36,66,565,rrc04,codered,normal,0
2001-07-20 05:33:00+00:00,341,64,5.524926686217009,14.0,1.6594509595928741,16,46,405,rrc04,codered,normal,0
2001-07-20 05:36:00+00:00,761,67,3.9553219448094614,14.0,1.6148460975246426,14,49,828,rrc04,codered,normal,0
2001-07-20 05:39:00+00:00,1780,201,6.057303370786517,17.0,2.665020506717461,35,142,1981,rrc04,codered,normal,0
