,num_announcements,num_withdrawals,avg_as_path_length,max_as_path_length,std_as_path_length,duplicate_withdrawals,unique_withdrawn_prefixes,total_records,collector,event,label_str,label
2001-07-05 19:15:00+00:00,2169,209,4.547256800368833,15.0,1.7227635729386788,58,87,2378,rrc00,codered,normal,0
2001-07-05 19:18:00+00:00,2623,420,4.574151734654976,13.0,1.6700048839660033,79,139,3043,rrc00,codered,normal,0
2001-07-05 19:21:00+00:00,4021,1076,5.14921661278289,14.0,1.6952960970242021,154,203,5097,rrc00,codered,normal,0
2001-07-05 19:24:00+00:00,3093,906,4.832525056579373,13.0,1.994273079232532,166,212,3999,rrc00,codered,normal,0
2001-07-05 19:27:00+00:00,2554,458,4.533672670321065,14.0,1.746638358713268,68,191,3012,rrc00,codered,normal,0
2001-07-05 19:30:00+00:00,4578,543,4.737876802096985,15.0,1.5764660226879195,74,123,5121,rrc00,codered,normal,0
2001-07-05 19:33:00+00:00,4008,539,5.294411177644711,16.0,1.737415171925104,79,147,4547,rrc00,codered,normal,0
2001-07-05 19:36:00+00:00,2326,317,4.871453138435082,13.0,1.420063289312973,57,74,2643,rrc00,codered,normal,0
2001-07-05 19:39:00+00:00,2658,493,5.170805116629045,16.0,1.837906036592123,119,158,3151,rrc00,codered,normal,0
2001-07-05 19:42:00+00:00,2889,462,5.390446521287643,15.0,2.0346238286017386,81,152,3351,rrc00,codered,normal,0
2001-07-05 19:45:00+00:00,3174,1042,5.595148078134845,15.0,1.896566499382366,99,141,4216,rrc00,codered,normal,0
2001-07-05 19:48:00+00:00,3467,717,5.186905105278338,14.0,1.7352024252308869,79,169,4184,rrc00,codered,normal,0
2001-07-05 19:51:00+00:00,3267,722,5.733088460361188,16.0,2.2785281617414963,135,161,3989,rrc00,codered,normal,0
2001-07-05 19:54:00+00:00,3199,545,5.381056580181307,15.0,2.1070515310880547,77,205,3744,rrc00,codered,normal,0
2001-07-05 19:57:00+00:00,2429,470,5.025113215314945,13.0,1.7540716726043708,56,106,2899,rrc00,codered,normal,0
2001-07-05 20:00:00+00:00,2428,319,5.191927512355848,16.0,1.7352059754630311,57,84,2747,rrc00,codered,normal,0
2001-07-05 20:03:00+00:00,2331,612,5.145002145002145,15.0,1.989999587705675,101,125,2943,rrc00,codered,normal,0
2001-07-05 20:06:00+00:00,2859,581,5.0849947534102835,15.0,1.9313458088624982,87,164,3440,rrc00,codered,normal,0
2001-07-05 20:09:00+00:00,3148,585,4.886594663278272,13.0,1.7056705536929397,109,146,3733,rrc00,codered,normal,0
2001-07-05 20:12:00+00:00,2205,363,5.04671201814059,13.0,1.7151041250305574,48,130,2568,rrc00,codered,normal,0
2001-07-05 20:15:00+00:00,2627,303,4.844689760182718,15.0,1.5042932371010234,59,135,2930,rrc00,codered,normal,0
2001-07-05 20:18:00+00:00,1470,267,4.776190476190476,15.0,1.8588575722531575,43,63,1737,rrc00,codered,normal,0
2001-07-05 20:21:00+00:00,1864,481,4.948497854077253,15.0,1.9896534671955546,85,102,2345,rrc00,codered,normal,0
2001-07-05 20:24:00+00:00,2084,407,4.964491362763916,15.0,1.937281021102479,87,102,2491,rrc00,codered,normal,0
2001-07-05 20:27:00+00:00,1993,276,4.938283993978926,13.0,2.198550009240331,61,113,2269,rrc00,codered,normal,0
2001-07-05 20:30:00+00:00,1964,345,4.7836048879837065,14.0,2.0029296360537026,76,99,2309,rrc00,codered,normal,0
2001-07-05 20:33:00+00:00,1678,399,5.047675804529201,13.0,1.877059605499234,81,110,2077,rrc00,codered,normal,0
2001-07-05 20:36:00+00:00,2189,327,5.073549566011877,14.0,1.9206695335814534,75,109,2516,rrc00,codered,normal,0
2001-07-05 20:39:00+00:00,2412,310,4.698590381426202,14.0,1.729400821201328,66,88,2722,rrc00,codered,normal,0
2001-07-05 20:42:00+00:00,2019,423,4.919266963843487,15.0,1.8577229287472627,61,140,2442,rrc00,codered,normal,0
2001-07-05 20:45:00+00:00,2213,245,5.973339358337099,15.0,2.1438788347911952,44,58,2458,rrc00,codered,normal,0
2001-07-05 20:48:00+00:00,2589,262,4.888373889532638,15.0,1.5896949980967132,57,81,2851,rrc00,codered,normal,0
2001-07-05 20:51:00+00:00,2711,664,5.0018443378827,15.0,1.8687070250636304,143,180,3375,rrc00,codered,normal,0
2001-07-05 20:54:00+00:00,2436,348,5.181034482758621,15.0,1.678997544902789,64,150,2784,rrc00,codered,normal,0
2001-07-05 20:57:00+00:00,1973,378,4.670045615813482,15.0,1.7712863961423444,88,119,2351,rrc00,codered,normal,0
2001-07-05 21:00:00+00:00,2094,365,4.995702005730659,15.0,2.007502798785259,61,84,2459,rrc00,codered,normal,0
2001-07-05 21:03:00+00:00,3417,426,5.151594966344747,13.0,1.687069192556184,58,186,3843,rrc00,codered,normal,0
2001-07-05 21:06:00+00:00,4689,929,5.249093623373854,16.0,1.577665793345167,139,175,5618,rrc00,codered,normal,0
2001-07-05 21:09:00+00:00,2766,441,4.954446854663774,13.0,1.7006931834689558,100,129,3207,rrc00,codered,normal,0
2001-07-05 21:12:00+00:00,3175,374,5.097007874015748,15.0,2.0297101592706928,89,114,3549,rrc00,codered,normal,0
2001-07-05 21:15:00+00:00,3898,558,4.975115443817343,15.0,1.6913283644037322,91,166,4456,rrc00,codered,normal,0
2001-07-05 21:18:00+00:00,4076,932,5.238223748773307,24.0,1.8325165654623947,208,233,5008,rrc00,codered,normal,0
2001-07-05 21:21:00+00:00,5015,1252,5.1754735792622135,17.0,1.5953311273313617,194,228,6267,rrc00,codered,normal,0
2001-07-05 21:24:00+00:00,2526,375,4.957244655581948,17.0,2.147876598122253,84,95,2901,rrc00,codered,normal,0
2001-07-05 21:27:00+00:00,1978,238,5.712841253791709,16.0,2.9760498170776395,38,107,2216,rrc00,codered,normal,0
2001-07-05 21:30:00+00:00,2359,357,5.867740568037304,15.0,2.7409518229649756,79,131,2716,rrc00,codered,normal,0
2001-07-05 21:33:00+00:00,5817,653,5.481003953928141,15.0,2.415501729512772,106,241,6470,rrc00,codered,normal,0
2001-07-05 21:36:00+00:00,2608,357,4.8496932515337425,15.0,1.9214920785019824,57,147,2965,rrc00,codered,normal,0
2001-07-05 21:39:00+00:00,2214,433,4.481029810298103,13.0,1.6599734507776305,126,154,2647,rrc00,codered,normal,0
2001-07-05 21:42:00+00:00,2067,768,5.596516690856314,16.0,2.1240547480926892,111,139,2835,rrc00,codered,normal,0
2001-07-05 21:45:00+00:00,3199,602,5.1863082213191625,15.0,1.8510458758942576,121,137,3801,rrc00,codered,normal,0
2001-07-05 21:48:00+00:00,2393,427,4.747179272879231,15.0,1.8329805171639229,80,95,2820,rrc00,codered,normal,0
2001-07-05 21:51:00+00:00,3208,359,4.657418952618454,14.0,1.727771494064145,65,101,3567,rrc00,codered,normal,0
2001-07-05 21:54:00+00:00,3134,409,5.822271857051691,15.0,2.7202005810494208,71,109,3543,rrc00,codered,normal,0
2001-07-05 21:57:00+00:00,2396,482,5.675292153589315,14.0,2.5688659612755593,78,107,2878,rrc00,codered,normal,0
2001-07-05 22:00:00+00:00,2202,421,5.295186194368756,15.0,2.3501530448222585,96,148,2623,rrc00,codered,normal,0
2001-07-05 22:03:00+00:00,2883,484,5.124869927159209,16.0,1.9292953776591377,75,92,3367,rrc00,codered,normal,0
2001-07-05 22:06:00+00:00,3300,458,5.115151515151515,15.0,1.944552797715651,85,190,3758,rrc00,codered,normal,0
2001-07-05 22:09:00+00:00,2493,379,4.992378660248696,15.0,1.7822559016299526,100,109,2872,rrc00,codered,normal,0
2001-07-05 22:12:00+00:00,2641,579,5.2612646724725485,15.0,1.9950456788965345,79,162,3220,rrc00,codered,normal,0
2001-07-05 22:15:00+00:00,2176,423,5.166360294117647,15.0,2.126273145161554,68,84,2599,rrc00,codered,normal,0
2001-07-05 22:18:00+00:00,4162,834,5.340941854877463,17.0,2.022887036515122,102,137,4996,rrc00,codered,normal,0
2001-07-05 22:21:00+00:00,3507,357,5.040490447676077,19.0,1.7189338242049945,41,145,3864,rrc00,codered,normal,0
2001-07-05 22:24:00+00:00,2533,341,4.788787998420845,18.0,1.686199713734223,87,115,2874,rrc00,codered,normal,0
2001-07-05 22:27:00+00:00,3077,533,5.164120896977575,17.0,2.1699126583252,88,144,3610,rrc00,codered,normal,0
2001-07-05 22:30:00+00:00,7410,687,5.128879892037787,15.0,1.8485840845976653,109,172,8097,rrc00,codered,normal,0
2001-07-05 22:33:00+00:00,3150,368,5.306984126984127,20.0,1.9529502589758299,68,104,3518,rrc00,codered,normal,0
2001-07-05 22:36:00+00:00,3340,370,5.591616766467066,21.0,2.4472253180538313,54,145,3710,rrc00,codered,normal,0
2001-07-05 22:39:00+00:00,9170,417,5.059323882224645,16.0,1.4754895979876914,63,110,9587,rrc00,codered,normal,0
2001-07-05 22:42:00+00:00,4535,880,4.984123484013231,16.0,1.8263571257543236,58,638,5415,rrc00,codered,normal,0
2001-07-05 22:45:00+00:00,3050,276,4.694426229508196,15.0,1.790979697636129,56,106,3326,rrc00,codered,normal,0
2001-07-05 22:48:00+00:00,13292,4482,4.44507974721637,18.0,1.4766949797286777,76,4241,17774,rrc00,codered,normal,0
2001-07-05 22:51:00+00:00,5990,360,4.825041736227045,16.0,1.5692497776651622,73,112,6350,rrc00,codered,normal,0
2001-07-05 22:54:00+00:00,2640,448,5.035984848484849,15.0,1.7051150142707805,68,134,3088,rrc00,codered,normal,0
2001-07-05 22:57:00+00:00,2948,621,5.326662143826323,16.0,1.9294215951479747,92,121,3569,rrc00,codered,normal,0
2001-07-05 23:00:00+00:00,2146,248,5.372786579683131,15.0,2.290196573022014,42,56,2394,rrc00,codered,normal,0
2001-07-05 23:03:00+00:00,5379,613,5.0514965606990145,15.0,1.7206214831523092,129,228,5992,rrc00,codered,normal,0
2001-07-05 23:06:00+00:00,3400,323,4.778235294117647,13.0,1.510043767554701,68,132,3723,rrc00,codered,normal,0
2001-07-05 23:09:00+00:00,4207,482,4.90206798193487,16.0,1.4624409531236557,131,269,4689,rrc00,codered,normal,0
2001-07-05 23:12:00+00:00,2679,420,5.031728256812244,21.0,2.205417935689391,61,119,3099,rrc00,codered,normal,0
2001-07-05 23:15:00+00:00,1840,229,4.748913043478261,15.0,1.7389398672765488,48,69,2069,rrc00,codered,normal,0
2001-07-05 23:18:00+00:00,2096,146,5.134541984732825,16.0,2.4498850222577966,28,44,2242,rrc00,codered,normal,0
2001-07-05 23:21:00+00:00,1807,286,4.814609850581074,15.0,1.6512299083600315,40,107,2093,rrc00,codered,normal,0
2001-07-05 23:24:00+00:00,3405,569,4.8146842878120415,15.0,1.8922568695567077,123,155,3974,rrc00,codered,normal,0
2001-07-05 23:27:00+00:00,4482,689,4.847166443551986,16.0,1.7757042593438082,77,379,5171,rrc00,codered,normal,0
2001-07-05 23:30:00+00:00,7330,1137,5.148431105047749,14.0,1.4574692112472578,200,304,8467,rrc00,codered,normal,0
2001-07-05 23:33:00+00:00,4098,521,5.189848706686188,15.0,2.074873366995534,143,227,4619,rrc00,codered,normal,0
2001-07-05 23:36:00+00:00,5955,580,5.869017632241814,16.0,2.316292593245261,78,188,6535,rrc00,codered,normal,0
2001-07-05 23:39:00+00:00,6169,649,4.927865132112173,15.0,2.0893829595194413,156,246,6818,rrc00,codered,normal,0
2001-07-05 23:42:00+00:00,5276,1401,4.90068233510235,15.0,2.0010401741452233,255,377,6677,rrc00,codered,normal,0
2001-07-05 23:45:00+00:00,5869,1028,5.0967796898960644,16.0,2.1279176650875273,155,235,6897,rrc00,codered,normal,0
2001-07-05 23:48:00+00:00,4433,681,4.715993683735619,15.0,1.7589599217368113,72,204,5114,rrc00,codered,normal,0
2001-07-05 23:51:00+00:00,3445,434,4.811320754716981,14.0,1.5989254819490921,69,144,3879,rrc00,codered,normal,0
2001-07-05 23:54:00+00:00,3542,427,4.842744212309429,16.0,1.8276538547330554,81,140,3969,rrc00,codered,normal,0
2001-07-05 23:57:00+00:00,3665,432,4.851841746248295,17.0,1.5527601677871983,71,149,4097,rrc00,codered,normal,0
2001-07-06 00:00:00+00:00,1816,197,4.790198237885463,17.0,1.675008305692203,40,53,2013,rrc00,codered,normal,0
2001-07-06 00:03:00+00:00,2694,362,5.304008908685969,15.0,2.2158919085055735,64,72,3056,rrc00,codered,normal,0
2001-07-06 00:06:00+00:00,2177,344,4.576481396417088,15.0,2.214654064706053,96,107,2521,rrc00,codered,normal,0
2001-07-06 00:09:00+00:00,1680,375,4.939880952380952,15.0,2.009342461773206,56,87,2055,rrc00,codered,normal,0
2001-07-06 00:12:00+00:00,1796,446,4.930400890868597,15.0,2.2191086654624668,73,86,2242,rrc00,codered,normal,0
2001-07-06 00:15:00+00:00,3730,404,5.001340482573727,14.0,1.9129159764258288,68,112,4134,rrc00,codered,normal,0
2001-07-06 00:18:00+00:00,2437,268,4.710709889208043,15.0,1.5897510369280776,52,73,2705,rrc00,codered,normal,0
2001-07-06 00:21:00+00:00,2376,433,5.1447811447811445,15.0,1.992641691749511,63,82,2809,rrc00,codered,normal,0
2001-07-06 00:24:00+00:00,2847,432,5.002107481559537,13.0,2.080061345309222,61,85,3279,rrc00,codered,normal,0
2001-07-06 00:27:00+00:00,4468,929,4.413160250671441,15.0,1.6039975085529785,92,630,5397,rrc00,codered,normal,0
2001-07-06 00:30:00+00:00,3764,267,4.434909670563231,15.0,1.8048415278996182,39,75,4031,rrc00,codered,normal,0
2001-07-06 00:33:00+00:00,3865,347,3.929883570504528,15.0,1.7788464107583086,66,129,4212,rrc00,codered,normal,0
2001-07-06 00:36:00+00:00,3000,195,5.036,16.0,1.9449174789692236,34,52,3195,rrc00,codered,normal,0
2001-07-06 00:39:00+00:00,2938,236,4.773315180394826,15.0,1.4258419115097407,38,83,3174,rrc00,codered,normal,0
2001-07-06 00:42:00+00:00,1720,351,5.208720930232558,16.0,2.4356925840467905,68,83,2071,rrc00,codered,normal,0
2001-07-06 00:45:00+00:00,1971,220,5.2272957889396245,17.0,2.3912333000692856,51,72,2191,rrc00,codered,normal,0
2001-07-06 00:48:00+00:00,2083,345,5.023523763802208,16.0,2.363290152209486,62,80,2428,rrc00,codered,normal,0
2001-07-06 00:51:00+00:00,1783,359,5.290521592821088,16.0,2.512951289044367,63,129,2142,rrc00,codered,normal,0
2001-07-06 00:54:00+00:00,3333,349,4.938793879387939,16.0,1.6222568715077947,105,136,3682,rrc00,codered,normal,0
2001-07-06 00:57:00+00:00,2224,414,4.909172661870503,14.0,1.9331978666889253,61,151,2638,rrc00,codered,normal,0
2001-07-06 01:00:00+00:00,2678,387,5.39058999253174,18.0,2.1218873322032263,74,85,3065,rrc00,codered,normal,0
2001-07-06 01:03:00+00:00,2987,432,5.012721794442585,15.0,1.8929782830195534,80,174,3419,rrc00,codered,normal,0
2001-07-06 01:06:00+00:00,2512,232,4.960987261146497,15.0,1.8799750082607096,33,79,2744,rrc00,codered,normal,0
2001-07-06 01:09:00+00:00,2831,227,5.277993641822677,15.0,1.8276323060042439,57,70,3058,rrc00,codered,normal,0
2001-07-06 01:12:00+00:00,2830,446,5.073144876325088,15.0,1.818812081800878,83,147,3276,rrc00,codered,normal,0
2001-07-06 01:15:00+00:00,3099,347,5.445627621813488,14.0,1.8198635324193246,61,80,3446,rrc00,codered,normal,0
2001-07-06 01:18:00+00:00,3132,265,4.889846743295019,15.0,1.3663298723451922,51,106,3397,rrc00,codered,normal,0
2001-07-06 01:21:00+00:00,7889,277,5.431360121688427,16.0,1.15032396115324,51,65,8166,rrc00,codered,normal,0
2001-07-06 01:24:00+00:00,6929,231,5.386202915283591,16.0,1.1954670360837991,33,72,7160,rrc00,codered,normal,0
2001-07-06 01:27:00+00:00,2522,218,4.853687549563838,15.0,1.840918587917195,32,51,2740,rrc00,codered,normal,0
2001-07-06 01:30:00+00:00,2170,223,6.314285714285714,16.0,2.9356898986507685,43,64,2393,rrc00,codered,normal,0
2001-07-06 01:33:00+00:00,2562,286,4.55815768930523,16.0,2.0938028429528655,68,123,2848,rrc00,codered,normal,0
2001-07-06 01:36:00+00:00,2513,189,5.233187425387983,17.0,2.3185742981954545,39,72,2702,rrc00,codered,normal,0
2001-07-06 01:39:00+00:00,2192,348,5.206204379562044,17.0,2.257873048414047,83,133,2540,rrc00,codered,normal,0
2001-07-06 01:42:00+00:00,18745,323,4.574126433715658,18.0,1.6803391565396488,70,97,19068,rrc00,codered,normal,0
2001-07-06 01:45:00+00:00,28716,1883,5.239169800807912,17.0,1.5173622766472474,26,1783,30599,rrc00,codered,normal,0
2001-07-06 01:48:00+00:00,23613,305,4.427222292804811,16.0,1.4161614063350367,33,169,23918,rrc00,codered,normal,0
2001-07-06 01:51:00+00:00,2236,568,4.9315742397137745,15.0,1.9944613445399577,112,176,2804,rrc00,codered,normal,0
2001-07-06 01:54:00+00:00,4141,468,4.9992755373098285,13.0,1.7876253526676398,86,138,4609,rrc00,codered,normal,0
2001-07-06 01:57:00+00:00,1798,349,4.636818687430479,17.0,2.0458920835729115,63,81,2147,rrc00,codered,normal,0
2001-07-06 02:00:00+00:00,3131,567,5.283934845097413,17.0,2.5353824445471065,112,124,3698,rrc00,codered,normal,0
2001-07-06 02:03:00+00:00,2223,490,6.5177687809266756,23.0,4.564283100536313,63,100,2713,rrc00,codered,normal,0
2001-07-06 02:06:00+00:00,2541,484,5.031090121999213,23.0,2.170474105699315,86,107,3025,rrc00,codered,normal,0
2001-07-06 02:09:00+00:00,2892,445,5.0570539419087135,15.0,1.6685590328342974,51,153,3337,rrc00,codered,normal,0
2001-07-06 02:12:00+00:00,4399,218,5.389634007729029,15.0,1.5712354788279865,47,85,4617,rrc00,codered,normal,0
2001-07-06 02:15:00+00:00,1778,300,5.070866141732283,17.0,1.7570476544895435,74,83,2078,rrc00,codered,normal,0
2001-07-06 02:18:00+00:00,1929,296,5.005184033177812,15.0,2.004912080834394,80,90,2225,rrc00,codered,normal,0
2001-07-06 02:21:00+00:00,1964,470,5.189409368635438,17.0,2.075158536243338,67,84,2434,rrc00,codered,normal,0
2001-07-06 02:24:00+00:00,3026,600,4.803370786516854,16.0,1.885696466185227,101,141,3626,rrc00,codered,normal,0
2001-07-06 02:27:00+00:00,4260,448,4.10962441314554,16.0,1.5458414150651931,75,196,4708,rrc00,codered,normal,0
2001-07-06 02:30:00+00:00,1478,189,4.792963464140731,15.0,1.8474732809161165,55,90,1667,rrc00,codered,normal,0
2001-07-06 02:33:00+00:00,1971,163,5.226281075596144,17.0,1.8938173647964383,22,102,2134,rrc00,codered,normal,0
2001-07-06 02:36:00+00:00,1629,200,5.569060773480663,16.0,2.1550518350840133,47,56,1829,rrc00,codered,normal,0
2001-07-06 02:39:00+00:00,2147,255,4.855612482533768,15.0,1.8331979572926695,47,86,2402,rrc00,codered,normal,0
2001-07-06 02:42:00+00:00,3813,968,4.75085234723315,15.0,1.4534755122617948,196,459,4781,rrc00,codered,normal,0
2001-07-06 02:45:00+00:00,6157,454,4.958421309079097,15.0,1.5852862032233481,136,166,6611,rrc00,codered,normal,0
2001-07-06 02:48:00+00:00,11734,462,5.101414692347026,16.0,1.4798607272151993,38,227,12196,rrc00,codered,normal,0
2001-07-06 02:51:00+00:00,4061,364,4.190839694656488,18.0,1.7852648149926198,64,78,4425,rrc00,codered,normal,0
2001-07-06 02:54:00+00:00,3891,405,4.57183243382164,15.0,1.7358802064575556,74,107,4296,rrc00,codered,normal,0
2001-07-06 02:57:00+00:00,2309,314,5.655262018189693,19.0,2.814888690472214,61,71,2623,rrc00,codered,normal,0
2001-07-06 03:00:00+00:00,1642,257,5.252131546894032,19.0,2.074087202129573,61,80,1899,rrc00,codered,normal,0
2001-07-06 03:03:00+00:00,4834,674,5.355399255275135,16.0,1.812099274717302,145,181,5508,rrc00,codered,normal,0
2001-07-06 03:06:00+00:00,8587,1620,4.67054850355188,17.0,1.5339404482479746,56,1406,10207,rrc00,codered,normal,0
2001-07-06 03:09:00+00:00,4147,455,4.70388232457198,15.0,1.6425414719992963,60,104,4602,rrc00,codered,normal,0
2001-07-06 03:12:00+00:00,5986,398,5.3376211159371865,17.0,1.762960584973912,90,104,6384,rrc00,codered,normal,0
2001-07-06 03:15:00+00:00,11264,260,5.5417258522727275,24.0,1.6483352065802983,60,84,11524,rrc00,codered,normal,0
2001-07-06 03:18:00+00:00,4796,155,4.543160967472894,24.0,1.534837707686118,27,55,4951,rrc00,codered,normal,0
2001-07-06 03:21:00+00:00,3064,120,4.813968668407311,16.0,1.4445768464629596,21,52,3184,rrc00,codered,normal,0
2001-07-06 03:24:00+00:00,6213,304,4.869145340415258,16.0,1.3100298473050649,59,92,6517,rrc00,codered,normal,0
2001-07-06 03:27:00+00:00,2626,244,4.9946686976389945,15.0,1.4781894095833326,53,63,2870,rrc00,codered,normal,0
2001-07-06 03:30:00+00:00,2563,299,4.996488490050722,16.0,2.1435935999658278,56,74,2862,rrc00,codered,normal,0
2001-07-06 03:33:00+00:00,2077,329,6.052479537794897,22.0,4.060405697667254,71,89,2406,rrc00,codered,normal,0
2001-07-06 03:36:00+00:00,1560,402,4.866025641025641,22.0,2.2102615228389912,63,106,1962,rrc00,codered,normal,0
2001-07-06 03:39:00+00:00,1701,231,4.931216931216931,15.0,1.8941651147778473,40,97,1932,rrc00,codered,normal,0
2001-07-06 03:42:00+00:00,5907,274,4.956830878618588,15.0,1.6238442452193402,56,105,6181,rrc00,codered,normal,0
2001-07-06 03:45:00+00:00,3488,327,5.050745412844036,17.0,1.451630100592726,58,75,3815,rrc00,codered,normal,0
2001-07-06 03:48:00+00:00,2413,571,5.379610443431413,15.0,1.765145441861051,106,139,2984,rrc00,codered,normal,0
2001-07-06 03:51:00+00:00,1431,195,4.93780573025856,15.0,1.9010212250546608,28,84,1626,rrc00,codered,normal,0
2001-07-06 03:54:00+00:00,3342,439,4.695691202872531,16.0,1.7065998155330464,100,140,3781,rrc00,codered,normal,0
2001-07-06 03:57:00+00:00,3764,314,5.1960680127523915,16.0,1.8424460049728364,62,101,4078,rrc00,codered,normal,0
2001-07-06 04:00:00+00:00,4351,394,5.30337853367042,15.0,1.6642813162440278,72,99,4745,rrc00,codered,normal,0
2001-07-06 04:03:00+00:00,1744,165,4.544151376146789,15.0,1.7088209398904841,28,41,1909,rrc00,codered,normal,0
2001-07-06 04:06:00+00:00,1746,201,5.466208476517755,15.0,2.197117019173511,35,73,1947,rrc00,codered,normal,0
2001-07-06 04:09:00+00:00,4517,432,4.786805401815364,16.0,1.7278721266014596,92,145,4949,rrc00,codered,normal,0
2001-07-06 04:12:00+00:00,2355,374,4.944373673036093,15.0,1.7788224535040955,69,84,2729,rrc00,codered,normal,0
2001-07-06 04:15:00+00:00,2394,924,5.563492063492063,15.0,1.9936039336478402,109,156,3318,rrc00,codered,normal,0
2001-07-06 04:18:00+00:00,2993,859,5.653859004343468,16.0,2.253511788013755,109,118,3852,rrc00,codered,normal,0
2001-07-06 04:21:00+00:00,2920,521,5.387328767123288,24.0,3.0339929816102287,89,213,3441,rrc00,codered,normal,0
2001-07-06 04:24:00+00:00,3356,572,5.446364719904649,24.0,2.652463359620781,120,132,3928,rrc00,codered,normal,0
2001-07-06 04:27:00+00:00,4035,357,5.132094175960347,14.0,1.6586369498487312,66,134,4392,rrc00,codered,normal,0
2001-07-06 04:30:00+00:00,4460,273,5.09372197309417,17.0,1.5770796800795683,62,97,4733,rrc00,codered,normal,0
2001-07-06 04:33:00+00:00,2543,116,5.287455760912309,17.0,2.0051908491794865,22,39,2659,rrc00,codered,normal,0
2001-07-06 04:36:00+00:00,2033,259,5.828824397442204,19.0,2.466343132209964,33,110,2292,rrc00,codered,normal,0
2001-07-06 04:39:00+00:00,3070,385,5.4397394136807815,15.0,2.1602231601100566,100,141,3455,rrc00,codered,normal,0
2001-07-06 04:42:00+00:00,1810,206,5.48950276243094,15.0,2.0828556354338787,52,78,2016,rrc00,codered,normal,0
2001-07-06 04:45:00+00:00,4255,1261,6.1280846063454755,16.0,2.260746311969531,81,943,5516,rrc00,codered,normal,0
2001-07-06 04:48:00+00:00,2942,575,5.375934738273283,15.0,2.3541201698560252,145,182,3517,rrc00,codered,normal,0
2001-07-06 04:51:00+00:00,3201,505,5.164011246485473,15.0,1.9540883131958364,111,133,3706,rrc00,codered,normal,0
2001-07-06 04:54:00+00:00,1833,361,5.0638297872340425,16.0,2.309582013098556,78,108,2194,rrc00,codered,normal,0
2001-07-06 04:57:00+00:00,1965,332,5.039185750636133,19.0,2.0964021885077684,77,82,2297,rrc00,codered,normal,0
2001-07-06 05:00:00+00:00,2091,324,4.582018173122908,14.0,1.791456941666412,57,88,2415,rrc00,codered,normal,0
2001-07-06 05:03:00+00:00,2636,445,5.012518968133536,17.0,2.047481416152163,78,126,3081,rrc00,codered,normal,0
2001-07-06 05:06:00+00:00,2738,389,5.261869978086194,20.0,1.9991999153598783,58,67,3127,rrc00,codered,normal,0
2001-07-06 05:09:00+00:00,1914,200,5.282131661442007,15.0,2.0248777847740156,42,66,2114,rrc00,codered,normal,0
2001-07-06 05:12:00+00:00,1753,353,5.484312606959498,13.0,2.1529929282670515,50,74,2106,rrc00,codered,normal,0
2001-07-06 05:15:00+00:00,2388,587,4.907035175879397,15.0,2.1504704998260156,112,121,2975,rrc00,codered,normal,0
2001-07-06 05:18:00+00:00,3036,339,5.033596837944664,16.0,1.9811839796716317,68,93,3375,rrc00,codered,normal,0
2001-07-06 05:21:00+00:00,3011,393,5.314845566257057,16.0,2.052250581374186,71,109,3404,rrc00,codered,normal,0
2001-07-06 05:24:00+00:00,2642,355,5.355412566237699,19.0,2.1111494872630603,49,91,2997,rrc00,codered,normal,0
2001-07-06 05:27:00+00:00,2306,269,4.719861231569818,15.0,1.479702267759182,39,125,2575,rrc00,codered,normal,0
2001-07-06 05:30:00+00:00,2941,343,4.914314858891533,14.0,1.7592624015085607,71,91,3284,rrc00,codered,normal,0
2001-07-06 05:33:00+00:00,2012,223,5.787773359840954,16.0,2.3665557453293875,56,66,2235,rrc00,codered,normal,0
2001-07-06 05:36:00+00:00,2351,331,5.136537643555934,19.0,1.8908060049990396,57,70,2682,rrc00,codered,normal,0
2001-07-06 05:39:00+00:00,1634,426,4.804161566707466,15.0,1.8593986507248121,63,87,2060,rrc00,codered,normal,0
2001-07-06 05:42:00+00:00,2286,375,4.866141732283465,15.0,1.9215861059978818,91,100,2661,rrc00,codered,normal,0
2001-07-06 05:45:00+00:00,1775,314,5.39887323943662,15.0,2.2822768155517417,75,119,2089,rrc00,codered,normal,0
2001-07-06 05:48:00+00:00,1766,359,4.724235560588902,15.0,1.9286101765038937,72,89,2125,rrc00,codered,normal,0
2001-07-06 05:51:00+00:00,1685,246,4.8225519287833825,15.0,1.8230217564403166,36,72,1931,rrc00,codered,normal,0
2001-07-06 05:54:00+00:00,2026,312,4.941757156959526,15.0,2.009003346060514,75,93,2338,rrc00,codered,normal,0
2001-07-06 05:57:00+00:00,1574,425,4.846886912325286,15.0,1.6761462246392913,86,106,1999,rrc00,codered,normal,0
2001-07-06 06:00:00+00:00,3722,778,5.026598602901665,15.0,1.5905726039933175,128,138,4500,rrc00,codered,normal,0
2001-07-06 06:03:00+00:00,2137,506,4.573701450631726,15.0,1.8468050319863492,98,109,2643,rrc00,codered,normal,0
2001-07-06 06:06:00+00:00,4083,743,4.83321087435709,15.0,1.8410653379506325,120,168,4826,rrc00,codered,normal,0
2001-07-06 06:09:00+00:00,4868,807,4.990961380443714,15.0,1.8017841461831776,117,135,5675,rrc00,codered,normal,0
2001-07-06 06:12:00+00:00,3205,578,4.7051482059282375,16.0,1.7874903361707883,120,177,3783,rrc00,codered,normal,0
2001-07-06 06:15:00+00:00,3116,489,4.401155327342747,17.0,1.5394424745616369,100,113,3605,rrc00,codered,normal,0
2001-07-06 06:18:00+00:00,4085,610,5.241615667074663,15.0,1.9100023606076721,105,174,4695,rrc00,codered,normal,0
2001-07-06 06:21:00+00:00,4443,554,5.123340085527796,15.0,1.7443139116961566,84,229,4997,rrc00,codered,normal,0
2001-07-06 06:24:00+00:00,3867,503,4.818205327126972,15.0,1.7660709369016505,109,134,4370,rrc00,codered,normal,0
2001-07-06 06:27:00+00:00,2816,396,5.226207386363637,14.0,1.8937421143406141,118,180,3212,rrc00,codered,normal,0
2001-07-06 06:30:00+00:00,25712,164,3.5943139390168013,15.0,1.1457167178329664,28,60,25876,rrc00,codered,normal,0
2001-07-06 06:33:00+00:00,2948,688,4.5878561736770695,15.0,1.766398766832098,92,118,3636,rrc00,codered,normal,0
2001-07-06 06:36:00+00:00,4024,811,4.706013916500994,14.0,1.6235725082875623,146,204,4835,rrc00,codered,normal,0
2001-07-06 06:39:00+00:00,21742,459,3.6992916934964586,15.0,1.1247291212451902,85,109,22201,rrc00,codered,normal,0
2001-07-06 06:42:00+00:00,12305,466,3.990816741162129,17.0,1.46546211795426,89,120,12771,rrc00,codered,normal,0
2001-07-06 06:45:00+00:00,3739,1022,4.455201925648569,15.0,1.8049622784341623,171,226,4761,rrc00,codered,normal,0
2001-07-06 06:48:00+00:00,3603,1013,4.69969469886206,25.0,2.0895222310578885,162,193,4616,rrc00,codered,normal,0
2001-07-06 06:51:00+00:00,2581,318,5.134444013948082,16.0,2.181457194834277,66,113,2899,rrc00,codered,normal,0
2001-07-06 06:54:00+00:00,4376,744,4.844149908592322,18.0,1.6047881848690309,131,233,5120,rrc00,codered,normal,0
2001-07-06 06:57:00+00:00,2748,258,4.573508005822417,16.0,2.073271309761603,59,82,3006,rrc00,codered,normal,0
2001-07-06 07:00:00+00:00,2575,395,4.64504854368932,15.0,1.8843838960112194,53,135,2970,rrc00,codered,normal,0
2001-07-06 07:03:00+00:00,3543,347,4.576347727914197,17.0,1.866191167079509,88,130,3890,rrc00,codered,normal,0
2001-07-06 07:06:00+00:00,2290,336,4.8838427947598255,17.0,1.8708406189664373,68,95,2626,rrc00,codered,normal,0
2001-07-06 07:09:00+00:00,2962,655,4.972991222147198,15.0,1.9916977663530016,156,183,3617,rrc00,codered,normal,0
2001-07-06 07:12:00+00:00,4391,726,5.2179457982236395,18.0,2.179092903649914,139,168,5117,rrc00,codered,normal,0
2001-07-06 07:15:00+00:00,2155,478,5.226914153132251,20.0,2.513632342669714,109,123,2633,rrc00,codered,normal,0
2001-07-06 07:18:00+00:00,3504,760,4.969178082191781,16.0,1.9307851480476628,105,136,4264,rrc00,codered,normal,0
2001-07-06 07:21:00+00:00,4646,445,4.8092983211364615,15.0,2.2288870873111866,88,153,5091,rrc00,codered,normal,0
2001-07-06 07:24:00+00:00,3789,290,5.069939297967801,15.0,2.715626660051003,69,114,4079,rrc00,codered,normal,0
2001-07-06 07:27:00+00:00,2523,532,5.817677368212445,15.0,2.7686693124931385,106,124,3055,rrc00,codered,normal,0
2001-07-06 07:30:00+00:00,2425,597,5.690721649484536,19.0,2.885015766693032,86,106,3022,rrc00,codered,normal,0
2001-07-06 07:33:00+00:00,2635,1213,4.752182163187856,17.0,1.725264322906601,221,293,3848,rrc00,codered,normal,0
2001-07-06 07:36:00+00:00,6216,1648,4.756917631917632,15.0,1.9003362222760118,246,271,7864,rrc00,codered,normal,0
2001-07-06 07:39:00+00:00,3679,293,5.05708072845882,18.0,1.6822961766399482,41,77,3972,rrc00,codered,normal,0
2001-07-06 07:42:00+00:00,2579,465,4.69445521519969,15.0,1.9595790027457622,81,116,3044,rrc00,codered,normal,0
2001-07-06 07:45:00+00:00,2228,394,5.573608617594255,15.0,2.654298382674872,70,84,2622,rrc00,codered,normal,0
2001-07-06 07:48:00+00:00,2072,488,5.292953667953668,15.0,2.0868194014024204,84,127,2560,rrc00,codered,normal,0
2001-07-06 07:51:00+00:00,2579,471,4.6952307095773556,16.0,1.7859964670386244,72,118,3050,rrc00,codered,normal,0
2001-07-06 07:54:00+00:00,2637,477,4.977626090254077,15.0,1.7508522156289184,85,105,3114,rrc00,codered,normal,0
2001-07-06 07:57:00+00:00,1181,292,5.072819644369178,15.0,2.174001081712921,66,85,1473,rrc00,codered,normal,0
2001-07-06 08:00:00+00:00,3804,539,4.59384858044164,16.0,1.6505659782558824,122,158,4343,rrc00,codered,normal,0
2001-07-06 08:03:00+00:00,4666,899,5.189884269181311,17.0,1.8593816601385103,153,238,5565,rrc00,codered,normal,0
2001-07-06 08:06:00+00:00,2353,485,5.185720356991075,17.0,2.207840624386703,85,107,2838,rrc00,codered,normal,0
2001-07-06 08:09:00+00:00,2615,343,4.9300191204588915,16.0,2.0011653869543515,76,111,2958,rrc00,codered,normal,0
2001-07-06 08:12:00+00:00,1377,376,4.880174291938998,18.0,1.950965490674405,74,90,1753,rrc00,codered,normal,0
2001-07-06 08:15:00+00:00,3118,577,5.044259140474663,15.0,1.9233126555700322,104,130,3695,rrc00,codered,normal,0
2001-07-06 08:18:00+00:00,5559,8262,5.826227738801943,18.0,2.14076227173835,61,8073,13821,rrc00,codered,normal,0
2001-07-06 08:21:00+00:00,16789,200,4.285544106260051,17.0,1.6263858192204648,39,56,16989,rrc00,codered,normal,0
2001-07-06 08:24:00+00:00,3264,427,4.746629901960785,17.0,2.1005268165736637,85,109,3691,rrc00,codered,normal,0
2001-07-06 08:27:00+00:00,4690,728,5.0799573560767595,15.0,1.8794714127537209,97,108,5418,rrc00,codered,normal,0
2001-07-06 08:30:00+00:00,4783,411,4.447627012335355,16.0,1.5198615762887167,77,159,5194,rrc00,codered,normal,0
2001-07-06 08:33:00+00:00,3642,846,4.891817682591983,17.0,1.679198588215792,125,183,4488,rrc00,codered,normal,0
2001-07-06 08:36:00+00:00,2473,546,4.970076829761424,19.0,1.9000272079055545,128,168,3019,rrc00,codered,normal,0
2001-07-06 08:39:00+00:00,2029,372,4.6303597831444065,15.0,1.6943314063134347,72,85,2401,rrc00,codered,normal,0
2001-07-06 08:42:00+00:00,2695,458,4.68126159554731,15.0,2.066716872484275,101,134,3153,rrc00,codered,normal,0
2001-07-06 08:45:00+00:00,3048,540,5.027887139107611,15.0,2.012642912645981,70,90,3588,rrc00,codered,normal,0
2001-07-06 08:48:00+00:00,2009,308,4.688899950223992,17.0,1.9365960896840082,73,93,2317,rrc00,codered,normal,0
2001-07-06 08:51:00+00:00,2115,545,4.930496453900709,15.0,1.9915641213665736,73,130,2660,rrc00,codered,normal,0
2001-07-06 08:54:00+00:00,2048,472,5.09912109375,15.0,1.9017465268862208,104,128,2520,rrc00,codered,normal,0
2001-07-06 08:57:00+00:00,2571,697,5.2341501361338,16.0,2.250117039010291,97,131,3268,rrc00,codered,normal,0
2001-07-06 09:00:00+00:00,2613,537,5.155376961347111,15.0,1.947347195486138,101,120,3150,rrc00,codered,normal,0
2001-07-06 09:03:00+00:00,2055,248,4.06374695863747,15.0,1.6884679919425036,49,69,2303,rrc00,codered,normal,0
2001-07-06 09:06:00+00:00,2921,403,4.776788770968846,16.0,1.7143159704029274,56,154,3324,rrc00,codered,normal,0
2001-07-06 09:09:00+00:00,2766,501,4.90708604483008,16.0,1.8416253464465506,87,143,3267,rrc00,codered,normal,0
2001-07-06 09:12:00+00:00,1471,296,5.164513936097893,15.0,2.1217509455859105,61,70,1767,rrc00,codered,normal,0
2001-07-06 09:15:00+00:00,1625,231,4.737230769230769,15.0,1.9955022561846103,33,64,1856,rrc00,codered,normal,0
2001-07-06 09:18:00+00:00,2250,272,4.8,15.0,1.8211107721510091,67,77,2522,rrc00,codered,normal,0
2001-07-06 09:21:00+00:00,1709,369,4.854300760678759,15.0,1.8722701429665563,63,85,2078,rrc00,codered,normal,0
2001-07-06 09:24:00+00:00,3117,561,4.779595765158806,15.0,1.9393748840441127,110,129,3678,rrc00,codered,normal,0
2001-07-06 09:27:00+00:00,2447,545,4.78340825500613,16.0,2.0143748200047695,80,94,2992,rrc00,codered,normal,0
2001-07-06 09:30:00+00:00,2046,245,5.017106549364614,15.0,1.8775310412185253,40,55,2291,rrc00,codered,normal,0
2001-07-06 09:33:00+00:00,2598,347,4.734026173979984,15.0,1.7044085488049747,84,104,2945,rrc00,codered,normal,0
2001-07-06 09:36:00+00:00,2299,213,4.806437581557199,17.0,2.1723143011860486,60,88,2512,rrc00,codered,normal,0
2001-07-06 09:39:00+00:00,2589,204,4.426805716492854,16.0,1.5689852853107291,30,77,2793,rrc00,codered,normal,0
2001-07-06 09:42:00+00:00,2906,418,4.530970406056435,15.0,1.7915947234081377,80,135,3324,rrc00,codered,normal,0
2001-07-06 09:45:00+00:00,3889,439,4.504242735921831,19.0,1.7672617781635525,83,115,4328,rrc00,codered,normal,0
2001-07-06 09:48:00+00:00,3767,582,4.554818157685161,14.0,1.6630424310698235,113,145,4349,rrc00,codered,normal,0
2001-07-06 09:51:00+00:00,2850,608,4.670526315789473,17.0,1.7841037074063724,89,104,3458,rrc00,codered,normal,0
2001-07-06 09:54:00+00:00,2951,479,4.785496441884107,15.0,1.6858712062503245,97,130,3430,rrc00,codered,normal,0
2001-07-06 09:57:00+00:00,2849,331,4.453492453492453,15.0,1.7966162718039789,81,91,3180,rrc00,codered,normal,0
2001-07-06 10:00:00+00:00,1941,429,4.985059247810407,15.0,2.030748526185121,71,107,2370,rrc00,codered,normal,0
2001-07-06 10:03:00+00:00,2074,390,4.921407907425265,15.0,1.8234766946642778,57,87,2464,rrc00,codered,normal,0
2001-07-06 10:06:00+00:00,2946,429,4.770536320434488,15.0,1.8153829510227657,66,85,3375,rrc00,codered,normal,0
2001-07-06 10:09:00+00:00,1936,302,4.896694214876033,15.0,1.830545864679114,60,73,2238,rrc00,codered,normal,0
2001-07-06 10:12:00+00:00,1947,351,4.82331792501284,16.0,1.8840586845867697,66,105,2298,rrc00,codered,normal,0
2001-07-06 10:15:00+00:00,1547,316,4.6877828054298645,15.0,2.1423484348801667,54,68,1863,rrc00,codered,normal,0
2001-07-06 10:18:00+00:00,1951,356,5.216811891337776,14.0,1.897054363697369,62,65,2307,rrc00,codered,normal,0
2001-07-06 10:21:00+00:00,1501,405,4.980013324450367,16.0,2.438230974763905,57,75,1906,rrc00,codered,normal,0
2001-07-06 10:24:00+00:00,10091,698,4.957685065900307,15.0,1.6448323151238171,120,280,10789,rrc00,codered,normal,0
2001-07-06 10:27:00+00:00,6480,571,4.521141975308642,15.0,1.5369474089466115,143,172,7051,rrc00,codered,normal,0
2001-07-06 10:30:00+00:00,6741,1144,5.424269396232013,21.0,1.9989089713199215,208,236,7885,rrc00,codered,normal,0
2001-07-06 10:33:00+00:00,2653,423,4.941575574820957,20.0,1.956745243130118,57,126,3076,rrc00,codered,normal,0
2001-07-06 10:36:00+00:00,1591,411,4.894406033940918,15.0,2.131482638010945,85,97,2002,rrc00,codered,normal,0
2001-07-06 10:39:00+00:00,3671,333,5.209207300463089,17.0,1.792667105439445,46,109,4004,rrc00,codered,normal,0
2001-07-06 10:42:00+00:00,12615,597,4.341418945699564,15.0,1.4231122242340295,75,293,13212,rrc00,codered,normal,0
2001-07-06 10:45:00+00:00,2059,472,4.988343856240894,15.0,1.8025022072562258,54,178,2531,rrc00,codered,normal,0
2001-07-06 10:48:00+00:00,9164,2257,4.955259711916193,16.0,1.3843318104893414,228,251,11421,rrc00,codered,normal,0
2001-07-06 10:51:00+00:00,3928,433,5.0544806517311605,16.0,1.730458330541275,74,204,4361,rrc00,codered,normal,0
2001-07-06 10:54:00+00:00,1488,320,4.967741935483871,15.0,2.023127637787357,65,105,1808,rrc00,codered,normal,0
2001-07-06 10:57:00+00:00,2769,473,4.820873961719032,17.0,1.7324837645956301,86,115,3242,rrc00,codered,normal,0
2001-07-06 11:00:00+00:00,1709,377,4.884727911059099,15.0,1.741701279237154,90,109,2086,rrc00,codered,normal,0
2001-07-06 11:03:00+00:00,1425,291,4.901754385964912,15.0,1.8705934163113667,56,66,1716,rrc00,codered,normal,0
2001-07-06 11:06:00+00:00,1972,434,4.918356997971602,15.0,1.9224117866421342,95,108,2406,rrc00,codered,normal,0
2001-07-06 11:09:00+00:00,1549,287,5.187217559715946,15.0,1.8694836058836595,57,73,1836,rrc00,codered,normal,0
2001-07-06 11:12:00+00:00,1376,263,5.505813953488372,15.0,2.077347629716563,36,85,1639,rrc00,codered,normal,0
2001-07-06 11:15:00+00:00,6991,307,4.588470891145759,15.0,1.3051744315003662,65,115,7298,rrc00,codered,normal,0
2001-07-06 11:18:00+00:00,3335,320,4.5715142428785605,15.0,1.4117406454788324,35,156,3655,rrc00,codered,normal,0
2001-07-06 11:21:00+00:00,1531,273,5.154147615937296,16.0,2.057250669034805,42,55,1804,rrc00,codered,normal,0
2001-07-06 11:24:00+00:00,1616,414,5.053217821782178,14.0,1.8356722517704536,54,69,2030,rrc00,codered,normal,0
2001-07-06 11:27:00+00:00,1105,216,4.812669683257918,15.0,1.9717972196720013,34,68,1321,rrc00,codered,normal,0
2001-07-06 11:30:00+00:00,2707,195,4.59142962689324,15.0,1.899596633183176,43,55,2902,rrc00,codered,normal,0
2001-07-06 11:33:00+00:00,2531,239,4.391544843935203,17.0,1.578322514432799,45,59,2770,rrc00,codered,normal,0
2001-07-06 11:36:00+00:00,3678,264,4.663404023926047,18.0,1.7017483078653493,49,77,3942,rrc00,codered,normal,0
2001-07-06 11:39:00+00:00,3169,510,4.653202903124014,15.0,1.5175287985135102,72,109,3679,rrc00,codered,normal,0
2001-07-06 11:42:00+00:00,4547,191,4.4264350120958875,16.0,1.5217897244993592,29,48,4738,rrc00,codered,normal,0
2001-07-06 11:45:00+00:00,2123,266,4.472444653791804,16.0,1.798248220197804,24,124,2389,rrc00,codered,normal,0
2001-07-06 11:48:00+00:00,1368,267,4.769736842105263,15.0,2.0226182848153926,30,68,1635,rrc00,codered,normal,0
2001-07-06 11:51:00+00:00,4818,525,4.601909506019095,16.0,1.1971030509180725,132,214,5343,rrc00,codered,normal,0
2001-07-06 11:54:00+00:00,3524,203,4.434449489216799,16.0,1.506310772391233,36,45,3727,rrc00,codered,normal,0
2001-07-06 11:57:00+00:00,1454,306,4.629986244841816,14.0,1.9616215605949554,52,63,1760,rrc00,codered,normal,0
2001-07-06 12:00:00+00:00,2175,354,4.586666666666667,16.0,1.3868700116156432,89,108,2529,rrc00,codered,normal,0
2001-07-06 12:03:00+00:00,1098,110,4.2896174863387975,16.0,1.9917639250424286,22,33,1208,rrc00,codered,normal,0
2001-07-06 12:06:00+00:00,1387,143,4.19971160778659,17.0,1.621253906176797,21,46,1530,rrc00,codered,normal,0
2001-07-06 12:09:00+00:00,2787,447,5.170792967348404,15.0,1.8614267156801856,66,120,3234,rrc00,codered,normal,0
2001-07-06 12:12:00+00:00,3078,668,5.817413905133203,16.0,2.265039736521144,94,112,3746,rrc00,codered,normal,0
2001-07-06 12:15:00+00:00,1416,285,5.746468926553672,14.0,2.6296847280251017,35,53,1701,rrc00,codered,normal,0
2001-07-06 12:18:00+00:00,1216,125,5.657894736842105,15.0,2.2933836848119795,19,39,1341,rrc00,codered,normal,0
2001-07-06 12:21:00+00:00,824,186,4.987864077669903,13.0,2.116130444749336,33,51,1010,rrc00,codered,normal,0
2001-07-06 12:24:00+00:00,1458,291,5.548696844993141,18.0,2.171179618440603,45,58,1749,rrc00,codered,normal,0
2001-07-06 12:27:00+00:00,2179,252,4.5933914639743,16.0,1.5156737842392165,38,74,2431,rrc00,codered,normal,0
2001-07-06 12:30:00+00:00,1931,237,4.965302951838425,14.0,1.635107342541438,43,66,2168,rrc00,codered,normal,0
2001-07-06 12:33:00+00:00,1496,251,5.195855614973262,17.0,1.978766682413831,35,56,1747,rrc00,codered,normal,0
2001-07-06 12:36:00+00:00,1133,223,4.658428949691086,15.0,1.6649684797078053,36,57,1356,rrc00,codered,normal,0
2001-07-06 12:39:00+00:00,1339,218,4.837938760268857,15.0,1.7274813221654315,37,64,1557,rrc00,codered,normal,0
2001-07-06 12:42:00+00:00,828,158,5.096618357487923,15.0,2.245303883815617,28,45,986,rrc00,codered,normal,0
2001-07-06 12:45:00+00:00,1223,296,4.778413736713,15.0,1.6621785059521752,38,60,1519,rrc00,codered,normal,0
2001-07-06 12:48:00+00:00,1439,222,4.944405837387074,13.0,2.2274352988173702,32,49,1661,rrc00,codered,normal,0
2001-07-06 12:51:00+00:00,1128,136,4.598404255319149,15.0,1.6966480114848541,27,43,1264,rrc00,codered,normal,0
2001-07-06 12:54:00+00:00,1098,161,4.612021857923497,17.0,1.7169256294343591,25,33,1259,rrc00,codered,normal,0
2001-07-06 12:57:00+00:00,2487,234,5.271009248090069,19.0,1.7626947521391376,33,58,2721,rrc00,codered,normal,0
2001-07-06 13:00:00+00:00,1584,376,5.065025252525253,15.0,2.1001296254771407,50,75,1960,rrc00,codered,normal,0
2001-07-06 13:03:00+00:00,1649,195,4.816252274105518,15.0,1.7296550971323046,35,57,1844,rrc00,codered,normal,0
2001-07-06 13:06:00+00:00,2720,491,4.896691176470588,19.0,1.8208322899590283,74,115,3211,rrc00,codered,normal,0
2001-07-06 13:09:00+00:00,4863,294,4.762286654328603,15.0,1.4231425962822724,45,77,5157,rrc00,codered,normal,0
2001-07-06 13:12:00+00:00,1714,273,4.69953325554259,13.0,1.5265559857782942,37,68,1987,rrc00,codered,normal,0
2001-07-06 13:15:00+00:00,1242,335,4.946859903381642,16.0,1.7040476473854047,53,84,1577,rrc00,codered,normal,0
2001-07-06 13:18:00+00:00,2811,366,5.901814300960512,17.0,2.2620011373045847,60,93,3177,rrc00,codered,normal,0
2001-07-06 13:21:00+00:00,3053,254,5.923354077956109,15.0,2.150119768618584,34,86,3307,rrc00,codered,normal,0
2001-07-06 13:24:00+00:00,2436,395,5.164614121510673,14.0,1.8696203325047567,67,90,2831,rrc00,codered,normal,0
2001-07-06 13:27:00+00:00,2356,223,4.581494057724957,14.0,1.5471306950241508,42,69,2579,rrc00,codered,normal,0
2001-07-06 13:30:00+00:00,3084,448,4.614137483787289,15.0,1.6058445060858053,51,70,3532,rrc00,codered,normal,0
2001-07-06 13:33:00+00:00,3628,364,4.544377067254686,13.0,1.4989756969575785,54,86,3992,rrc00,codered,normal,0
2001-07-06 13:36:00+00:00,2438,461,5.462264150943396,13.0,2.2748065844533216,79,169,2899,rrc00,codered,normal,0
2001-07-06 13:39:00+00:00,1511,245,5.190602250165453,15.0,2.21018437949527,35,68,1756,rrc00,codered,normal,0
2001-07-06 13:42:00+00:00,2104,388,5.9187262357414445,15.0,2.507128827059228,54,84,2492,rrc00,codered,normal,0
2001-07-06 13:45:00+00:00,3253,678,5.100522594528128,15.0,2.1492232321386475,95,129,3931,rrc00,codered,normal,0
2001-07-06 13:48:00+00:00,2081,376,5.473330129745315,14.0,2.1970197172011723,59,97,2457,rrc00,codered,normal,0
2001-07-06 13:51:00+00:00,4225,594,4.3010650887573965,14.0,1.510597296114926,103,145,4819,rrc00,codered,normal,0
2001-07-06 13:54:00+00:00,1273,223,4.352710133542812,13.0,1.525028981229333,30,67,1496,rrc00,codered,normal,0
2001-07-06 13:57:00+00:00,1624,256,5.149630541871921,15.0,1.8922059119594745,29,68,1880,rrc00,codered,normal,0
2001-07-06 14:00:00+00:00,2481,383,4.831922611850061,15.0,1.7854388564646821,84,106,2864,rrc00,codered,normal,0
2001-07-06 14:03:00+00:00,4016,532,5.117529880478088,15.0,1.868466431830147,77,87,4548,rrc00,codered,normal,0
2001-07-06 14:06:00+00:00,2904,484,5.763774104683195,15.0,2.272723411800711,61,109,3388,rrc00,codered,normal,0
2001-07-06 14:09:00+00:00,1904,495,5.26155462184874,15.0,2.150550276258133,64,106,2399,rrc00,codered,normal,0
2001-07-06 14:12:00+00:00,3510,227,4.865811965811965,14.0,1.8775778052548433,48,94,3737,rrc00,codered,normal,0
2001-07-06 14:15:00+00:00,4314,386,4.660176170607325,14.0,1.505038537104997,59,108,4700,rrc00,codered,normal,0
2001-07-06 14:18:00+00:00,1534,474,5.116688396349414,13.0,1.8485895777654686,73,91,2008,rrc00,codered,normal,0
2001-07-06 14:21:00+00:00,2476,340,5.134491114701131,14.0,1.7227235522044975,55,149,2816,rrc00,codered,normal,0
2001-07-06 14:24:00+00:00,1957,433,5.109862033725089,15.0,1.868078902310497,58,76,2390,rrc00,codered,normal,0
2001-07-06 14:27:00+00:00,2173,587,5.3644730786930515,15.0,1.7647331715873211,83,94,2760,rrc00,codered,normal,0
2001-07-06 14:30:00+00:00,1234,355,4.923824959481362,16.0,1.8712270621560756,68,87,1589,rrc00,codered,normal,0
2001-07-06 14:33:00+00:00,2373,481,5.448377581120944,16.0,2.3848911850375902,72,124,2854,rrc00,codered,normal,0
2001-07-06 14:36:00+00:00,3384,321,5.427009456264775,15.0,1.9234747523276776,52,118,3705,rrc00,codered,normal,0
2001-07-06 14:39:00+00:00,2820,355,5.145035460992908,15.0,1.9695987725888877,49,97,3175,rrc00,codered,normal,0
2001-07-06 14:42:00+00:00,3939,511,5.087331810104088,15.0,1.9843227817287914,94,124,4450,rrc00,codered,normal,0
2001-07-06 14:45:00+00:00,3716,622,5.479817007534984,15.0,1.8726608139496492,105,144,4338,rrc00,codered,normal,0
2001-07-06 14:48:00+00:00,2526,373,5.081155977830562,15.0,1.8017721355383727,82,132,2899,rrc00,codered,normal,0
2001-07-06 14:51:00+00:00,1729,327,4.803932909196067,15.0,1.6386266549095747,62,100,2056,rrc00,codered,normal,0
2001-07-06 14:54:00+00:00,4189,398,4.262831224635951,18.0,1.8060416115417033,59,189,4587,rrc00,codered,normal,0
2001-07-06 14:57:00+00:00,1968,243,4.788617886178862,15.0,1.917514619866994,45,80,2211,rrc00,codered,normal,0
2001-07-06 15:00:00+00:00,3279,437,4.756633119853614,15.0,1.7008504079696996,66,123,3716,rrc00,codered,normal,0
2001-07-06 15:03:00+00:00,3536,402,4.936368778280543,15.0,1.7431737399157867,67,87,3938,rrc00,codered,normal,0
2001-07-06 15:06:00+00:00,3532,479,4.837202718006795,15.0,1.6477266987401753,84,122,4011,rrc00,codered,normal,0
2001-07-06 15:09:00+00:00,1319,457,5.520090978013647,15.0,2.2687543029711077,73,96,1776,rrc00,codered,normal,0
2001-07-06 15:12:00+00:00,3407,417,4.7854417375990606,18.0,1.7610532235494838,69,126,3824,rrc00,codered,normal,0
2001-07-06 15:15:00+00:00,3123,307,5.01184758245277,15.0,2.0886962014112305,44,136,3430,rrc00,codered,normal,0
2001-07-06 15:18:00+00:00,2092,163,4.681644359464627,17.0,2.0126244891491476,34,46,2255,rrc00,codered,normal,0
2001-07-06 15:21:00+00:00,2762,265,4.515206372194062,15.0,1.69548761485435,32,140,3027,rrc00,codered,normal,0
2001-07-06 15:24:00+00:00,2439,257,4.94259942599426,15.0,1.9787683953145434,38,58,2696,rrc00,codered,normal,0
2001-07-06 15:27:00+00:00,2429,531,4.60559901193907,15.0,1.7338520230900616,80,98,2960,rrc00,codered,normal,0
2001-07-06 15:30:00+00:00,2836,445,4.832157968970381,15.0,1.7375496251936355,92,128,3281,rrc00,codered,normal,0
2001-07-06 15:33:00+00:00,1790,205,4.351955307262569,13.0,1.567168060498342,27,44,1995,rrc00,codered,normal,0
2001-07-06 15:36:00+00:00,2788,217,4.182926829268292,19.0,1.531672705198865,55,73,3005,rrc00,codered,normal,0
2001-07-06 15:39:00+00:00,2725,500,4.751559633027523,15.0,1.9268080627462836,69,100,3225,rrc00,codered,normal,0
2001-07-06 15:42:00+00:00,2257,311,4.797075764288879,15.0,1.8276491991236425,50,74,2568,rrc00,codered,normal,0
2001-07-06 15:45:00+00:00,2074,294,5.478784956605593,15.0,2.1115888319971217,48,98,2368,rrc00,codered,normal,0
2001-07-06 15:48:00+00:00,2778,304,5.583873290136789,17.0,2.458215060307114,48,64,3082,rrc00,codered,normal,0
2001-07-06 15:51:00+00:00,1690,410,5.533136094674556,18.0,2.4864894550109407,65,105,2100,rrc00,codered,normal,0
2001-07-06 15:54:00+00:00,1717,326,4.662783925451369,15.0,2.0426084327576612,83,99,2043,rrc00,codered,normal,0
2001-07-06 15:57:00+00:00,2142,335,4.717086834733894,19.0,2.062125061056285,68,125,2477,rrc00,codered,normal,0
2001-07-06 16:00:00+00:00,2947,418,5.051238547675602,16.0,1.9039778497374382,68,92,3365,rrc00,codered,normal,0
2001-07-06 16:03:00+00:00,2571,507,4.915597043951769,16.0,1.8585411608077926,71,105,3078,rrc00,codered,normal,0
2001-07-06 16:06:00+00:00,3367,768,5.417582417582418,17.0,1.9854594029972357,126,162,4135,rrc00,codered,normal,0
2001-07-06 16:09:00+00:00,3867,437,4.886733902249806,15.0,1.886238970171898,62,98,4304,rrc00,codered,normal,0
2001-07-06 16:12:00+00:00,4888,594,5.055646481178396,16.0,2.039346201368042,111,136,5482,rrc00,codered,normal,0
2001-07-06 16:15:00+00:00,3574,374,5.106323447118075,17.0,2.200727170997849,63,172,3948,rrc00,codered,normal,0
2001-07-06 16:18:00+00:00,4803,869,5.787008119925047,16.0,2.593217715355675,114,151,5672,rrc00,codered,normal,0
2001-07-06 16:21:00+00:00,3771,1026,6.045080880403076,21.0,3.7518610691833088,129,200,4797,rrc00,codered,normal,0
2001-07-06 16:24:00+00:00,4411,299,5.4264339152119705,15.0,1.8661196600678491,46,75,4710,rrc00,codered,normal,0
2001-07-06 16:27:00+00:00,1985,226,4.6785894206549115,15.0,1.947023828463186,36,52,2211,rrc00,codered,normal,0
2001-07-06 16:30:00+00:00,1506,185,4.890438247011952,19.0,2.5138292550893366,30,58,1691,rrc00,codered,normal,0
2001-07-06 16:33:00+00:00,1699,326,5.386698057680989,15.0,2.5623409525690053,52,64,2025,rrc00,codered,normal,0
2001-07-06 16:36:00+00:00,2732,216,5.1398243045387995,17.0,1.8393163392353828,33,58,2948,rrc00,codered,normal,0
2001-07-06 16:39:00+00:00,2390,220,4.840585774058577,15.0,1.7053034650509504,33,51,2610,rrc00,codered,normal,0
2001-07-06 16:42:00+00:00,2413,320,5.2888520513883135,15.0,1.891117163931814,39,106,2733,rrc00,codered,normal,0
2001-07-06 16:45:00+00:00,3232,218,5.135829207920792,16.0,2.013058465785743,34,58,3450,rrc00,codered,normal,0
2001-07-06 16:48:00+00:00,2777,320,4.224342815988477,15.0,2.194801402433719,44,63,3097,rrc00,codered,normal,0
2001-07-06 16:51:00+00:00,1463,222,4.88174982911825,13.0,1.8447136272791735,32,60,1685,rrc00,codered,normal,0
2001-07-06 16:54:00+00:00,3918,687,5.25829504849413,15.0,1.9542107396171746,102,144,4605,rrc00,codered,normal,0
2001-07-06 16:57:00+00:00,3867,574,5.271011119731058,16.0,2.210068196758113,100,122,4441,rrc00,codered,normal,0
2001-07-06 17:00:00+00:00,2369,365,5.226677923174335,16.0,1.9211200866137859,84,129,2734,rrc00,codered,normal,0
2001-07-06 17:03:00+00:00,1566,207,5.072158365261814,15.0,1.8608773979277626,35,48,1773,rrc00,codered,normal,0
2001-07-06 17:06:00+00:00,4230,271,4.618203309692672,15.0,1.5219744505637125,38,80,4501,rrc00,codered,normal,0
2001-07-06 17:09:00+00:00,1953,187,5.067076292882745,16.0,2.2505859742889935,38,54,2140,rrc00,codered,normal,0
2001-07-06 17:12:00+00:00,3277,391,5.1534940494354595,17.0,1.9289953440249805,71,87,3668,rrc00,codered,normal,0
2001-07-06 17:15:00+00:00,4371,556,4.525737817433082,17.0,1.597717321545034,93,135,4927,rrc00,codered,normal,0
2001-07-06 17:18:00+00:00,1987,282,4.772521389028687,15.0,1.7247976282743254,31,90,2269,rrc00,codered,normal,0
2001-07-06 17:21:00+00:00,1368,185,4.521929824561403,13.0,1.5411846342819386,25,47,1553,rrc00,codered,normal,0
2001-07-06 17:24:00+00:00,1281,273,4.98048399687744,13.0,2.051353221405584,38,64,1554,rrc00,codered,normal,0
2001-07-06 17:27:00+00:00,2036,158,4.7716110019646365,13.0,1.4319534646448628,26,72,2194,rrc00,codered,normal,0
2001-07-06 17:30:00+00:00,3018,193,5.332007952286283,15.0,1.6864296823453415,34,52,3211,rrc00,codered,normal,0
2001-07-06 17:33:00+00:00,1507,228,4.490378234903782,15.0,1.5984835390734728,43,58,1735,rrc00,codered,normal,0
2001-07-06 17:36:00+00:00,2005,346,4.5785536159601,14.0,1.7369216047624072,52,69,2351,rrc00,codered,normal,0
2001-07-06 17:39:00+00:00,1642,294,5.130328867235079,15.0,1.975506167489819,36,95,1936,rrc00,codered,normal,0
2001-07-06 17:42:00+00:00,1775,579,4.809014084507043,13.0,1.5146711212125983,73,81,2354,rrc00,codered,normal,0
2001-07-06 17:45:00+00:00,1608,348,4.730721393034826,13.0,1.7421469790197128,56,92,1956,rrc00,codered,normal,0
2001-07-06 17:48:00+00:00,2211,377,4.874717322478516,15.0,1.7227948297680715,108,124,2588,rrc00,codered,normal,0
2001-07-06 17:51:00+00:00,4408,341,4.48502722323049,15.0,1.4654994717222665,90,104,4749,rrc00,codered,normal,0
2001-07-06 17:54:00+00:00,26551,36422,3.8703250348386127,15.0,1.2978737445624582,37,36305,62973,rrc00,codered,normal,0
2001-07-06 17:57:00+00:00,15607,206,3.7880438264881144,16.0,1.3297501049848044,31,47,15813,rrc00,codered,normal,0
2001-07-06 18:00:00+00:00,1225,200,4.460408163265306,16.0,1.9575765517219827,37,51,1425,rrc00,codered,normal,0
2001-07-06 18:03:00+00:00,1212,154,4.88036303630363,16.0,1.9535979839071533,24,45,1366,rrc00,codered,normal,0
2001-07-06 18:06:00+00:00,1327,289,4.976639035418237,19.0,2.246704999216099,52,62,1616,rrc00,codered,normal,0
2001-07-06 18:09:00+00:00,1686,196,5.228944246737841,17.0,2.4029967847058717,39,61,1882,rrc00,codered,normal,0
2001-07-06 18:12:00+00:00,1667,372,4.872825434913017,16.0,1.9227802730747034,56,75,2039,rrc00,codered,normal,0
2001-07-06 18:15:00+00:00,5180,459,4.737644787644788,13.0,1.406854377901121,62,319,5639,rrc00,codered,normal,0
2001-07-06 18:18:00+00:00,9220,1340,4.931561822125813,16.0,1.5222078207816239,167,335,10560,rrc00,codered,normal,0
2001-07-06 18:21:00+00:00,5948,2206,5.689139206455952,16.0,1.8764018920925396,252,301,8154,rrc00,codered,normal,0
2001-07-06 18:24:00+00:00,2095,649,5.461575178997613,16.0,1.881280323937915,83,91,2744,rrc00,codered,normal,0
2001-07-06 18:27:00+00:00,3476,319,4.756041426927503,15.0,1.6193524620793993,43,67,3795,rrc00,codered,normal,0
2001-07-06 18:30:00+00:00,4286,706,5.165888940737284,15.0,1.9862483931320716,88,201,4992,rrc00,codered,normal,0
2001-07-06 18:33:00+00:00,4356,704,5.424012855831037,15.0,2.0733700190344835,115,137,5060,rrc00,codered,normal,0
2001-07-06 18:36:00+00:00,2205,627,5.200907029478458,15.0,2.217636807391389,97,133,2832,rrc00,codered,normal,0
2001-07-06 18:39:00+00:00,3050,383,4.3075409836065575,16.0,1.5007677332965121,77,94,3433,rrc00,codered,normal,0
2001-07-06 18:42:00+00:00,1936,416,4.801136363636363,16.0,2.0277564521753697,71,89,2352,rrc00,codered,normal,0
2001-07-06 18:45:00+00:00,1922,502,5.224765868886577,15.0,1.9875917304391237,71,92,2424,rrc00,codered,normal,0
2001-07-06 18:48:00+00:00,1427,270,5.4828311142256485,15.0,2.160084052307527,39,63,1697,rrc00,codered,normal,0
2001-07-06 18:51:00+00:00,1093,192,4.8426349496797805,15.0,2.0378246683877372,34,50,1285,rrc00,codered,normal,0
2001-07-06 18:54:00+00:00,1912,393,4.497907949790795,13.0,1.4015815244820533,73,93,2305,rrc00,codered,normal,0
2001-07-06 18:57:00+00:00,2740,597,5.363503649635036,15.0,2.1173553230044537,97,115,3337,rrc00,codered,normal,0
2001-07-06 19:00:00+00:00,3543,632,4.742591024555462,14.0,1.555742235040729,75,141,4175,rrc00,codered,normal,0
2001-07-06 19:03:00+00:00,2767,229,4.725695699313336,13.0,1.540068739492866,42,73,2996,rrc00,codered,normal,0
2001-07-06 19:06:00+00:00,2280,628,4.981578947368421,13.0,1.606350652630337,84,141,2908,rrc00,codered,normal,0
2001-07-06 19:09:00+00:00,5326,357,4.659782200525723,15.0,1.7045985685825367,67,107,5683,rrc00,codered,normal,0
2001-07-06 19:12:00+00:00,6000,268,4.5888333333333335,15.0,1.5005916518345541,45,69,6268,rrc00,codered,normal,0
2001-07-06 19:15:00+00:00,1484,185,5.240566037735849,16.0,2.135743481480124,28,76,1669,rrc00,codered,normal,0
2001-07-06 19:18:00+00:00,4802,219,4.943148688046647,14.0,1.810899918710168,37,92,5021,rrc00,codered,normal,0
2001-07-06 19:21:00+00:00,2468,405,6.810372771474879,16.0,3.314134949080571,66,107,2873,rrc00,codered,normal,0
2001-07-06 19:24:00+00:00,1606,290,5.353673723536737,16.0,2.043596036474273,65,92,1896,rrc00,codered,normal,0
2001-07-06 19:27:00+00:00,939,176,4.687965921192759,13.0,1.774140964160675,28,65,1115,rrc00,codered,normal,0
2001-07-06 19:30:00+00:00,3406,268,4.86347621843805,13.0,1.3767122410683668,51,95,3674,rrc00,codered,normal,0
2001-07-06 19:33:00+00:00,5915,331,4.802366863905325,16.0,1.6887058004452304,91,119,6246,rrc00,codered,normal,0
2001-07-06 19:36:00+00:00,4986,611,5.2474929803449655,15.0,2.0732956097890285,81,151,5597,rrc00,codered,normal,0
2001-07-06 19:39:00+00:00,2904,253,5.211088154269972,18.0,2.254900002778805,34,86,3157,rrc00,codered,normal,0
2001-07-06 19:42:00+00:00,2018,255,5.178889990089197,16.0,2.2407635230635714,48,89,2273,rrc00,codered,normal,0
2001-07-06 19:45:00+00:00,2493,297,5.258323305254713,14.0,2.196854385319888,96,120,2790,rrc00,codered,normal,0
2001-07-06 19:48:00+00:00,3182,500,5.0487115021998745,16.0,1.6177295623441377,69,84,3682,rrc00,codered,normal,0
2001-07-06 19:51:00+00:00,1902,201,4.980546792849632,25.0,2.0575679383416228,42,56,2103,rrc00,codered,normal,0
2001-07-06 19:54:00+00:00,2944,181,5.710597826086956,24.0,3.7620020501340323,27,41,3125,rrc00,codered,normal,0
2001-07-06 19:57:00+00:00,3600,254,5.0616666666666665,15.0,1.9803415810858938,40,112,3854,rrc00,codered,normal,0
2001-07-06 20:00:00+00:00,1509,226,4.936381709741551,14.0,1.8445004754853633,45,69,1735,rrc00,codered,normal,0
2001-07-06 20:03:00+00:00,1779,309,4.891512085441259,15.0,1.9179431190816618,55,73,2088,rrc00,codered,normal,0
2001-07-06 20:06:00+00:00,3178,1040,4.954059156702328,13.0,1.5601322978948675,190,211,4218,rrc00,codered,normal,0
2001-07-06 20:09:00+00:00,1539,190,5.146848602988954,13.0,1.8722716282242473,28,58,1729,rrc00,codered,normal,0
2001-07-06 20:12:00+00:00,1839,243,5.224034801522567,16.0,2.1720075965181675,24,116,2082,rrc00,codered,normal,0
2001-07-06 20:15:00+00:00,3854,707,4.981837052413077,15.0,1.5450952407459702,133,200,4561,rrc00,codered,normal,0
2001-07-06 20:18:00+00:00,1730,889,5.2092485549132945,15.0,1.883646080535716,127,151,2619,rrc00,codered,normal,0
2001-07-06 20:21:00+00:00,3402,635,4.9300411522633745,16.0,1.8632992581146535,115,124,4037,rrc00,codered,normal,0
2001-07-06 20:24:00+00:00,6735,777,5.551596139569414,15.0,2.092295774914546,147,212,7512,rrc00,codered,normal,0
2001-07-06 20:27:00+00:00,4636,210,4.8563416738567735,15.0,1.4509765503603285,31,85,4846,rrc00,codered,normal,0
2001-07-06 20:30:00+00:00,5252,321,4.736671744097487,13.0,1.4225911630912036,56,89,5573,rrc00,codered,normal,0
2001-07-06 20:33:00+00:00,3114,365,4.6024405908798975,13.0,1.551287762597829,63,118,3479,rrc00,codered,normal,0
2001-07-06 20:36:00+00:00,2774,301,4.549747656813266,13.0,1.2372835246285099,45,160,3075,rrc00,codered,normal,0
2001-07-06 20:39:00+00:00,2922,200,4.642368240930869,16.0,1.5494666689445133,36,61,3122,rrc00,codered,normal,0
2001-07-06 20:42:00+00:00,6860,465,4.6037900874635564,15.0,1.3762405724912812,48,218,7325,rrc00,codered,normal,0
2001-07-06 20:45:00+00:00,5691,384,4.854507116499736,13.0,1.348286292141821,40,242,6075,rrc00,codered,normal,0
2001-07-06 20:48:00+00:00,1583,310,4.8547062539481995,13.0,2.098126956770377,43,59,1893,rrc00,codered,normal,0
2001-07-06 20:51:00+00:00,6189,1350,6.124899014380352,20.0,2.431562969576895,160,264,7539,rrc00,codered,normal,0
2001-07-06 20:54:00+00:00,2999,635,5.018006002000667,16.0,2.346666750998972,121,156,3634,rrc00,codered,normal,0
2001-07-06 20:57:00+00:00,2016,304,4.911210317460317,13.0,1.4318352232572773,45,89,2320,rrc00,codered,normal,0
2001-07-06 21:00:00+00:00,2062,344,5.175557710960232,17.0,2.070349557049854,61,125,2406,rrc00,codered,normal,0
2001-07-06 21:03:00+00:00,2922,694,6.224845995893224,17.0,2.873756980979484,81,98,3616,rrc00,codered,normal,0
2001-07-06 21:06:00+00:00,1907,462,5.43418982695333,16.0,2.1033210714904897,60,110,2369,rrc00,codered,normal,0
2001-07-06 21:09:00+00:00,3285,329,5.366514459665145,16.0,2.154229607680376,53,111,3614,rrc00,codered,normal,0
2001-07-06 21:12:00+00:00,4347,442,5.148608235564757,15.0,1.8210738280581498,63,103,4789,rrc00,codered,normal,0
2001-07-06 21:15:00+00:00,2806,559,5.16535994297933,14.0,1.7577111431470365,119,138,3365,rrc00,codered,normal,0
2001-07-06 21:18:00+00:00,7244,930,5.088072887907233,15.0,1.2770437057448538,208,229,8174,rrc00,codered,normal,0
2001-07-06 21:21:00+00:00,2645,772,6.025330812854443,15.0,2.1764596245664998,103,136,3417,rrc00,codered,normal,0
2001-07-06 21:24:00+00:00,2984,505,5.742627345844504,20.0,2.230090480858992,101,123,3489,rrc00,codered,normal,0
2001-07-06 21:27:00+00:00,3475,407,4.461294964028777,15.0,1.7659891697087486,81,184,3882,rrc00,codered,normal,0
2001-07-06 21:30:00+00:00,5149,1142,5.842105263157895,19.0,2.7461596475897,228,285,6291,rrc00,codered,normal,0
2001-07-06 21:33:00+00:00,4361,849,5.129786746159138,18.0,2.5370693913377145,132,147,5210,rrc00,codered,normal,0
2001-07-06 21:36:00+00:00,4801,752,4.866902728598209,17.0,2.0692022036390574,138,156,5553,rrc00,codered,normal,0
2001-07-06 21:39:00+00:00,4353,1337,5.512979554330347,16.0,2.0118827254319314,222,277,5690,rrc00,codered,normal,0
2001-07-06 21:42:00+00:00,6432,1399,5.345615671641791,17.0,1.7010155896908514,303,349,7831,rrc00,codered,normal,0
2001-07-06 21:45:00+00:00,3309,504,4.985796313085524,16.0,1.6701684964403951,147,180,3813,rrc00,codered,normal,0
2001-07-06 21:48:00+00:00,5423,456,4.547667342799189,16.0,1.5406130187421128,118,148,5879,rrc00,codered,normal,0
2001-07-06 21:51:00+00:00,1651,231,5.106602059357965,15.0,2.57383258895639,39,61,1882,rrc00,codered,normal,0
2001-07-06 21:54:00+00:00,1262,242,5.563391442155309,16.0,2.8869931666145145,31,55,1504,rrc00,codered,normal,0
2001-07-06 21:57:00+00:00,1728,304,4.502314814814815,17.0,1.9094051364144033,59,70,2032,rrc00,codered,normal,0
2001-07-06 22:00:00+00:00,1431,240,4.890286512928022,15.0,1.9454070661587992,51,102,1671,rrc00,codered,normal,0
2001-07-06 22:03:00+00:00,2762,745,5.131788559015207,13.0,1.7962900221788556,140,151,3507,rrc00,codered,normal,0
2001-07-06 22:06:00+00:00,2061,787,4.551673944687045,17.0,1.8575869219712744,127,135,2848,rrc00,codered,normal,0
2001-07-06 22:09:00+00:00,1629,331,4.9926335174953955,20.0,2.0370888245719163,45,130,1960,rrc00,codered,normal,0
2001-07-06 22:12:00+00:00,6782,878,4.632409318785019,18.0,1.9016901185391466,161,214,7660,rrc00,codered,normal,0
2001-07-06 22:15:00+00:00,6537,623,4.715924736117485,20.0,2.0264229872217228,126,173,7160,rrc00,codered,normal,0
2001-07-06 22:18:00+00:00,4018,821,4.79342956694873,16.0,1.8089805932077194,165,202,4839,rrc00,codered,normal,0
2001-07-06 22:21:00+00:00,1301,200,5.394312067640277,37.0,3.7472734550453373,41,59,1501,rrc00,codered,normal,0
2001-07-06 22:24:00+00:00,1261,375,5.157811260904045,20.0,2.819665218101779,44,108,1636,rrc00,codered,normal,0
2001-07-06 22:27:00+00:00,1103,300,4.739800543970988,15.0,2.0704550233547625,51,57,1403,rrc00,codered,normal,0
2001-07-06 22:30:00+00:00,2066,361,4.418199419167474,17.0,1.6065987627989016,94,99,2427,rrc00,codered,normal,0
2001-07-06 22:33:00+00:00,4500,555,5.020888888888889,15.0,1.7649700308720666,118,137,5055,rrc00,codered,normal,0
2001-07-06 22:36:00+00:00,2516,454,5.1792527821939585,16.0,1.8757252964150952,97,181,2970,rrc00,codered,normal,0
2001-07-06 22:39:00+00:00,1994,753,4.560682046138416,18.0,2.0113965009068218,121,160,2747,rrc00,codered,normal,0
2001-07-06 22:42:00+00:00,1276,449,5.366771159874608,20.0,2.6866602861334634,82,120,1725,rrc00,codered,normal,0
2001-07-06 22:45:00+00:00,1304,232,4.733128834355829,32.0,2.002898366577119,34,79,1536,rrc00,codered,normal,0
2001-07-06 22:48:00+00:00,1766,314,5.339750849377124,35.0,2.857917960362367,50,73,2080,rrc00,codered,normal,0
2001-07-06 22:51:00+00:00,1824,275,6.128289473684211,38.0,4.515930638333595,55,68,2099,rrc00,codered,normal,0
2001-07-06 22:54:00+00:00,1303,286,5.984650805832694,37.0,2.9228626166416123,40,51,1589,rrc00,codered,normal,0
2001-07-06 22:57:00+00:00,1958,304,4.637895812053116,16.0,1.9393600835270295,44,55,2262,rrc00,codered,normal,0
2001-07-06 23:00:00+00:00,2169,360,4.409405255878285,15.0,1.7591816872485384,61,90,2529,rrc00,codered,normal,0
2001-07-06 23:03:00+00:00,1878,217,5.109158679446219,17.0,2.13951892997261,32,54,2095,rrc00,codered,normal,0
2001-07-06 23:06:00+00:00,3947,1453,4.803141626551811,17.0,1.884560570575516,63,1275,5400,rrc00,codered,normal,0
2001-07-06 23:09:00+00:00,7267,367,4.776111187560204,15.0,1.3853472972200942,90,137,7634,rrc00,codered,normal,0
2001-07-06 23:12:00+00:00,1469,113,4.503744043567052,11.0,1.4803522403309788,22,37,1582,rrc00,codered,normal,0
2001-07-06 23:15:00+00:00,5309,225,4.757769824825767,15.0,1.679011405056455,38,86,5534,rrc00,codered,normal,0
2001-07-06 23:18:00+00:00,1671,187,5.302812687013764,15.0,2.0153178787047046,30,73,1858,rrc00,codered,normal,0
2001-07-06 23:21:00+00:00,2377,298,5.764408918805216,16.0,2.5345794467793996,44,87,2675,rrc00,codered,normal,0
2001-07-06 23:24:00+00:00,2035,263,5.209336609336609,18.0,2.73145501311293,57,81,2298,rrc00,codered,normal,0
2001-07-06 23:27:00+00:00,1238,215,4.389337641357027,16.0,2.3184201727965488,33,64,1453,rrc00,codered,normal,0
2001-07-06 23:30:00+00:00,1704,198,4.946009389671362,17.0,2.560653074691283,34,65,1902,rrc00,codered,normal,0
2001-07-06 23:33:00+00:00,2110,192,4.300473933649289,15.0,2.081001801000192,30,65,2302,rrc00,codered,normal,0
2001-07-06 23:36:00+00:00,1585,295,4.8511041009463725,15.0,2.3120669010851724,56,89,1880,rrc00,codered,normal,0
2001-07-06 23:39:00+00:00,1738,271,4.746835443037975,15.0,2.5064482541919193,38,60,2009,rrc00,codered,normal,0
2001-07-06 23:42:00+00:00,1436,252,4.236768802228412,15.0,2.2511987842139125,30,139,1688,rrc00,codered,normal,0
2001-07-06 23:45:00+00:00,1582,317,4.402022756005057,21.0,2.2261963966478855,44,71,1899,rrc00,codered,normal,0
2001-07-06 23:48:00+00:00,9975,36459,3.5622055137844613,15.0,1.131687651350948,31,36328,46434,rrc00,codered,normal,0
2001-07-06 23:51:00+00:00,11995,16378,3.657023759899958,15.0,1.551532361129006,7867,8421,28373,rrc00,codered,normal,0
2001-07-06 23:54:00+00:00,22295,6492,4.449024444942812,19.0,1.8939809321438272,55,6198,28787,rrc00,codered,normal,0
2001-07-06 23:57:00+00:00,45243,9083,3.902725283469266,15.0,1.3025157960619769,76,8903,54326,rrc00,codered,normal,0
2001-07-07 00:00:00+00:00,5992,1410,5.709779706275033,21.0,2.1314569265430454,41,1251,7402,rrc00,codered,normal,0
2001-07-07 00:03:00+00:00,2284,404,5.278021015761821,21.0,2.178993068978114,53,88,2688,rrc00,codered,normal,0
2001-07-07 00:06:00+00:00,2442,160,5.162571662571662,15.0,2.0803337012956695,26,62,2602,rrc00,codered,normal,0
2001-07-07 00:09:00+00:00,1432,199,4.7863128491620115,15.0,2.193599713030635,44,52,1631,rrc00,codered,normal,0
2001-07-07 00:12:00+00:00,1347,214,4.929472902746845,14.0,2.3010762024546914,41,57,1561,rrc00,codered,normal,0
2001-07-07 00:15:00+00:00,3219,97743,4.946877912395154,16.0,2.1453777243903978,43,97571,100962,rrc00,codered,normal,0
2001-07-07 00:18:00+00:00,71446,219,5.818240349354758,22.0,1.6093152065360592,32,72,71665,rrc00,codered,normal,0
2001-07-07 00:21:00+00:00,51354,531,5.400436188028197,22.0,1.6832301744957943,71,359,51885,rrc00,codered,normal,0
2001-07-07 00:24:00+00:00,9373,1972,5.499413208151072,19.0,1.7723063365651313,282,1590,11345,rrc00,codered,normal,0
2001-07-07 00:27:00+00:00,1831,445,5.79191698525396,15.0,2.2645512684646945,54,112,2276,rrc00,codered,normal,0
2001-07-07 00:30:00+00:00,4735,347,4.517423442449841,16.0,1.6320646977411988,67,114,5082,rrc00,codered,normal,0
2001-07-07 00:33:00+00:00,21871,1070,5.458140917196287,19.0,1.5402399422132578,24,996,22941,rrc00,codered,normal,0
2001-07-07 00:36:00+00:00,348429,529,4.413484526259295,22.0,1.7330813966069276,40,391,348958,rrc00,codered,normal,0
2001-07-07 00:39:00+00:00,83037,43102,3.719064995122656,20.0,1.5693726003822859,57,42908,126139,rrc00,codered,normal,0
2001-07-07 00:42:00+00:00,3551,54575,4.215713883413123,15.0,1.55358282377938,51,54399,58126,rrc00,codered,normal,0
2001-07-07 00:45:00+00:00,1792,225,5.836495535714286,15.0,1.760664760055559,50,75,2017,rrc00,codered,normal,0
2001-07-07 00:48:00+00:00,99121,241,5.979782286296547,22.0,1.538138758927837,38,93,99362,rrc00,codered,normal,0
2001-07-07 00:51:00+00:00,1679,167,5.765336509827278,17.0,2.2324082436535457,42,53,1846,rrc00,codered,normal,0
2001-07-07 00:54:00+00:00,1541,80486,5.268656716417911,15.0,2.0824622461765787,82,80131,82027,rrc00,codered,normal,0
2001-07-07 00:57:00+00:00,1005,17682,5.226865671641791,17.0,2.084358862462995,45,17548,18687,rrc00,codered,normal,0
2001-07-07 01:00:00+00:00,18285,183,5.729997265518184,18.0,1.5359335794935876,39,54,18468,rrc00,codered,normal,0
2001-07-07 01:03:00+00:00,85109,225,5.88605200390088,22.0,1.6009099429257931,32,61,85334,rrc00,codered,normal,0
2001-07-07 01:06:00+00:00,1269,206,5.285263987391647,15.0,1.92096279473556,45,57,1475,rrc00,codered,normal,0
2001-07-07 01:09:00+00:00,823,306,5.099635479951397,14.0,2.1030065530433713,48,65,1129,rrc00,codered,normal,0
2001-07-07 01:12:00+00:00,2551,518,5.021560172481379,15.0,1.8156744025484277,134,152,3069,rrc00,codered,normal,0
2001-07-07 01:15:00+00:00,3456,258,5.039930555555555,15.0,2.0688727013609918,30,138,3714,rrc00,codered,normal,0
2001-07-07 01:18:00+00:00,5242,384,5.135826020602823,16.0,2.517064684653995,62,102,5626,rrc00,codered,normal,0
2001-07-07 01:21:00+00:00,2212,239,5.981012658227848,17.0,2.775278567355365,42,60,2451,rrc00,codered,normal,0
2001-07-07 01:24:00+00:00,1235,140,6.578137651821862,16.0,2.4254403526223642,22,36,1375,rrc00,codered,normal,0
2001-07-07 01:27:00+00:00,1266,281,6.338862559241706,16.0,2.6676974649836773,50,130,1547,rrc00,codered,normal,0
2001-07-07 01:30:00+00:00,2057,247,5.869713174526009,16.0,2.5165551156991315,39,94,2304,rrc00,codered,normal,0
2001-07-07 01:33:00+00:00,1184,286,5.283783783783784,16.0,2.2229318980843336,51,74,1470,rrc00,codered,normal,0
2001-07-07 01:36:00+00:00,1096,270,6.019160583941606,15.0,2.300546909693834,50,63,1366,rrc00,codered,normal,0
2001-07-07 01:39:00+00:00,939,229,5.111821086261981,15.0,2.0904108838720044,36,84,1168,rrc00,codered,normal,0
2001-07-07 01:42:00+00:00,1624,224,5.748768472906404,16.0,2.499199075761439,45,67,1848,rrc00,codered,normal,0
2001-07-07 01:45:00+00:00,1343,246,5.754281459419211,17.0,2.7711029979904365,68,110,1589,rrc00,codered,normal,0
2001-07-07 01:48:00+00:00,1115,160,4.9192825112107625,16.0,2.3989413633063306,35,69,1275,rrc00,codered,normal,0
2001-07-07 01:51:00+00:00,1201,282,5.510407993338884,17.0,2.154738383690913,42,68,1483,rrc00,codered,normal,0
2001-07-07 01:54:00+00:00,1195,158,5.623430962343096,17.0,2.5877962600884032,36,46,1353,rrc00,codered,normal,0
2001-07-07 01:57:00+00:00,1830,198,5.83879781420765,16.0,2.574087493385137,29,79,2028,rrc00,codered,normal,0
2001-07-07 02:00:00+00:00,2561,357,6.7754783287778215,14.0,2.781647617334648,81,133,2918,rrc00,codered,normal,0
2001-07-07 02:03:00+00:00,2380,261,5.195378151260504,15.0,2.301638908196573,46,126,2641,rrc00,codered,normal,0
2001-07-07 02:06:00+00:00,3224,608,5.212158808933003,15.0,2.0087342914601503,92,201,3832,rrc00,codered,normal,0
2001-07-07 02:09:00+00:00,1947,253,4.815100154083205,17.0,2.1835915217791064,43,69,2200,rrc00,codered,normal,0
2001-07-07 02:12:00+00:00,1100,181,4.958181818181818,16.0,2.1846731321218003,30,43,1281,rrc00,codered,normal,0
2001-07-07 02:15:00+00:00,1232,211,5.129058441558442,15.0,2.3251308627800107,56,68,1443,rrc00,codered,normal,0
2001-07-07 02:18:00+00:00,1356,286,5.160766961651918,16.0,2.4315030498410533,43,87,1642,rrc00,codered,normal,0
2001-07-07 02:21:00+00:00,2802,288,5.177373304782298,15.0,2.2903800204213858,45,99,3090,rrc00,codered,normal,0
2001-07-07 02:24:00+00:00,5856,250,4.632855191256831,16.0,1.6152576105467928,41,85,6106,rrc00,codered,normal,0
2001-07-07 02:27:00+00:00,1814,235,5.775633958103638,18.0,2.5569244701079703,46,71,2049,rrc00,codered,normal,0
2001-07-07 02:30:00+00:00,3958,179,4.728145528044467,17.0,1.9669762583348374,29,51,4137,rrc00,codered,normal,0
2001-07-07 02:33:00+00:00,1703,167,5.247210804462713,15.0,2.4947301181671793,43,62,1870,rrc00,codered,normal,0
2001-07-07 02:36:00+00:00,2118,404,5.237960339943343,15.0,2.4639102317566532,65,83,2522,rrc00,codered,normal,0
2001-07-07 02:39:00+00:00,2256,451,5.378989361702128,17.0,2.4072294424377807,109,177,2707,rrc00,codered,normal,0
2001-07-07 02:42:00+00:00,3707,886,8.334502292959266,25.0,3.1065607175732755,106,145,4593,rrc00,codered,normal,0
2001-07-07 02:45:00+00:00,1570,349,6.718471337579618,18.0,3.6758433610239107,48,72,1919,rrc00,codered,normal,0
2001-07-07 02:48:00+00:00,2089,224,5.43752991862135,17.0,2.3084436819704193,35,63,2313,rrc00,codered,normal,0
2001-07-07 02:51:00+00:00,5421,339,5.048883969747279,23.0,2.4945631990310377,45,163,5760,rrc00,codered,normal,0
2001-07-07 02:54:00+00:00,4103,231,5.4140872532293445,24.0,3.2420233673876613,41,76,4334,rrc00,codered,normal,0
2001-07-07 02:57:00+00:00,1758,246,5.164960182025029,15.0,2.3737953111635175,41,58,2004,rrc00,codered,normal,0
2001-07-07 03:00:00+00:00,994,148,6.096579476861167,15.0,2.8639029331112162,28,39,1142,rrc00,codered,normal,0
2001-07-07 03:03:00+00:00,4616,252,5.022530329289428,13.0,1.8532406885705308,46,88,4868,rrc00,codered,normal,0
2001-07-07 03:06:00+00:00,942,212,5.389596602972399,15.0,2.486485349124536,43,51,1154,rrc00,codered,normal,0
2001-07-07 03:09:00+00:00,1302,169,5.78494623655914,13.0,2.6454297816854613,40,62,1471,rrc00,codered,normal,0
2001-07-07 03:12:00+00:00,2498,492,5.694155324259407,18.0,2.7680794204711874,134,171,2990,rrc00,codered,normal,0
2001-07-07 03:15:00+00:00,2991,260,5.204613841524574,18.0,2.3626974260458002,50,104,3251,rrc00,codered,normal,0
2001-07-07 03:18:00+00:00,1843,292,5.561584373304395,17.0,2.682488799679678,46,106,2135,rrc00,codered,normal,0
2001-07-07 03:21:00+00:00,1241,152,5.061240934730057,18.0,2.5188004910566844,37,57,1393,rrc00,codered,normal,0
2001-07-07 03:24:00+00:00,1431,225,5.137665967854647,22.0,2.3876399354694127,30,50,1656,rrc00,codered,normal,0
2001-07-07 03:27:00+00:00,1152,269,5.705729166666667,19.0,3.297363502184464,43,88,1421,rrc00,codered,normal,0
2001-07-07 03:30:00+00:00,1859,384,5.289940828402367,16.0,2.493964947310553,77,96,2243,rrc00,codered,normal,0
2001-07-07 03:33:00+00:00,1926,204,6.033748701973001,15.0,2.7465456766417367,53,67,2130,rrc00,codered,normal,0
2001-07-07 03:36:00+00:00,1758,457,5.878839590443686,16.0,2.6240760693484577,83,97,2215,rrc00,codered,normal,0
2001-07-07 03:39:00+00:00,1446,288,6.101659751037344,14.0,2.880522660882911,42,97,1734,rrc00,codered,normal,0
2001-07-07 03:42:00+00:00,1942,258,6.01750772399588,19.0,2.951147443705981,41,69,2200,rrc00,codered,normal,0
2001-07-07 03:45:00+00:00,1374,140,5.981804949053857,18.0,3.0529706252781117,35,58,1514,rrc00,codered,normal,0
2001-07-07 03:48:00+00:00,2152,406,5.678438661710037,15.0,2.5549244994540397,57,88,2558,rrc00,codered,normal,0
2001-07-07 03:51:00+00:00,1471,194,5.659415363698164,15.0,2.5832655908738946,39,92,1665,rrc00,codered,normal,0
2001-07-07 03:54:00+00:00,1627,265,5.836508912108174,15.0,2.5141897695008133,51,68,1892,rrc00,codered,normal,0
2001-07-07 03:57:00+00:00,2045,315,5.883618581907091,15.0,2.498733294983503,52,113,2360,rrc00,codered,normal,0
2001-07-07 04:00:00+00:00,1596,230,5.525689223057644,19.0,2.622433910071115,39,72,1826,rrc00,codered,normal,0
2001-07-07 04:03:00+00:00,861,189,5.746806039488966,17.0,2.688817060600411,32,68,1050,rrc00,codered,normal,0
2001-07-07 04:06:00+00:00,1325,183,6.611320754716981,18.0,3.0980005954759338,31,73,1508,rrc00,codered,normal,0
2001-07-07 04:09:00+00:00,1346,331,6.208023774145617,18.0,2.9007548004804833,60,82,1677,rrc00,codered,normal,0
2001-07-07 04:12:00+00:00,2190,307,5.310958904109589,17.0,2.294846020670036,52,92,2497,rrc00,codered,normal,0
2001-07-07 04:15:00+00:00,1326,124,6.442684766214178,15.0,2.719842739308717,24,64,1450,rrc00,codered,normal,0
2001-07-07 04:18:00+00:00,1948,172,6.2397330595482545,16.0,2.822890142798969,30,70,2120,rrc00,codered,normal,0
2001-07-07 04:21:00+00:00,1717,200,7.433313919627257,21.0,3.943072960305892,42,59,1917,rrc00,codered,normal,0
2001-07-07 04:24:00+00:00,2235,196,5.970469798657718,23.0,2.5786987515654123,38,64,2431,rrc00,codered,normal,0
2001-07-07 04:27:00+00:00,2294,217,5.192240627724499,15.0,2.255500095636944,42,63,2511,rrc00,codered,normal,0
2001-07-07 04:30:00+00:00,4104,1163,5.681286549707602,15.0,2.0504791200090207,179,211,5267,rrc00,codered,normal,0
2001-07-07 04:33:00+00:00,5885,931,5.3806287170773155,18.0,1.7862588726707196,162,300,6816,rrc00,codered,normal,0
2001-07-07 04:36:00+00:00,3772,726,5.567338282078473,15.0,1.8863448637378524,152,190,4498,rrc00,codered,normal,0
2001-07-07 04:39:00+00:00,1461,236,6.116358658453114,15.0,2.585461779512835,42,73,1697,rrc00,codered,normal,0
2001-07-07 04:42:00+00:00,3314,799,5.858479179239589,15.0,2.019415919597966,97,134,4113,rrc00,codered,normal,0
2001-07-07 04:45:00+00:00,2483,480,5.131292790978655,15.0,1.6581847124286249,121,143,2963,rrc00,codered,normal,0
2001-07-07 04:48:00+00:00,853,163,4.750293083235639,16.0,2.3681682581400096,33,48,1016,rrc00,codered,normal,0
2001-07-07 04:51:00+00:00,648,160,5.070987654320987,17.0,2.9140820738580646,32,47,808,rrc00,codered,normal,0
2001-07-07 04:54:00+00:00,1613,224,5.004339739615623,16.0,2.45567899856016,43,58,1837,rrc00,codered,normal,0
2001-07-07 04:57:00+00:00,2841,554,4.938049982400563,19.0,2.311465141557289,105,188,3395,rrc00,codered,normal,0
2001-07-07 05:00:00+00:00,4655,2998,4.922019334049409,15.0,1.7741849170610562,381,516,7653,rrc00,codered,normal,0
2001-07-07 05:03:00+00:00,1869,365,4.8432316746923485,15.0,1.557368594747657,63,112,2234,rrc00,codered,normal,0
2001-07-07 05:06:00+00:00,5689,202,4.813148180699596,17.0,2.0273389199925917,37,57,5891,rrc00,codered,normal,0
2001-07-07 05:09:00+00:00,1089,193,5.2332415059687785,18.0,2.4801797710036677,49,54,1282,rrc00,codered,normal,0
2001-07-07 05:12:00+00:00,928,214,5.339439655172414,18.0,2.873795945137639,35,44,1142,rrc00,codered,normal,0
2001-07-07 05:15:00+00:00,2571,239,6.889537145079736,20.0,4.129121165367957,35,130,2810,rrc00,codered,normal,0
2001-07-07 05:18:00+00:00,1218,154,4.601806239737274,18.0,2.493320473545956,30,45,1372,rrc00,codered,normal,0
2001-07-07 05:21:00+00:00,1418,340,4.849788434414669,15.0,1.9970014433722816,84,96,1758,rrc00,codered,normal,0
2001-07-07 05:24:00+00:00,1130,180,4.239823008849558,17.0,2.0030967098098693,27,30,1310,rrc00,codered,normal,0
2001-07-07 05:27:00+00:00,1184,153,4.809966216216216,17.0,1.9326153331394436,33,46,1337,rrc00,codered,normal,0
2001-07-07 05:30:00+00:00,1861,276,5.236432025792585,15.0,2.194709322566321,56,85,2137,rrc00,codered,normal,0
2001-07-07 05:33:00+00:00,2356,396,5.6099320882852295,18.0,2.424630228326508,65,91,2752,rrc00,codered,normal,0
2001-07-07 05:36:00+00:00,2218,527,5.432822362488729,15.0,2.5899934488195586,71,135,2745,rrc00,codered,normal,0
2001-07-07 05:39:00+00:00,1865,211,5.091152815013404,15.0,2.202424209265576,30,101,2076,rrc00,codered,normal,0
2001-07-07 05:42:00+00:00,1364,174,5.44941348973607,16.0,2.047369661274193,33,63,1538,rrc00,codered,normal,0
2001-07-07 05:45:00+00:00,1261,164,5.379064234734338,15.0,2.103734697973667,29,52,1425,rrc00,codered,normal,0
2001-07-07 05:48:00+00:00,1358,259,4.743740795287187,15.0,1.8856917640831523,44,57,1617,rrc00,codered,normal,0
2001-07-07 05:51:00+00:00,1382,223,5.520984081041968,16.0,2.6376561018749514,40,69,1605,rrc00,codered,normal,0
2001-07-07 05:54:00+00:00,1764,226,5.414965986394558,15.0,2.609750261502909,42,61,1990,rrc00,codered,normal,0
2001-07-07 05:57:00+00:00,2634,281,5.518982536066819,15.0,2.387288444530056,49,79,2915,rrc00,codered,normal,0
2001-07-07 06:00:00+00:00,2403,244,4.286724927174365,13.0,1.7270517269533532,57,120,2647,rrc00,codered,normal,0
2001-07-07 06:03:00+00:00,2399,297,4.417674030846186,15.0,1.6706138557113042,55,93,2696,rrc00,codered,normal,0
2001-07-07 06:06:00+00:00,2882,639,4.738376127689105,14.0,1.7291170583922406,136,168,3521,rrc00,codered,normal,0
2001-07-07 06:09:00+00:00,2269,132,4.664609960334949,19.0,2.0168711264007397,20,38,2401,rrc00,codered,normal,0
2001-07-07 06:12:00+00:00,2961,771,4.862546437014522,15.0,2.0547271220416756,107,135,3732,rrc00,codered,normal,0
2001-07-07 06:15:00+00:00,2183,322,5.021071919377004,16.0,2.1888643645650974,61,97,2505,rrc00,codered,normal,0
2001-07-07 06:18:00+00:00,1803,389,4.913477537437604,15.0,1.8151550488237231,75,89,2192,rrc00,codered,normal,0
2001-07-07 06:21:00+00:00,2069,433,5.252295795070082,16.0,2.455431791996891,79,131,2502,rrc00,codered,normal,0
2001-07-07 06:24:00+00:00,3214,368,4.847853142501556,15.0,2.0105973276064604,74,111,3582,rrc00,codered,normal,0
2001-07-07 06:27:00+00:00,1579,320,4.747941735275491,15.0,1.8271890686904892,52,80,1899,rrc00,codered,normal,0
2001-07-07 06:30:00+00:00,704,190,5.390625,16.0,2.378161211049124,25,84,894,rrc00,codered,normal,0
2001-07-07 06:33:00+00:00,2090,317,5.121531100478469,13.0,2.002526048367814,59,103,2407,rrc00,codered,normal,0
2001-07-07 06:36:00+00:00,1080,157,5.2592592592592595,15.0,2.2470984186623886,22,33,1237,rrc00,codered,normal,0
2001-07-07 06:39:00+00:00,2884,436,5.176837725381414,16.0,1.6560958676671222,132,150,3320,rrc00,codered,normal,0
2001-07-07 06:42:00+00:00,3852,1578,5.464693665628245,14.0,1.8682040800084136,193,207,5430,rrc00,codered,normal,0
2001-07-07 06:45:00+00:00,3601,395,4.694806998056095,16.0,1.5678306666878072,79,114,3996,rrc00,codered,normal,0
2001-07-07 06:48:00+00:00,3576,613,4.998601789709173,17.0,1.6848277589850131,90,148,4189,rrc00,codered,normal,0
2001-07-07 06:51:00+00:00,7843,1125,4.962386841769731,15.0,1.366056525923662,222,245,8968,rrc00,codered,normal,0
2001-07-07 06:54:00+00:00,5012,973,4.836193136472466,16.0,1.7088868326814943,152,232,5985,rrc00,codered,normal,0
2001-07-07 06:57:00+00:00,2862,292,4.930118798043327,16.0,1.8366202438715236,42,78,3154,rrc00,codered,normal,0
2001-07-07 07:00:00+00:00,1841,281,4.8745247148288975,15.0,2.0641550636107278,48,66,2122,rrc00,codered,normal,0
2001-07-07 07:03:00+00:00,4164,438,4.586935638808837,21.0,2.6539771913972925,74,137,4602,rrc00,codered,normal,0
2001-07-07 07:06:00+00:00,9022,558,3.9378186654843716,22.0,1.949430405000111,89,141,9580,rrc00,codered,normal,0
2001-07-07 07:09:00+00:00,2108,262,4.622865275142315,16.0,1.8585126336813527,39,89,2370,rrc00,codered,normal,0
2001-07-07 07:12:00+00:00,12462,367,4.188332530893917,22.0,1.922277801441545,77,122,12829,rrc00,codered,normal,0
2001-07-07 07:15:00+00:00,1903,266,4.661586967945349,22.0,2.2806345061367486,77,112,2169,rrc00,codered,normal,0
2001-07-07 07:18:00+00:00,1627,290,4.7283343577135835,16.0,2.2038023499975177,72,95,1917,rrc00,codered,normal,0
2001-07-07 07:21:00+00:00,2121,285,4.586987270155587,16.0,1.7305803830956918,65,99,2406,rrc00,codered,normal,0
2001-07-07 07:24:00+00:00,3702,727,4.864937871420854,15.0,1.8089809070650782,162,200,4429,rrc00,codered,normal,0
2001-07-07 07:27:00+00:00,3349,595,4.6554195282173785,15.0,1.836099483279734,134,157,3944,rrc00,codered,normal,0
2001-07-07 07:30:00+00:00,3250,408,4.924,15.0,1.9400418710786789,99,132,3658,rrc00,codered,normal,0
2001-07-07 07:33:00+00:00,2326,504,4.781599312123817,15.0,1.7861909941694785,115,151,2830,rrc00,codered,normal,0
2001-07-07 07:36:00+00:00,2613,407,4.937236892460773,16.0,2.4696943735301744,100,154,3020,rrc00,codered,normal,0
2001-07-07 07:39:00+00:00,2577,700,4.717112922002328,16.0,1.7288861923504388,112,137,3277,rrc00,codered,normal,0
2001-07-07 07:42:00+00:00,1926,324,5.186915887850467,21.0,3.365168097462835,90,138,2250,rrc00,codered,normal,0
2001-07-07 07:45:00+00:00,2959,534,5.05981750591416,23.0,2.3819482982756774,103,151,3493,rrc00,codered,normal,0
2001-07-07 07:48:00+00:00,2973,837,5.699630003363605,16.0,2.01230402902117,110,148,3810,rrc00,codered,normal,0
2001-07-07 07:51:00+00:00,7011,547,4.511909855940664,17.0,1.5534849788071328,149,194,7558,rrc00,codered,normal,0
2001-07-07 07:54:00+00:00,2691,517,5.2445187662578965,16.0,2.661862077239702,95,159,3208,rrc00,codered,normal,0
2001-07-07 07:57:00+00:00,4155,725,4.723465703971119,15.0,1.692857658005488,112,229,4880,rrc00,codered,normal,0
2001-07-07 08:00:00+00:00,2983,455,4.692591350988938,15.0,1.6871570516150036,90,110,3438,rrc00,codered,normal,0
2001-07-07 08:03:00+00:00,4840,380,4.654338842975206,15.0,1.593161320338733,89,117,5220,rrc00,codered,normal,0
2001-07-07 08:06:00+00:00,3013,664,5.180550945901095,15.0,2.284290299501405,123,160,3677,rrc00,codered,normal,0
2001-07-07 08:09:00+00:00,3846,387,5.004420176807073,15.0,1.7599671480436787,92,134,4233,rrc00,codered,normal,0
2001-07-07 08:12:00+00:00,1908,406,5.504716981132075,15.0,2.5841150721405275,82,118,2314,rrc00,codered,normal,0
2001-07-07 08:15:00+00:00,2527,470,5.022160664819944,15.0,2.740076096994565,87,103,2997,rrc00,codered,normal,0
2001-07-07 08:18:00+00:00,1776,250,4.608671171171171,15.0,1.8122808137061588,55,83,2026,rrc00,codered,normal,0
2001-07-07 08:21:00+00:00,3385,443,4.406499261447562,16.0,1.8183909500821507,96,114,3828,rrc00,codered,normal,0
2001-07-07 08:24:00+00:00,7584,396,4.431039029535865,15.0,1.523027075649097,99,132,7980,rrc00,codered,normal,0
2001-07-07 08:27:00+00:00,5109,544,4.5963985124290465,16.0,1.545789255404322,92,262,5653,rrc00,codered,normal,0
2001-07-07 08:30:00+00:00,4242,265,4.412776991984913,15.0,1.341520199896877,54,109,4507,rrc00,codered,normal,0
2001-07-07 08:33:00+00:00,1843,331,4.641345632121541,15.0,1.8070113436586037,46,120,2174,rrc00,codered,normal,0
2001-07-07 08:36:00+00:00,4546,436,4.412450505939288,15.0,1.3462936772859717,89,119,4982,rrc00,codered,normal,0
2001-07-07 08:39:00+00:00,2992,573,4.61798128342246,15.0,1.7401703124198016,139,174,3565,rrc00,codered,normal,0
2001-07-07 08:42:00+00:00,1572,490,5.0820610687022905,15.0,2.1381090374002443,81,150,2062,rrc00,codered,normal,0
2001-07-07 08:45:00+00:00,1868,282,4.550321199143469,15.0,2.0247755853232343,77,96,2150,rrc00,codered,normal,0
2001-07-07 08:48:00+00:00,7906,274,4.042878826207943,18.0,2.062103830602528,64,92,8180,rrc00,codered,normal,0
2001-07-07 08:51:00+00:00,1716,297,5.1923076923076925,15.0,2.3300682860551007,61,104,2013,rrc00,codered,normal,0
2001-07-07 08:54:00+00:00,1845,252,5.183739837398374,15.0,2.2128856677166766,46,111,2097,rrc00,codered,normal,0
2001-07-07 08:57:00+00:00,9442,355,4.163630586740098,15.0,2.0796517401359873,82,93,9797,rrc00,codered,normal,0
2001-07-07 09:00:00+00:00,1621,207,4.798889574336829,15.0,1.911754284018684,46,63,1828,rrc00,codered,normal,0
2001-07-07 09:03:00+00:00,2180,400,5.210091743119266,15.0,1.8112515291021682,78,112,2580,rrc00,codered,normal,0
2001-07-07 09:06:00+00:00,2666,454,5.457989497374344,15.0,2.589855188299881,68,162,3120,rrc00,codered,normal,0
2001-07-07 09:09:00+00:00,1418,327,4.839210155148096,15.0,1.960350979515403,83,99,1745,rrc00,codered,normal,0
2001-07-07 09:12:00+00:00,1454,218,4.520632737276479,15.0,1.7373795304008617,43,71,1672,rrc00,codered,normal,0
2001-07-07 09:15:00+00:00,1828,227,4.4261487964989055,14.0,1.8100482493429055,48,80,2055,rrc00,codered,normal,0
2001-07-07 09:18:00+00:00,1918,479,4.849322210636079,19.0,2.1883965159897207,84,113,2397,rrc00,codered,normal,0
2001-07-07 09:21:00+00:00,1461,172,4.349075975359343,15.0,1.7286828678531498,55,88,1633,rrc00,codered,normal,0
2001-07-07 09:24:00+00:00,3300,262,4.307272727272728,16.0,1.4658150545361046,84,102,3562,rrc00,codered,normal,0
2001-07-07 09:27:00+00:00,2895,184,4.9986183074265975,22.0,2.36628553742758,41,77,3079,rrc00,codered,normal,0
2001-07-07 09:30:00+00:00,1686,360,4.565243179122183,15.0,1.8814703700664686,53,101,2046,rrc00,codered,normal,0
2001-07-07 09:33:00+00:00,1678,315,4.949344457687723,15.0,2.1246459817151346,55,99,1993,rrc00,codered,normal,0
2001-07-07 09:36:00+00:00,2513,303,4.2510943095901315,15.0,1.5685122241009946,57,145,2816,rrc00,codered,normal,0
2001-07-07 09:39:00+00:00,3478,929,5.366877515813686,16.0,2.5582272813093567,126,151,4407,rrc00,codered,normal,0
2001-07-07 09:42:00+00:00,3121,330,6.053828900993271,16.0,3.0086363324247096,58,93,3451,rrc00,codered,normal,0
2001-07-07 09:45:00+00:00,2024,257,4.66205533596838,15.0,1.7822197502116988,53,89,2281,rrc00,codered,normal,0
2001-07-07 09:48:00+00:00,1443,256,4.482328482328482,15.0,1.889589118915143,62,99,1699,rrc00,codered,normal,0
2001-07-07 09:51:00+00:00,1547,168,4.583710407239819,19.0,1.946921641961211,42,75,1715,rrc00,codered,normal,0
2001-07-07 09:54:00+00:00,3466,320,5.28736295441431,21.0,2.5165228083282916,62,94,3786,rrc00,codered,normal,0
2001-07-07 09:57:00+00:00,103270,354,3.661092282366612,20.0,1.4201361768599747,32,152,103624,rrc00,codered,normal,0
2001-07-07 10:00:00+00:00,1381,302,4.668356263577118,17.0,1.9989329464712626,58,87,1683,rrc00,codered,normal,0
2001-07-07 10:03:00+00:00,2418,275,5.0012406947890815,20.0,2.0799762475098067,59,96,2693,rrc00,codered,normal,0
2001-07-07 10:06:00+00:00,2480,326,5.109677419354838,16.0,2.2068595170965897,68,125,2806,rrc00,codered,normal,0
2001-07-07 10:09:00+00:00,2208,218,4.7205615942028984,15.0,2.192356049306497,62,73,2426,rrc00,codered,normal,0
2001-07-07 10:12:00+00:00,2169,168,4.2378976486860305,15.0,1.4921409011912519,32,94,2337,rrc00,codered,normal,0
2001-07-07 10:15:00+00:00,1474,165,4.614654002713705,15.0,1.9944161320962235,37,71,1639,rrc00,codered,normal,0
2001-07-07 10:18:00+00:00,897,239,4.7502787068004455,19.0,2.283688080488859,46,74,1136,rrc00,codered,normal,0
2001-07-07 10:21:00+00:00,8994,566,4.3485657104736495,15.0,1.2340260856213279,113,260,9560,rrc00,codered,normal,0
2001-07-07 10:24:00+00:00,3171,507,4.78555660674866,15.0,1.6890186899969368,106,193,3678,rrc00,codered,normal,0
2001-07-07 10:27:00+00:00,5087,469,4.847257715746019,15.0,1.6794599306228923,73,275,5556,rrc00,codered,normal,0
2001-07-07 10:30:00+00:00,1384,215,4.756502890173411,15.0,2.1862255121272463,36,82,1599,rrc00,codered,normal,0
2001-07-07 10:33:00+00:00,4259,313,4.318149800422635,15.0,1.5358215498308854,74,98,4572,rrc00,codered,normal,0
2001-07-07 10:36:00+00:00,3100,420,5.562258064516129,15.0,2.6738267969063214,75,141,3520,rrc00,codered,normal,0
2001-07-07 10:39:00+00:00,1842,467,5.214440825190011,15.0,2.6564301224922158,83,125,2309,rrc00,codered,normal,0
2001-07-07 10:42:00+00:00,1377,247,4.540305010893246,15.0,1.770822397125359,54,83,1624,rrc00,codered,normal,0
2001-07-07 10:45:00+00:00,2039,407,4.540951446787641,14.0,2.0441822320044234,71,100,2446,rrc00,codered,normal,0
2001-07-07 10:48:00+00:00,1465,269,4.723549488054608,16.0,2.30106631205309,59,82,1734,rrc00,codered,normal,0
2001-07-07 10:51:00+00:00,1483,417,4.186783546864464,15.0,1.7456739627722893,74,86,1900,rrc00,codered,normal,0
2001-07-07 10:54:00+00:00,2777,348,4.371984155563558,15.0,1.5043736940960648,85,103,3125,rrc00,codered,normal,0
2001-07-07 10:57:00+00:00,1211,378,4.686209744013213,14.0,1.8941344776073739,59,74,1589,rrc00,codered,normal,0
2001-07-07 11:00:00+00:00,1342,350,4.440387481371088,15.0,2.024207264844793,70,79,1692,rrc00,codered,normal,0
2001-07-07 11:03:00+00:00,1488,300,5.534274193548387,15.0,2.740851353114879,40,88,1788,rrc00,codered,normal,0
2001-07-07 11:06:00+00:00,1174,235,4.8568994889267465,15.0,2.54565787813032,51,85,1409,rrc00,codered,normal,0
2001-07-07 11:09:00+00:00,1453,235,4.55746730901583,14.0,1.775115028735428,54,70,1688,rrc00,codered,normal,0
2001-07-07 11:12:00+00:00,1077,225,4.759517177344476,16.0,2.3608370305077666,56,72,1302,rrc00,codered,normal,0
2001-07-07 11:15:00+00:00,1147,261,4.373147340889276,15.0,2.072843663363391,59,66,1408,rrc00,codered,normal,0
2001-07-07 11:18:00+00:00,1124,218,4.541814946619217,15.0,2.0051168302923883,43,70,1342,rrc00,codered,normal,0
2001-07-07 11:21:00+00:00,1614,317,4.366790582403965,15.0,2.0590507995922884,54,90,1931,rrc00,codered,normal,0
2001-07-07 11:24:00+00:00,2528,416,4.786787974683544,16.0,1.8252447727254886,60,109,2944,rrc00,codered,normal,0
2001-07-07 11:27:00+00:00,1268,253,4.368296529968454,13.0,1.8819677098627057,57,99,1521,rrc00,codered,normal,0
2001-07-07 11:30:00+00:00,1290,130,4.430232558139535,15.0,2.086542507556267,16,71,1420,rrc00,codered,normal,0
2001-07-07 11:33:00+00:00,1599,221,4.528455284552845,15.0,1.9493998185668382,45,79,1820,rrc00,codered,normal,0
2001-07-07 11:36:00+00:00,108981,187,4.289655995081712,21.0,1.3234605341390644,40,73,109168,rrc00,codered,normal,0
2001-07-07 11:39:00+00:00,12757,348,4.740926550129341,17.0,1.2796231124370188,69,127,13105,rrc00,codered,normal,0
2001-07-07 11:42:00+00:00,4339,465,4.3920258123991704,16.0,1.45312912621615,73,95,4804,rrc00,codered,normal,0
2001-07-07 11:45:00+00:00,3427,317,4.977823168952437,16.0,1.3993114485899008,70,83,3744,rrc00,codered,normal,0
2001-07-07 11:48:00+00:00,2152,427,5.352695167286245,16.0,2.4999353493526963,78,95,2579,rrc00,codered,normal,0
2001-07-07 11:51:00+00:00,46859,331,5.190315627734266,18.0,1.190230737242192,77,114,47190,rrc00,codered,normal,0
2001-07-07 11:54:00+00:00,2175,476,5.777011494252873,18.0,2.336206825861361,97,113,2651,rrc00,codered,normal,0
2001-07-07 11:57:00+00:00,1353,246,5.042128603104213,14.0,2.297625412208999,53,86,1599,rrc00,codered,normal,0
2001-07-07 12:00:00+00:00,2166,259,4.640812557710064,15.0,2.13710051262479,43,86,2425,rrc00,codered,normal,0
2001-07-07 12:03:00+00:00,2677,238,4.608516996638028,15.0,1.674896036278349,51,93,2915,rrc00,codered,normal,0
2001-07-07 12:06:00+00:00,4003,304,4.559580314763927,15.0,1.5526837744867867,69,90,4307,rrc00,codered,normal,0
2001-07-07 12:09:00+00:00,1528,345,4.575916230366492,16.0,2.5145120316635103,70,80,1873,rrc00,codered,normal,0
2001-07-07 12:12:00+00:00,6527,374,4.790409070016853,15.0,1.6418794982505271,63,95,6901,rrc00,codered,normal,0
2001-07-07 12:15:00+00:00,3126,266,4.892514395393474,15.0,1.5858746319685058,48,94,3392,rrc00,codered,normal,0
2001-07-07 12:18:00+00:00,2374,319,5.291912384161752,15.0,2.17618115366195,56,120,2693,rrc00,codered,normal,0
2001-07-07 12:21:00+00:00,3419,355,5.202983328458614,14.0,1.8177514699667185,48,189,3774,rrc00,codered,normal,0
2001-07-07 12:24:00+00:00,2846,298,3.9205903021784962,16.0,1.8899866895511124,58,92,3144,rrc00,codered,normal,0
2001-07-07 12:27:00+00:00,3246,268,4.74799753542822,16.0,1.933893781556439,51,62,3514,rrc00,codered,normal,0
2001-07-07 12:30:00+00:00,1571,211,4.768300445576066,15.0,2.0371566538822767,32,58,1782,rrc00,codered,normal,0
2001-07-07 12:33:00+00:00,1119,254,4.996425379803396,16.0,1.9784327982956489,42,51,1373,rrc00,codered,normal,0
2001-07-07 12:36:00+00:00,1349,309,4.7650111193476645,16.0,1.6894800575803222,48,63,1658,rrc00,codered,normal,0
2001-07-07 12:39:00+00:00,1011,190,5.326409495548962,15.0,2.2522183517424903,30,58,1201,rrc00,codered,normal,0
2001-07-07 12:42:00+00:00,1139,205,4.955223880597015,15.0,2.0491580356043477,33,42,1344,rrc00,codered,normal,0
2001-07-07 12:45:00+00:00,1004,198,4.860557768924303,15.0,1.8736158470402307,27,41,1202,rrc00,codered,normal,0
2001-07-07 12:48:00+00:00,1705,275,4.717888563049853,17.0,1.7096079018879276,46,67,1980,rrc00,codered,normal,0
2001-07-07 12:51:00+00:00,1503,248,4.583499667332003,15.0,1.757650474578204,43,86,1751,rrc00,codered,normal,0
2001-07-07 12:54:00+00:00,1321,200,4.988644965934898,13.0,1.7179705811965886,32,37,1521,rrc00,codered,normal,0
2001-07-07 12:57:00+00:00,1840,469,5.291847826086957,15.0,2.2445922595486487,62,98,2309,rrc00,codered,normal,0
2001-07-07 13:00:00+00:00,2348,324,5.297274275979557,15.0,2.298850034286481,58,88,2672,rrc00,codered,normal,0
2001-07-07 13:03:00+00:00,888,167,5.216216216216216,15.0,2.189369918020989,24,42,1055,rrc00,codered,normal,0
2001-07-07 13:06:00+00:00,1206,198,5.391376451077944,15.0,2.1906007405625614,32,41,1404,rrc00,codered,normal,0
2001-07-07 13:09:00+00:00,1972,210,5.135395537525355,15.0,2.0876884097700987,36,79,2182,rrc00,codered,normal,0
2001-07-07 13:12:00+00:00,2365,170,4.7864693446088795,15.0,1.956737913942335,29,52,2535,rrc00,codered,normal,0
2001-07-07 13:15:00+00:00,1600,203,5.085625,15.0,2.090345272765961,28,56,1803,rrc00,codered,normal,0
2001-07-07 13:18:00+00:00,1259,231,5.33756949960286,15.0,2.336901025723178,36,53,1490,rrc00,codered,normal,0
2001-07-07 13:21:00+00:00,3798,287,5.555292259083728,16.0,2.2501470682490905,39,74,4085,rrc00,codered,normal,0
2001-07-07 13:24:00+00:00,1343,175,5.802680565897245,18.0,2.7927560733892514,29,45,1518,rrc00,codered,normal,0
2001-07-07 13:27:00+00:00,919,196,5.437431991294885,17.0,2.576818127906671,33,45,1115,rrc00,codered,normal,0
2001-07-07 13:30:00+00:00,1570,241,5.145859872611465,17.0,2.161268513040399,44,64,1811,rrc00,codered,normal,0
2001-07-07 13:33:00+00:00,1384,274,5.66257225433526,15.0,2.3745126124140543,49,65,1658,rrc00,codered,normal,0
2001-07-07 13:36:00+00:00,1462,241,5.062243502051984,16.0,2.50708105808624,37,54,1703,rrc00,codered,normal,0
2001-07-07 13:39:00+00:00,850,136,5.287058823529412,15.0,2.3085410842599843,24,32,986,rrc00,codered,normal,0
2001-07-07 13:42:00+00:00,866,104,5.4110854503464205,17.0,2.5847424009120084,20,33,970,rrc00,codered,normal,0
2001-07-07 13:45:00+00:00,1526,248,5.048492791612058,15.0,1.9054332767371962,48,64,1774,rrc00,codered,normal,0
2001-07-07 13:48:00+00:00,2067,193,5.194000967585874,17.0,2.07237288440952,31,63,2260,rrc00,codered,normal,0
2001-07-07 13:51:00+00:00,2415,157,5.9979296066252585,17.0,2.536931327054749,27,75,2572,rrc00,codered,normal,0
2001-07-07 13:54:00+00:00,1170,231,6.038461538461538,16.0,2.7776995386746184,33,50,1401,rrc00,codered,normal,0
2001-07-07 13:57:00+00:00,1748,310,5.877574370709382,18.0,2.3994422639662414,35,132,2058,rrc00,codered,normal,0
2001-07-07 14:00:00+00:00,1183,229,6.207100591715976,16.0,3.2003090978978204,32,43,1412,rrc00,codered,normal,0
2001-07-07 14:03:00+00:00,1408,308,4.850142045454546,16.0,2.1023829775682032,46,61,1716,rrc00,codered,normal,0
2001-07-07 14:06:00+00:00,2117,376,4.810581010864431,16.0,2.0046053478294317,90,122,2493,rrc00,codered,normal,0
2001-07-07 14:09:00+00:00,1746,197,5.030927835051546,16.0,1.9354310661310714,25,51,1943,rrc00,codered,normal,0
2001-07-07 14:12:00+00:00,1920,129,5.659895833333334,16.0,2.0962406801580076,17,52,2049,rrc00,codered,normal,0
2001-07-07 14:15:00+00:00,803,152,5.701120797011208,20.0,2.8937750407820944,22,35,955,rrc00,codered,normal,0
2001-07-07 14:18:00+00:00,1966,174,4.767548321464903,15.0,1.9188482026137947,29,55,2140,rrc00,codered,normal,0
2001-07-07 14:21:00+00:00,2313,260,4.912235192390835,17.0,1.7268240222024862,49,80,2573,rrc00,codered,normal,0
2001-07-07 14:24:00+00:00,1386,359,5.961760461760462,17.0,2.348278253016078,51,78,1745,rrc00,codered,normal,0
2001-07-07 14:27:00+00:00,3193,376,7.148449733792671,18.0,3.346360978210028,72,92,3569,rrc00,codered,normal,0
2001-07-07 14:30:00+00:00,5422,599,6.260236075248986,21.0,2.406641450707921,82,256,6021,rrc00,codered,normal,0
2001-07-07 14:33:00+00:00,6341,321,4.223781737896231,17.0,1.613373268322391,40,61,6662,rrc00,codered,normal,0
2001-07-07 14:36:00+00:00,1496,196,5.027406417112299,15.0,2.0676843102895672,32,49,1692,rrc00,codered,normal,0
2001-07-07 14:39:00+00:00,1654,232,4.692261185006046,15.0,1.8964041807877765,32,63,1886,rrc00,codered,normal,0
2001-07-07 14:42:00+00:00,1457,396,5.2470830473575845,17.0,2.3337001856686204,47,119,1853,rrc00,codered,normal,0
2001-07-07 14:45:00+00:00,957,162,5.12539184952978,15.0,2.232315379150555,31,53,1119,rrc00,codered,normal,0
2001-07-07 14:48:00+00:00,899,246,4.833147942157953,15.0,2.0480795397762113,49,56,1145,rrc00,codered,normal,0
2001-07-07 14:51:00+00:00,1734,180,4.990196078431373,14.0,1.6260624835188757,40,64,1914,rrc00,codered,normal,0
2001-07-07 14:54:00+00:00,1082,229,5.091497227356747,15.0,2.0551413762172186,34,64,1311,rrc00,codered,normal,0
2001-07-07 14:57:00+00:00,956,229,4.9864016736401675,15.0,2.2465275905778066,36,60,1185,rrc00,codered,normal,0
2001-07-07 15:00:00+00:00,820,162,5.345121951219512,17.0,3.1466843734482666,22,34,982,rrc00,codered,normal,0
2001-07-07 15:03:00+00:00,1320,187,5.506818181818182,20.0,2.9439123932385214,28,71,1507,rrc00,codered,normal,0
2001-07-07 15:06:00+00:00,1671,200,5.126271693596649,23.0,2.430156227372661,23,41,1871,rrc00,codered,normal,0
2001-07-07 15:09:00+00:00,952,152,5.81827731092437,17.0,2.9533419993484435,23,34,1104,rrc00,codered,normal,0
2001-07-07 15:12:00+00:00,677,160,5.940915805022157,18.0,3.5000815842360793,23,36,837,rrc00,codered,normal,0
2001-07-07 15:15:00+00:00,724,237,5.544198895027624,20.0,2.630984531852973,51,65,961,rrc00,codered,normal,0
2001-07-07 15:18:00+00:00,2964,434,5.003373819163293,17.0,1.9007036006169489,77,107,3398,rrc00,codered,normal,0
2001-07-07 15:21:00+00:00,1344,333,5.357886904761905,17.0,2.6221436271675094,40,69,1677,rrc00,codered,normal,0
2001-07-07 15:24:00+00:00,1663,230,5.435357787131689,18.0,2.125469204626967,40,58,1893,rrc00,codered,normal,0
2001-07-07 15:27:00+00:00,1080,284,5.075925925925926,15.0,2.1460070747514792,40,52,1364,rrc00,codered,normal,0
2001-07-07 15:30:00+00:00,954,205,5.228511530398323,15.0,2.0461613306791917,33,55,1159,rrc00,codered,normal,0
2001-07-07 15:33:00+00:00,2445,151,4.0359918200409,16.0,2.057738421417074,27,45,2596,rrc00,codered,normal,0
2001-07-07 15:36:00+00:00,1974,184,4.143363728470112,15.0,1.9962513076017765,28,36,2158,rrc00,codered,normal,0
2001-07-07 15:39:00+00:00,1974,214,4.338905775075988,16.0,1.810454839445271,29,70,2188,rrc00,codered,normal,0
2001-07-07 15:42:00+00:00,2933,321,5.2795772246846235,15.0,1.9855209506667306,87,119,3254,rrc00,codered,normal,0
2001-07-07 15:45:00+00:00,2399,225,5.328887036265111,16.0,2.428254220881404,34,51,2624,rrc00,codered,normal,0
2001-07-07 15:48:00+00:00,1800,283,5.144444444444445,17.0,2.0785203664097804,45,75,2083,rrc00,codered,normal,0
2001-07-07 15:51:00+00:00,2263,274,4.943437914273089,15.0,2.278330750538591,52,72,2537,rrc00,codered,normal,0
2001-07-07 15:54:00+00:00,1535,362,5.288599348534202,15.0,2.404278283442685,52,64,1897,rrc00,codered,normal,0
2001-07-07 15:57:00+00:00,1414,244,5.06011315417256,15.0,2.339605858725654,42,56,1658,rrc00,codered,normal,0
2001-07-07 16:00:00+00:00,1422,352,5.055555555555555,17.0,2.008528075210991,49,76,1774,rrc00,codered,normal,0
2001-07-07 16:03:00+00:00,1223,283,5.5380212591986915,16.0,2.4518222921507205,44,59,1506,rrc00,codered,normal,0
2001-07-07 16:06:00+00:00,1421,329,5.637579169598874,17.0,2.4417713244291854,47,57,1750,rrc00,codered,normal,0
2001-07-07 16:09:00+00:00,2271,322,5.376486129458389,19.0,2.75501259340752,69,82,2593,rrc00,codered,normal,0
2001-07-07 16:12:00+00:00,2524,428,5.265847860538828,15.0,1.779507411228137,62,180,2952,rrc00,codered,normal,0
2001-07-07 16:15:00+00:00,3451,1124,6.1573456968994495,18.0,2.833727062712135,109,156,4575,rrc00,codered,normal,0
2001-07-07 16:18:00+00:00,3649,491,5.440120580981091,18.0,2.1084053391076463,123,174,4140,rrc00,codered,normal,0
2001-07-07 16:21:00+00:00,2037,228,5.005400098183603,16.0,1.9900267534853944,40,73,2265,rrc00,codered,normal,0
2001-07-07 16:24:00+00:00,1610,243,5.409937888198757,15.0,2.5824829154448405,36,54,1853,rrc00,codered,normal,0
2001-07-07 16:27:00+00:00,1052,264,4.97148288973384,16.0,2.6434409262012277,43,57,1316,rrc00,codered,normal,0
2001-07-07 16:30:00+00:00,2112,550,4.909564393939394,15.0,2.0405137591196123,104,133,2662,rrc00,codered,normal,0
2001-07-07 16:33:00+00:00,2904,309,5.107782369146006,15.0,2.0097270450516453,52,74,3213,rrc00,codered,normal,0
2001-07-07 16:36:00+00:00,1443,315,5.0686070686070686,14.0,2.1099716886310587,41,57,1758,rrc00,codered,normal,0
2001-07-07 16:39:00+00:00,1740,280,5.007471264367816,15.0,2.1593026324185467,39,70,2020,rrc00,codered,normal,0
2001-07-07 16:42:00+00:00,2647,646,4.992444276539478,15.0,1.747343916188128,89,131,3293,rrc00,codered,normal,0
2001-07-07 16:45:00+00:00,1662,243,5.409145607701564,15.0,2.2179365344789503,61,78,1905,rrc00,codered,normal,0
2001-07-07 16:48:00+00:00,4646,476,5.070598364184245,15.0,1.9113389217099808,95,142,5122,rrc00,codered,normal,0
2001-07-07 16:51:00+00:00,1897,204,4.723247232472325,15.0,2.1194812422975637,37,67,2101,rrc00,codered,normal,0
2001-07-07 16:54:00+00:00,1340,162,4.851492537313433,15.0,2.1623382546577323,22,33,1502,rrc00,codered,normal,0
2001-07-07 16:57:00+00:00,944,192,5.186440677966102,16.0,2.493887960942739,25,35,1136,rrc00,codered,normal,0
2001-07-07 17:00:00+00:00,1552,201,5.484536082474227,17.0,3.07442359717779,30,51,1753,rrc00,codered,normal,0
2001-07-07 17:03:00+00:00,1659,304,4.872212176009644,15.0,2.264982130486901,40,59,1963,rrc00,codered,normal,0
2001-07-07 17:06:00+00:00,5543,1538,4.583979794335198,15.0,1.6869706574896066,64,1269,7081,rrc00,codered,normal,0
2001-07-07 17:09:00+00:00,5701,361,4.79968426591826,17.0,1.917306378427723,62,86,6062,rrc00,codered,normal,0
2001-07-07 17:12:00+00:00,1615,278,5.507739938080495,17.0,3.4387748241926115,38,58,1893,rrc00,codered,normal,0
2001-07-07 17:15:00+00:00,3252,209,4.45510455104551,17.0,1.392790837664566,42,55,3461,rrc00,codered,normal,0
2001-07-07 17:18:00+00:00,2048,227,4.44189453125,15.0,1.5920771627032853,30,51,2275,rrc00,codered,normal,0
2001-07-07 17:21:00+00:00,1513,199,5.077329808327826,16.0,2.1859904252028226,30,50,1712,rrc00,codered,normal,0
2001-07-07 17:24:00+00:00,1918,266,4.8931178310740355,15.0,1.8605011764061992,58,77,2184,rrc00,codered,normal,0
2001-07-07 17:27:00+00:00,2393,244,5.073547847889678,18.0,1.843325858595248,50,83,2637,rrc00,codered,normal,0
2001-07-07 17:30:00+00:00,2681,317,4.345393509884372,17.0,2.2881043927213423,66,88,2998,rrc00,codered,normal,0
2001-07-07 17:33:00+00:00,1698,211,5.1401648998822145,17.0,2.305654537604757,33,50,1909,rrc00,codered,normal,0
2001-07-07 17:36:00+00:00,1505,268,5.485714285714286,17.0,2.2551444115706745,55,64,1773,rrc00,codered,normal,0
2001-07-07 17:39:00+00:00,881,167,5.341657207718502,16.0,2.3205544516523826,34,47,1048,rrc00,codered,normal,0
2001-07-07 17:42:00+00:00,778,157,4.712082262210797,15.0,1.956961874256784,24,39,935,rrc00,codered,normal,0
2001-07-07 17:45:00+00:00,860,164,4.867441860465116,15.0,2.05474164394553,30,43,1024,rrc00,codered,normal,0
2001-07-07 17:48:00+00:00,1303,276,5.315425940138143,17.0,2.259347418772319,55,64,1579,rrc00,codered,normal,0
2001-07-07 17:51:00+00:00,991,148,4.60242179616549,15.0,2.104091010031568,26,40,1139,rrc00,codered,normal,0
2001-07-07 17:54:00+00:00,2335,272,6.555888650963597,17.0,2.9408484355355635,50,74,2607,rrc00,codered,normal,0
2001-07-07 17:57:00+00:00,1769,272,7.144714527981911,21.0,4.409568266985762,45,58,2041,rrc00,codered,normal,0
2001-07-07 18:00:00+00:00,950,230,4.610526315789474,17.0,2.6512945669778802,40,63,1180,rrc00,codered,normal,0
2001-07-07 18:03:00+00:00,991,92,5.204843592330978,17.0,2.059512338003908,19,22,1083,rrc00,codered,normal,0
2001-07-07 18:06:00+00:00,2271,827,4.557463672391017,15.0,1.5325976530588812,183,233,3098,rrc00,codered,normal,0
2001-07-07 18:09:00+00:00,3551,176,4.614756406646015,20.0,1.6869124300593523,29,64,3727,rrc00,codered,normal,0
2001-07-07 18:12:00+00:00,752,127,5.712765957446808,18.0,2.8902710629912396,18,28,879,rrc00,codered,normal,0
2001-07-07 18:15:00+00:00,3814,624,4.422653382275826,19.0,1.6663707544504376,105,123,4438,rrc00,codered,normal,0
2001-07-07 18:18:00+00:00,1465,260,4.933788395904437,17.0,1.8884555826513145,46,59,1725,rrc00,codered,normal,0
2001-07-07 18:21:00+00:00,672,127,5.011904761904762,15.0,2.116370700825037,19,45,799,rrc00,codered,normal,0
2001-07-07 18:24:00+00:00,1112,157,6.651978417266187,20.0,3.4336354205088573,28,40,1269,rrc00,codered,normal,0
2001-07-07 18:27:00+00:00,1011,202,7.14540059347181,25.0,4.144237488941412,30,50,1213,rrc00,codered,normal,0
2001-07-07 18:30:00+00:00,1038,183,5.395953757225434,16.0,2.553901206700085,23,40,1221,rrc00,codered,normal,0
2001-07-07 18:33:00+00:00,1359,238,4.879323031640912,17.0,2.196426453682869,41,52,1597,rrc00,codered,normal,0
2001-07-07 18:36:00+00:00,1251,162,4.816946442845723,15.0,2.1030754259729894,31,45,1413,rrc00,codered,normal,0
2001-07-07 18:39:00+00:00,1571,166,5.120942075111394,15.0,2.2389158348801703,34,48,1737,rrc00,codered,normal,0
2001-07-07 18:42:00+00:00,2036,192,5.3099214145383105,18.0,2.854307707468264,33,51,2228,rrc00,codered,normal,0
2001-07-07 18:45:00+00:00,1219,203,5.091878589007383,15.0,2.1532183207986857,29,39,1422,rrc00,codered,normal,0
2001-07-07 18:48:00+00:00,3986,939,4.5486703462117415,15.0,1.6224913441294357,151,252,4925,rrc00,codered,normal,0
2001-07-07 18:51:00+00:00,2117,232,5.024090694378838,13.0,2.0652752866686943,39,54,2349,rrc00,codered,normal,0
2001-07-07 18:54:00+00:00,1579,324,5.089930335655478,16.0,2.0452806228125557,49,60,1903,rrc00,codered,normal,0
2001-07-07 18:57:00+00:00,5121,632,4.45909002148018,16.0,1.4879375276582176,125,147,5753,rrc00,codered,normal,0
2001-07-07 19:00:00+00:00,1408,305,5.884232954545454,16.0,2.693654418731245,56,70,1713,rrc00,codered,normal,0
2001-07-07 19:03:00+00:00,1480,370,5.791891891891892,16.0,2.6071500831137833,53,64,1850,rrc00,codered,normal,0
2001-07-07 19:06:00+00:00,1368,209,5.567982456140351,18.0,2.737234810725769,32,74,1577,rrc00,codered,normal,0
2001-07-07 19:09:00+00:00,2656,499,4.75,15.0,1.7902009041189857,74,114,3155,rrc00,codered,normal,0
2001-07-07 19:12:00+00:00,2564,483,5.776911076443057,19.0,2.7597786103330892,66,187,3047,rrc00,codered,normal,0
2001-07-07 19:15:00+00:00,7057,1037,6.968116763497237,25.0,2.8642179891227766,170,298,8094,rrc00,codered,normal,0
2001-07-07 19:18:00+00:00,5316,517,5.974604966139955,17.0,2.268041606667863,105,137,5833,rrc00,codered,normal,0
2001-07-07 19:21:00+00:00,2167,300,5.096446700507614,15.0,1.5029340078736095,40,76,2467,rrc00,codered,normal,0
2001-07-07 19:24:00+00:00,3059,331,5.600849950964367,16.0,2.3745158512825277,61,111,3390,rrc00,codered,normal,0
2001-07-07 19:27:00+00:00,2696,504,5.326780415430267,17.0,2.2193432789374454,72,158,3200,rrc00,codered,normal,0
2001-07-07 19:30:00+00:00,1831,310,5.167121791370835,15.0,2.2450699348738214,58,74,2141,rrc00,codered,normal,0
2001-07-07 19:33:00+00:00,1217,328,5.4905505341002465,16.0,2.8458248809788267,52,81,1545,rrc00,codered,normal,0
2001-07-07 19:36:00+00:00,1982,322,5.415741675075681,15.0,2.1924819782367324,54,73,2304,rrc00,codered,normal,0
2001-07-07 19:39:00+00:00,1419,251,4.897815362931642,15.0,2.0168744138957,54,64,1670,rrc00,codered,normal,0
2001-07-07 19:42:00+00:00,1123,239,5.184327693677649,19.0,2.085194419700662,36,101,1362,rrc00,codered,normal,0
2001-07-07 19:45:00+00:00,1257,331,4.631662688941925,15.0,1.9984998003136523,45,74,1588,rrc00,codered,normal,0
2001-07-07 19:48:00+00:00,4096,263,4.83642578125,15.0,1.9518374051673277,62,74,4359,rrc00,codered,normal,0
2001-07-07 19:51:00+00:00,1929,445,4.57128045619492,16.0,1.801221999989691,81,92,2374,rrc00,codered,normal,0
2001-07-07 19:54:00+00:00,2805,335,5.670944741532977,21.0,3.140970818304188,58,111,3140,rrc00,codered,normal,0
2001-07-07 19:57:00+00:00,1172,173,6.406996587030717,22.0,3.5373268753674068,33,44,1345,rrc00,codered,normal,0
2001-07-07 20:00:00+00:00,1608,286,4.856343283582089,14.0,1.9984159302845563,45,58,1894,rrc00,codered,normal,0
2001-07-07 20:03:00+00:00,1489,207,4.584956346541303,15.0,1.9102605531449444,38,58,1696,rrc00,codered,normal,0
2001-07-07 20:06:00+00:00,2036,252,5.2568762278978385,15.0,1.7942625396806602,50,79,2288,rrc00,codered,normal,0
2001-07-07 20:09:00+00:00,7776,197,4.349151234567901,15.0,1.133175279360444,34,94,7973,rrc00,codered,normal,0
2001-07-07 20:12:00+00:00,3577,1030,4.37489516354487,15.0,1.4430059005378157,49,827,4607,rrc00,codered,normal,0
2001-07-07 20:15:00+00:00,6298,376,5.112575420768498,17.0,1.6992509523584216,58,143,6674,rrc00,codered,normal,0
2001-07-07 20:18:00+00:00,4518,215,4.657149181053564,22.0,1.754014183260819,45,72,4733,rrc00,codered,normal,0
2001-07-07 20:21:00+00:00,3609,148,4.336104183984483,16.0,1.3074488329450664,28,61,3757,rrc00,codered,normal,0
2001-07-07 20:24:00+00:00,2507,299,4.674112485041883,16.0,1.4474920748841769,48,66,2806,rrc00,codered,normal,0
2001-07-07 20:27:00+00:00,1821,501,5.416803953871499,16.0,1.8992535599872915,60,80,2322,rrc00,codered,normal,0
2001-07-07 20:30:00+00:00,2128,293,5.219924812030075,15.0,1.6804206402509327,48,71,2421,rrc00,codered,normal,0
2001-07-07 20:33:00+00:00,1811,393,5.282716731087797,18.0,1.8679855406149333,44,136,2204,rrc00,codered,normal,0
2001-07-07 20:36:00+00:00,1410,310,4.5574468085106385,18.0,1.9229570182349829,59,111,1720,rrc00,codered,normal,0
2001-07-07 20:39:00+00:00,2370,486,5.015189873417722,15.0,1.6539752859848018,76,93,2856,rrc00,codered,normal,0
2001-07-07 20:42:00+00:00,1946,171,4.906474820143885,15.0,1.8708257292385573,30,54,2117,rrc00,codered,normal,0
2001-07-07 20:45:00+00:00,3359,476,4.024412027389104,15.0,1.58099744046102,62,78,3835,rrc00,codered,normal,0
2001-07-07 20:48:00+00:00,1646,233,4.980558930741191,15.0,1.722444553665468,51,69,1879,rrc00,codered,normal,0
2001-07-07 20:51:00+00:00,3038,346,4.276826859776168,15.0,1.429744749834785,53,74,3384,rrc00,codered,normal,0
2001-07-07 20:54:00+00:00,1856,293,4.285560344827586,15.0,1.788772006003546,55,68,2149,rrc00,codered,normal,0
2001-07-07 20:57:00+00:00,1712,297,4.716705607476635,13.0,1.5115602471032248,45,67,2009,rrc00,codered,normal,0
2001-07-07 21:00:00+00:00,1943,219,4.7200205867215645,15.0,1.4300810667678276,41,84,2162,rrc00,codered,normal,0
2001-07-07 21:03:00+00:00,927,196,5.345199568500539,15.0,2.1360258438735253,37,44,1123,rrc00,codered,normal,0
2001-07-07 21:06:00+00:00,2373,305,4.966708807416772,15.0,1.8525924019004838,34,89,2678,rrc00,codered,normal,0
2001-07-07 21:09:00+00:00,2227,352,4.9438706780422095,15.0,1.966717207938516,36,100,2579,rrc00,codered,normal,0
2001-07-07 21:12:00+00:00,1248,286,4.919871794871795,15.0,2.001599356405633,38,60,1534,rrc00,codered,normal,0
2001-07-07 21:15:00+00:00,1621,161,4.789019123997533,15.0,1.893826546579706,30,50,1782,rrc00,codered,normal,0
2001-07-07 21:18:00+00:00,806,135,4.8213399503722085,15.0,1.6864196120061006,19,29,941,rrc00,codered,normal,0
2001-07-07 21:21:00+00:00,1191,150,5.399664147774979,15.0,2.151241975384806,30,40,1341,rrc00,codered,normal,0
2001-07-07 21:24:00+00:00,1225,140,5.07265306122449,15.0,1.9345481732785894,23,33,1365,rrc00,codered,normal,0
2001-07-07 21:27:00+00:00,1150,200,4.812173913043479,16.0,1.9045550810388172,36,50,1350,rrc00,codered,normal,0
2001-07-07 21:30:00+00:00,1129,206,5.112488928255093,15.0,1.7330001597478566,32,56,1335,rrc00,codered,normal,0
2001-07-07 21:33:00+00:00,1409,290,4.817601135557132,14.0,1.4513945453307606,44,143,1699,rrc00,codered,normal,0
2001-07-07 21:36:00+00:00,1365,143,4.855677655677655,15.0,1.8481885990232,23,31,1508,rrc00,codered,normal,0
2001-07-07 21:39:00+00:00,1378,112,4.909288824383164,15.0,1.819436487318131,18,26,1490,rrc00,codered,normal,0
2001-07-07 21:42:00+00:00,2250,214,4.778222222222222,15.0,1.6619042476614174,35,78,2464,rrc00,codered,normal,0
2001-07-07 21:45:00+00:00,2616,212,4.051223241590214,14.0,1.5080234047609882,30,48,2828,rrc00,codered,normal,0
2001-07-07 21:48:00+00:00,1332,86,4.286786786786787,15.0,1.4280668613710394,14,27,1418,rrc00,codered,normal,0
2001-07-07 21:51:00+00:00,1297,517,4.4209714726291445,15.0,1.995397475190668,93,111,1814,rrc00,codered,normal,0
2001-07-07 21:54:00+00:00,2728,477,5.256231671554252,15.0,2.326839925772706,81,99,3205,rrc00,codered,normal,0
2001-07-07 21:57:00+00:00,1198,129,4.56093489148581,17.0,2.0415246342268003,24,36,1327,rrc00,codered,normal,0
2001-07-07 22:00:00+00:00,1130,189,5.086725663716814,15.0,1.644379239722893,29,41,1319,rrc00,codered,normal,0
2001-07-07 22:03:00+00:00,1356,155,4.691002949852507,15.0,1.9120658328765345,28,35,1511,rrc00,codered,normal,0
2001-07-07 22:06:00+00:00,1335,167,5.169288389513109,15.0,2.426097315185253,34,49,1502,rrc00,codered,normal,0
2001-07-07 22:09:00+00:00,1452,304,5.599173553719008,15.0,2.1395397100734153,44,49,1756,rrc00,codered,normal,0
2001-07-07 22:12:00+00:00,1300,162,5.303846153846154,16.0,2.446815948130073,34,45,1462,rrc00,codered,normal,0
2001-07-07 22:15:00+00:00,1151,139,4.733275412684622,17.0,1.9980693443572664,21,31,1290,rrc00,codered,normal,0
2001-07-07 22:18:00+00:00,1546,122,4.990944372574385,17.0,1.9180954232084009,18,43,1668,rrc00,codered,normal,0
2001-07-07 22:21:00+00:00,1779,200,5.2883642495784144,17.0,2.132627387232647,46,65,1979,rrc00,codered,normal,0
2001-07-07 22:24:00+00:00,2039,154,4.45708680725846,16.0,1.9631218813805307,25,46,2193,rrc00,codered,normal,0
2001-07-07 22:27:00+00:00,1521,274,4.910585141354372,15.0,2.2426502911111745,38,52,1795,rrc00,codered,normal,0
2001-07-07 22:30:00+00:00,1381,203,5.651701665459812,17.0,2.70240975162299,41,52,1584,rrc00,codered,normal,0
2001-07-07 22:33:00+00:00,1095,101,5.1625570776255705,16.0,2.5227847265318757,25,37,1196,rrc00,codered,normal,0
2001-07-07 22:36:00+00:00,1542,418,5.404669260700389,15.0,2.3419545725854287,48,64,1960,rrc00,codered,normal,0
2001-07-07 22:39:00+00:00,1102,202,4.621597096188748,15.0,1.9366570794738394,44,48,1304,rrc00,codered,normal,0
2001-07-07 22:42:00+00:00,1035,133,5.168115942028986,14.0,2.082999469152552,17,38,1168,rrc00,codered,normal,0
2001-07-07 22:45:00+00:00,1743,589,5.109007458405049,15.0,2.0792238642679326,30,452,2332,rrc00,codered,normal,0
2001-07-07 22:48:00+00:00,1262,386,5.1394611727416795,15.0,2.0336812962158115,47,149,1648,rrc00,codered,normal,0
2001-07-07 22:51:00+00:00,1757,348,6.0830961866818445,16.0,2.1330085897939033,67,74,2105,rrc00,codered,normal,0
2001-07-07 22:54:00+00:00,1233,339,5.792376317923763,15.0,2.6886032543605345,61,69,1572,rrc00,codered,normal,0
2001-07-07 22:57:00+00:00,3677,522,5.720424258906718,17.0,1.9754129251075854,74,160,4199,rrc00,codered,normal,0
2001-07-07 23:00:00+00:00,1534,158,5.665580182529335,15.0,2.2201874889463777,25,57,1692,rrc00,codered,normal,0
2001-07-07 23:03:00+00:00,1986,166,6.294058408862035,17.0,2.9367510092009135,32,41,2152,rrc00,codered,normal,0
2001-07-07 23:06:00+00:00,1491,252,5.3199195171026155,20.0,2.799875247573221,51,64,1743,rrc00,codered,normal,0
2001-07-07 23:09:00+00:00,1653,240,4.820931639443436,15.0,2.151688059058237,39,58,1893,rrc00,codered,normal,0
2001-07-07 23:12:00+00:00,1404,237,4.923076923076923,18.0,2.0491976589301704,33,80,1641,rrc00,codered,normal,0
2001-07-07 23:15:00+00:00,1879,190,5.521554018094731,15.0,2.7454425017128603,37,50,2069,rrc00,codered,normal,0
2001-07-07 23:18:00+00:00,1209,241,5.876757650951199,17.0,3.0448314000530727,41,50,1450,rrc00,codered,normal,0
2001-07-07 23:21:00+00:00,861,152,5.279907084785133,17.0,3.079198953211266,29,33,1013,rrc00,codered,normal,0
2001-07-07 23:24:00+00:00,2541,299,6.120425029515939,17.0,2.496368865606852,51,76,2840,rrc00,codered,normal,0
2001-07-07 23:27:00+00:00,2058,207,6.571914480077745,15.0,2.4923455858711323,24,50,2265,rrc00,codered,normal,0
2001-07-07 23:30:00+00:00,6850,1035,4.884817518248175,20.0,2.009035103474397,75,868,7885,rrc00,codered,normal,0
2001-07-07 23:33:00+00:00,2966,212,5.516183412002698,21.0,2.693034595490696,38,52,3178,rrc00,codered,normal,0
2001-07-07 23:36:00+00:00,2661,353,5.990229237128899,15.0,2.7292826577127554,55,108,3014,rrc00,codered,normal,0
2001-07-07 23:39:00+00:00,1776,221,5.691441441441442,15.0,2.3388259728452607,43,68,1997,rrc00,codered,normal,0
2001-07-07 23:42:00+00:00,1142,160,6.028896672504378,17.0,2.8178885678051326,31,39,1302,rrc00,codered,normal,0
2001-07-07 23:45:00+00:00,1673,183,6.109384339509862,14.0,2.7663530693253864,30,66,1856,rrc00,codered,normal,0
2001-07-07 23:48:00+00:00,3325,347,4.9088721804511275,15.0,2.0367590554180866,62,73,3672,rrc00,codered,normal,0
2001-07-07 23:51:00+00:00,1738,506,7.018411967779056,18.0,3.1053066070395183,58,88,2244,rrc00,codered,normal,0
2001-07-07 23:54:00+00:00,2225,295,6.543820224719101,20.0,2.769332660301248,47,90,2520,rrc00,codered,normal,0
2001-07-07 23:57:00+00:00,1839,475,6.876563349646547,15.0,2.6645906696623074,58,78,2314,rrc00,codered,normal,0
2001-07-08 00:00:00+00:00,1982,235,6.053481331987891,16.0,2.7979676726653158,39,74,2217,rrc00,codered,normal,0
2001-07-08 00:03:00+00:00,5355,183,4.157609710550887,17.0,2.223756690751698,32,53,5538,rrc00,codered,normal,0
2001-07-08 00:06:00+00:00,2052,280,5.897173489278752,19.0,2.838514664417976,51,70,2332,rrc00,codered,normal,0
2001-07-08 00:09:00+00:00,3702,213,4.9891950297136685,15.0,2.7375555963700147,41,61,3915,rrc00,codered,normal,0
2001-07-08 00:12:00+00:00,1933,333,5.9286083807553025,16.0,3.301079786701745,65,80,2266,rrc00,codered,normal,0
2001-07-08 00:15:00+00:00,2005,369,6.999501246882793,17.0,3.1497139561568788,71,92,2374,rrc00,codered,normal,0
2001-07-08 00:18:00+00:00,2166,387,5.772853185595568,15.0,2.4727736068745765,86,121,2553,rrc00,codered,normal,0
2001-07-08 00:21:00+00:00,1014,187,4.83629191321499,14.0,1.945212212046582,30,57,1201,rrc00,codered,normal,0
2001-07-08 00:24:00+00:00,1915,394,6.160313315926893,18.0,2.586547222396474,55,115,2309,rrc00,codered,normal,0
2001-07-08 00:27:00+00:00,1698,207,6.028857479387515,17.0,2.744904904533003,36,66,1905,rrc00,codered,normal,0
2001-07-08 00:30:00+00:00,1410,256,6.575886524822695,17.0,3.472932840114545,42,77,1666,rrc00,codered,normal,0
2001-07-08 00:33:00+00:00,1400,172,7.323571428571428,17.0,3.472177388372681,36,50,1572,rrc00,codered,normal,0
2001-07-08 00:36:00+00:00,1600,203,5.961875,16.0,3.023519717874352,27,82,1803,rrc00,codered,normal,0
2001-07-08 00:39:00+00:00,1553,138,5.871860914359305,18.0,2.7367311828642857,39,55,1691,rrc00,codered,normal,0
2001-07-08 00:42:00+00:00,1388,205,6.22478386167147,14.0,2.8726409235187096,26,34,1593,rrc00,codered,normal,0
2001-07-08 00:45:00+00:00,2249,192,5.195197865718097,16.0,2.9281683548187147,38,50,2441,rrc00,codered,normal,0
2001-07-08 00:48:00+00:00,943,201,5.42948038176034,16.0,2.5976293224613456,35,52,1144,rrc00,codered,normal,0
2001-07-08 00:51:00+00:00,1192,195,6.23238255033557,15.0,3.053855253175323,33,64,1387,rrc00,codered,normal,0
2001-07-08 00:54:00+00:00,1889,227,6.311275807305453,16.0,2.7160454765826763,47,65,2116,rrc00,codered,normal,0
2001-07-08 00:57:00+00:00,1907,418,5.853696906135291,19.0,2.9211075182359827,67,80,2325,rrc00,codered,normal,0
2001-07-08 01:00:00+00:00,2897,209,5.540559199171557,21.0,2.548899353936697,44,66,3106,rrc00,codered,normal,0
2001-07-08 01:03:00+00:00,3121,451,5.31111823133611,17.0,2.4729814716205896,88,122,3572,rrc00,codered,normal,0
2001-07-08 01:06:00+00:00,2395,201,5.61169102296451,17.0,2.4648571845086273,34,63,2596,rrc00,codered,normal,0
2001-07-08 01:09:00+00:00,2027,316,6.044893931919092,18.0,2.6494700396437003,45,98,2343,rrc00,codered,normal,0
2001-07-08 01:12:00+00:00,5194,520,4.5958798613785135,18.0,2.035058145028113,44,324,5714,rrc00,codered,normal,0
2001-07-08 01:15:00+00:00,2533,241,6.4476904855902095,17.0,2.7452948650928293,42,79,2774,rrc00,codered,normal,0
2001-07-08 01:18:00+00:00,11803,799,5.096246716936372,19.0,2.0136083614648195,26,627,12602,rrc00,codered,normal,0
2001-07-08 01:21:00+00:00,1654,369,6.432285368802902,15.0,2.5708716170603005,50,65,2023,rrc00,codered,normal,0
2001-07-08 01:24:00+00:00,1735,199,6.617291066282421,17.0,2.822295065015777,29,89,1934,rrc00,codered,normal,0
2001-07-08 01:27:00+00:00,1389,165,6.292296616270698,17.0,2.992109562760178,26,33,1554,rrc00,codered,normal,0
2001-07-08 01:30:00+00:00,2089,363,5.506462422211585,16.0,2.6167486062315053,56,69,2452,rrc00,codered,normal,0
2001-07-08 01:33:00+00:00,1455,250,6.944329896907217,15.0,2.5274426070076963,34,43,1705,rrc00,codered,normal,0
2001-07-08 01:36:00+00:00,1125,194,5.192888888888889,18.0,2.3913070551685256,39,55,1319,rrc00,codered,normal,0
2001-07-08 01:39:00+00:00,1463,234,6.332194121667806,21.0,2.8200233242770296,37,74,1697,rrc00,codered,normal,0
2001-07-08 01:42:00+00:00,1538,372,6.228868660598179,17.0,2.8189215572766404,48,61,1910,rrc00,codered,normal,0
2001-07-08 01:45:00+00:00,2218,348,5.368349864743012,20.0,3.2460045608230605,113,169,2566,rrc00,codered,normal,0
2001-07-08 01:48:00+00:00,1488,145,5.766129032258065,15.0,2.754836034095047,36,52,1633,rrc00,codered,normal,0
2001-07-08 01:51:00+00:00,1820,437,5.4302197802197805,20.0,2.8937349825958236,66,74,2257,rrc00,codered,normal,0
2001-07-08 01:54:00+00:00,2077,697,6.39480019258546,18.0,2.9388130214429036,80,102,2774,rrc00,codered,normal,0
2001-07-08 01:57:00+00:00,1601,256,6.1361648969394125,15.0,2.7245289724035033,39,63,1857,rrc00,codered,normal,0
2001-07-08 02:00:00+00:00,1698,187,6.300942285041225,14.0,2.697905056076696,32,51,1885,rrc00,codered,normal,0
2001-07-08 02:03:00+00:00,1337,156,6.983545250560957,17.0,3.2728842213004805,28,43,1493,rrc00,codered,normal,0
2001-07-08 02:06:00+00:00,11308,441,4.703042094092678,17.0,1.7339596718528048,100,176,11749,rrc00,codered,normal,0
2001-07-08 02:09:00+00:00,6711,562,4.939949336909551,15.0,1.9396650840215524,93,280,7273,rrc00,codered,normal,0
2001-07-08 02:12:00+00:00,3265,219,5.467075038284839,15.0,2.310420535868354,42,53,3484,rrc00,codered,normal,0
2001-07-08 02:15:00+00:00,1373,175,6.131099781500364,15.0,2.8886096272317596,24,35,1548,rrc00,codered,normal,0
2001-07-08 02:18:00+00:00,3782,218,4.958751983077737,16.0,2.3169965714132608,33,59,4000,rrc00,codered,normal,0
2001-07-08 02:21:00+00:00,3132,464,5.293742017879949,16.0,2.1440580923344266,51,100,3596,rrc00,codered,normal,0
2001-07-08 02:24:00+00:00,8820,1118,4.563151927437642,15.0,1.7504072858224904,118,847,9938,rrc00,codered,normal,0
2001-07-08 02:27:00+00:00,3038,276,5.049703752468729,17.0,2.367453690380279,54,83,3314,rrc00,codered,normal,0
2001-07-08 02:30:00+00:00,3886,350,5.809830159547092,17.0,2.443308026883212,52,80,4236,rrc00,codered,normal,0
2001-07-08 02:33:00+00:00,2497,297,5.981577893472166,15.0,2.6401563483802546,45,91,2794,rrc00,codered,normal,0
2001-07-08 02:36:00+00:00,3885,159,5.111196911196911,16.0,2.3100676604198447,40,57,4044,rrc00,codered,normal,0
2001-07-08 02:39:00+00:00,2082,349,5.977905859750241,16.0,2.613879277033127,41,70,2431,rrc00,codered,normal,0
2001-07-08 02:42:00+00:00,1927,281,5.935132330046705,16.0,2.8288758231972597,56,87,2208,rrc00,codered,normal,0
2001-07-08 02:45:00+00:00,2182,363,6.100824931255729,16.0,2.783990709229461,61,88,2545,rrc00,codered,normal,0
2001-07-08 02:48:00+00:00,2440,394,5.8610655737704915,15.0,2.6694922791585234,89,125,2834,rrc00,codered,normal,0
2001-07-08 02:51:00+00:00,1844,495,6.233731019522777,17.0,2.8357286180677557,77,108,2339,rrc00,codered,normal,0
2001-07-08 02:54:00+00:00,1930,250,6.37720207253886,18.0,3.0802224611128155,43,85,2180,rrc00,codered,normal,0
2001-07-08 02:57:00+00:00,1178,368,6.330220713073005,19.0,3.0212243190337116,58,66,1546,rrc00,codered,normal,0
2001-07-08 03:00:00+00:00,1762,215,6.18161180476731,17.0,2.8779450417185455,50,66,1977,rrc00,codered,normal,0
2001-07-08 03:03:00+00:00,2030,418,5.978817733990148,17.0,2.481070121353822,69,106,2448,rrc00,codered,normal,0
2001-07-08 03:06:00+00:00,2278,355,6.108867427568042,16.0,2.8378014649558065,63,90,2633,rrc00,codered,normal,0
2001-07-08 03:09:00+00:00,1696,251,6.5825471698113205,16.0,2.944899191445271,41,75,1947,rrc00,codered,normal,0
2001-07-08 03:12:00+00:00,2325,368,5.531182795698925,18.0,2.525141473503888,54,88,2693,rrc00,codered,normal,0
2001-07-08 03:15:00+00:00,2255,331,5.658980044345898,15.0,2.595643258699284,50,70,2586,rrc00,codered,normal,0
2001-07-08 03:18:00+00:00,1803,241,5.999445368829728,15.0,2.852930443618014,40,59,2044,rrc00,codered,normal,0
2001-07-08 03:21:00+00:00,1570,153,6.199363057324841,15.0,2.8300704862885224,27,55,1723,rrc00,codered,normal,0
2001-07-08 03:24:00+00:00,2260,448,5.412389380530973,15.0,2.493323216621161,76,168,2708,rrc00,codered,normal,0
2001-07-08 03:27:00+00:00,8884,452,4.979963980189104,17.0,1.9529712060846607,72,118,9336,rrc00,codered,normal,0
2001-07-08 03:30:00+00:00,2678,189,6.251680358476475,18.0,2.8429365214718247,30,99,2867,rrc00,codered,normal,0
2001-07-08 03:33:00+00:00,3994,192,5.2188282423635455,18.0,2.2891146974738623,38,42,4186,rrc00,codered,normal,0
2001-07-08 03:36:00+00:00,1973,282,5.749113025848961,15.0,2.565987808870848,41,75,2255,rrc00,codered,normal,0
2001-07-08 03:39:00+00:00,1983,268,6.00100857286939,18.0,2.9137888388323914,47,66,2251,rrc00,codered,normal,0
2001-07-08 03:42:00+00:00,2458,290,5.61513425549227,18.0,2.8294278436775127,43,68,2748,rrc00,codered,normal,0
2001-07-08 03:45:00+00:00,2348,251,5.996592844974447,17.0,2.5764274043391087,48,74,2599,rrc00,codered,normal,0
2001-07-08 03:48:00+00:00,7761,623,5.132714856332947,15.0,1.9287429686831175,96,179,8384,rrc00,codered,normal,0
2001-07-08 03:51:00+00:00,5370,593,4.639851024208566,15.0,1.7720923613656008,36,391,5963,rrc00,codered,normal,0
2001-07-08 03:54:00+00:00,1219,110,6.554552912223134,15.0,3.0144745468405874,21,43,1329,rrc00,codered,normal,0
2001-07-08 03:57:00+00:00,2823,189,5.256110520722635,15.0,2.356007845852658,29,57,3012,rrc00,codered,normal,0
2001-07-08 04:00:00+00:00,2123,275,5.9340555817239755,17.0,2.6300169321367726,34,61,2398,rrc00,codered,normal,0
2001-07-08 04:03:00+00:00,1412,224,5.888810198300283,14.0,2.936478494695817,42,56,1636,rrc00,codered,normal,0
2001-07-08 04:06:00+00:00,2688,694,6.270089285714286,16.0,2.455247900708363,80,131,3382,rrc00,codered,normal,0
2001-07-08 04:09:00+00:00,2497,400,5.856627953544253,15.0,2.602074955845535,88,126,2897,rrc00,codered,normal,0
2001-07-08 04:12:00+00:00,2271,671,6.094231616028181,15.0,2.4954237670715385,101,126,2942,rrc00,codered,normal,0
2001-07-08 04:15:00+00:00,1349,303,5.2349888806523355,16.0,2.4915734227003234,47,67,1652,rrc00,codered,normal,0
2001-07-08 04:18:00+00:00,1381,251,5.860246198406951,18.0,3.030621838850519,31,73,1632,rrc00,codered,normal,0
2001-07-08 04:21:00+00:00,1013,142,5.770977295162883,15.0,2.8890074420935052,22,35,1155,rrc00,codered,normal,0
2001-07-08 04:24:00+00:00,1249,276,5.702962369895917,15.0,2.7880562830859836,38,81,1525,rrc00,codered,normal,0
2001-07-08 04:27:00+00:00,1344,269,6.337797619047619,17.0,3.2319369700056915,43,85,1613,rrc00,codered,normal,0
2001-07-08 04:30:00+00:00,1304,160,5.80138036809816,16.0,3.254486935163257,38,56,1464,rrc00,codered,normal,0
2001-07-08 04:33:00+00:00,1346,150,6.199851411589896,17.0,3.038049930074275,23,52,1496,rrc00,codered,normal,0
2001-07-08 04:36:00+00:00,1684,304,5.6929928741092635,15.0,2.3826716720650656,77,97,1988,rrc00,codered,normal,0
2001-07-08 04:39:00+00:00,1972,400,6.002535496957404,15.0,2.516778113032808,88,97,2372,rrc00,codered,normal,0
2001-07-08 04:42:00+00:00,2236,254,5.761180679785331,15.0,2.4469752862326843,47,67,2490,rrc00,codered,normal,0
2001-07-08 04:45:00+00:00,6545,584,4.846447669977081,16.0,1.883411558799822,38,351,7129,rrc00,codered,normal,0
2001-07-08 04:48:00+00:00,2170,213,4.976958525345622,15.0,1.9069177879218486,37,68,2383,rrc00,codered,normal,0
2001-07-08 04:51:00+00:00,1231,214,5.829406986190089,15.0,2.652371295791592,34,52,1445,rrc00,codered,normal,0
2001-07-08 04:54:00+00:00,1466,216,6.293997271487039,15.0,2.9502800264796343,38,60,1682,rrc00,codered,normal,0
2001-07-08 04:57:00+00:00,3148,166,5.110864040660737,15.0,2.2537776032012737,28,45,3314,rrc00,codered,normal,0
2001-07-08 05:00:00+00:00,3301,189,5.7067555286276885,16.0,2.6571275801497083,29,57,3490,rrc00,codered,normal,0
2001-07-08 05:03:00+00:00,1929,469,5.722135821669259,17.0,2.6300359430823352,96,111,2398,rrc00,codered,normal,0
2001-07-08 05:06:00+00:00,2107,567,5.432368296155672,18.0,2.4690886780254724,132,150,2674,rrc00,codered,normal,0
2001-07-08 05:09:00+00:00,2301,462,4.986527596697088,16.0,2.3227782331376243,81,95,2763,rrc00,codered,normal,0
2001-07-08 05:12:00+00:00,2586,312,5.109435421500387,15.0,2.5809425438063847,67,132,2898,rrc00,codered,normal,0
2001-07-08 05:15:00+00:00,1916,443,6.125782881002087,17.0,2.6479880026642704,48,73,2359,rrc00,codered,normal,0
2001-07-08 05:18:00+00:00,1735,355,5.443804034582133,19.0,2.568964726428165,52,79,2090,rrc00,codered,normal,0
2001-07-08 05:21:00+00:00,2003,336,6.0713929106340485,18.0,2.7236497581154486,68,92,2339,rrc00,codered,normal,0
2001-07-08 05:24:00+00:00,3147,424,5.291070861137591,20.0,2.563919379347456,39,283,3571,rrc00,codered,normal,0
2001-07-08 05:27:00+00:00,2931,540,5.777209143636984,20.0,3.6037774246815624,67,109,3471,rrc00,codered,normal,0
2001-07-08 05:30:00+00:00,1726,261,5.746813441483198,22.0,3.291757101743096,48,61,1987,rrc00,codered,normal,0
2001-07-08 05:33:00+00:00,1656,191,4.7101449275362315,14.0,2.427060303768006,35,51,1847,rrc00,codered,normal,0
2001-07-08 05:36:00+00:00,2404,241,4.381031613976705,16.0,2.1954209494817127,39,56,2645,rrc00,codered,normal,0
2001-07-08 05:39:00+00:00,1018,212,5.129666011787819,15.0,2.412900024643248,37,50,1230,rrc00,codered,normal,0
2001-07-08 05:42:00+00:00,2030,265,6.367487684729064,16.0,2.8421401589903814,47,95,2295,rrc00,codered,normal,0
2001-07-08 05:45:00+00:00,1087,144,5.919963201471941,14.0,2.3944194546621986,26,34,1231,rrc00,codered,normal,0
2001-07-08 05:48:00+00:00,2299,235,6.039582427142236,15.0,2.324987476908568,32,102,2534,rrc00,codered,normal,0
2001-07-08 05:51:00+00:00,2226,204,5.548517520215634,15.0,2.535751562621828,43,56,2430,rrc00,codered,normal,0
2001-07-08 05:54:00+00:00,2337,362,5.9195549850235345,18.0,2.4436198253292507,67,113,2699,rrc00,codered,normal,0
2001-07-08 05:57:00+00:00,5352,292,4.801569506726457,15.0,1.6904101058282583,50,70,5644,rrc00,codered,normal,0
2001-07-08 06:00:00+00:00,7310,939,5.23734610123119,16.0,1.876093553037487,132,181,8249,rrc00,codered,normal,0
2001-07-08 06:03:00+00:00,4535,348,5.015656008820287,16.0,2.0231236790691,95,119,4883,rrc00,codered,normal,0
2001-07-08 06:06:00+00:00,2284,292,5.5131348511383536,14.0,2.3679306211645637,32,113,2576,rrc00,codered,normal,0
2001-07-08 06:09:00+00:00,2176,235,5.762867647058823,16.0,2.3722545766844556,37,82,2411,rrc00,codered,normal,0
2001-07-08 06:12:00+00:00,2703,652,5.93118756936737,16.0,2.4171970577398336,136,154,3355,rrc00,codered,normal,0
2001-07-08 06:15:00+00:00,5115,392,5.450048875855328,22.0,1.8439612407097103,132,154,5507,rrc00,codered,normal,0
2001-07-08 06:18:00+00:00,1256,217,6.140127388535032,17.0,2.8646952655847846,36,58,1473,rrc00,codered,normal,0
2001-07-08 06:21:00+00:00,1661,639,6.017459361830222,15.0,2.9568941756288987,95,136,2300,rrc00,codered,normal,0
2001-07-08 06:24:00+00:00,1538,367,5.971391417425227,17.0,2.8139931346303753,62,94,1905,rrc00,codered,normal,0
2001-07-08 06:27:00+00:00,1934,336,5.923474663908997,16.0,2.9706139402722602,54,77,2270,rrc00,codered,normal,0
2001-07-08 06:30:00+00:00,1834,277,6.685387131952018,16.0,2.9231774490537963,61,82,2111,rrc00,codered,normal,0
2001-07-08 06:33:00+00:00,2258,239,6.229849424269265,19.0,2.737861377015622,43,88,2497,rrc00,codered,normal,0
2001-07-08 06:36:00+00:00,1671,346,5.575104727707959,18.0,2.802529886053281,51,78,2017,rrc00,codered,normal,0
2001-07-08 06:39:00+00:00,1434,186,5.791492329149233,19.0,2.9624163925982825,30,53,1620,rrc00,codered,normal,0
2001-07-08 06:42:00+00:00,1947,178,5.996404725218285,17.0,2.97420642677481,33,78,2125,rrc00,codered,normal,0
2001-07-08 06:45:00+00:00,1411,234,6.399716513111269,19.0,3.179327258870552,44,77,1645,rrc00,codered,normal,0
2001-07-08 06:48:00+00:00,1293,258,6.803557617942769,18.0,3.1204367933185666,42,49,1551,rrc00,codered,normal,0
2001-07-08 06:51:00+00:00,1327,233,6.3632253202712885,19.0,3.1411081177999183,37,44,1560,rrc00,codered,normal,0
2001-07-08 06:54:00+00:00,1398,279,5.5844062947067235,15.0,2.6204243528758706,50,65,1677,rrc00,codered,normal,0
2001-07-08 06:57:00+00:00,1719,193,5.408958696916812,16.0,2.6920154314615576,35,48,1912,rrc00,codered,normal,0
2001-07-08 07:00:00+00:00,2190,455,5.2853881278538815,15.0,2.502476619854502,67,128,2645,rrc00,codered,normal,0
2001-07-08 07:03:00+00:00,1693,267,5.163614884819847,15.0,2.782070546382172,37,92,1960,rrc00,codered,normal,0
2001-07-08 07:06:00+00:00,2430,365,5.496707818930041,19.0,2.6104785413869513,55,73,2795,rrc00,codered,normal,0
2001-07-08 07:09:00+00:00,6985,175,4.482748747315677,19.0,1.53135546715756,35,82,7160,rrc00,codered,normal,0
2001-07-08 07:12:00+00:00,2267,411,5.014556682840759,19.0,2.137789840789238,53,66,2678,rrc00,codered,normal,0
2001-07-08 07:15:00+00:00,1857,237,4.686591276252019,19.0,2.147946900492118,41,57,2094,rrc00,codered,normal,0
2001-07-08 07:18:00+00:00,1554,255,5.122908622908623,17.0,2.439159883038045,43,57,1809,rrc00,codered,normal,0
2001-07-08 07:21:00+00:00,1578,310,4.932192648922687,19.0,2.3211356827402274,50,96,1888,rrc00,codered,normal,0
2001-07-08 07:24:00+00:00,3406,268,4.7378156194950085,15.0,1.934395940239208,48,56,3674,rrc00,codered,normal,0
2001-07-08 07:27:00+00:00,1667,348,5.106178764247151,15.0,2.1086570437914474,47,72,2015,rrc00,codered,normal,0
2001-07-08 07:30:00+00:00,684,153,4.957602339181286,14.0,2.5379489542734013,27,35,837,rrc00,codered,normal,0
2001-07-08 07:33:00+00:00,1044,189,5.397509578544061,16.0,2.894709390734207,35,44,1233,rrc00,codered,normal,0
2001-07-08 07:36:00+00:00,1177,208,5.865760407816483,22.0,2.9355568041824696,30,107,1385,rrc00,codered,normal,0
2001-07-08 07:39:00+00:00,1194,323,5.132328308207705,15.0,2.6239925285785715,57,73,1517,rrc00,codered,normal,0
2001-07-08 07:42:00+00:00,1817,399,5.156851953769951,15.0,2.033064222751842,63,85,2216,rrc00,codered,normal,0
2001-07-08 07:45:00+00:00,2193,276,5.423620611035112,16.0,2.1818235628570855,45,69,2469,rrc00,codered,normal,0
2001-07-08 07:48:00+00:00,7452,1250,5.397342995169082,15.0,1.32750676348535,206,240,8702,rrc00,codered,normal,0
2001-07-08 07:51:00+00:00,7074,1872,5.514277636415041,19.0,1.676689875796602,237,243,8946,rrc00,codered,normal,0
2001-07-08 07:54:00+00:00,9788,435,4.6834899877400895,20.0,1.444712325946733,56,224,10223,rrc00,codered,normal,0
2001-07-08 07:57:00+00:00,2024,337,5.9560276679841895,18.0,2.432191717894411,61,78,2361,rrc00,codered,normal,0
2001-07-08 08:00:00+00:00,1225,249,5.111020408163266,15.0,1.9915948330861233,33,67,1474,rrc00,codered,normal,0
2001-07-08 08:03:00+00:00,2516,326,5.1895866454689985,15.0,2.003233392861737,62,88,2842,rrc00,codered,normal,0
2001-07-08 08:06:00+00:00,2287,508,5.223874070835155,19.0,2.1770533307558497,65,171,2795,rrc00,codered,normal,0
2001-07-08 08:09:00+00:00,2023,261,5.884330202669303,17.0,2.3361727351916426,49,70,2284,rrc00,codered,normal,0
2001-07-08 08:12:00+00:00,1737,190,5.560161197466897,15.0,2.012620393687627,36,46,1927,rrc00,codered,normal,0
2001-07-08 08:15:00+00:00,1671,109,5.160383004189108,16.0,1.6836982595970185,17,31,1780,rrc00,codered,normal,0
2001-07-08 08:18:00+00:00,1457,208,5.102264927934111,15.0,1.9520262998178026,32,64,1665,rrc00,codered,normal,0
2001-07-08 08:21:00+00:00,1696,185,5.03183962264151,15.0,1.8489990695467544,31,43,1881,rrc00,codered,normal,0
2001-07-08 08:24:00+00:00,1358,203,5.073637702503682,17.0,2.263339809027002,30,49,1561,rrc00,codered,normal,0
2001-07-08 08:27:00+00:00,1191,117,5.566750629722922,15.0,2.1684795086558095,23,37,1308,rrc00,codered,normal,0
2001-07-08 08:30:00+00:00,1392,193,5.247126436781609,16.0,1.9650298515155116,35,60,1585,rrc00,codered,normal,0
2001-07-08 08:33:00+00:00,1499,242,5.006671114076051,17.0,2.517176919819094,40,64,1741,rrc00,codered,normal,0
2001-07-08 08:36:00+00:00,1217,156,5.119145439605587,16.0,2.452795750493259,39,49,1373,rrc00,codered,normal,0
2001-07-08 08:39:00+00:00,1242,210,5.320450885668277,17.0,2.8582254873957607,43,68,1452,rrc00,codered,normal,0
2001-07-08 08:42:00+00:00,9935,534,4.644690488173126,16.0,1.282994634177692,50,348,10469,rrc00,codered,normal,0
2001-07-08 08:45:00+00:00,8890,258,4.578402699662542,17.0,1.152287953322341,31,95,9148,rrc00,codered,normal,0
2001-07-08 08:48:00+00:00,1447,360,5.289564616447823,14.0,2.1940537259579633,47,145,1807,rrc00,codered,normal,0
2001-07-08 08:51:00+00:00,2168,354,4.92619926199262,15.0,1.8417803688508374,77,99,2522,rrc00,codered,normal,0
2001-07-08 08:54:00+00:00,2532,426,4.778436018957346,17.0,1.7959387445524044,65,95,2958,rrc00,codered,normal,0
2001-07-08 08:57:00+00:00,1151,184,5.832319721980886,16.0,2.964990876947901,34,43,1335,rrc00,codered,normal,0
2001-07-08 09:00:00+00:00,1663,175,5.680697534576067,19.0,2.599256379951604,37,45,1838,rrc00,codered,normal,0
2001-07-08 09:03:00+00:00,5984,227,4.710728609625669,16.0,1.4295084898677408,33,129,6211,rrc00,codered,normal,0
2001-07-08 09:06:00+00:00,7720,676,4.603497409326425,15.0,1.311927426055577,46,498,8396,rrc00,codered,normal,0
2001-07-08 09:09:00+00:00,6178,182,4.498057623826481,16.0,1.413897440208661,38,55,6360,rrc00,codered,normal,0
2001-07-08 09:12:00+00:00,1890,172,5.224338624338625,16.0,2.291100844812544,30,54,2062,rrc00,codered,normal,0
2001-07-08 09:15:00+00:00,7369,493,5.481747862667933,19.0,1.9174791164354796,35,368,7862,rrc00,codered,normal,0
2001-07-08 09:18:00+00:00,11491,523,4.884083195544339,16.0,1.7581962125691077,71,207,12014,rrc00,codered,normal,0
2001-07-08 09:21:00+00:00,7712,1010,5.575726141078838,19.0,2.0066595535878626,34,847,8722,rrc00,codered,normal,0
2001-07-08 09:24:00+00:00,4098,302,4.486334797462177,18.0,1.7393428374708286,47,74,4400,rrc00,codered,normal,0
2001-07-08 09:27:00+00:00,2041,302,5.260166585007349,18.0,2.6735545526118996,55,70,2343,rrc00,codered,normal,0
2001-07-08 09:30:00+00:00,1399,191,5.513938527519657,16.0,2.519328881259184,39,59,1590,rrc00,codered,normal,0
2001-07-08 09:33:00+00:00,871,247,5.059701492537314,14.0,2.0624285180217887,37,65,1118,rrc00,codered,normal,0
2001-07-08 09:36:00+00:00,2204,97244,5.080762250453721,20.0,2.3173401737078296,62,96945,99448,rrc00,codered,normal,0
2001-07-08 09:39:00+00:00,80129,161,5.814861036578517,22.0,1.598260543274555,30,44,80290,rrc00,codered,normal,0
2001-07-08 09:42:00+00:00,22118,307,6.108508906772764,22.0,1.62656059466131,41,61,22425,rrc00,codered,normal,0
2001-07-08 09:45:00+00:00,1284,307,5.787383177570093,17.0,2.8965759686691324,48,64,1591,rrc00,codered,normal,0
2001-07-08 09:48:00+00:00,10458,563,5.685982023331421,20.0,2.01079428271781,81,373,11021,rrc00,codered,normal,0
2001-07-08 09:51:00+00:00,7764,210,4.3183925811437405,16.0,1.5919739099173003,38,52,7974,rrc00,codered,normal,0
2001-07-08 09:54:00+00:00,1076,196,5.6775092936802976,17.0,2.8101475250184214,34,42,1272,rrc00,codered,normal,0
2001-07-08 09:57:00+00:00,3659,1058,5.638152500683247,20.0,1.8175087472035494,48,829,4717,rrc00,codered,normal,0
2001-07-08 10:00:00+00:00,11935,1769,4.876916631755342,19.0,1.891178350549195,43,1600,13704,rrc00,codered,normal,0
2001-07-08 10:03:00+00:00,1679,262,5.575938058368076,15.0,2.5979407130486685,43,56,1941,rrc00,codered,normal,0
2001-07-08 10:06:00+00:00,2575,361,5.6578640776699025,17.0,2.5409713189371192,53,84,2936,rrc00,codered,normal,0
2001-07-08 10:09:00+00:00,1896,287,5.715189873417722,15.0,2.5227030881816197,41,92,2183,rrc00,codered,normal,0
2001-07-08 10:12:00+00:00,2696,316,5.191394658753709,16.0,2.1421342171959856,43,88,3012,rrc00,codered,normal,0
2001-07-08 10:15:00+00:00,1963,336,5.147733061640347,17.0,2.243137200284277,56,73,2299,rrc00,codered,normal,0
2001-07-08 10:18:00+00:00,1105,136,5.182805429864254,15.0,2.2718169623802775,28,48,1241,rrc00,codered,normal,0
2001-07-08 10:21:00+00:00,1622,121,5.015413070283601,17.0,2.0178938540447766,19,33,1743,rrc00,codered,normal,0
2001-07-08 10:24:00+00:00,7957,968,4.7669976121653885,15.0,1.6219252122439816,43,784,8925,rrc00,codered,normal,0
2001-07-08 10:27:00+00:00,3540,383,4.584463276836158,15.0,2.008860702512182,52,98,3923,rrc00,codered,normal,0
2001-07-08 10:30:00+00:00,2627,400,5.394746859535592,15.0,2.574186483388606,57,186,3027,rrc00,codered,normal,0
2001-07-08 10:33:00+00:00,2455,413,5.590224032586558,15.0,2.04747774662522,75,97,2868,rrc00,codered,normal,0
2001-07-08 10:36:00+00:00,3189,442,5.8071495766698025,18.0,2.406638474216507,69,111,3631,rrc00,codered,normal,0
2001-07-08 10:39:00+00:00,3737,764,5.6192132726786195,20.0,2.3022333566396602,116,156,4501,rrc00,codered,normal,0
2001-07-08 10:42:00+00:00,3511,612,5.3446311592138995,16.0,1.9048123182916108,91,173,4123,rrc00,codered,normal,0
2001-07-08 10:45:00+00:00,12841,2586,5.287282921890818,19.0,1.6254539552977638,147,1677,15427,rrc00,codered,normal,0
2001-07-08 10:48:00+00:00,6956,800,5.416187464059805,15.0,1.9394269357010543,74,504,7756,rrc00,codered,normal,0
2001-07-08 10:51:00+00:00,9238,797,4.619831132279714,16.0,1.5937488479699482,71,421,10035,rrc00,codered,normal,0
2001-07-08 10:54:00+00:00,3762,2355,5.211323763955343,17.0,2.0233221274907516,126,1356,6117,rrc00,codered,normal,0
2001-07-08 10:57:00+00:00,8081,2190,5.310605123128326,19.0,1.8196898151898016,114,1231,10271,rrc00,codered,normal,0
2001-07-08 11:00:00+00:00,1885,585,5.569761273209549,17.0,2.2109057390674414,45,377,2470,rrc00,codered,normal,0
2001-07-08 11:03:00+00:00,1937,250,5.300464636035106,18.0,2.6285366157295704,47,67,2187,rrc00,codered,normal,0
2001-07-08 11:06:00+00:00,3533,626,6.064817435607133,19.0,2.320862250782268,37,473,4159,rrc00,codered,normal,0
2001-07-08 11:09:00+00:00,2276,233,5.370826010544816,15.0,2.3283821184648947,39,79,2509,rrc00,codered,normal,0
2001-07-08 11:12:00+00:00,1423,203,5.612789880534083,16.0,2.5528355287691538,34,53,1626,rrc00,codered,normal,0
2001-07-08 11:15:00+00:00,1527,220,5.468893254747871,17.0,2.681312811904873,52,63,1747,rrc00,codered,normal,0
2001-07-08 11:18:00+00:00,1937,362,5.891584925141972,15.0,2.6733384906780397,42,122,2299,rrc00,codered,normal,0
2001-07-08 11:21:00+00:00,5315,327,5.225776105362183,16.0,1.5943850602449054,42,162,5642,rrc00,codered,normal,0
2001-07-08 11:24:00+00:00,3630,237,4.448484848484848,19.0,1.626389354495122,33,92,3867,rrc00,codered,normal,0
2001-07-08 11:27:00+00:00,3206,619,5.06394260761073,16.0,1.9612506167581405,82,172,3825,rrc00,codered,normal,0
2001-07-08 11:30:00+00:00,2175,441,4.915402298850575,16.0,2.071196447277058,80,100,2616,rrc00,codered,normal,0
2001-07-08 11:33:00+00:00,2117,454,5.111006140765234,15.0,2.1399890027618147,85,105,2571,rrc00,codered,normal,0
2001-07-08 11:36:00+00:00,3274,394,4.1270616982284665,15.0,1.7899077636980107,64,90,3668,rrc00,codered,normal,0
2001-07-08 11:39:00+00:00,1487,214,5.512441156691325,17.0,2.7038939066913064,29,86,1701,rrc00,codered,normal,0
2001-07-08 11:42:00+00:00,2298,356,5.168842471714535,15.0,2.0227695514782758,43,121,2654,rrc00,codered,normal,0
2001-07-08 11:45:00+00:00,2185,181,5.165217391304348,16.0,2.2657894014625284,34,45,2366,rrc00,codered,normal,0
2001-07-08 11:48:00+00:00,2556,487,4.950704225352113,16.0,2.3745346906340195,73,81,3043,rrc00,codered,normal,0
2001-07-08 11:51:00+00:00,1547,197,4.82934712346477,15.0,2.017529456301064,24,104,1744,rrc00,codered,normal,0
2001-07-08 11:54:00+00:00,5039,222,4.654693391545941,16.0,1.5946157732931754,37,61,5261,rrc00,codered,normal,0
2001-07-08 11:57:00+00:00,4126,250,4.617547261269995,19.0,1.802842156047748,47,54,4376,rrc00,codered,normal,0
2001-07-08 12:00:00+00:00,5039,432,4.695574518753721,17.0,1.6021797089463834,88,107,5471,rrc00,codered,normal,0
2001-07-08 12:03:00+00:00,2721,468,5.272693862550533,19.0,2.020445036503131,82,98,3189,rrc00,codered,normal,0
2001-07-08 12:06:00+00:00,1825,194,4.371506849315068,15.0,1.6628278201732518,27,87,2019,rrc00,codered,normal,0
2001-07-08 12:09:00+00:00,6180,162,4.8699029126213595,16.0,1.6518794798098193,31,46,6342,rrc00,codered,normal,0
2001-07-08 12:12:00+00:00,2153,316,5.133766836971668,15.0,1.8516102068423443,39,58,2469,rrc00,codered,normal,0
2001-07-08 12:15:00+00:00,2710,267,4.852767527675277,15.0,1.7479829433695462,89,106,2977,rrc00,codered,normal,0
2001-07-08 12:18:00+00:00,1465,199,5.41160409556314,16.0,2.3072526591209663,31,51,1664,rrc00,codered,normal,0
2001-07-08 12:21:00+00:00,1309,215,5.241405653170359,15.0,2.41837184772877,40,58,1524,rrc00,codered,normal,0
2001-07-08 12:24:00+00:00,1217,233,4.976170912078882,16.0,2.1150765600635815,37,44,1450,rrc00,codered,normal,0
2001-07-08 12:27:00+00:00,1475,240,5.647457627118644,18.0,2.586887137422864,42,53,1715,rrc00,codered,normal,0
2001-07-08 12:30:00+00:00,1455,364,5.635051546391753,15.0,2.4191692037801378,47,71,1819,rrc00,codered,normal,0
2001-07-08 12:33:00+00:00,1052,133,6.068441064638783,16.0,2.7446928123852627,22,34,1185,rrc00,codered,normal,0
2001-07-08 12:36:00+00:00,1558,135,5.672657252888318,15.0,2.227303901453663,37,46,1693,rrc00,codered,normal,0
2001-07-08 12:39:00+00:00,996,204,5.320281124497992,16.0,2.1747986846049403,27,46,1200,rrc00,codered,normal,0
2001-07-08 12:42:00+00:00,1043,123,4.797698945349952,15.0,2.434632370985262,25,37,1166,rrc00,codered,normal,0
2001-07-08 12:45:00+00:00,1074,96,4.278398510242086,14.0,2.0838473508391324,20,38,1170,rrc00,codered,normal,0
2001-07-08 12:48:00+00:00,1591,223,5.375235700817096,15.0,2.7979277919081,44,65,1814,rrc00,codered,normal,0
2001-07-08 12:51:00+00:00,2222,411,5.121512151215121,15.0,2.1072921823187047,65,145,2633,rrc00,codered,normal,0
2001-07-08 12:54:00+00:00,1607,209,5.3988799004355945,18.0,2.3886943294955136,36,50,1816,rrc00,codered,normal,0
2001-07-08 12:57:00+00:00,2709,253,4.853082318198597,15.0,1.7261293736235919,62,91,2962,rrc00,codered,normal,0
2001-07-08 13:00:00+00:00,2332,589,5.932675814751287,15.0,2.395001772821149,87,108,2921,rrc00,codered,normal,0
2001-07-08 13:03:00+00:00,1475,410,5.2854237288135595,15.0,2.4051972835915696,61,104,1885,rrc00,codered,normal,0
2001-07-08 13:06:00+00:00,2359,275,5.49003815175922,15.0,2.0339963416050466,66,103,2634,rrc00,codered,normal,0
2001-07-08 13:09:00+00:00,1731,216,4.945696129404968,15.0,1.9575057279224648,34,81,1947,rrc00,codered,normal,0
2001-07-08 13:12:00+00:00,2043,322,5.319138521781694,16.0,1.9516828442454337,41,106,2365,rrc00,codered,normal,0
2001-07-08 13:15:00+00:00,1600,156,5.295,17.0,1.841324251727544,39,66,1756,rrc00,codered,normal,0
2001-07-08 13:18:00+00:00,1612,223,5.048387096774194,15.0,2.4294289843719366,43,53,1835,rrc00,codered,normal,0
2001-07-08 13:21:00+00:00,1598,226,4.688360450563204,15.0,1.7838104341041459,41,68,1824,rrc00,codered,normal,0
2001-07-08 13:24:00+00:00,1654,141,5.3954050785973395,15.0,2.128207100986661,32,56,1795,rrc00,codered,normal,0
2001-07-08 13:27:00+00:00,2297,194,5.110579016107967,18.0,2.3140381838999655,35,57,2491,rrc00,codered,normal,0
2001-07-08 13:30:00+00:00,1179,166,5.298558100084818,15.0,2.224641768870899,27,47,1345,rrc00,codered,normal,0
2001-07-08 13:33:00+00:00,1569,169,4.826003824091778,15.0,2.511858306194769,33,41,1738,rrc00,codered,normal,0
2001-07-08 13:36:00+00:00,1466,235,5.251705320600273,17.0,2.698607687181827,34,52,1701,rrc00,codered,normal,0
2001-07-08 13:39:00+00:00,1409,202,5.546486870120653,19.0,2.7130582302947834,53,71,1611,rrc00,codered,normal,0
2001-07-08 13:42:00+00:00,1625,306,5.656615384615384,21.0,2.965067531685513,43,60,1931,rrc00,codered,normal,0
2001-07-08 13:45:00+00:00,3101,385,4.905191873589165,24.0,2.1234191464713614,59,163,3486,rrc00,codered,normal,0
2001-07-08 13:48:00+00:00,2442,280,5.8628173628173625,18.0,2.5401802879698496,94,117,2722,rrc00,codered,normal,0
2001-07-08 13:51:00+00:00,1413,192,5.8605803255484785,16.0,2.5085183007512337,36,49,1605,rrc00,codered,normal,0
2001-07-08 13:54:00+00:00,1677,198,5.455575432319618,16.0,2.1643752439458672,38,47,1875,rrc00,codered,normal,0
2001-07-08 13:57:00+00:00,2213,211,4.929959331224582,15.0,1.744935696747567,35,52,2424,rrc00,codered,normal,0
2001-07-08 14:00:00+00:00,3098,339,5.279857972885733,17.0,1.6890605318197118,52,85,3437,rrc00,codered,normal,0
2001-07-08 14:03:00+00:00,1315,353,5.391634980988593,15.0,1.9333589409413285,41,83,1668,rrc00,codered,normal,0
2001-07-08 14:06:00+00:00,1042,268,5.199616122840691,17.0,2.2357417380889393,36,60,1310,rrc00,codered,normal,0
2001-07-08 14:09:00+00:00,1593,194,5.139987445072191,19.0,2.1424157533861456,36,51,1787,rrc00,codered,normal,0
2001-07-08 14:12:00+00:00,1197,239,5.649122807017544,15.0,2.3793583900553856,31,37,1436,rrc00,codered,normal,0
2001-07-08 14:15:00+00:00,2018,278,5.490089197224975,19.0,2.378494433468759,45,87,2296,rrc00,codered,normal,0
2001-07-08 14:18:00+00:00,2132,346,5.5623827392120075,20.0,2.2561883935953517,55,100,2478,rrc00,codered,normal,0
2001-07-08 14:21:00+00:00,1498,231,5.579439252336448,15.0,2.4848065325064295,45,91,1729,rrc00,codered,normal,0
2001-07-08 14:24:00+00:00,1610,312,6.052173913043478,18.0,3.0575857596850473,46,66,1922,rrc00,codered,normal,0
2001-07-08 14:27:00+00:00,1715,236,5.503790087463557,18.0,2.5617420007459195,31,86,1951,rrc00,codered,normal,0
2001-07-08 14:30:00+00:00,1912,182,4.787133891213389,17.0,2.0057922783981175,31,63,2094,rrc00,codered,normal,0
2001-07-08 14:33:00+00:00,1516,206,4.660949868073879,15.0,1.9136587634482136,34,49,1722,rrc00,codered,normal,0
2001-07-08 14:36:00+00:00,3971,284,4.135734072022161,19.0,1.487278323203962,48,170,4255,rrc00,codered,normal,0
2001-07-08 14:39:00+00:00,1864,218,5.254828326180258,19.0,2.024786925824942,40,63,2082,rrc00,codered,normal,0
2001-07-08 14:42:00+00:00,1889,402,5.401799894123875,17.0,2.5773408804336424,88,102,2291,rrc00,codered,normal,0
2001-07-08 14:45:00+00:00,3065,342,5.420880913539968,18.0,2.2268613470312006,89,112,3407,rrc00,codered,normal,0
2001-07-08 14:48:00+00:00,6835,187,4.937381126554499,16.0,1.3401240878774392,36,68,7022,rrc00,codered,normal,0
2001-07-08 14:51:00+00:00,6720,256,4.623511904761905,19.0,1.4151331924024781,55,91,6976,rrc00,codered,normal,0
2001-07-08 14:54:00+00:00,3992,274,5.323647294589178,16.0,1.4765915376249676,50,80,4266,rrc00,codered,normal,0
2001-07-08 14:57:00+00:00,6084,150,5.578238001314924,16.0,1.1804454518201575,25,53,6234,rrc00,codered,normal,0
2001-07-08 15:00:00+00:00,1588,194,4.910579345088161,15.0,1.6404256733543505,35,67,1782,rrc00,codered,normal,0
2001-07-08 15:03:00+00:00,1346,309,5.100297176820208,15.0,1.8461356534027205,48,64,1655,rrc00,codered,normal,0
2001-07-08 15:06:00+00:00,1063,184,4.624647224835371,15.0,1.9328409582786044,25,47,1247,rrc00,codered,normal,0
2001-07-08 15:09:00+00:00,1110,189,4.97927927927928,15.0,1.9861056610306156,25,59,1299,rrc00,codered,normal,0
2001-07-08 15:12:00+00:00,1879,225,5.465673230441724,15.0,1.9465360567439005,41,70,2104,rrc00,codered,normal,0
2001-07-08 15:15:00+00:00,2367,221,4.464300802703844,15.0,2.1072564007695083,28,105,2588,rrc00,codered,normal,0
2001-07-08 15:18:00+00:00,2837,99,4.154740923510751,17.0,1.8073469236883273,18,38,2936,rrc00,codered,normal,0
2001-07-08 15:21:00+00:00,1167,150,4.874035989717224,15.0,1.9664023083087676,24,43,1317,rrc00,codered,normal,0
2001-07-08 15:24:00+00:00,924,227,5.314935064935065,17.0,2.4709029441521575,38,56,1151,rrc00,codered,normal,0
2001-07-08 15:27:00+00:00,1211,218,5.230388109000826,15.0,2.43032073839758,40,59,1429,rrc00,codered,normal,0
2001-07-08 15:30:00+00:00,1236,135,5.140776699029126,15.0,2.0244270543432137,23,38,1371,rrc00,codered,normal,0
2001-07-08 15:33:00+00:00,1700,291,5.365882352941177,15.0,2.1434470830706025,43,78,1991,rrc00,codered,normal,0
2001-07-08 15:36:00+00:00,2196,346,5.23087431693989,16.0,2.145222454965773,55,85,2542,rrc00,codered,normal,0
2001-07-08 15:39:00+00:00,2037,461,5.8703976435935195,19.0,2.5569396919119853,58,79,2498,rrc00,codered,normal,0
2001-07-08 15:42:00+00:00,2654,600,5.0595327807083645,15.0,1.6354440988290933,96,117,3254,rrc00,codered,normal,0
2001-07-08 15:45:00+00:00,1445,209,4.8788927335640135,17.0,2.111397023271084,28,67,1654,rrc00,codered,normal,0
2001-07-08 15:48:00+00:00,1703,198,5.139753376394598,18.0,1.8312128213815193,36,49,1901,rrc00,codered,normal,0
2001-07-08 15:51:00+00:00,1060,166,4.942452830188679,15.0,1.9732861258741627,24,41,1226,rrc00,codered,normal,0
2001-07-08 15:54:00+00:00,1244,224,5.42524115755627,15.0,2.0311179321701696,36,51,1468,rrc00,codered,normal,0
2001-07-08 15:57:00+00:00,1493,262,6.293369055592766,25.0,3.634277568537899,44,67,1755,rrc00,codered,normal,0
2001-07-08 16:00:00+00:00,860,260,6.015116279069767,28.0,3.3041206634401536,35,71,1120,rrc00,codered,normal,0
2001-07-08 16:03:00+00:00,1577,216,5.972098922003805,18.0,2.7157415133598932,39,53,1793,rrc00,codered,normal,0
2001-07-08 16:06:00+00:00,967,189,5.233712512926577,15.0,2.0996825908934738,32,52,1156,rrc00,codered,normal,0
2001-07-08 16:09:00+00:00,1014,260,4.581854043392505,15.0,1.745296896462942,41,52,1274,rrc00,codered,normal,0
2001-07-08 16:12:00+00:00,1703,476,5.1426893716970055,15.0,2.0525003703327,49,136,2179,rrc00,codered,normal,0
2001-07-08 16:15:00+00:00,3193,644,5.358910115878484,17.0,1.7494743523743932,121,134,3837,rrc00,codered,normal,0
2001-07-08 16:18:00+00:00,1757,390,4.873079112122936,15.0,1.705175863394021,50,60,2147,rrc00,codered,normal,0
2001-07-08 16:21:00+00:00,10860,300,4.816574585635359,15.0,1.360269465186088,41,148,11160,rrc00,codered,normal,0
2001-07-08 16:24:00+00:00,6957,515,4.25801351157108,15.0,1.3918728429814151,93,125,7472,rrc00,codered,normal,0
2001-07-08 16:27:00+00:00,2803,383,5.011059579022476,16.0,1.6226915217939606,55,81,3186,rrc00,codered,normal,0
2001-07-08 16:30:00+00:00,1418,329,4.982369534555712,15.0,1.7491805936491507,49,67,1747,rrc00,codered,normal,0
2001-07-08 16:33:00+00:00,2288,263,5.319055944055944,16.0,2.1133823891440917,41,95,2551,rrc00,codered,normal,0
2001-07-08 16:36:00+00:00,2379,583,5.231189575451871,16.0,1.7368790810540684,79,105,2962,rrc00,codered,normal,0
2001-07-08 16:39:00+00:00,2055,462,5.264720194647202,15.0,1.773554339370989,69,83,2517,rrc00,codered,normal,0
2001-07-08 16:42:00+00:00,1316,138,5.311550151975684,14.0,1.7625504018941707,28,49,1454,rrc00,codered,normal,0
2001-07-08 16:45:00+00:00,1103,190,4.6980961015412515,15.0,1.7584057937406758,28,49,1293,rrc00,codered,normal,0
2001-07-08 16:48:00+00:00,1500,212,4.958666666666667,15.0,1.7969302218567706,38,54,1712,rrc00,codered,normal,0
2001-07-08 16:51:00+00:00,1360,186,4.983088235294118,17.0,2.0698485006743716,34,45,1546,rrc00,codered,normal,0
2001-07-08 16:54:00+00:00,1947,367,5.239342578325629,17.0,1.8274945111377072,56,86,2314,rrc00,codered,normal,0
2001-07-08 16:57:00+00:00,1614,322,5.33457249070632,17.0,2.2437205303858505,49,62,1936,rrc00,codered,normal,0
2001-07-08 17:00:00+00:00,1241,205,5.243352135374698,19.0,2.297128441652996,31,42,1446,rrc00,codered,normal,0
2001-07-08 17:03:00+00:00,1103,162,4.922030825022666,15.0,2.2434137815485626,40,52,1265,rrc00,codered,normal,0
2001-07-08 17:06:00+00:00,1149,228,5.206266318537859,15.0,2.236674082389405,33,52,1377,rrc00,codered,normal,0
2001-07-08 17:09:00+00:00,1618,380,5.263906056860321,17.0,1.8677392774367632,62,73,1998,rrc00,codered,normal,0
2001-07-08 17:12:00+00:00,1582,195,5.160556257901391,15.0,1.7590687382387749,42,53,1777,rrc00,codered,normal,0
2001-07-08 17:15:00+00:00,1162,209,5.230636833046471,17.0,2.073143847396897,40,57,1371,rrc00,codered,normal,0
2001-07-08 17:18:00+00:00,4001,215,5.933016745813546,19.0,2.133980705994344,43,87,4216,rrc00,codered,normal,0
2001-07-08 17:21:00+00:00,2285,184,4.976805251641138,15.0,1.7232825374463083,30,56,2469,rrc00,codered,normal,0
2001-07-08 17:24:00+00:00,1334,230,4.549475262368816,15.0,1.5026799230166166,39,55,1564,rrc00,codered,normal,0
2001-07-08 17:27:00+00:00,1317,382,5.061503416856492,15.0,2.105785901305531,57,66,1699,rrc00,codered,normal,0
2001-07-08 17:30:00+00:00,1446,204,4.978561549100968,16.0,2.076399594311594,36,61,1650,rrc00,codered,normal,0
2001-07-08 17:33:00+00:00,1008,180,5.113095238095238,15.0,2.088115260261285,45,52,1188,rrc00,codered,normal,0
2001-07-08 17:36:00+00:00,895,290,5.777653631284916,15.0,2.466932837157403,46,55,1185,rrc00,codered,normal,0
2001-07-08 17:39:00+00:00,1255,157,4.834262948207171,15.0,1.9461938937048633,29,55,1412,rrc00,codered,normal,0
2001-07-08 17:42:00+00:00,1275,209,4.939607843137255,16.0,1.9419718711077611,42,60,1484,rrc00,codered,normal,0
2001-07-08 17:45:00+00:00,1771,264,5.049124788255223,15.0,1.874179834687929,54,89,2035,rrc00,codered,normal,0
2001-07-08 17:48:00+00:00,1749,241,4.628359062321326,14.0,1.6707953533951239,33,62,1990,rrc00,codered,normal,0
2001-07-08 17:51:00+00:00,1131,200,5.038019451812556,15.0,1.755467690187636,42,68,1331,rrc00,codered,normal,0
2001-07-08 17:54:00+00:00,1638,324,4.968864468864469,14.0,1.731594663335045,57,81,1962,rrc00,codered,normal,0
2001-07-08 17:57:00+00:00,959,255,5.521376433785193,16.0,2.1461976909846165,44,67,1214,rrc00,codered,normal,0
2001-07-08 18:00:00+00:00,1299,192,5.3325635103926095,18.0,2.1232849916808494,42,61,1491,rrc00,codered,normal,0
2001-07-08 18:03:00+00:00,871,195,5.192881745120551,17.0,2.0919165035100167,47,64,1066,rrc00,codered,normal,0
2001-07-08 18:06:00+00:00,1086,314,4.9926335174953955,15.0,1.9576409931230412,53,77,1400,rrc00,codered,normal,0
2001-07-08 18:09:00+00:00,2222,496,4.885238523852386,13.0,1.6668710107589944,81,135,2718,rrc00,codered,normal,0
2001-07-08 18:12:00+00:00,1380,282,5.18768115942029,15.0,1.8600277736180555,50,74,1662,rrc00,codered,normal,0
2001-07-08 18:15:00+00:00,1781,207,5.022459292532285,22.0,2.1555331602897607,38,52,1988,rrc00,codered,normal,0
2001-07-08 18:18:00+00:00,2348,349,4.859454855195912,18.0,1.808038564491275,67,106,2697,rrc00,codered,normal,0
2001-07-08 18:21:00+00:00,3345,582,4.737518684603886,15.0,1.7114353284400345,91,224,3927,rrc00,codered,normal,0
2001-07-08 18:24:00+00:00,2429,385,4.635652531906135,15.0,1.8952121090099356,76,90,2814,rrc00,codered,normal,0
2001-07-08 18:27:00+00:00,1450,253,5.326896551724138,19.0,2.4104729875651403,43,56,1703,rrc00,codered,normal,0
2001-07-08 18:30:00+00:00,1354,197,4.844903988183161,15.0,1.9049476584997502,46,77,1551,rrc00,codered,normal,0
2001-07-08 18:33:00+00:00,1946,368,5.2055498458376155,20.0,2.582033351646703,65,90,2314,rrc00,codered,normal,0
2001-07-08 18:36:00+00:00,955,168,5.4167539267015705,15.0,2.570092168814546,24,52,1123,rrc00,codered,normal,0
2001-07-08 18:39:00+00:00,1283,143,5.933749025720966,21.0,3.1384484486754287,25,44,1426,rrc00,codered,normal,0
2001-07-08 18:42:00+00:00,2438,295,5.416324856439704,17.0,2.2498227321212494,54,82,2733,rrc00,codered,normal,0
2001-07-08 18:45:00+00:00,1480,298,5.852702702702703,14.0,2.4113875658415838,49,61,1778,rrc00,codered,normal,0
2001-07-08 18:48:00+00:00,2318,308,6.215271786022433,19.0,2.7207999016345545,40,122,2626,rrc00,codered,normal,0
2001-07-08 18:51:00+00:00,5607,433,6.5293383270911365,20.0,2.194035230177439,85,123,6040,rrc00,codered,normal,0
2001-07-08 18:54:00+00:00,3032,1034,7.089709762532982,18.0,2.5003692962458923,131,200,4066,rrc00,codered,normal,0
2001-07-08 18:57:00+00:00,2038,279,6.315014720314033,18.0,2.824934587165807,60,113,2317,rrc00,codered,normal,0
2001-07-08 19:00:00+00:00,2310,267,5.696103896103896,21.0,2.690585231810823,61,101,2577,rrc00,codered,normal,0
2001-07-08 19:03:00+00:00,3615,465,5.539972337482711,19.0,2.5417114499231555,78,143,4080,rrc00,codered,normal,0
2001-07-08 19:06:00+00:00,15962,1020,4.19239443678737,19.0,2.1142080663193696,132,149,16982,rrc00,codered,normal,0
2001-07-08 19:09:00+00:00,2579,409,5.81155486622722,15.0,2.55474496875227,53,150,2988,rrc00,codered,normal,0
2001-07-08 19:12:00+00:00,2443,360,6.454768726975031,18.0,2.8140452325336365,52,89,2803,rrc00,codered,normal,0
2001-07-08 19:15:00+00:00,1396,201,6.635386819484241,18.0,2.8394745936262917,34,60,1597,rrc00,codered,normal,0
2001-07-08 19:18:00+00:00,1215,239,6.4,16.0,2.8367952706191906,35,66,1454,rrc00,codered,normal,0
2001-07-08 19:21:00+00:00,2397,423,5.904881101376721,17.0,2.5268118272790354,79,93,2820,rrc00,codered,normal,0
2001-07-08 19:24:00+00:00,2203,334,5.957784838856106,21.0,2.585713919403606,64,97,2537,rrc00,codered,normal,0
2001-07-08 19:27:00+00:00,2574,206,5.217560217560218,17.0,2.229644718421114,34,53,2780,rrc00,codered,normal,0
2001-07-08 19:30:00+00:00,2697,341,6.153874675565443,23.0,2.9776787953697488,76,110,3038,rrc00,codered,normal,0
2001-07-08 19:33:00+00:00,3297,546,6.203215043979375,23.0,2.900213138943293,87,109,3843,rrc00,codered,normal,0
2001-07-08 19:36:00+00:00,2761,362,6.806591814559942,20.0,3.406468484626416,50,85,3123,rrc00,codered,normal,0
2001-07-08 19:39:00+00:00,1870,331,6.433155080213904,22.0,3.470513252817544,51,83,2201,rrc00,codered,normal,0
2001-07-08 19:42:00+00:00,2540,375,6.588976377952756,21.0,3.722399284401509,52,62,2915,rrc00,codered,normal,0
2001-07-08 19:45:00+00:00,2107,153,5.571428571428571,19.0,3.3596336275044005,22,56,2260,rrc00,codered,normal,0
2001-07-08 19:48:00+00:00,1344,166,5.835565476190476,15.0,2.5815076070921763,29,41,1510,rrc00,codered,normal,0
2001-07-08 19:51:00+00:00,1349,299,6.163083765752409,19.0,2.792306699200086,43,57,1648,rrc00,codered,normal,0
2001-07-08 19:54:00+00:00,1372,182,5.661807580174927,20.0,2.6596376697593946,42,52,1554,rrc00,codered,normal,0
2001-07-08 19:57:00+00:00,1637,164,6.128894318875993,15.0,2.845631671221221,27,51,1801,rrc00,codered,normal,0
2001-07-08 20:00:00+00:00,1994,160,6.072718154463391,17.0,2.695556716494185,31,40,2154,rrc00,codered,normal,0
2001-07-08 20:03:00+00:00,1634,322,5.7331701346389226,19.0,2.5174619267130045,43,57,1956,rrc00,codered,normal,0
2001-07-08 20:06:00+00:00,2912,402,5.464285714285714,18.0,2.171737615370627,43,87,3314,rrc00,codered,normal,0
2001-07-08 20:09:00+00:00,1933,232,5.627004655975168,17.0,2.712664093792619,38,60,2165,rrc00,codered,normal,0
2001-07-08 20:12:00+00:00,2210,213,5.073303167420814,19.0,2.449685997689303,27,85,2423,rrc00,codered,normal,0
2001-07-08 20:15:00+00:00,1634,177,5.511015911872705,18.0,2.3343926519766085,39,53,1811,rrc00,codered,normal,0
2001-07-08 20:18:00+00:00,1876,285,5.858208955223881,19.0,2.6724412449924624,41,72,2161,rrc00,codered,normal,0
2001-07-08 20:21:00+00:00,2290,255,5.741048034934498,20.0,2.5054910425912267,46,98,2545,rrc00,codered,normal,0
2001-07-08 20:24:00+00:00,2006,276,5.870388833499502,21.0,2.7754353575759403,49,136,2282,rrc00,codered,normal,0
2001-07-08 20:27:00+00:00,653,177,5.249617151607963,18.0,2.762778304092073,31,43,830,rrc00,codered,normal,0
2001-07-08 20:30:00+00:00,1612,261,6.422456575682382,18.0,2.5413829337304255,32,44,1873,rrc00,codered,normal,0
2001-07-08 20:33:00+00:00,2125,219,6.073411764705883,15.0,2.1749967155843635,58,75,2344,rrc00,codered,normal,0
2001-07-08 20:36:00+00:00,1428,112,5.992997198879552,15.0,2.5569055686174424,21,37,1540,rrc00,codered,normal,0
2001-07-08 20:39:00+00:00,1665,267,6.177177177177177,18.0,2.742473482176278,41,61,1932,rrc00,codered,normal,0
2001-07-08 20:42:00+00:00,3345,521,6.45440956651719,17.0,2.3857635466901694,123,204,3866,rrc00,codered,normal,0
2001-07-08 20:45:00+00:00,3378,209,5.825932504440497,16.0,2.1793237114157327,29,44,3587,rrc00,codered,normal,0
2001-07-08 20:48:00+00:00,2089,242,5.82096696984203,16.0,2.487598887933488,35,44,2331,rrc00,codered,normal,0
2001-07-08 20:51:00+00:00,1773,273,6.02312464749013,15.0,2.7736626823358224,46,64,2046,rrc00,codered,normal,0
2001-07-08 20:54:00+00:00,1589,228,5.9710509754562615,15.0,2.641903258778029,33,55,1817,rrc00,codered,normal,0
2001-07-08 20:57:00+00:00,1695,251,6.353982300884955,22.0,2.7246943071716045,44,76,1946,rrc00,codered,normal,0
2001-07-08 21:00:00+00:00,2368,645,6.07347972972973,19.0,2.5905244537612577,97,123,3013,rrc00,codered,normal,0
2001-07-08 21:03:00+00:00,4275,422,5.177777777777778,19.0,2.0401174653079934,76,92,4697,rrc00,codered,normal,0
2001-07-08 21:06:00+00:00,10823,558,4.940312297884136,19.0,2.2204862431259906,84,237,11381,rrc00,codered,normal,0
2001-07-08 21:09:00+00:00,8890,970,5.225871766029246,23.0,2.0839644201835403,122,489,9860,rrc00,codered,normal,0
2001-07-08 21:12:00+00:00,8282,415,5.025839169282782,25.0,2.3718665807261785,66,92,8697,rrc00,codered,normal,0
2001-07-08 21:15:00+00:00,2153,233,6.308406874129123,22.0,3.179797017681248,47,74,2386,rrc00,codered,normal,0
2001-07-08 21:18:00+00:00,2105,263,5.396674584323041,15.0,2.3688172903185754,46,83,2368,rrc00,codered,normal,0
2001-07-08 21:21:00+00:00,2216,319,5.63086642599278,15.0,2.4502310301870636,35,131,2535,rrc00,codered,normal,0
2001-07-08 21:24:00+00:00,1935,193,6.416020671834626,18.0,2.794984744234377,34,55,2128,rrc00,codered,normal,0
2001-07-08 21:27:00+00:00,1754,215,6.120866590649943,21.0,2.7207945678171876,32,52,1969,rrc00,codered,normal,0
2001-07-08 21:30:00+00:00,1811,176,5.600220872446163,15.0,2.4513555577448334,26,40,1987,rrc00,codered,normal,0
2001-07-08 21:33:00+00:00,1908,327,6.068658280922432,18.0,2.5854379502820155,58,100,2235,rrc00,codered,normal,0
2001-07-08 21:36:00+00:00,2084,240,5.846449136276392,19.0,2.6662445034563778,45,57,2324,rrc00,codered,normal,0
2001-07-08 21:39:00+00:00,2023,245,5.821552150271874,15.0,2.5602555952336927,43,70,2268,rrc00,codered,normal,0
2001-07-08 21:42:00+00:00,1482,212,5.217948717948718,15.0,2.2358571199425854,35,58,1694,rrc00,codered,normal,0
2001-07-08 21:45:00+00:00,3410,265,5.019354838709678,18.0,2.310039454579537,51,107,3675,rrc00,codered,normal,0
2001-07-08 21:48:00+00:00,3207,373,5.21297162457125,19.0,2.608036103457403,60,129,3580,rrc00,codered,normal,0
2001-07-08 21:51:00+00:00,2181,315,5.649243466299862,18.0,2.8845007285273048,52,81,2496,rrc00,codered,normal,0
2001-07-08 21:54:00+00:00,2283,312,6.746386333771354,25.0,4.535650271426665,67,104,2595,rrc00,codered,normal,0
2001-07-08 21:57:00+00:00,1737,224,6.320667818077144,24.0,2.97062843357193,34,56,1961,rrc00,codered,normal,0
2001-07-08 22:00:00+00:00,1740,304,5.709770114942529,20.0,2.6828996481168477,49,95,2044,rrc00,codered,normal,0
2001-07-08 22:03:00+00:00,2263,281,5.900132567388423,16.0,2.733519690521095,46,82,2544,rrc00,codered,normal,0
2001-07-08 22:06:00+00:00,2040,309,5.839705882352941,16.0,2.758994544011816,52,70,2349,rrc00,codered,normal,0
2001-07-08 22:09:00+00:00,2217,237,5.497068110058637,17.0,2.8932465296969925,44,68,2454,rrc00,codered,normal,0
2001-07-08 22:12:00+00:00,2266,330,5.988526037069726,19.0,2.979312436375373,49,71,2596,rrc00,codered,normal,0
2001-07-08 22:15:00+00:00,2895,259,6.215198618307427,20.0,2.600181424571935,41,72,3154,rrc00,codered,normal,0
2001-07-08 22:18:00+00:00,2630,495,4.95893536121673,19.0,2.7018909741375596,57,251,3125,rrc00,codered,normal,0
2001-07-08 22:21:00+00:00,4228,467,4.5768684957426675,18.0,2.0051977007357316,64,227,4695,rrc00,codered,normal,0
2001-07-08 22:24:00+00:00,2523,348,6.280618311533888,20.0,2.9841251427830464,75,112,2871,rrc00,codered,normal,0
2001-07-08 22:27:00+00:00,2425,300,5.589278350515464,15.0,2.6637638077637287,45,69,2725,rrc00,codered,normal,0
2001-07-08 22:30:00+00:00,1892,217,5.926532769556025,19.0,2.5153637902578887,36,57,2109,rrc00,codered,normal,0
2001-07-08 22:33:00+00:00,1734,185,6.209342560553633,19.0,2.748703023348395,33,83,1919,rrc00,codered,normal,0
2001-07-08 22:36:00+00:00,4158,843,5.101972101972102,19.0,2.275344342733552,114,157,5001,rrc00,codered,normal,0
2001-07-08 22:39:00+00:00,3616,570,5.824391592920354,21.0,2.658446250373329,94,139,4186,rrc00,codered,normal,0
2001-07-08 22:42:00+00:00,3661,534,5.059000273149413,20.0,2.2492376893701524,66,250,4195,rrc00,codered,normal,0
2001-07-08 22:45:00+00:00,4733,624,5.129304880625396,19.0,2.289748113116518,76,130,5357,rrc00,codered,normal,0
2001-07-08 22:48:00+00:00,2725,351,5.442935779816514,15.0,2.285043232382578,67,108,3076,rrc00,codered,normal,0
2001-07-08 22:51:00+00:00,2423,474,5.883615352868345,15.0,2.6719974898655234,66,83,2897,rrc00,codered,normal,0
2001-07-08 22:54:00+00:00,1975,358,5.798481012658228,18.0,3.2181286678840553,53,103,2333,rrc00,codered,normal,0
2001-07-08 22:57:00+00:00,1234,223,7.209886547811993,26.0,5.504723136586193,39,53,1457,rrc00,codered,normal,0
2001-07-08 23:00:00+00:00,2575,295,5.7102912621359225,25.0,2.9497985635720627,33,87,2870,rrc00,codered,normal,0
2001-07-08 23:03:00+00:00,2381,261,5.570768584628308,15.0,2.2364741605778584,37,57,2642,rrc00,codered,normal,0
2001-07-08 23:06:00+00:00,9868,634,5.945074989866234,15.0,2.1463534805640325,43,421,10502,rrc00,codered,normal,0
2001-07-08 23:09:00+00:00,2371,306,5.852804723745255,21.0,2.719226330832105,45,69,2677,rrc00,codered,normal,0
2001-07-08 23:12:00+00:00,1973,241,5.882919412062848,16.0,2.6469918456257444,40,60,2214,rrc00,codered,normal,0
2001-07-08 23:15:00+00:00,2695,236,5.3595547309833025,18.0,2.270615019353563,43,58,2931,rrc00,codered,normal,0
2001-07-08 23:18:00+00:00,8997,1573,4.815938646215405,18.0,1.8122130959761877,65,1330,10570,rrc00,codered,normal,0
2001-07-08 23:21:00+00:00,2625,211,5.171809523809523,18.0,1.9767711917850286,37,69,2836,rrc00,codered,normal,0
2001-07-08 23:24:00+00:00,4159,229,4.868477999519115,19.0,2.1637162616685965,35,63,4388,rrc00,codered,normal,0
2001-07-08 23:27:00+00:00,4573,345,5.304176689263066,18.0,1.9866100111429257,61,109,4918,rrc00,codered,normal,0
2001-07-08 23:30:00+00:00,3024,364,5.738425925925926,15.0,2.253311415917832,64,80,3388,rrc00,codered,normal,0
2001-07-08 23:33:00+00:00,2319,268,5.9650711513583445,17.0,2.533788124725594,38,86,2587,rrc00,codered,normal,0
2001-07-08 23:36:00+00:00,2257,197,5.818785999113868,18.0,2.7091210641138774,38,62,2454,rrc00,codered,normal,0
2001-07-08 23:39:00+00:00,3046,197,6.217334208798424,21.0,2.8190169301234898,40,60,3243,rrc00,codered,normal,0
2001-07-08 23:42:00+00:00,1817,311,6.280682443588333,19.0,3.0273793685909873,54,79,2128,rrc00,codered,normal,0
2001-07-08 23:45:00+00:00,2252,395,5.959591474245116,18.0,2.8264893607868653,65,98,2647,rrc00,codered,normal,0
2001-07-08 23:48:00+00:00,2172,338,5.969152854511971,15.0,2.5243686409808213,67,110,2510,rrc00,codered,normal,0
2001-07-08 23:51:00+00:00,2030,268,5.826600985221675,19.0,2.483934939098427,40,85,2298,rrc00,codered,normal,0
2001-07-08 23:54:00+00:00,1691,234,6.090479006505027,18.0,2.826038084471185,43,72,1925,rrc00,codered,normal,0
2001-07-08 23:57:00+00:00,1713,218,5.983070636310567,15.0,2.696834867084529,44,85,1931,rrc00,codered,normal,0
2001-07-09 00:00:00+00:00,1082,117,5.503696857670979,18.0,2.6608139507260358,23,31,1199,rrc00,codered,normal,0
2001-07-09 00:03:00+00:00,2184,215,5.8594322344322345,15.0,2.229695286263047,38,58,2399,rrc00,codered,normal,0
2001-07-09 00:06:00+00:00,2220,401,6.145945945945946,19.0,2.561558639528837,63,85,2621,rrc00,codered,normal,0
2001-07-09 00:09:00+00:00,3162,546,5.856103731815307,19.0,2.4541028650456287,71,115,3708,rrc00,codered,normal,0
2001-07-09 00:12:00+00:00,2302,274,5.715464813205908,15.0,2.5155147993513784,38,109,2576,rrc00,codered,normal,0
2001-07-09 00:15:00+00:00,14224,339,4.00421822272216,22.0,2.1000988732588777,66,100,14563,rrc00,codered,normal,0
2001-07-09 00:18:00+00:00,1827,267,5.796934865900383,19.0,2.7570542289702575,41,104,2094,rrc00,codered,normal,0
2001-07-09 00:21:00+00:00,5073,387,4.765424797949931,15.0,1.885906704500547,53,157,5460,rrc00,codered,normal,0
2001-07-09 00:24:00+00:00,2993,240,5.326762445706649,16.0,2.232735398535319,36,72,3233,rrc00,codered,normal,0
2001-07-09 00:27:00+00:00,2888,144,4.900277008310249,16.0,2.124197728496194,25,35,3032,rrc00,codered,normal,0
2001-07-09 00:30:00+00:00,4221,233,4.49561715233357,15.0,2.1310516025645048,74,102,4454,rrc00,codered,normal,0
2001-07-09 00:33:00+00:00,4433,414,4.624859011955786,21.0,2.1115486290045826,79,212,4847,rrc00,codered,normal,0
2001-07-09 00:36:00+00:00,3175,353,5.394330708661418,16.0,1.968275791503615,95,122,3528,rrc00,codered,normal,0
2001-07-09 00:39:00+00:00,2519,372,5.379118697895991,15.0,2.280711328023397,80,108,2891,rrc00,codered,normal,0
2001-07-09 00:42:00+00:00,20319,336,4.02952901225454,18.0,1.7246370291055104,86,109,20655,rrc00,codered,normal,0
2001-07-09 00:45:00+00:00,4056,244,5.537228796844182,15.0,2.1264499897932816,42,69,4300,rrc00,codered,normal,0
2001-07-09 00:48:00+00:00,3873,196,4.847921507875032,16.0,1.9412641562078112,24,104,4069,rrc00,codered,normal,0
2001-07-09 00:51:00+00:00,2827,304,5.350902016271666,16.0,2.2372466212371807,46,71,3131,rrc00,codered,normal,0
2001-07-09 00:54:00+00:00,1784,199,5.7242152466367715,15.0,2.5214676821356514,27,65,1983,rrc00,codered,normal,0
2001-07-09 00:57:00+00:00,1703,137,6.080446271285966,20.0,2.9072548673400203,25,48,1840,rrc00,codered,normal,0
2001-07-09 01:00:00+00:00,1842,255,5.795874049945711,18.0,2.668760915173165,39,78,2097,rrc00,codered,normal,0
2001-07-09 01:03:00+00:00,2232,286,5.472222222222222,15.0,2.4921271895936425,42,75,2518,rrc00,codered,normal,0
2001-07-09 01:06:00+00:00,4022,499,5.500248632521134,17.0,1.7460262300617138,128,153,4521,rrc00,codered,normal,0
2001-07-09 01:09:00+00:00,3602,606,5.478067740144364,15.0,1.9719554687564076,138,186,4208,rrc00,codered,normal,0
2001-07-09 01:12:00+00:00,2273,215,5.103827540695117,15.0,1.9780467709058027,34,57,2488,rrc00,codered,normal,0
2001-07-09 01:15:00+00:00,2068,313,6.069148936170213,15.0,2.456302014241757,44,67,2381,rrc00,codered,normal,0
2001-07-09 01:18:00+00:00,1489,261,6.570852921423774,18.0,2.7397498104819946,37,51,1750,rrc00,codered,normal,0
2001-07-09 01:21:00+00:00,5379,581,5.252649191299498,18.0,1.6807722349079532,148,185,5960,rrc00,codered,normal,0
2001-07-09 01:24:00+00:00,13914,870,5.68549662210723,19.0,1.8115494631407612,208,506,14784,rrc00,codered,normal,0
2001-07-09 01:27:00+00:00,7360,381,5.032336956521739,19.0,2.012471435266759,63,195,7741,rrc00,codered,normal,0
2001-07-09 01:30:00+00:00,8344,1685,4.936601150527325,14.0,1.9086729315456767,108,1292,10029,rrc00,codered,normal,0
2001-07-09 01:33:00+00:00,4017,410,6.400049788399303,19.0,2.1570247530852615,30,281,4427,rrc00,codered,normal,0
2001-07-09 01:36:00+00:00,1179,228,6.113655640373198,15.0,2.6699677634135415,34,59,1407,rrc00,codered,normal,0
2001-07-09 01:39:00+00:00,1454,265,6.363823933975241,17.0,2.760317289704178,48,60,1719,rrc00,codered,normal,0
2001-07-09 01:42:00+00:00,1654,179,6.78174123337364,15.0,2.7447001348523843,38,48,1833,rrc00,codered,normal,0
2001-07-09 01:45:00+00:00,1942,284,5.662718846549948,18.0,2.7864318201985387,38,65,2226,rrc00,codered,normal,0
2001-07-09 01:48:00+00:00,5631,419,4.909785118096253,16.0,1.904027027187789,13,359,6050,rrc00,codered,normal,0
2001-07-09 01:51:00+00:00,5828,1134,6.1942347288949895,19.0,2.1535961484071846,24,1020,6962,rrc00,codered,normal,0
2001-07-09 01:54:00+00:00,6246,614,5.191002241434518,16.0,1.857694848852176,39,479,6860,rrc00,codered,normal,0
2001-07-09 01:57:00+00:00,4948,625,4.724535165723525,19.0,2.2770666712859415,51,391,5573,rrc00,codered,normal,0
2001-07-09 02:00:00+00:00,2829,323,5.859314245316366,15.0,2.2982009246692408,37,186,3152,rrc00,codered,normal,0
2001-07-09 02:03:00+00:00,4537,457,5.426272867533613,18.0,1.9966683885357193,57,233,4994,rrc00,codered,normal,0
2001-07-09 02:06:00+00:00,7869,1824,4.959969500571864,19.0,2.135884260645593,183,1290,9693,rrc00,codered,normal,0
2001-07-09 02:09:00+00:00,5183,505,5.304263939803203,16.0,2.183161127266522,73,115,5688,rrc00,codered,normal,0
2001-07-09 02:12:00+00:00,6592,1556,5.521541262135922,17.0,1.9454382922063793,176,514,8148,rrc00,codered,normal,0
2001-07-09 02:15:00+00:00,4602,636,5.815514993481095,19.0,2.2641880747560106,84,304,5238,rrc00,codered,normal,0
2001-07-09 02:18:00+00:00,6259,636,5.011183895190925,15.0,2.0436683841819776,42,501,6895,rrc00,codered,normal,0
2001-07-09 02:21:00+00:00,2749,198,5.348126591487814,15.0,2.582212629369657,32,54,2947,rrc00,codered,normal,0
2001-07-09 02:24:00+00:00,4159,293,5.963212310651599,19.0,2.5195256485130675,45,92,4452,rrc00,codered,normal,0
2001-07-09 02:27:00+00:00,1996,209,6.022044088176353,19.0,2.5795004701319484,39,52,2205,rrc00,codered,normal,0
2001-07-09 02:30:00+00:00,2761,422,5.834118073161898,15.0,2.3286653665857036,76,91,3183,rrc00,codered,normal,0
2001-07-09 02:33:00+00:00,2810,335,5.237366548042704,17.0,1.9895345860781741,56,102,3145,rrc00,codered,normal,0
2001-07-09 02:36:00+00:00,1775,306,6.44169014084507,19.0,3.0916256655843672,41,89,2081,rrc00,codered,normal,0
2001-07-09 02:39:00+00:00,2149,415,5.615169846440205,18.0,2.7028022153434996,69,78,2564,rrc00,codered,normal,0
2001-07-09 02:42:00+00:00,2204,409,6.026315789473684,19.0,2.961678541659199,54,70,2613,rrc00,codered,normal,0
2001-07-09 02:45:00+00:00,1876,217,5.946162046908316,15.0,2.8244253681603917,34,70,2093,rrc00,codered,normal,0
2001-07-09 02:48:00+00:00,12653,966,5.276140045838932,19.0,1.7633474835019927,27,859,13619,rrc00,codered,normal,0
2001-07-09 02:51:00+00:00,9410,97674,5.157173219978746,19.0,1.8801084376343036,171,97068,107084,rrc00,codered,normal,0
2001-07-09 02:54:00+00:00,85342,263,5.914649293431136,22.0,1.5486316560917863,52,96,85605,rrc00,codered,normal,0
2001-07-09 02:57:00+00:00,23130,455,5.941288370082145,24.0,1.838135081983452,74,256,23585,rrc00,codered,normal,0
2001-07-09 03:00:00+00:00,4278,300,4.594202898550725,22.0,2.3436393100249386,45,90,4578,rrc00,codered,normal,0
2001-07-09 03:03:00+00:00,2097,258,5.883166428230806,19.0,2.3483449031045915,40,71,2355,rrc00,codered,normal,0
2001-07-09 03:06:00+00:00,1793,197,6.22532069157836,22.0,2.87351605201233,34,52,1990,rrc00,codered,normal,0
2001-07-09 03:09:00+00:00,5333,307,5.009000562535158,19.0,1.9476347386007398,32,178,5640,rrc00,codered,normal,0
2001-07-09 03:12:00+00:00,2954,255,5.099526066350711,16.0,1.961782739092287,40,84,3209,rrc00,codered,normal,0
2001-07-09 03:15:00+00:00,2800,558,5.165357142857143,19.0,2.1560910101100905,33,418,3358,rrc00,codered,normal,0
2001-07-09 03:18:00+00:00,1300,106,5.9592307692307696,17.0,2.757484811419113,18,49,1406,rrc00,codered,normal,0
2001-07-09 03:21:00+00:00,4293,181,5.2424877707896576,19.0,2.442469672626929,30,52,4474,rrc00,codered,normal,0
2001-07-09 03:24:00+00:00,2111,269,4.965892941733776,19.0,2.505847665159956,42,97,2380,rrc00,codered,normal,0
2001-07-09 03:27:00+00:00,2827,419,5.227095861337107,17.0,2.274122309929043,80,96,3246,rrc00,codered,normal,0
2001-07-09 03:30:00+00:00,2925,588,5.725811965811966,17.0,2.2453066869559932,69,114,3513,rrc00,codered,normal,0
2001-07-09 03:33:00+00:00,1901,351,6.0731194108364015,15.0,2.851657362250025,37,130,2252,rrc00,codered,normal,0
2001-07-09 03:36:00+00:00,1880,159,5.822872340425532,20.0,2.4831363671263778,27,68,2039,rrc00,codered,normal,0
2001-07-09 03:39:00+00:00,2015,262,5.982133995037221,18.0,2.554940411849153,50,85,2277,rrc00,codered,normal,0
2001-07-09 03:42:00+00:00,2127,421,5.975552421250588,19.0,2.623779070029324,51,92,2548,rrc00,codered,normal,0
2001-07-09 03:45:00+00:00,2457,297,5.321937321937322,19.0,2.3546339436711756,51,81,2754,rrc00,codered,normal,0
2001-07-09 03:48:00+00:00,2274,326,6.312225153913809,19.0,2.7949823225299126,54,83,2600,rrc00,codered,normal,0
2001-07-09 03:51:00+00:00,1508,190,6.603448275862069,16.0,2.7812442672984186,33,58,1698,rrc00,codered,normal,0
2001-07-09 03:54:00+00:00,14873,457,4.141935050090768,19.0,2.1700605023424946,87,129,15330,rrc00,codered,normal,0
2001-07-09 03:57:00+00:00,1839,460,6.2131593257205004,18.0,2.8512555589199033,87,140,2299,rrc00,codered,normal,0
2001-07-09 04:00:00+00:00,2185,340,5.957894736842105,19.0,2.5803452056312186,54,66,2525,rrc00,codered,normal,0
2001-07-09 04:03:00+00:00,2169,230,5.523282618718303,19.0,2.583334379846727,44,76,2399,rrc00,codered,normal,0
2001-07-09 04:06:00+00:00,2765,310,5.649186256781194,14.0,2.168633094963419,55,78,3075,rrc00,codered,normal,0
2001-07-09 04:09:00+00:00,3002,410,5.376415722851433,15.0,2.282851098582741,63,124,3412,rrc00,codered,normal,0
2001-07-09 04:12:00+00:00,2606,519,6.185341519570223,15.0,2.594897292638554,69,90,3125,rrc00,codered,normal,0
2001-07-09 04:15:00+00:00,2421,382,6.198265179677819,19.0,2.6314929896753894,60,94,2803,rrc00,codered,normal,0
2001-07-09 04:18:00+00:00,2110,346,5.531279620853081,15.0,1.9275301025456804,43,85,2456,rrc00,codered,normal,0
2001-07-09 04:21:00+00:00,6096,427,5.0567585301837275,13.0,1.9681003249831777,58,101,6523,rrc00,codered,normal,0
2001-07-09 04:24:00+00:00,3033,205,5.393010220903396,19.0,2.369824297220726,40,57,3238,rrc00,codered,normal,0
2001-07-09 04:27:00+00:00,1394,180,6.027977044476327,19.0,2.7055271679079413,25,70,1574,rrc00,codered,normal,0
2001-07-09 04:30:00+00:00,2552,251,4.726880877742946,14.0,1.7637320580643037,51,68,2803,rrc00,codered,normal,0
2001-07-09 04:33:00+00:00,4276,1013,5.818521983161833,15.0,2.3470605912148623,162,192,5289,rrc00,codered,normal,0
2001-07-09 04:36:00+00:00,2300,279,5.820434782608696,19.0,2.7597132463842016,51,89,2579,rrc00,codered,normal,0
2001-07-09 04:39:00+00:00,1782,296,5.86026936026936,15.0,2.6413154256403435,55,74,2078,rrc00,codered,normal,0
2001-07-09 04:42:00+00:00,2445,724,5.279754601226994,15.0,2.2600512013275225,113,120,3169,rrc00,codered,normal,0
2001-07-09 04:45:00+00:00,1642,167,5.760048721071864,18.0,2.635079014097555,35,57,1809,rrc00,codered,normal,0
2001-07-09 04:48:00+00:00,5530,193,4.705605786618444,20.0,2.439900622758184,28,87,5723,rrc00,codered,normal,0
2001-07-09 04:51:00+00:00,1740,267,5.55,21.0,2.5264861337256623,45,68,2007,rrc00,codered,normal,0
2001-07-09 04:54:00+00:00,3421,644,6.351359251680795,16.0,2.9874367252734126,105,125,4065,rrc00,codered,normal,0
2001-07-09 04:57:00+00:00,2403,271,6.060757386600083,19.0,2.8458180853543382,36,101,2674,rrc00,codered,normal,0
2001-07-09 05:00:00+00:00,2653,642,5.5898982284206555,20.0,2.585719230675974,90,107,3295,rrc00,codered,normal,0
2001-07-09 05:03:00+00:00,4699,466,5.342413279421153,21.0,2.3118290440982605,72,130,5165,rrc00,codered,normal,0
2001-07-09 05:06:00+00:00,1510,243,5.8841059602649,18.0,2.9980919476428283,37,75,1753,rrc00,codered,normal,0
2001-07-09 05:09:00+00:00,2654,291,5.421250941974378,15.0,2.442638190336315,80,102,2945,rrc00,codered,normal,0
2001-07-09 05:12:00+00:00,1475,169,5.633898305084746,18.0,2.818619097497352,29,51,1644,rrc00,codered,normal,0
2001-07-09 05:15:00+00:00,1692,274,6.523049645390071,19.0,3.0595064675464414,47,62,1966,rrc00,codered,normal,0
2001-07-09 05:18:00+00:00,2617,380,5.387466564768819,19.0,2.3484325054067567,67,99,2997,rrc00,codered,normal,0
2001-07-09 05:21:00+00:00,7155,373,5.329559748427673,15.0,1.9703922397243232,43,227,7528,rrc00,codered,normal,0
2001-07-09 05:24:00+00:00,4503,335,5.009327115256496,17.0,2.591415827226089,54,97,4838,rrc00,codered,normal,0
2001-07-09 05:27:00+00:00,1686,277,6.2680901542111505,15.0,2.804718026639054,56,67,1963,rrc00,codered,normal,0
2001-07-09 05:30:00+00:00,2166,119,6.72899353647276,17.0,2.7173665356655325,23,48,2285,rrc00,codered,normal,0
2001-07-09 05:33:00+00:00,1657,257,5.876885938442969,15.0,2.6548465981164897,50,75,1914,rrc00,codered,normal,0
2001-07-09 05:36:00+00:00,2951,275,6.1036936631650285,18.0,2.7319085285617013,58,93,3226,rrc00,codered,normal,0
2001-07-09 05:39:00+00:00,4163,384,4.4789815037232765,13.0,2.101605421453793,71,188,4547,rrc00,codered,normal,0
2001-07-09 05:42:00+00:00,2671,412,5.4268064395357545,15.0,2.338728727855565,39,223,3083,rrc00,codered,normal,0
2001-07-09 05:45:00+00:00,1351,220,6.518134715025907,16.0,2.9762576041131505,41,51,1571,rrc00,codered,normal,0
2001-07-09 05:48:00+00:00,2283,414,6.24748138414367,15.0,2.567628681653584,72,94,2697,rrc00,codered,normal,0
2001-07-09 05:51:00+00:00,2087,193,5.985625299472928,16.0,2.4980652560473877,38,52,2280,rrc00,codered,normal,0
2001-07-09 05:54:00+00:00,3708,268,5.251348435814455,17.0,2.53059718840058,44,109,3976,rrc00,codered,normal,0
2001-07-09 05:57:00+00:00,1229,215,6.466232709519935,17.0,2.8105127326772874,35,56,1444,rrc00,codered,normal,0
2001-07-09 06:00:00+00:00,2210,288,5.767420814479638,15.0,2.3499739383018654,55,72,2498,rrc00,codered,normal,0
2001-07-09 06:03:00+00:00,4131,335,5.329460179133382,23.0,2.375773629363915,58,75,4466,rrc00,codered,normal,0
2001-07-09 06:06:00+00:00,5137,384,4.550321199143469,24.0,2.339462725057883,68,110,5521,rrc00,codered,normal,0
2001-07-09 06:09:00+00:00,1530,170,6.596078431372549,17.0,2.924136258212606,29,58,1700,rrc00,codered,normal,0
2001-07-09 06:12:00+00:00,3650,489,5.089315068493151,18.0,2.37584207351122,90,123,4139,rrc00,codered,normal,0
2001-07-09 06:15:00+00:00,3957,463,5.844831943391458,18.0,2.2248355115911798,84,98,4420,rrc00,codered,normal,0
2001-07-09 06:18:00+00:00,3465,382,5.442135642135642,16.0,2.121058313277972,78,116,3847,rrc00,codered,normal,0
2001-07-09 06:21:00+00:00,6120,505,5.465686274509804,16.0,1.9241666610470136,50,256,6625,rrc00,codered,normal,0
2001-07-09 06:24:00+00:00,12250,1673,5.076816326530612,19.0,1.9711121037241213,53,1358,13923,rrc00,codered,normal,0
2001-07-09 06:27:00+00:00,3464,530,5.54647806004619,19.0,2.428095095862862,98,168,3994,rrc00,codered,normal,0
2001-07-09 06:30:00+00:00,13836,319,4.402211621856027,19.0,1.718281973504944,56,75,14155,rrc00,codered,normal,0
2001-07-09 06:33:00+00:00,8765,240,4.127552766685682,16.0,1.8994518681782917,37,79,9005,rrc00,codered,normal,0
2001-07-09 06:36:00+00:00,6729,321,4.318472284143261,18.0,2.1131084235907185,68,79,7050,rrc00,codered,normal,0
2001-07-09 06:39:00+00:00,8553,667,4.730386998713901,16.0,2.030812352154043,106,172,9220,rrc00,codered,normal,0
2001-07-09 06:42:00+00:00,2817,360,5.243166489172879,17.0,2.2328453804614705,62,98,3177,rrc00,codered,normal,0
2001-07-09 06:45:00+00:00,2485,374,6.763380281690141,19.0,2.911219371954539,55,108,2859,rrc00,codered,normal,0
2001-07-09 06:48:00+00:00,4899,304,4.754235558277199,15.0,2.1505919763112553,49,68,5203,rrc00,codered,normal,0
2001-07-09 06:51:00+00:00,2228,294,6.437612208258527,15.0,2.5334679095146178,69,113,2522,rrc00,codered,normal,0
2001-07-09 06:54:00+00:00,17181,714,4.092427681741459,23.0,1.6355080230009338,124,165,17895,rrc00,codered,normal,0
2001-07-09 06:57:00+00:00,3878,931,4.721248066013409,20.0,2.287242302202401,124,159,4809,rrc00,codered,normal,0
2001-07-09 07:00:00+00:00,10461,483,4.132396520409139,15.0,1.5457720480313504,71,145,10944,rrc00,codered,normal,0
2001-07-09 07:03:00+00:00,3427,292,5.468923256492559,16.0,2.651724520319776,52,110,3719,rrc00,codered,normal,0
2001-07-09 07:06:00+00:00,5281,391,5.205642870668434,18.0,2.3762168109410315,67,90,5672,rrc00,codered,normal,0
2001-07-09 07:09:00+00:00,5434,204,4.119801251380199,14.0,1.8865996554897726,38,71,5638,rrc00,codered,normal,0
2001-07-09 07:12:00+00:00,12108,505,4.804509415262636,19.0,1.7587450520388812,98,221,12613,rrc00,codered,normal,0
2001-07-09 07:15:00+00:00,15945,1612,4.985638131075572,19.0,2.1133408482893556,151,1021,17557,rrc00,codered,normal,0
2001-07-09 07:18:00+00:00,2651,2030,5.3153526970954355,16.0,1.9848887010356873,60,1777,4681,rrc00,codered,normal,0
2001-07-09 07:21:00+00:00,3684,713,6.275787187839305,19.0,2.141303157434737,36,552,4397,rrc00,codered,normal,0
2001-07-09 07:24:00+00:00,1437,200,6.902574808629089,16.0,3.3910480695335643,39,63,1637,rrc00,codered,normal,0
2001-07-09 07:27:00+00:00,2482,182,5.431506849315069,16.0,2.2120518333916652,36,63,2664,rrc00,codered,normal,0
2001-07-09 07:30:00+00:00,4440,691,4.908333333333333,15.0,1.8128477713371418,45,533,5131,rrc00,codered,normal,0
2001-07-09 07:33:00+00:00,3441,287,5.661726242371404,17.0,2.1320985064724467,52,98,3728,rrc00,codered,normal,0
2001-07-09 07:36:00+00:00,14771,3032,5.370591022950376,18.0,2.3496043847927996,152,2307,17803,rrc00,codered,normal,0
2001-07-09 07:39:00+00:00,16707,3293,4.871850122703059,20.0,1.9025556887624175,1018,1798,20000,rrc00,codered,normal,0
2001-07-09 07:42:00+00:00,7705,1568,5.533290071382219,19.0,2.112283260035979,122,1057,9273,rrc00,codered,normal,0
2001-07-09 07:45:00+00:00,3005,331,6.255574043261231,18.0,2.4724585522856612,52,94,3336,rrc00,codered,normal,0
2001-07-09 07:48:00+00:00,2654,373,5.760361718161266,15.0,2.1429323426442863,75,112,3027,rrc00,codered,normal,0
2001-07-09 07:51:00+00:00,2811,611,5.775524724297403,15.0,2.2161205652377642,94,155,3422,rrc00,codered,normal,0
2001-07-09 07:54:00+00:00,2775,937,6.039639639639639,15.0,2.2386965029459827,135,202,3712,rrc00,codered,normal,0
2001-07-09 07:57:00+00:00,3192,687,6.56453634085213,18.0,3.007962777901473,122,182,3879,rrc00,codered,normal,0
2001-07-09 08:00:00+00:00,4184,348,6.516730401529637,16.0,2.7195572441448825,79,137,4532,rrc00,codered,normal,0
2001-07-09 08:03:00+00:00,3283,649,6.1233627779469995,19.0,2.583543958047789,84,119,3932,rrc00,codered,normal,0
2001-07-09 08:06:00+00:00,7346,646,6.369452763408658,16.0,2.154946228572992,86,150,7992,rrc00,codered,normal,0
2001-07-09 08:09:00+00:00,5804,937,7.523604410751206,18.0,3.1007037227228524,120,190,6741,rrc00,codered,normal,0
2001-07-09 08:12:00+00:00,5645,536,6.305225863596103,20.0,2.2153780850462264,99,126,6181,rrc00,codered,normal,0
2001-07-09 08:15:00+00:00,3497,353,6.108378610237346,16.0,2.320349516304663,57,79,3850,rrc00,codered,normal,0
2001-07-09 08:18:00+00:00,2220,259,6.059009009009009,17.0,2.5361592068404066,42,58,2479,rrc00,codered,normal,0
2001-07-09 08:21:00+00:00,10608,1366,4.989724736048266,18.0,2.074677644830946,201,374,11974,rrc00,codered,normal,0
2001-07-09 08:24:00+00:00,10120,2739,5.650889328063241,17.0,2.2336713604836773,381,525,12859,rrc00,codered,normal,0
2001-07-09 08:27:00+00:00,11085,1738,5.478213802435724,19.0,2.0230959771419275,262,425,12823,rrc00,codered,normal,0
2001-07-09 08:30:00+00:00,6582,498,5.518839258584017,15.0,1.9745864846761594,95,168,7080,rrc00,codered,normal,0
2001-07-09 08:33:00+00:00,2112,379,6.1946022727272725,15.0,2.555725381995619,70,96,2491,rrc00,codered,normal,0
2001-07-09 08:36:00+00:00,2696,398,6.017804154302671,17.0,2.5639553405530866,76,122,3094,rrc00,codered,normal,0
2001-07-09 08:39:00+00:00,3023,364,5.647700959311941,17.0,2.493644022305355,58,118,3387,rrc00,codered,normal,0
2001-07-09 08:42:00+00:00,8672,866,5.465405904059041,17.0,1.8095948460438902,151,271,9538,rrc00,codered,normal,0
2001-07-09 08:45:00+00:00,3229,204,5.772685041808609,17.0,2.0053467413431636,39,65,3433,rrc00,codered,normal,0
2001-07-09 08:48:00+00:00,1713,135,6.553415061295972,16.0,2.439622639549857,27,44,1848,rrc00,codered,normal,0
2001-07-09 08:51:00+00:00,1716,191,5.809440559440559,13.0,2.2940440598568985,35,76,1907,rrc00,codered,normal,0
2001-07-09 08:54:00+00:00,2917,206,5.889269797737401,17.0,2.1300882653204636,35,50,3123,rrc00,codered,normal,0
2001-07-09 08:57:00+00:00,4312,261,5.943181818181818,16.0,2.3658379348378937,42,68,4573,rrc00,codered,normal,0
2001-07-09 09:00:00+00:00,1286,176,5.734059097978227,15.0,3.092288131407346,29,38,1462,rrc00,codered,normal,0
2001-07-09 09:03:00+00:00,4889,328,4.802413581509511,15.0,1.8381611664005295,27,199,5217,rrc00,codered,normal,0
2001-07-09 09:06:00+00:00,5040,690,4.726190476190476,17.0,1.4045096625834403,102,132,5730,rrc00,codered,normal,0
2001-07-09 09:09:00+00:00,4927,618,4.816521209661051,16.0,1.65579443187734,105,232,5545,rrc00,codered,normal,0
2001-07-09 09:12:00+00:00,9428,551,4.369219346627069,15.0,1.4030600026598925,65,216,9979,rrc00,codered,normal,0
2001-07-09 09:15:00+00:00,12677,372,4.20604243906287,15.0,1.5294902134698107,61,75,13049,rrc00,codered,normal,0
2001-07-09 09:18:00+00:00,3744,304,5.025908119658119,15.0,1.8441179672212102,47,66,4048,rrc00,codered,normal,0
2001-07-09 09:21:00+00:00,3535,257,4.6446958981612445,15.0,1.615846041380704,33,156,3792,rrc00,codered,normal,0
2001-07-09 09:24:00+00:00,1763,250,4.879750425411231,13.0,1.9080548564782465,36,60,2013,rrc00,codered,normal,0
2001-07-09 09:27:00+00:00,3486,398,5.097246127366609,15.0,1.6210068164312088,66,106,3884,rrc00,codered,normal,0
2001-07-09 09:30:00+00:00,4402,536,4.926397092230804,19.0,2.172593356823223,103,142,4938,rrc00,codered,normal,0
2001-07-09 09:33:00+00:00,8156,2070,5.331044629720451,17.0,1.8795960345337934,912,964,10226,rrc00,codered,normal,0
2001-07-09 09:36:00+00:00,1732,350,5.412240184757506,15.0,2.501461525223347,55,78,2082,rrc00,codered,normal,0
2001-07-09 09:39:00+00:00,3997,396,5.4588441330998245,15.0,1.6861946519536046,45,137,4393,rrc00,codered,normal,0
2001-07-09 09:42:00+00:00,4825,373,5.174507772020726,17.0,2.247442505317196,62,82,5198,rrc00,codered,normal,0
2001-07-09 09:45:00+00:00,1464,203,5.532103825136612,19.0,2.5258893256425954,37,61,1667,rrc00,codered,normal,0
2001-07-09 09:48:00+00:00,1478,242,5.678619756427605,16.0,2.626030873591337,39,61,1720,rrc00,codered,normal,0
2001-07-09 09:51:00+00:00,1695,368,5.519174041297935,15.0,2.1120704996917903,55,67,2063,rrc00,codered,normal,0
2001-07-09 09:54:00+00:00,2017,541,5.287059990084283,15.0,1.9681137223407692,59,130,2558,rrc00,codered,normal,0
2001-07-09 09:57:00+00:00,1383,205,5.187997107736804,15.0,2.3198849224688933,27,91,1588,rrc00,codered,normal,0
2001-07-09 10:00:00+00:00,8828,1301,5.163797009515179,15.0,1.5502878960104984,75,1104,10129,rrc00,codered,normal,0
2001-07-09 10:03:00+00:00,4659,434,5.630822064820777,19.0,2.2185298377080653,82,100,5093,rrc00,codered,normal,0
2001-07-09 10:06:00+00:00,2822,672,6.048192771084337,15.0,2.0876816143094987,92,112,3494,rrc00,codered,normal,0
2001-07-09 10:09:00+00:00,1927,271,5.177996886351842,15.0,2.174765293777911,43,68,2198,rrc00,codered,normal,0
2001-07-09 10:12:00+00:00,2408,265,4.906976744186046,18.0,1.979039121218423,47,86,2673,rrc00,codered,normal,0
2001-07-09 10:15:00+00:00,1992,373,5.839357429718875,17.0,2.397977977856377,67,84,2365,rrc00,codered,normal,0
2001-07-09 10:18:00+00:00,2246,474,5.893143365983971,15.0,2.838511581784906,60,85,2720,rrc00,codered,normal,0
2001-07-09 10:21:00+00:00,1418,327,5.197461212976022,19.0,2.1851387494340857,52,75,1745,rrc00,codered,normal,0
2001-07-09 10:24:00+00:00,8544,565,5.930360486891386,16.0,1.6856675961117116,51,369,9109,rrc00,codered,normal,0
2001-07-09 10:27:00+00:00,5553,472,5.276247073653881,16.0,1.3898241612428208,91,129,6025,rrc00,codered,normal,0
2001-07-09 10:30:00+00:00,2042,344,4.845249755142017,17.0,1.9767377485778765,46,96,2386,rrc00,codered,normal,0
2001-07-09 10:33:00+00:00,2970,389,5.186531986531986,19.0,1.9442275157026367,84,110,3359,rrc00,codered,normal,0
2001-07-09 10:36:00+00:00,2484,381,5.607085346215781,19.0,2.497383114916034,60,81,2865,rrc00,codered,normal,0
2001-07-09 10:39:00+00:00,32010,415,4.435238987816307,19.0,1.313547157989348,77,104,32425,rrc00,codered,normal,0
2001-07-09 10:42:00+00:00,89457,991,4.625417798495366,17.0,1.4808702824451019,163,297,90448,rrc00,codered,normal,0
2001-07-09 10:45:00+00:00,10383,867,5.740922662043725,19.0,2.3648498633795882,126,455,11250,rrc00,codered,normal,0
2001-07-09 10:48:00+00:00,3573,642,5.708368317940106,15.0,1.947686937704053,56,356,4215,rrc00,codered,normal,0
2001-07-09 10:51:00+00:00,4056,411,5.212278106508876,15.0,2.10160010833625,37,204,4467,rrc00,codered,normal,0
2001-07-09 10:54:00+00:00,1595,299,6.381818181818182,15.0,3.149212244362961,46,59,1894,rrc00,codered,normal,0
2001-07-09 10:57:00+00:00,3610,360,5.2509695290858724,15.0,1.6822868624922989,51,111,3970,rrc00,codered,normal,0
2001-07-09 11:00:00+00:00,8784,1824,5.225295992714026,19.0,1.816964281984046,52,1617,10608,rrc00,codered,normal,0
2001-07-09 11:03:00+00:00,5573,1551,4.666786291046115,16.0,1.9872291953466472,84,1219,7124,rrc00,codered,normal,0
2001-07-09 11:06:00+00:00,2040,407,5.0132352941176475,15.0,1.7685491238470612,68,135,2447,rrc00,codered,normal,0
2001-07-09 11:09:00+00:00,1838,416,5.294885745375408,15.0,1.8989963453621688,58,126,2254,rrc00,codered,normal,0
2001-07-09 11:12:00+00:00,1979,253,5.981303688731683,17.0,2.3912747996623662,44,78,2232,rrc00,codered,normal,0
2001-07-09 11:15:00+00:00,2656,320,4.7522590361445785,17.0,1.7047712153704666,43,72,2976,rrc00,codered,normal,0
2001-07-09 11:18:00+00:00,11732,191,4.131776338220252,15.0,1.234044910533263,34,80,11923,rrc00,codered,normal,0
2001-07-09 11:21:00+00:00,1824,265,5.52905701754386,17.0,2.488180390294027,41,57,2089,rrc00,codered,normal,0
2001-07-09 11:24:00+00:00,4580,440,5.455676855895197,15.0,1.7167300592845838,63,180,5020,rrc00,codered,normal,0
2001-07-09 11:27:00+00:00,7762,549,4.345529502705488,14.0,1.5972022802894434,68,282,8311,rrc00,codered,normal,0
2001-07-09 11:30:00+00:00,3009,536,4.901628447989365,15.0,1.8764498788292594,98,126,3545,rrc00,codered,normal,0
2001-07-09 11:33:00+00:00,2318,308,5.2105263157894735,15.0,1.7048455479870481,50,70,2626,rrc00,codered,normal,0
2001-07-09 11:36:00+00:00,3118,236,5.118665811417575,16.0,1.751577100205755,45,71,3354,rrc00,codered,normal,0
2001-07-09 11:39:00+00:00,3225,338,5.313798449612403,17.0,1.7878518545872544,56,79,3563,rrc00,codered,normal,0
2001-07-09 11:42:00+00:00,5533,601,5.5723838785469,15.0,1.811477168305635,134,159,6134,rrc00,codered,normal,0
2001-07-09 11:45:00+00:00,13501,1761,5.578994148581587,17.0,1.3895128907872736,290,517,15262,rrc00,codered,normal,0
2001-07-09 11:48:00+00:00,11073,2395,5.6150997922875465,16.0,1.4666143881246716,335,433,13468,rrc00,codered,normal,0
2001-07-09 11:51:00+00:00,8613,987,5.1278300243817485,15.0,1.3873698056849126,213,307,9600,rrc00,codered,normal,0
2001-07-09 11:54:00+00:00,7198,1404,5.215893303695471,17.0,1.518639483304864,217,340,8602,rrc00,codered,normal,0
2001-07-09 11:57:00+00:00,8992,826,5.051267793594306,14.0,1.2079845179249515,162,449,9818,rrc00,codered,normal,0
2001-07-09 12:00:00+00:00,12389,1454,5.266607474372427,15.0,1.2222014462368547,264,515,13843,rrc00,codered,normal,0
2001-07-09 12:03:00+00:00,10010,1089,5.208591408591409,17.0,1.2387540523783687,281,411,11099,rrc00,codered,normal,0
2001-07-09 12:06:00+00:00,8308,952,5.392392874337988,15.0,1.4862068133550088,234,320,9260,rrc00,codered,normal,0
2001-07-09 12:09:00+00:00,5138,1077,5.215064227325808,15.0,1.6229519853977137,219,294,6215,rrc00,codered,normal,0
2001-07-09 12:12:00+00:00,5299,859,5.0922815625589735,16.0,1.5298424344679005,169,328,6158,rrc00,codered,normal,0
2001-07-09 12:15:00+00:00,4095,880,5.238583638583639,14.0,1.5255178896123034,195,300,4975,rrc00,codered,normal,0
2001-07-09 12:18:00+00:00,6227,1161,5.2336598683154,15.0,1.5759262109790528,282,320,7388,rrc00,codered,normal,0
2001-07-09 12:21:00+00:00,6632,1410,5.499246079613993,23.0,2.1935863108746476,263,313,8042,rrc00,codered,normal,0
2001-07-09 12:24:00+00:00,7687,2036,5.505268635358397,24.0,1.7415833624419443,309,344,9723,rrc00,codered,normal,0
2001-07-09 12:27:00+00:00,7194,1215,6.014456491520711,15.0,1.9955641844743215,287,337,8409,rrc00,codered,normal,0
2001-07-09 12:30:00+00:00,54539,98307,5.661471607473551,20.0,1.6964426433615054,206,97692,152846,rrc00,codered,normal,0
2001-07-09 12:33:00+00:00,62427,632,5.805148413346789,22.0,1.5546588754472812,128,168,63059,rrc00,codered,normal,0
2001-07-09 12:36:00+00:00,4931,897,4.809572094909755,20.0,1.6828303863826697,146,181,5828,rrc00,codered,normal,0
2001-07-09 12:39:00+00:00,7099,1742,5.141710100014087,19.0,1.2640777706060167,273,318,8841,rrc00,codered,normal,0
2001-07-09 12:42:00+00:00,4419,949,5.397601267255035,18.0,1.8005565113303112,239,297,5368,rrc00,codered,normal,0
2001-07-09 12:45:00+00:00,5137,687,5.649016935954838,21.0,1.8405474348527069,96,230,5824,rrc00,codered,normal,0
2001-07-09 12:48:00+00:00,5551,948,5.430913348946135,16.0,1.6481788352984377,186,234,6499,rrc00,codered,normal,0
2001-07-09 12:51:00+00:00,3535,728,5.543988684582744,18.0,2.319397922140531,119,142,4263,rrc00,codered,normal,0
2001-07-09 12:54:00+00:00,3892,635,5.192446043165468,17.0,1.66803405044386,115,185,4527,rrc00,codered,normal,0
2001-07-09 12:57:00+00:00,5363,496,4.626142084654112,15.0,1.6546633077133472,85,107,5859,rrc00,codered,normal,0
2001-07-09 13:00:00+00:00,5124,467,5.082162373145979,16.0,2.0803722738949713,82,111,5591,rrc00,codered,normal,0
2001-07-09 13:03:00+00:00,2642,515,6.311884935654807,21.0,3.4465205228228917,72,98,3157,rrc00,codered,normal,0
2001-07-09 13:06:00+00:00,3007,638,5.497173262387762,22.0,2.5104852266853683,94,175,3645,rrc00,codered,normal,0
2001-07-09 13:09:00+00:00,2873,520,5.669683257918552,15.0,2.4086173039750944,98,131,3393,rrc00,codered,normal,0
2001-07-09 13:12:00+00:00,4338,633,5.097971415398801,17.0,2.012945777395145,114,195,4971,rrc00,codered,normal,0
2001-07-09 13:15:00+00:00,3409,393,5.37078322088589,15.0,1.961893501172868,71,103,3802,rrc00,codered,normal,0
2001-07-09 13:18:00+00:00,2800,332,4.892142857142857,16.0,1.794378836300536,43,106,3132,rrc00,codered,normal,0
2001-07-09 13:21:00+00:00,2248,540,5.115658362989324,15.0,1.9629496136618627,75,97,2788,rrc00,codered,normal,0
2001-07-09 13:24:00+00:00,4752,631,5.079335016835016,13.0,1.4619968916973605,179,187,5383,rrc00,codered,normal,0
2001-07-09 13:27:00+00:00,6204,1412,5.319954867827208,19.0,1.5040183435872825,192,283,7616,rrc00,codered,normal,0
2001-07-09 13:30:00+00:00,9202,776,4.826016083460117,21.0,1.5439814425075233,138,264,9978,rrc00,codered,normal,0
2001-07-09 13:33:00+00:00,2478,286,5.329701372074253,19.0,2.2627661312151526,34,139,2764,rrc00,codered,normal,0
2001-07-09 13:36:00+00:00,3721,220,4.882289707067993,15.0,1.6878434796658484,44,70,3941,rrc00,codered,normal,0
2001-07-09 13:39:00+00:00,1665,11369,4.778378378378378,20.0,2.2678351018145024,36,11216,13034,rrc00,codered,normal,0
2001-07-09 13:42:00+00:00,374771,35395,3.883600918961179,21.0,1.3786123979410252,46,35306,410166,rrc00,codered,normal,0
2001-07-09 13:45:00+00:00,199797,3644,3.92507395005931,21.0,1.371682003729029,39,3510,203441,rrc00,codered,normal,0
2001-07-09 13:48:00+00:00,7965,251,4.961079723791588,19.0,1.3894018509323305,43,74,8216,rrc00,codered,normal,0
2001-07-09 13:51:00+00:00,174884,323,4.3919283639441,21.0,1.3911371228046279,54,87,175207,rrc00,codered,normal,0
2001-07-09 13:54:00+00:00,40845,469,5.1443261109070875,19.0,1.1135792290540676,115,152,41314,rrc00,codered,normal,0
2001-07-09 13:57:00+00:00,4943,597,5.425854744082541,16.0,1.9826567350023405,119,172,5540,rrc00,codered,normal,0
2001-07-09 14:00:00+00:00,80475,428,4.22645542093818,20.0,1.2527153553486206,60,101,80903,rrc00,codered,normal,0
2001-07-09 14:03:00+00:00,28351,471,4.4543049627879086,20.0,1.375557093134193,77,164,28822,rrc00,codered,normal,0
2001-07-09 14:06:00+00:00,7582,382,4.569902400422052,14.0,1.3399120299206893,48,159,7964,rrc00,codered,normal,0
2001-07-09 14:09:00+00:00,2645,561,4.818903591682419,15.0,1.5139246335265313,52,297,3206,rrc00,codered,normal,0
2001-07-09 14:12:00+00:00,6015,601,4.62975893599335,15.0,1.5838163843161013,224,248,6616,rrc00,codered,normal,0
2001-07-09 14:15:00+00:00,5651,612,4.9757565032737565,21.0,1.9276269465813214,94,156,6263,rrc00,codered,normal,0
2001-07-09 14:18:00+00:00,3325,474,4.898345864661654,16.0,1.4088486102819655,75,94,3799,rrc00,codered,normal,0
2001-07-09 14:21:00+00:00,5169,522,4.8164054942928995,18.0,1.5505145405039495,122,192,5691,rrc00,codered,normal,0
2001-07-09 14:24:00+00:00,2285,458,5.090590809628009,20.0,2.052510625980378,66,102,2743,rrc00,codered,normal,0
2001-07-09 14:27:00+00:00,2333,366,5.177882554650664,17.0,1.9475746553267583,64,88,2699,rrc00,codered,normal,0
2001-07-09 14:30:00+00:00,2647,405,5.217604835663015,18.0,1.796678673450563,73,103,3052,rrc00,codered,normal,0
2001-07-09 14:33:00+00:00,3698,633,5.111141157382368,17.0,1.7620266633133301,110,243,4331,rrc00,codered,normal,0
2001-07-09 14:36:00+00:00,3590,233,4.832033426183844,15.0,1.586126846170174,49,83,3823,rrc00,codered,normal,0
2001-07-09 14:39:00+00:00,1711,261,5.064289888953828,18.0,1.7448141602077991,45,82,1972,rrc00,codered,normal,0
2001-07-09 14:42:00+00:00,6976,433,4.5504587155963305,19.0,1.3923652474263182,72,173,7409,rrc00,codered,normal,0
2001-07-09 14:45:00+00:00,2899,367,4.6284925836495345,15.0,1.7857747767154177,58,82,3266,rrc00,codered,normal,0
2001-07-09 14:48:00+00:00,2839,355,4.907361747094047,18.0,1.8638622366733122,63,97,3194,rrc00,codered,normal,0
2001-07-09 14:51:00+00:00,2258,193,5.1359610274579275,19.0,2.102263738814281,41,64,2451,rrc00,codered,normal,0
2001-07-09 14:54:00+00:00,4392,264,4.558743169398907,20.0,1.6514913130225246,60,75,4656,rrc00,codered,normal,0
2001-07-09 14:57:00+00:00,2547,233,4.5720455437769925,15.0,1.578159937355756,55,78,2780,rrc00,codered,normal,0
2001-07-09 15:00:00+00:00,2415,395,4.9432712215320915,20.0,2.124414731956544,66,103,2810,rrc00,codered,normal,0
2001-07-09 15:03:00+00:00,3087,359,4.941043083900227,20.0,1.8937838266658595,65,106,3446,rrc00,codered,normal,0
2001-07-09 15:06:00+00:00,1717,294,5.331974373907979,17.0,2.052425104616407,50,89,2011,rrc00,codered,normal,0
2001-07-09 15:09:00+00:00,2933,531,5.41800204568701,19.0,1.9521666119294896,80,110,3464,rrc00,codered,normal,0
2001-07-09 15:12:00+00:00,8014,1357,5.277264786623409,20.0,1.448212483225907,241,288,9371,rrc00,codered,normal,0
2001-07-09 15:15:00+00:00,7274,1427,5.326367885620017,20.0,1.5661213663420266,245,286,8701,rrc00,codered,normal,0
2001-07-09 15:18:00+00:00,5028,1471,5.318217979315832,20.0,1.5710975464990984,175,242,6499,rrc00,codered,normal,0
2001-07-09 15:21:00+00:00,1633,447,5.759951010410288,15.0,2.360615402870606,57,102,2080,rrc00,codered,normal,0
2001-07-09 15:24:00+00:00,1813,297,5.36238279095422,15.0,1.904926481903658,55,89,2110,rrc00,codered,normal,0
2001-07-09 15:27:00+00:00,1592,248,5.469849246231155,20.0,2.509849036959908,46,73,1840,rrc00,codered,normal,0
2001-07-09 15:30:00+00:00,2076,487,4.9629094412331405,20.0,1.8470076861155242,67,154,2563,rrc00,codered,normal,0
2001-07-09 15:33:00+00:00,2179,305,4.647085819183111,17.0,1.8088570265558128,65,94,2484,rrc00,codered,normal,0
2001-07-09 15:36:00+00:00,2672,423,5.514595808383233,19.0,1.8609433939996813,68,102,3095,rrc00,codered,normal,0
2001-07-09 15:39:00+00:00,1875,515,5.381333333333333,14.0,2.1347095560963063,84,121,2390,rrc00,codered,normal,0
2001-07-09 15:42:00+00:00,2445,514,5.141104294478527,15.0,1.6687086491011034,76,321,2959,rrc00,codered,normal,0
2001-07-09 15:45:00+00:00,1464,259,5.081967213114754,15.0,1.9690508265138729,68,95,1723,rrc00,codered,normal,0
2001-07-09 15:48:00+00:00,3226,572,4.915065096094234,19.0,1.5763998626841542,99,146,3798,rrc00,codered,normal,0
2001-07-09 15:51:00+00:00,2778,404,5.031677465802736,20.0,2.008012422464629,79,98,3182,rrc00,codered,normal,0
2001-07-09 15:54:00+00:00,1668,234,4.851918465227818,19.0,2.006647206197106,47,92,1902,rrc00,codered,normal,0
2001-07-09 15:57:00+00:00,1899,320,4.904160084254871,19.0,1.913417760924732,51,88,2219,rrc00,codered,normal,0
2001-07-09 16:00:00+00:00,1751,331,5.3323814962878355,19.0,2.443251287270156,65,106,2082,rrc00,codered,normal,0
2001-07-09 16:03:00+00:00,3324,468,5.109506618531889,20.0,2.063532102615364,74,117,3792,rrc00,codered,normal,0
2001-07-09 16:06:00+00:00,2961,499,4.915906788247214,18.0,1.7911996201204774,82,129,3460,rrc00,codered,normal,0
2001-07-09 16:09:00+00:00,1789,387,5.224706539966462,18.0,2.233900599813124,67,99,2176,rrc00,codered,normal,0
2001-07-09 16:12:00+00:00,2515,370,5.155069582504971,19.0,2.1917541893583334,72,91,2885,rrc00,codered,normal,0
2001-07-09 16:15:00+00:00,2295,312,4.840522875816993,15.0,1.9397944068843906,69,95,2607,rrc00,codered,normal,0
2001-07-09 16:18:00+00:00,1630,300,4.752760736196319,19.0,1.7130610811953575,58,81,1930,rrc00,codered,normal,0
2001-07-09 16:21:00+00:00,1938,285,4.606295149638803,17.0,1.5326853746866418,60,81,2223,rrc00,codered,normal,0
2001-07-09 16:24:00+00:00,2548,385,5.052197802197802,19.0,1.8281826608862222,80,111,2933,rrc00,codered,normal,0
2001-07-09 16:27:00+00:00,2395,657,4.918162839248434,18.0,1.9785868216088296,118,144,3052,rrc00,codered,normal,0
2001-07-09 16:30:00+00:00,5024,985,5.746218152866242,14.0,2.052526219648761,191,302,6009,rrc00,codered,normal,0
2001-07-09 16:33:00+00:00,4941,901,5.89779396883222,15.0,2.2968959084953577,160,174,5842,rrc00,codered,normal,0
2001-07-09 16:36:00+00:00,1882,292,5.167906482465463,19.0,2.108247751597344,52,89,2174,rrc00,codered,normal,0
2001-07-09 16:39:00+00:00,3829,1859,5.288064768869156,20.0,1.6012257448953846,216,259,5688,rrc00,codered,normal,0
2001-07-09 16:42:00+00:00,2322,942,4.810508182601206,20.0,1.7867132837867905,233,265,3264,rrc00,codered,normal,0
2001-07-09 16:45:00+00:00,2100,361,5.405238095238095,15.0,2.0729714560495935,57,85,2461,rrc00,codered,normal,0
2001-07-09 16:48:00+00:00,2327,311,5.694456381607219,18.0,2.463289425691588,51,90,2638,rrc00,codered,normal,0
2001-07-09 16:51:00+00:00,13609,376,3.8459107943272834,18.0,1.9590914119902083,56,214,13985,rrc00,codered,normal,0
2001-07-09 16:54:00+00:00,1928,365,4.935165975103734,17.0,1.816946469912351,51,73,2293,rrc00,codered,normal,0
2001-07-09 16:57:00+00:00,1383,268,5.046276211135213,20.0,2.1154389472671755,54,82,1651,rrc00,codered,normal,0
2001-07-09 17:00:00+00:00,1320,212,5.175757575757576,20.0,2.391782687887629,36,68,1532,rrc00,codered,normal,0
2001-07-09 17:03:00+00:00,3048,541,4.791666666666667,14.0,1.6120352321448468,91,104,3589,rrc00,codered,normal,0
2001-07-09 17:06:00+00:00,9119,927,4.759184121065906,19.0,1.6528782822221753,146,418,10046,rrc00,codered,normal,0
2001-07-09 17:09:00+00:00,7131,889,5.245968307390267,15.0,1.3726790862790665,185,260,8020,rrc00,codered,normal,0
2001-07-09 17:12:00+00:00,6037,2333,5.54795428192811,15.0,1.5715167637586709,235,246,8370,rrc00,codered,normal,0
2001-07-09 17:15:00+00:00,5246,625,5.475409836065574,18.0,1.5664423041871087,118,214,5871,rrc00,codered,normal,0
2001-07-09 17:18:00+00:00,3512,503,4.979783599088838,15.0,1.9415992629905279,89,126,4015,rrc00,codered,normal,0
2001-07-09 17:21:00+00:00,3237,226,5.009267840593142,18.0,2.226426085092994,36,99,3463,rrc00,codered,normal,0
2001-07-09 17:24:00+00:00,3499,600,5.602172049156902,19.0,2.2094023077348206,89,114,4099,rrc00,codered,normal,0
2001-07-09 17:27:00+00:00,2936,240,4.8651226158038146,20.0,2.20883386786106,39,90,3176,rrc00,codered,normal,0
2001-07-09 17:30:00+00:00,3519,329,5.053424268258028,16.0,2.12349314626798,59,90,3848,rrc00,codered,normal,0
2001-07-09 17:33:00+00:00,15855,296,3.739640491958373,19.0,1.4774076171317407,57,110,16151,rrc00,codered,normal,0
2001-07-09 17:36:00+00:00,46935,234,3.3715564077980185,18.0,1.238144398353944,54,78,47169,rrc00,codered,normal,0
2001-07-09 17:39:00+00:00,5386,712,4.766617155588563,20.0,2.369256212971923,83,162,6098,rrc00,codered,normal,0
2001-07-09 17:42:00+00:00,3897,294,5.167564793430844,15.0,1.9072394385817197,41,77,4191,rrc00,codered,normal,0
2001-07-09 17:45:00+00:00,1819,298,6.074766355140187,20.0,2.5893416858288183,56,105,2117,rrc00,codered,normal,0
2001-07-09 17:48:00+00:00,2561,322,5.192502928543537,20.0,2.0662680157180473,52,153,2883,rrc00,codered,normal,0
2001-07-09 17:51:00+00:00,4294,512,5.462971588262692,15.0,1.7908589297389794,139,183,4806,rrc00,codered,normal,0
2001-07-09 17:54:00+00:00,2756,490,5.366473149492017,18.0,1.8958611745736627,73,232,3246,rrc00,codered,normal,0
2001-07-09 17:57:00+00:00,2073,307,5.600578871201158,17.0,2.3727915118656644,58,92,2380,rrc00,codered,normal,0
2001-07-09 18:00:00+00:00,1801,228,5.522487506940589,18.0,2.5397822262517926,39,83,2029,rrc00,codered,normal,0
2001-07-09 18:03:00+00:00,1996,396,5.608216432865731,18.0,2.4851891185905397,61,87,2392,rrc00,codered,normal,0
2001-07-09 18:06:00+00:00,2296,302,4.6572299651567945,18.0,2.1193936068377854,54,95,2598,rrc00,codered,normal,0
2001-07-09 18:09:00+00:00,2400,214,5.519166666666667,15.0,2.325682546169093,46,63,2614,rrc00,codered,normal,0
2001-07-09 18:12:00+00:00,2134,286,5.322399250234302,17.0,2.222635250826987,56,79,2420,rrc00,codered,normal,0
2001-07-09 18:15:00+00:00,2351,177,5.463632496809868,16.0,2.051924906619712,35,59,2528,rrc00,codered,normal,0
2001-07-09 18:18:00+00:00,2143,227,5.768548763415772,17.0,2.6132938602688043,37,69,2370,rrc00,codered,normal,0
2001-07-09 18:21:00+00:00,5809,375,5.495093819934584,16.0,2.1993171827995694,50,146,6184,rrc00,codered,normal,0
2001-07-09 18:24:00+00:00,2514,372,6.054097056483691,15.0,2.8002047601229165,61,107,2886,rrc00,codered,normal,0
2001-07-09 18:27:00+00:00,102385,272,3.5495433901450406,19.0,1.4049457467066244,45,71,102657,rrc00,codered,normal,0
2001-07-09 18:30:00+00:00,2548,340,5.977629513343799,15.0,2.5219386591614854,53,91,2888,rrc00,codered,normal,0
2001-07-09 18:33:00+00:00,3234,540,5.38682745825603,15.0,2.200879599397857,93,111,3774,rrc00,codered,normal,0
2001-07-09 18:36:00+00:00,22391,16110,3.7298914742530482,15.0,1.5627980383705593,91,15662,38501,rrc00,codered,normal,0
2001-07-09 18:39:00+00:00,14205,310,4.012601196761704,17.0,1.5065910429272529,75,136,14515,rrc00,codered,normal,0
2001-07-09 18:42:00+00:00,5175,340,4.940869565217391,20.0,2.0942943463309365,61,104,5515,rrc00,codered,normal,0
2001-07-09 18:45:00+00:00,4455,402,4.823569023569023,18.0,2.215713967190986,85,150,4857,rrc00,codered,normal,0
2001-07-09 18:48:00+00:00,12167,493,4.065751623243199,15.0,1.8265684553198953,82,189,12660,rrc00,codered,normal,0
2001-07-09 18:51:00+00:00,16417,376,3.499360419077785,13.0,1.3791104902486386,62,97,16793,rrc00,codered,normal,0
2001-07-09 18:54:00+00:00,17302,290,3.8675297653450467,18.0,1.8791726694271174,58,86,17592,rrc00,codered,normal,0
2001-07-09 18:57:00+00:00,3671,367,5.673385998365568,14.0,2.6095913971650964,88,113,4038,rrc00,codered,normal,0
2001-07-09 19:00:00+00:00,2641,468,5.696705793260128,14.0,2.4377180455024283,77,134,3109,rrc00,codered,normal,0
2001-07-09 19:03:00+00:00,2241,276,5.117804551539491,13.0,2.2679596672746323,36,112,2517,rrc00,codered,normal,0
2001-07-09 19:06:00+00:00,4093,372,4.712680185682873,14.0,1.9547852602579483,48,212,4465,rrc00,codered,normal,0
2001-07-09 19:09:00+00:00,4045,398,5.155995055624228,17.0,2.3285494787276577,63,124,4443,rrc00,codered,normal,0
2001-07-09 19:12:00+00:00,3548,974,5.519729425028185,16.0,2.2159116948342676,226,256,4522,rrc00,codered,normal,0
2001-07-09 19:15:00+00:00,4303,1658,5.980711131768533,14.0,2.0032160421984715,226,272,5961,rrc00,codered,normal,0
2001-07-09 19:18:00+00:00,2168,304,5.868081180811808,17.0,2.7799253369503525,39,106,2472,rrc00,codered,normal,0
2001-07-09 19:21:00+00:00,11101,19457,4.207278623547428,19.0,2.1271629599314763,62,19087,30558,rrc00,codered,normal,0
2001-07-09 19:24:00+00:00,30634,853,3.809623294378795,17.0,1.3621234878149733,64,643,31487,rrc00,codered,normal,0
2001-07-09 19:27:00+00:00,4680,867,4.999358974358974,13.0,2.071014764116541,130,213,5547,rrc00,codered,normal,0
2001-07-09 19:30:00+00:00,4289,1039,6.214735369550012,21.0,2.998531883122509,169,221,5328,rrc00,codered,normal,0
2001-07-09 19:33:00+00:00,3699,401,5.523655041903217,20.0,2.7905471388904517,71,108,4100,rrc00,codered,normal,0
2001-07-09 19:36:00+00:00,9144,576,4.819116360454943,15.0,1.628057338592942,69,307,9720,rrc00,codered,normal,0
2001-07-09 19:39:00+00:00,9696,1404,5.149443069306931,14.0,2.398355653013759,162,396,11100,rrc00,codered,normal,0
2001-07-09 19:42:00+00:00,6422,1082,5.139520398629711,15.0,2.1598019781179003,184,312,7504,rrc00,codered,normal,0
2001-07-09 19:45:00+00:00,4403,781,5.077447195094254,17.0,2.0092105937883735,153,317,5184,rrc00,codered,normal,0
2001-07-09 19:48:00+00:00,5550,809,5.3398198198198195,16.0,2.1582901064850666,100,294,6359,rrc00,codered,normal,0
2001-07-09 19:51:00+00:00,17141,1119,5.238375824047605,19.0,1.7761685983087194,113,634,18260,rrc00,codered,normal,0
2001-07-09 19:54:00+00:00,4677,826,4.957237545435108,14.0,2.3303891521382147,134,234,5503,rrc00,codered,normal,0
2001-07-09 19:57:00+00:00,3269,703,5.08106454573264,15.0,2.3335712056526106,139,209,3972,rrc00,codered,normal,0
2001-07-09 20:00:00+00:00,3232,509,5.304764851485149,17.0,2.067308497758183,95,160,3741,rrc00,codered,normal,0
2001-07-09 20:03:00+00:00,2922,507,5.086926762491444,19.0,2.24217558088092,110,149,3429,rrc00,codered,normal,0
2001-07-09 20:06:00+00:00,3150,595,5.889206349206349,18.0,2.640125839706035,103,145,3745,rrc00,codered,normal,0
2001-07-09 20:09:00+00:00,3985,469,5.365119196988708,15.0,2.1388297301092845,77,138,4454,rrc00,codered,normal,0
2001-07-09 20:12:00+00:00,2713,395,5.289347585698489,15.0,2.585355432970585,91,116,3108,rrc00,codered,normal,0
2001-07-09 20:15:00+00:00,4884,390,4.886158886158886,16.0,2.399610275000648,80,153,5274,rrc00,codered,normal,0
2001-07-09 20:18:00+00:00,4769,455,5.204864751520235,15.0,2.265592607516712,71,152,5224,rrc00,codered,normal,0
2001-07-09 20:21:00+00:00,6253,716,4.568846953462338,15.0,1.958125986320576,115,181,6969,rrc00,codered,normal,0
2001-07-09 20:24:00+00:00,3362,544,5.872694824509221,15.0,2.6931906436818265,87,117,3906,rrc00,codered,normal,0
2001-07-09 20:27:00+00:00,3244,538,5.198828606658446,17.0,2.4057291070675983,106,138,3782,rrc00,codered,normal,0
2001-07-09 20:30:00+00:00,3023,509,5.1991399272246115,17.0,2.402867798396302,88,165,3532,rrc00,codered,normal,0
2001-07-09 20:33:00+00:00,3958,444,5.103082364830723,17.0,2.147182978601268,86,157,4402,rrc00,codered,normal,0
2001-07-09 20:36:00+00:00,5031,1126,4.5813953488372094,15.0,1.9725012047432084,203,255,6157,rrc00,codered,normal,0
2001-07-09 20:39:00+00:00,6297,949,5.376528505637605,17.0,2.104550561390517,140,255,7246,rrc00,codered,normal,0
2001-07-09 20:42:00+00:00,5682,1004,5.295318549806407,19.0,2.110401298788037,141,346,6686,rrc00,codered,normal,0
2001-07-09 20:45:00+00:00,6439,507,6.0593259822953875,20.0,2.395683125011659,92,159,6946,rrc00,codered,normal,0
2001-07-09 20:48:00+00:00,6755,738,5.399259807549963,20.0,2.047048254917958,123,301,7493,rrc00,codered,normal,0
2001-07-09 20:51:00+00:00,3558,524,5.431141090500281,18.0,2.0246256267218943,97,157,4082,rrc00,codered,normal,0
2001-07-09 20:54:00+00:00,3123,426,4.45821325648415,15.0,1.7821918411204374,87,120,3549,rrc00,codered,normal,0
2001-07-09 20:57:00+00:00,3997,433,4.472854640980736,15.0,1.5860210525781233,71,107,4430,rrc00,codered,normal,0
2001-07-09 21:00:00+00:00,3339,401,4.504642108415693,14.0,1.6626796918852391,85,114,3740,rrc00,codered,normal,0
2001-07-09 21:03:00+00:00,3219,571,4.728487107797452,17.0,1.8891868472541673,89,137,3790,rrc00,codered,normal,0
2001-07-09 21:06:00+00:00,10688,1174,3.7952844311377247,17.0,1.473953066976634,144,175,11862,rrc00,codered,normal,0
2001-07-09 21:09:00+00:00,60921,290,3.7987393509627223,16.0,1.0638836927570683,52,88,61211,rrc00,codered,normal,0
2001-07-09 21:12:00+00:00,15238,330,3.8679616747604673,14.0,1.2863519469859357,60,97,15568,rrc00,codered,normal,0
2001-07-09 21:15:00+00:00,1885,298,4.551724137931035,14.0,1.9976387781142637,61,91,2183,rrc00,codered,normal,0
2001-07-09 21:18:00+00:00,3345,395,4.76203288490284,14.0,1.8559948662677266,44,160,3740,rrc00,codered,normal,0
2001-07-09 21:21:00+00:00,4391,532,4.604873605101344,18.0,1.923938287593555,93,159,4923,rrc00,codered,normal,0
2001-07-09 21:24:00+00:00,3719,442,4.532670072600161,18.0,2.1065832729384084,70,114,4161,rrc00,codered,normal,0
2001-07-09 21:27:00+00:00,14929,494,3.7651550673186414,18.0,1.771278086888233,71,147,15423,rrc00,codered,normal,0
2001-07-09 21:30:00+00:00,3243,544,5.161578785075547,15.0,2.138247840813856,68,191,3787,rrc00,codered,normal,0
2001-07-09 21:33:00+00:00,2455,366,5.789002036659878,17.0,2.4480511435053494,56,69,2821,rrc00,codered,normal,0
2001-07-09 21:36:00+00:00,2075,169,4.733493975903614,16.0,1.730745666820149,22,56,2244,rrc00,codered,normal,0
2001-07-09 21:39:00+00:00,2562,372,4.891491022638563,15.0,1.9601648141100847,56,120,2934,rrc00,codered,normal,0
2001-07-09 21:42:00+00:00,2095,403,4.801909307875895,16.0,1.8999801987121048,64,114,2498,rrc00,codered,normal,0
2001-07-09 21:45:00+00:00,2315,327,4.957667386609072,17.0,2.1586984523454937,47,101,2642,rrc00,codered,normal,0
2001-07-09 21:48:00+00:00,1866,266,4.442122186495177,15.0,1.7062160480572697,49,70,2132,rrc00,codered,normal,0
2001-07-09 21:51:00+00:00,2390,351,4.457740585774059,16.0,1.5811694997999313,45,119,2741,rrc00,codered,normal,0
2001-07-09 21:54:00+00:00,2170,485,4.811520737327189,15.0,1.772279115544402,68,99,2655,rrc00,codered,normal,0
2001-07-09 21:57:00+00:00,2480,414,4.641532258064516,14.0,1.8867451681678102,74,89,2894,rrc00,codered,normal,0
2001-07-09 22:00:00+00:00,2048,358,4.67333984375,15.0,1.4721477247778925,55,93,2406,rrc00,codered,normal,0
2001-07-09 22:03:00+00:00,3136,444,4.715561224489796,15.0,1.577937070770817,85,100,3580,rrc00,codered,normal,0
2001-07-09 22:06:00+00:00,4569,398,4.299846793609105,15.0,1.3535787776404125,112,141,4967,rrc00,codered,normal,0
2001-07-09 22:09:00+00:00,3371,369,4.495401957876001,15.0,1.7203373461328104,67,100,3740,rrc00,codered,normal,0
2001-07-09 22:12:00+00:00,3166,314,5.279532533164877,17.0,2.267043520978468,55,74,3480,rrc00,codered,normal,0
2001-07-09 22:15:00+00:00,3953,858,7.0801922590437645,15.0,3.107223700213425,124,193,4811,rrc00,codered,normal,0
2001-07-09 22:18:00+00:00,2735,254,5.778793418647166,20.0,2.5400031681940205,68,89,2989,rrc00,codered,normal,0
2001-07-09 22:21:00+00:00,2077,193,4.923928743379875,17.0,1.8078069533217822,41,59,2270,rrc00,codered,normal,0
2001-07-09 22:24:00+00:00,1411,214,5.245924875974486,15.0,1.9354692334981085,37,59,1625,rrc00,codered,normal,0
2001-07-09 22:27:00+00:00,5931,552,5.693812173326589,17.0,1.555469240089343,54,324,6483,rrc00,codered,normal,0
2001-07-09 22:30:00+00:00,3835,339,6.209647979139505,15.0,2.554819717205934,59,79,4174,rrc00,codered,normal,0
2001-07-09 22:33:00+00:00,5523,718,5.523628462791961,17.0,1.5505056609844485,79,328,6241,rrc00,codered,normal,0
2001-07-09 22:36:00+00:00,2716,167,4.95139911634757,14.0,1.4245357721674756,30,57,2883,rrc00,codered,normal,0
2001-07-09 22:39:00+00:00,1945,280,5.10745501285347,15.0,1.8180107072789158,70,98,2225,rrc00,codered,normal,0
2001-07-09 22:42:00+00:00,1941,244,4.917568263781556,14.0,1.6742451484804208,26,72,2185,rrc00,codered,normal,0
2001-07-09 22:45:00+00:00,1623,433,5.9346888478126925,15.0,2.321518855266806,68,79,2056,rrc00,codered,normal,0
2001-07-09 22:48:00+00:00,1891,698,5.026969857218403,15.0,1.8715528209337668,54,434,2589,rrc00,codered,normal,0
2001-07-09 22:51:00+00:00,2268,317,4.777777777777778,15.0,1.666137482126683,39,114,2585,rrc00,codered,normal,0
2001-07-09 22:54:00+00:00,1828,255,4.914660831509847,14.0,1.661227152086393,43,63,2083,rrc00,codered,normal,0
2001-07-09 22:57:00+00:00,5105,788,5.581782566111655,17.0,1.4995987565629967,127,520,5893,rrc00,codered,normal,0
2001-07-09 23:00:00+00:00,2030,512,4.90295566502463,17.0,1.8093738222314044,75,124,2542,rrc00,codered,normal,0
2001-07-09 23:03:00+00:00,1293,212,5.288476411446249,22.0,3.082194241862636,34,77,1505,rrc00,codered,normal,0
2001-07-09 23:06:00+00:00,2049,479,5.288433382137628,21.0,2.501198919073678,64,79,2528,rrc00,codered,normal,0
2001-07-09 23:09:00+00:00,1205,196,5.144398340248963,17.0,2.442173490970133,43,67,1401,rrc00,codered,normal,0
2001-07-09 23:12:00+00:00,1501,291,4.672884743504331,14.0,1.6414814341039858,39,68,1792,rrc00,codered,normal,0
2001-07-09 23:15:00+00:00,2447,269,5.0024519820187985,17.0,1.6762951355078537,41,68,2716,rrc00,codered,normal,0
2001-07-09 23:18:00+00:00,1839,378,4.729200652528548,16.0,1.8905825285932607,78,140,2217,rrc00,codered,normal,0
2001-07-09 23:21:00+00:00,2477,439,4.925716592652402,17.0,1.7410399090475388,85,102,2916,rrc00,codered,normal,0
2001-07-09 23:24:00+00:00,1734,330,4.941753171856978,15.0,1.9219362999124898,52,94,2064,rrc00,codered,normal,0
2001-07-09 23:27:00+00:00,1922,347,5.181581685744017,14.0,1.8471267435958594,61,84,2269,rrc00,codered,normal,0
2001-07-09 23:30:00+00:00,5947,369,5.675298469816714,20.0,1.6859542678784363,42,178,6316,rrc00,codered,normal,0
2001-07-09 23:33:00+00:00,1175,176,4.5225531914893615,16.0,2.1035233543960987,41,70,1351,rrc00,codered,normal,0
2001-07-09 23:36:00+00:00,1249,324,4.951160928742994,14.0,1.7900223454807807,38,60,1573,rrc00,codered,normal,0
2001-07-09 23:39:00+00:00,1446,173,4.630705394190872,16.0,1.663370879752475,29,70,1619,rrc00,codered,normal,0
2001-07-09 23:42:00+00:00,2911,588,7.813122638268636,25.0,5.148643773729748,73,194,3499,rrc00,codered,normal,0
2001-07-09 23:45:00+00:00,2393,550,7.119515252820727,25.0,4.578325115135466,95,121,2943,rrc00,codered,normal,0
2001-07-09 23:48:00+00:00,1591,159,5.116279069767442,19.0,2.760897882272638,32,58,1750,rrc00,codered,normal,0
2001-07-09 23:51:00+00:00,1597,387,5.136505948653726,17.0,2.0369537988024016,67,81,1984,rrc00,codered,normal,0
2001-07-09 23:54:00+00:00,4893,262,4.7224606580829755,15.0,1.580660607788866,43,99,5155,rrc00,codered,normal,0
2001-07-09 23:57:00+00:00,9037,209,4.465751908819298,15.0,1.2993239794450302,33,80,9246,rrc00,codered,normal,0
2001-07-10 00:00:00+00:00,14079,219,4.702748774770935,17.0,1.3584449926130844,54,115,14298,rrc00,codered,normal,0
2001-07-10 00:03:00+00:00,4268,561,5.636129334582943,24.0,2.587182234747613,129,194,4829,rrc00,codered,normal,0
2001-07-10 00:06:00+00:00,3245,1113,6.288135593220339,22.0,2.916167843370026,127,185,4358,rrc00,codered,normal,0
2001-07-10 00:09:00+00:00,13725,7182,3.888743169398907,24.0,1.5718171545027833,56,6964,20907,rrc00,codered,normal,0
2001-07-10 00:12:00+00:00,7620,402,3.9354330708661416,15.0,1.384211358649937,83,116,8022,rrc00,codered,normal,0
2001-07-10 00:15:00+00:00,12704,2906,4.767081234256927,16.0,1.8264127363018003,320,1731,15610,rrc00,codered,normal,0
2001-07-10 00:18:00+00:00,10327,341,4.319066524644136,16.0,1.677252724539498,72,141,10668,rrc00,codered,normal,0
2001-07-10 00:21:00+00:00,2262,481,4.867816091954023,24.0,2.1040020191724653,73,123,2743,rrc00,codered,normal,0
2001-07-10 00:24:00+00:00,3721,745,5.7239989250201555,24.0,2.8130663613092604,127,141,4466,rrc00,codered,normal,0
2001-07-10 00:27:00+00:00,15501,1069,3.9692277917553707,13.0,1.4414205350750433,167,202,16570,rrc00,codered,normal,0
2001-07-10 00:30:00+00:00,12495,367,3.991436574629852,17.0,1.4009681587357896,75,103,12862,rrc00,codered,normal,0
2001-07-10 00:33:00+00:00,2011,284,5.527598209845848,22.0,3.5350921246641547,43,63,2295,rrc00,codered,normal,0
2001-07-10 00:36:00+00:00,10239,241,3.633362633069636,21.0,1.6267505487446263,48,68,10480,rrc00,codered,normal,0
2001-07-10 00:39:00+00:00,1984,283,5.649193548387097,24.0,3.3278394610720112,53,69,2267,rrc00,codered,normal,0
2001-07-10 00:42:00+00:00,2044,303,4.963796477495108,13.0,1.691946062133657,55,65,2347,rrc00,codered,normal,0
2001-07-10 00:45:00+00:00,1442,144,4.776005547850208,15.0,1.8185074491321094,33,52,1586,rrc00,codered,normal,0
2001-07-10 00:48:00+00:00,1091,220,4.908340971585702,17.0,1.9877798293593418,39,58,1311,rrc00,codered,normal,0
2001-07-10 00:51:00+00:00,1970,174,4.873096446700508,17.0,1.498946180019987,38,50,2144,rrc00,codered,normal,0
2001-07-10 00:54:00+00:00,2303,332,5.01476335214937,15.0,1.736619717814394,50,68,2635,rrc00,codered,normal,0
2001-07-10 00:57:00+00:00,1541,256,4.6774821544451655,15.0,1.8751956213348409,46,70,1797,rrc00,codered,normal,0
2001-07-10 01:00:00+00:00,2761,554,5.507062658457081,16.0,1.9099723311462729,121,189,3315,rrc00,codered,normal,0
2001-07-10 01:03:00+00:00,9340,1921,5.651927194860813,25.0,2.278928128866936,247,311,11261,rrc00,codered,normal,0
2001-07-10 01:06:00+00:00,6479,1361,5.747954931316561,25.0,1.8493755449578106,160,176,7840,rrc00,codered,normal,0
2001-07-10 01:09:00+00:00,15466,552,3.933143669985775,18.0,1.8016342164584078,126,191,16018,rrc00,codered,normal,0
2001-07-10 01:12:00+00:00,1539,394,4.783625730994152,13.0,1.839736711751083,69,92,1933,rrc00,codered,normal,0
2001-07-10 01:15:00+00:00,2742,955,5.276805251641138,17.0,1.6328708630169462,147,183,3697,rrc00,codered,normal,0
2001-07-10 01:18:00+00:00,5347,990,5.358144754067702,15.0,1.5246342490608868,130,240,6337,rrc00,codered,normal,0
2001-07-10 01:21:00+00:00,21147,1276,3.8264056367333428,13.0,1.4505570372048535,280,298,22423,rrc00,codered,normal,0
2001-07-10 01:24:00+00:00,7968,1953,5.596134538152611,24.0,2.2983526311775684,254,284,9921,rrc00,codered,normal,0
2001-07-10 01:27:00+00:00,4420,1006,5.451809954751131,26.0,2.1562670693330275,192,242,5426,rrc00,codered,normal,0
2001-07-10 01:30:00+00:00,3064,407,5.017297650130549,25.0,2.48402751540823,81,91,3471,rrc00,codered,normal,0
2001-07-10 01:33:00+00:00,2505,516,5.057085828343314,15.0,1.8251772917517108,92,112,3021,rrc00,codered,normal,0
2001-07-10 01:36:00+00:00,1684,360,5.353325415676959,16.0,2.5184322143141227,60,89,2044,rrc00,codered,normal,0
2001-07-10 01:39:00+00:00,2488,626,5.036977491961415,17.0,1.7797311466840466,89,113,3114,rrc00,codered,normal,0
2001-07-10 01:42:00+00:00,2229,255,5.046657694033199,24.0,2.2434939183750418,50,73,2484,rrc00,codered,normal,0
2001-07-10 01:45:00+00:00,1521,222,4.818540433925049,25.0,2.2790122604921588,43,65,1743,rrc00,codered,normal,0
2001-07-10 01:48:00+00:00,2134,481,5.026710402999063,15.0,1.758561532357527,81,92,2615,rrc00,codered,normal,0
2001-07-10 01:51:00+00:00,5668,598,5.671136203246295,19.0,1.4944615396105987,74,300,6266,rrc00,codered,normal,0
2001-07-10 01:54:00+00:00,2396,352,5.041736227045075,16.0,2.0230130895458664,55,91,2748,rrc00,codered,normal,0
2001-07-10 01:57:00+00:00,1426,311,5.1542776998597475,17.0,2.157224546996602,43,62,1737,rrc00,codered,normal,0
2001-07-10 02:00:00+00:00,1954,224,4.861310133060389,20.0,2.052461268820903,44,64,2178,rrc00,codered,normal,0
2001-07-10 02:03:00+00:00,2136,232,5.542134831460674,20.0,2.761442644696394,37,74,2368,rrc00,codered,normal,0
2001-07-10 02:06:00+00:00,2035,424,4.806388206388206,15.0,1.7369686030322709,78,99,2459,rrc00,codered,normal,0
2001-07-10 02:09:00+00:00,4212,1511,6.595916429249763,23.0,4.131166424994597,167,216,5723,rrc00,codered,normal,0
2001-07-10 02:12:00+00:00,18844,547,4.794045850137975,25.0,2.1206409452569153,117,146,19391,rrc00,codered,normal,0
2001-07-10 02:15:00+00:00,2993,388,6.028399599064484,24.0,2.9825523389238544,66,94,3381,rrc00,codered,normal,0
2001-07-10 02:18:00+00:00,12744,419,4.600831763967357,16.0,1.1683613996840418,55,78,13163,rrc00,codered,normal,0
2001-07-10 02:21:00+00:00,2195,428,5.191799544419134,15.0,1.9669539129274631,86,107,2623,rrc00,codered,normal,0
2001-07-10 02:24:00+00:00,1834,355,5.161395856052344,20.0,2.266611625043705,62,82,2189,rrc00,codered,normal,0
2001-07-10 02:27:00+00:00,1847,260,5.954520844612886,25.0,3.4208649690405832,53,80,2107,rrc00,codered,normal,0
2001-07-10 02:30:00+00:00,5204,324,4.157571099154497,25.0,2.1885906943204803,59,80,5528,rrc00,codered,normal,0
2001-07-10 02:33:00+00:00,2586,322,5.140757927300851,15.0,1.7655248956551337,47,89,2908,rrc00,codered,normal,0
2001-07-10 02:36:00+00:00,2250,382,4.892888888888889,15.0,2.171449717710085,52,82,2632,rrc00,codered,normal,0
2001-07-10 02:39:00+00:00,13084,383,4.7552736166309995,15.0,1.221319899112655,57,87,13467,rrc00,codered,normal,0
2001-07-10 02:42:00+00:00,8822,308,4.839605531625482,22.0,1.76800072125468,62,76,9130,rrc00,codered,normal,0
2001-07-10 02:45:00+00:00,1316,323,4.860182370820668,21.0,2.1113158640968632,51,68,1639,rrc00,codered,normal,0
2001-07-10 02:48:00+00:00,1403,360,5.344975053456878,22.0,2.710165661829443,52,70,1763,rrc00,codered,normal,0
2001-07-10 02:51:00+00:00,5306,494,5.29852996607614,24.0,2.0085160068801025,74,122,5800,rrc00,codered,normal,0
2001-07-10 02:54:00+00:00,5299,936,5.484619739573504,25.0,2.2923478681451037,191,218,6235,rrc00,codered,normal,0
2001-07-10 02:57:00+00:00,2224,371,5.794064748201439,16.0,2.216038826857193,56,72,2595,rrc00,codered,normal,0
2001-07-10 03:00:00+00:00,4712,359,4.725594227504245,24.0,1.703648420482301,74,110,5071,rrc00,codered,normal,0
2001-07-10 03:03:00+00:00,2411,274,4.986727498963086,26.0,2.0248943502829695,57,87,2685,rrc00,codered,normal,0
2001-07-10 03:06:00+00:00,1399,202,5.093638313080772,15.0,1.6637954880359778,37,61,1601,rrc00,codered,normal,0
2001-07-10 03:09:00+00:00,1505,288,5.241196013289037,15.0,1.9748326557096416,46,74,1793,rrc00,codered,normal,0
2001-07-10 03:12:00+00:00,1789,279,5.05030743432085,16.0,2.1209214080891194,51,92,2068,rrc00,codered,normal,0
2001-07-10 03:15:00+00:00,4883,563,6.316403850092157,20.0,2.3749562032504294,118,145,5446,rrc00,codered,normal,0
2001-07-10 03:18:00+00:00,4016,493,5.423804780876494,16.0,2.410069981654302,77,120,4509,rrc00,codered,normal,0
2001-07-10 03:21:00+00:00,2817,344,5.420305289314874,22.0,3.1630834801498025,65,82,3161,rrc00,codered,normal,0
2001-07-10 03:24:00+00:00,1886,247,5.081124072110287,16.0,2.1867464485406765,47,70,2133,rrc00,codered,normal,0
2001-07-10 03:27:00+00:00,1736,228,4.514976958525345,17.0,2.035911830368867,42,60,1964,rrc00,codered,normal,0
2001-07-10 03:30:00+00:00,1301,259,5.303612605687932,14.0,2.063383231937189,48,87,1560,rrc00,codered,normal,0
2001-07-10 03:33:00+00:00,2677,310,5.4706761299962645,19.0,2.6678223486117334,68,88,2987,rrc00,codered,normal,0
2001-07-10 03:36:00+00:00,3848,458,5.653586278586278,22.0,3.239457172537019,78,128,4306,rrc00,codered,normal,0
2001-07-10 03:39:00+00:00,2992,310,4.906751336898396,17.0,1.7712596750794007,50,95,3302,rrc00,codered,normal,0
2001-07-10 03:42:00+00:00,2945,348,5.10560271646859,17.0,1.8002223551756362,49,87,3293,rrc00,codered,normal,0
2001-07-10 03:45:00+00:00,4254,471,5.6840620592383635,21.0,1.7311941662027932,47,276,4725,rrc00,codered,normal,0
2001-07-10 03:48:00+00:00,4712,381,5.591468590831918,19.0,2.19064693783117,76,98,5093,rrc00,codered,normal,0
2001-07-10 03:51:00+00:00,2249,242,4.764339706536238,13.0,1.6492179917158591,55,78,2491,rrc00,codered,normal,0
2001-07-10 03:54:00+00:00,1727,248,5.99189345686161,19.0,3.3702165061660825,44,104,1975,rrc00,codered,normal,0
2001-07-10 03:57:00+00:00,2161,478,5.1911152244331324,17.0,2.046890104208949,67,98,2639,rrc00,codered,normal,0
2001-07-10 04:00:00+00:00,1933,311,5.344024831867563,24.0,2.3144235528977846,62,71,2244,rrc00,codered,normal,0
2001-07-10 04:03:00+00:00,1619,406,5.760963557751698,26.0,2.572541480849576,65,122,2025,rrc00,codered,normal,0
2001-07-10 04:06:00+00:00,2883,547,5.514394727714187,24.0,2.624767476862704,114,144,3430,rrc00,codered,normal,0
2001-07-10 04:09:00+00:00,2523,468,5.222354340071344,24.0,2.1734406636388965,66,121,2991,rrc00,codered,normal,0
2001-07-10 04:12:00+00:00,4447,851,5.313694625590285,25.0,2.727707073260118,140,174,5298,rrc00,codered,normal,0
2001-07-10 04:15:00+00:00,2185,752,5.917620137299771,24.0,2.626495139176204,118,157,2937,rrc00,codered,normal,0
2001-07-10 04:18:00+00:00,3461,275,5.027448714244438,25.0,1.9409360368807336,59,90,3736,rrc00,codered,normal,0
2001-07-10 04:21:00+00:00,1714,282,5.530338389731622,24.0,2.3580991301108143,55,88,1996,rrc00,codered,normal,0
2001-07-10 04:24:00+00:00,3775,392,5.779867549668874,24.0,2.1330617197675514,34,260,4167,rrc00,codered,normal,0
2001-07-10 04:27:00+00:00,3451,403,5.37525354969574,20.0,1.6308961554368226,74,99,3854,rrc00,codered,normal,0
2001-07-10 04:30:00+00:00,2538,389,5.401103230890465,15.0,1.871321125438605,71,96,2927,rrc00,codered,normal,0
2001-07-10 04:33:00+00:00,1736,285,5.48963133640553,25.0,3.1010082131171264,51,70,2021,rrc00,codered,normal,0
2001-07-10 04:36:00+00:00,2018,226,5.663528245787909,27.0,3.8596882129948287,42,76,2244,rrc00,codered,normal,0
2001-07-10 04:39:00+00:00,2711,412,5.251936554776835,25.0,3.67696566185401,62,80,3123,rrc00,codered,normal,0
2001-07-10 04:42:00+00:00,3001,550,5.295901366211263,25.0,3.0268838520250902,86,201,3551,rrc00,codered,normal,0
2001-07-10 04:45:00+00:00,2323,354,4.918639690055962,25.0,2.224353805028392,56,99,2677,rrc00,codered,normal,0
2001-07-10 04:48:00+00:00,1709,269,5.574605032182563,25.0,3.78578984034642,51,63,1978,rrc00,codered,normal,0
2001-07-10 04:51:00+00:00,1561,257,5.705317104420243,25.0,3.238980813834069,51,70,1818,rrc00,codered,normal,0
2001-07-10 04:54:00+00:00,2407,484,5.533444121312837,23.0,2.5107213187855404,94,112,2891,rrc00,codered,normal,0
2001-07-10 04:57:00+00:00,5518,558,4.580645161290323,16.0,1.626819270641493,146,220,6076,rrc00,codered,normal,0
2001-07-10 05:00:00+00:00,2331,284,5.246246246246246,24.0,2.684836318138017,51,77,2615,rrc00,codered,normal,0
2001-07-10 05:03:00+00:00,1094,181,4.99908592321755,24.0,2.499177028332049,44,59,1275,rrc00,codered,normal,0
2001-07-10 05:06:00+00:00,2333,548,4.9142734676382345,17.0,1.6715842901965006,79,235,2881,rrc00,codered,normal,0
2001-07-10 05:09:00+00:00,3401,832,5.39135548368127,19.0,2.1699415284195664,150,182,4233,rrc00,codered,normal,0
2001-07-10 05:12:00+00:00,3668,309,4.906761177753544,23.0,2.2633411769337486,42,124,3977,rrc00,codered,normal,0
2001-07-10 05:15:00+00:00,2427,433,5.4182117840955915,16.0,2.4814528354067416,63,142,2860,rrc00,codered,normal,0
2001-07-10 05:18:00+00:00,2265,455,4.901103752759382,17.0,1.7856241283838856,90,111,2720,rrc00,codered,normal,0
2001-07-10 05:21:00+00:00,1953,387,5.31694828469022,24.0,2.242220323107488,46,152,2340,rrc00,codered,normal,0
2001-07-10 05:24:00+00:00,4012,1368,5.7310568295114654,25.0,2.3948895781405577,141,173,5380,rrc00,codered,normal,0
2001-07-10 05:27:00+00:00,3370,369,4.701186943620178,24.0,2.1473947539162515,53,163,3739,rrc00,codered,normal,0
2001-07-10 05:30:00+00:00,9101,403,5.285023623777607,25.0,1.7871782262878548,57,123,9504,rrc00,codered,normal,0
2001-07-10 05:33:00+00:00,5679,361,5.322944180313436,24.0,1.6478985734191935,58,98,6040,rrc00,codered,normal,0
2001-07-10 05:36:00+00:00,1587,146,5.088216761184625,17.0,1.7252434060089643,27,59,1733,rrc00,codered,normal,0
2001-07-10 05:39:00+00:00,1688,301,5.094194312796208,14.0,1.9776630471643328,54,92,1989,rrc00,codered,normal,0
2001-07-10 05:42:00+00:00,1577,234,5.0703868103994925,18.0,1.9836342236073576,32,101,1811,rrc00,codered,normal,0
2001-07-10 05:45:00+00:00,1523,227,4.900196979645437,23.0,2.220721068102709,41,75,1750,rrc00,codered,normal,0
2001-07-10 05:48:00+00:00,1717,293,4.682585905649389,14.0,1.6167457479094165,53,74,2010,rrc00,codered,normal,0
2001-07-10 05:51:00+00:00,1482,222,4.92914979757085,24.0,2.3354859063707134,52,69,1704,rrc00,codered,normal,0
2001-07-10 05:54:00+00:00,1532,287,5.06201044386423,25.0,2.18215959572081,54,81,1819,rrc00,codered,normal,0
2001-07-10 05:57:00+00:00,2256,291,5.127216312056738,15.0,1.8570940416280024,42,116,2547,rrc00,codered,normal,0
2001-07-10 06:00:00+00:00,2081,492,5.347909658817876,22.0,2.030534972936218,86,106,2573,rrc00,codered,normal,0
2001-07-10 06:03:00+00:00,1972,371,5.6424949290060855,26.0,2.5358443473986965,66,94,2343,rrc00,codered,normal,0
2001-07-10 06:06:00+00:00,4398,296,4.82037289677126,26.0,1.647278861123695,52,104,4694,rrc00,codered,normal,0
2001-07-10 06:09:00+00:00,1730,494,6.33121387283237,19.0,2.8361023537938173,58,77,2224,rrc00,codered,normal,0
2001-07-10 06:12:00+00:00,1561,257,5.252402306213965,18.0,2.614520323563487,44,70,1818,rrc00,codered,normal,0
2001-07-10 06:15:00+00:00,1672,423,5.6836124401913874,17.0,2.3210642178504908,64,93,2095,rrc00,codered,normal,0
2001-07-10 06:18:00+00:00,3011,458,5.313849219528396,15.0,1.7117419802518081,69,114,3469,rrc00,codered,normal,0
2001-07-10 06:21:00+00:00,2173,410,4.764841233317994,15.0,1.8719763311444835,80,111,2583,rrc00,codered,normal,0
2001-07-10 06:24:00+00:00,2960,304,5.043918918918919,17.0,2.1278629792095924,49,70,3264,rrc00,codered,normal,0
2001-07-10 06:27:00+00:00,2055,372,4.955231143552312,15.0,1.9745191000594717,61,110,2427,rrc00,codered,normal,0
2001-07-10 06:30:00+00:00,4066,232,3.750122970978849,15.0,1.546788315222491,42,61,4298,rrc00,codered,normal,0
2001-07-10 06:33:00+00:00,2811,409,5.0522945570971185,15.0,1.9172968694757293,75,109,3220,rrc00,codered,normal,0
2001-07-10 06:36:00+00:00,3402,260,4.52145796590241,15.0,1.8945552705786195,38,107,3662,rrc00,codered,normal,0
2001-07-10 06:39:00+00:00,3056,602,4.959424083769633,20.0,2.899887645999405,151,184,3658,rrc00,codered,normal,0
2001-07-10 06:42:00+00:00,1907,312,5.577871001573151,27.0,3.75461164828006,45,84,2219,rrc00,codered,normal,0
2001-07-10 06:45:00+00:00,2344,298,5.79820819112628,26.0,3.512140844014131,55,72,2642,rrc00,codered,normal,0
2001-07-10 06:48:00+00:00,4645,231,5.294294940796555,25.0,2.5215838486336777,16,154,4876,rrc00,codered,normal,0
2001-07-10 06:51:00+00:00,2208,495,5.369565217391305,23.0,2.9102233266476447,94,113,2703,rrc00,codered,normal,0
2001-07-10 06:54:00+00:00,1935,291,5.222222222222222,22.0,2.6116855709822184,46,76,2226,rrc00,codered,normal,0
2001-07-10 06:57:00+00:00,2806,323,4.448325017818959,15.0,1.621752429794309,45,114,3129,rrc00,codered,normal,0
2001-07-10 07:00:00+00:00,5110,394,4.406849315068493,15.0,1.6517298217046674,71,102,5504,rrc00,codered,normal,0
2001-07-10 07:03:00+00:00,7702,925,4.86652817450013,24.0,2.155135869467215,130,467,8627,rrc00,codered,normal,0
2001-07-10 07:06:00+00:00,4112,508,5.49829766536965,16.0,2.3679106809817365,72,154,4620,rrc00,codered,normal,0
2001-07-10 07:09:00+00:00,3557,697,4.95895417486646,18.0,2.3706341912666544,94,248,4254,rrc00,codered,normal,0
2001-07-10 07:12:00+00:00,2967,487,4.854398382204247,20.0,2.3154570728888597,67,151,3454,rrc00,codered,normal,0
2001-07-10 07:15:00+00:00,4474,715,4.700715243629862,15.0,1.9786668291871252,70,286,5189,rrc00,codered,normal,0
2001-07-10 07:18:00+00:00,3073,307,4.921900423039375,15.0,2.0843938501620505,63,88,3380,rrc00,codered,normal,0
2001-07-10 07:21:00+00:00,5428,684,5.078666175386883,16.0,2.0812268195141264,91,163,6112,rrc00,codered,normal,0
2001-07-10 07:24:00+00:00,7304,959,5.7133077765607885,15.0,2.3124521984970476,129,186,8263,rrc00,codered,normal,0
2001-07-10 07:27:00+00:00,8541,654,5.306872731530266,19.0,2.0696423779790436,92,172,9195,rrc00,codered,normal,0
2001-07-10 07:30:00+00:00,6255,718,4.286650679456435,24.0,1.793541808629533,91,223,6973,rrc00,codered,normal,0
2001-07-10 07:33:00+00:00,5801,1054,4.628857093604551,25.0,1.9702112432771692,171,210,6855,rrc00,codered,normal,0
2001-07-10 07:36:00+00:00,4050,1194,4.778024691358024,15.0,1.8084468609204565,157,215,5244,rrc00,codered,normal,0
2001-07-10 07:39:00+00:00,5902,1107,4.658082006099627,17.0,1.8814405701019792,198,243,7009,rrc00,codered,normal,0
2001-07-10 07:42:00+00:00,3755,828,4.609587217043941,18.0,1.7388530174499086,179,248,4583,rrc00,codered,normal,0
2001-07-10 07:45:00+00:00,6673,465,4.2435186572755885,25.0,1.4425032244380556,60,206,7138,rrc00,codered,normal,0
2001-07-10 07:48:00+00:00,7160,549,4.591480446927374,16.0,1.605684746954058,90,238,7709,rrc00,codered,normal,0
2001-07-10 07:51:00+00:00,9221,1022,4.601236308426418,17.0,1.816036300195272,198,287,10243,rrc00,codered,normal,0
2001-07-10 07:54:00+00:00,19332,43886,4.831884957583282,17.0,1.31138093321667,89,43513,63218,rrc00,codered,normal,0
2001-07-10 07:57:00+00:00,94424,11053,4.830604507328645,18.0,1.2773879176399496,342,10091,105477,rrc00,codered,normal,0
2001-07-10 08:00:00+00:00,46986,3975,4.834078236070319,18.0,1.1855885746513635,561,2119,50961,rrc00,codered,normal,0
2001-07-10 08:03:00+00:00,6077,2138,4.956228402172124,22.0,2.132301576696765,289,379,8215,rrc00,codered,normal,0
2001-07-10 08:06:00+00:00,5521,667,4.5379460242709655,16.0,1.995026432639187,106,207,6188,rrc00,codered,normal,0
2001-07-10 08:09:00+00:00,9941,783,4.16024544814405,15.0,1.440421571800161,177,290,10724,rrc00,codered,normal,0
2001-07-10 08:12:00+00:00,58028,820,4.7065037568070585,24.0,1.3242132754818021,111,333,58848,rrc00,codered,normal,0
2001-07-10 08:15:00+00:00,24205,1339,3.9113406321008055,23.0,1.3971041108559068,167,471,25544,rrc00,codered,normal,0
2001-07-10 08:18:00+00:00,11144,828,4.354181622397703,27.0,1.8153510360530085,135,279,11972,rrc00,codered,normal,0
2001-07-10 08:21:00+00:00,6093,913,4.949614311505005,24.0,2.214699989523697,235,328,7006,rrc00,codered,normal,0
2001-07-10 08:24:00+00:00,6513,554,4.992476585290957,26.0,1.9578951711218595,103,197,7067,rrc00,codered,normal,0
2001-07-10 08:27:00+00:00,4662,433,5.410982410982411,18.0,2.4724374086549425,88,149,5095,rrc00,codered,normal,0
2001-07-10 08:30:00+00:00,3465,439,5.341125541125541,18.0,2.096158075011786,64,139,3904,rrc00,codered,normal,0
2001-07-10 08:33:00+00:00,5650,422,4.735929203539823,24.0,1.6194616373930757,72,129,6072,rrc00,codered,normal,0
2001-07-10 08:36:00+00:00,2536,308,4.954258675078864,15.0,2.0102942882862265,49,86,2844,rrc00,codered,normal,0
2001-07-10 08:39:00+00:00,4376,811,6.087522851919561,16.0,2.447785569204343,126,162,5187,rrc00,codered,normal,0
2001-07-10 08:42:00+00:00,9897,692,4.163989087602304,21.0,1.5596601329470086,166,219,10589,rrc00,codered,normal,0
2001-07-10 08:45:00+00:00,7610,1100,4.201839684625493,16.0,1.436065138055331,129,205,8710,rrc00,codered,normal,0
2001-07-10 08:48:00+00:00,7934,1412,4.529619359717671,22.0,1.8188208634464489,168,350,9346,rrc00,codered,normal,0
2001-07-10 08:51:00+00:00,5387,532,4.332467050306293,15.0,1.8209000273942864,98,134,5919,rrc00,codered,normal,0
2001-07-10 08:54:00+00:00,6158,463,4.40776226047418,15.0,1.6183980469528687,79,155,6621,rrc00,codered,normal,0
2001-07-10 08:57:00+00:00,4344,309,4.194981583793738,15.0,1.6983532945487738,31,111,4653,rrc00,codered,normal,0
2001-07-10 09:00:00+00:00,4016,232,4.0199203187251,15.0,1.5459758820608562,38,69,4248,rrc00,codered,normal,0
2001-07-10 09:03:00+00:00,2891,370,4.401937046004843,17.0,1.8619744518671224,61,157,3261,rrc00,codered,normal,0
2001-07-10 09:06:00+00:00,2784,395,5.097701149425287,20.0,2.1813789802590287,70,87,3179,rrc00,codered,normal,0
2001-07-10 09:09:00+00:00,1928,420,5.838174273858921,19.0,2.8129360310637774,67,90,2348,rrc00,codered,normal,0
2001-07-10 09:12:00+00:00,1923,691,5.377015080603224,15.0,2.253519125401541,76,268,2614,rrc00,codered,normal,0
2001-07-10 09:15:00+00:00,2466,606,5.9894566098945665,18.0,2.3041031378857824,87,151,3072,rrc00,codered,normal,0
2001-07-10 09:18:00+00:00,3486,538,5.215433161216294,18.0,2.232550729197739,104,122,4024,rrc00,codered,normal,0
2001-07-10 09:21:00+00:00,11003,1125,4.586294646914478,24.0,1.7324131741731756,190,235,12128,rrc00,codered,normal,0
2001-07-10 09:24:00+00:00,8684,1484,4.652924919391985,15.0,1.796149590597028,216,276,10168,rrc00,codered,normal,0
2001-07-10 09:27:00+00:00,2688,278,5.052827380952381,15.0,1.84827164598322,58,121,2966,rrc00,codered,normal,0
2001-07-10 09:30:00+00:00,3136,543,4.746811224489796,17.0,1.9800478078841086,78,109,3679,rrc00,codered,normal,0
2001-07-10 09:33:00+00:00,1731,233,5.665511265164644,17.0,2.481279535942766,36,60,1964,rrc00,codered,normal,0
2001-07-10 09:36:00+00:00,1992,329,5.165160642570281,17.0,2.2190149127550507,56,82,2321,rrc00,codered,normal,0
2001-07-10 09:39:00+00:00,2998,517,5.411274182788525,17.0,2.073684262809022,81,168,3515,rrc00,codered,normal,0
2001-07-10 09:42:00+00:00,5266,1108,5.3873908089631595,15.0,1.7861199850965366,148,187,6374,rrc00,codered,normal,0
2001-07-10 09:45:00+00:00,3146,295,5.140495867768595,15.0,2.0025334261473247,49,72,3441,rrc00,codered,normal,0
2001-07-10 09:48:00+00:00,2198,585,5.132848043676069,18.0,2.0462362941385255,50,352,2783,rrc00,codered,normal,0
2001-07-10 09:51:00+00:00,2975,319,4.522016806722689,21.0,1.6527347237062653,72,92,3294,rrc00,codered,normal,0
2001-07-10 09:54:00+00:00,2533,505,5.4484800631662065,21.0,2.2363792793677963,83,123,3038,rrc00,codered,normal,0
2001-07-10 09:57:00+00:00,3929,397,4.632730974802749,16.0,1.8971406057926241,65,83,4326,rrc00,codered,normal,0
2001-07-10 10:00:00+00:00,4017,287,4.51058003485188,15.0,1.8792129897701286,48,88,4304,rrc00,codered,normal,0
2001-07-10 10:03:00+00:00,2700,487,4.788888888888889,15.0,2.036851843433578,75,120,3187,rrc00,codered,normal,0
2001-07-10 10:06:00+00:00,3146,344,4.801335028607756,19.0,1.979779729931176,49,107,3490,rrc00,codered,normal,0
2001-07-10 10:09:00+00:00,2450,435,4.746122448979592,19.0,1.832149196676897,75,132,2885,rrc00,codered,normal,0
2001-07-10 10:12:00+00:00,1707,248,4.991212653778559,16.0,2.117363177332988,38,56,1955,rrc00,codered,normal,0
2001-07-10 10:15:00+00:00,3225,446,5.0093023255813955,21.0,2.3336912857373346,65,111,3671,rrc00,codered,normal,0
2001-07-10 10:18:00+00:00,1956,307,4.761758691206544,18.0,2.0488636620766756,51,81,2263,rrc00,codered,normal,0
2001-07-10 10:21:00+00:00,6600,949,5.026818181818181,19.0,1.9068557803206168,101,373,7549,rrc00,codered,normal,0
2001-07-10 10:24:00+00:00,4989,534,4.520144317498497,25.0,1.9323716079696243,83,238,5523,rrc00,codered,normal,0
2001-07-10 10:27:00+00:00,3997,617,4.656992744558419,16.0,1.8232326774837548,99,173,4614,rrc00,codered,normal,0
2001-07-10 10:30:00+00:00,5720,916,5.053671328671329,19.0,2.078718460357175,127,232,6636,rrc00,codered,normal,0
2001-07-10 10:33:00+00:00,6121,661,4.9171703969939555,24.0,2.0649083896428366,122,214,6782,rrc00,codered,normal,0
2001-07-10 10:36:00+00:00,3714,618,4.659127625201939,24.0,1.9877421599192175,141,171,4332,rrc00,codered,normal,0
2001-07-10 10:39:00+00:00,85013,1486,3.3843882700292895,23.0,1.223416154485902,145,1017,86499,rrc00,codered,normal,0
2001-07-10 10:42:00+00:00,129561,743,3.478608531888454,24.0,1.3218402422962945,179,290,130304,rrc00,codered,normal,0
2001-07-10 10:45:00+00:00,180283,1078,4.848521491211041,25.0,1.903075483631111,180,233,181361,rrc00,codered,normal,0
2001-07-10 10:48:00+00:00,14680,1105,5.898024523160763,25.0,2.426274528282419,249,468,15785,rrc00,codered,normal,0
2001-07-10 10:51:00+00:00,5318,1414,5.85351635953366,26.0,2.8639348519858285,231,285,6732,rrc00,codered,normal,0
2001-07-10 10:54:00+00:00,9097,1394,5.402220512256788,17.0,1.7553221617624528,294,396,10491,rrc00,codered,normal,0
2001-07-10 10:57:00+00:00,6480,1388,5.058333333333334,21.0,1.5372910878844284,211,305,7868,rrc00,codered,normal,0
2001-07-10 11:00:00+00:00,7714,1182,5.9577391755250195,26.0,3.2709353029655452,290,353,8896,rrc00,codered,normal,0
2001-07-10 11:03:00+00:00,9451,1434,5.174478891122632,19.0,1.6973182526321673,313,361,10885,rrc00,codered,normal,0
2001-07-10 11:06:00+00:00,3852,620,5.066978193146418,20.0,1.9077041995885482,89,136,4472,rrc00,codered,normal,0
2001-07-10 11:09:00+00:00,7951,585,5.100364733995724,19.0,1.627563675970892,77,191,8536,rrc00,codered,normal,0
2001-07-10 11:12:00+00:00,4030,260,5.7290322580645165,26.0,2.721940230208118,47,102,4290,rrc00,codered,normal,0
2001-07-10 11:15:00+00:00,3967,606,5.2412402319132845,27.0,2.331713446629233,133,158,4573,rrc00,codered,normal,0
2001-07-10 11:18:00+00:00,3835,1388,5.552542372881356,15.0,2.1597335964853004,162,196,5223,rrc00,codered,normal,0
2001-07-10 11:21:00+00:00,1777,523,6.119864940911649,25.0,3.6983523660868105,92,133,2300,rrc00,codered,normal,0
2001-07-10 11:24:00+00:00,4513,756,5.156880124085974,25.0,2.561407528047617,108,120,5269,rrc00,codered,normal,0
2001-07-10 11:27:00+00:00,4039,804,5.373359742510522,15.0,1.7068504118322458,130,154,4843,rrc00,codered,normal,0
2001-07-10 11:30:00+00:00,4906,612,4.9003261312678354,15.0,1.6283427456989632,107,150,5518,rrc00,codered,normal,0
2001-07-10 11:33:00+00:00,5644,359,5.280120481927711,15.0,1.6374065463712033,57,120,6003,rrc00,codered,normal,0
2001-07-10 11:36:00+00:00,4563,828,5.414201183431953,21.0,1.8608837681891832,149,200,5391,rrc00,codered,normal,0
2001-07-10 11:39:00+00:00,10491,490,4.418835192069393,25.0,2.2081995137577612,91,134,10981,rrc00,codered,normal,0
2001-07-10 11:42:00+00:00,10467,826,4.83538740804433,20.0,2.793887274978903,142,278,11293,rrc00,codered,normal,0
2001-07-10 11:45:00+00:00,6657,1476,5.735165990686496,20.0,2.383411754406707,207,243,8133,rrc00,codered,normal,0
2001-07-10 11:48:00+00:00,6601,1328,5.380093925162854,14.0,1.3800219520200845,290,313,7929,rrc00,codered,normal,0
2001-07-10 11:51:00+00:00,3757,585,5.032472717593825,15.0,1.767873351056267,124,164,4342,rrc00,codered,normal,0
2001-07-10 11:54:00+00:00,3832,314,6.038883089770355,18.0,2.554275470343558,59,91,4146,rrc00,codered,normal,0
2001-07-10 11:57:00+00:00,3641,631,5.291952760230706,19.0,2.0359751437611884,103,223,4272,rrc00,codered,normal,0
2001-07-10 12:00:00+00:00,3429,526,5.114902303878682,25.0,2.018052710697381,91,117,3955,rrc00,codered,normal,0
2001-07-10 12:03:00+00:00,2961,777,5.178993583248903,16.0,1.9560463505562724,91,134,3738,rrc00,codered,normal,0
2001-07-10 12:06:00+00:00,2510,729,5.200398406374502,19.0,1.766013766126656,154,177,3239,rrc00,codered,normal,0
2001-07-10 12:09:00+00:00,7323,1428,5.389457872456643,15.0,1.8452809019111507,244,304,8751,rrc00,codered,normal,0
2001-07-10 12:12:00+00:00,4204,578,5.965033301617507,19.0,2.4508420995625264,111,146,4782,rrc00,codered,normal,0
2001-07-10 12:15:00+00:00,4042,355,4.964868876793666,22.0,1.8276161919838527,65,96,4397,rrc00,codered,normal,0
2001-07-10 12:18:00+00:00,3594,368,5.300779076238174,22.0,2.2230803414164924,67,106,3962,rrc00,codered,normal,0
2001-07-10 12:21:00+00:00,2887,738,5.157949428472463,15.0,2.0811369375318525,128,178,3625,rrc00,codered,normal,0
2001-07-10 12:24:00+00:00,3786,649,5.794770206022187,22.0,2.568220613255727,104,154,4435,rrc00,codered,normal,0
2001-07-10 12:27:00+00:00,5775,1136,6.091255411255411,17.0,2.9808888647419547,135,223,6911,rrc00,codered,normal,0
2001-07-10 12:30:00+00:00,3564,551,5.082772166105499,15.0,2.0979508875966,55,251,4115,rrc00,codered,normal,0
2001-07-10 12:33:00+00:00,2102,260,5.202664129400571,17.0,2.0108725734369712,66,93,2362,rrc00,codered,normal,0
2001-07-10 12:36:00+00:00,1808,149,4.616703539823009,16.0,1.7807624201636545,21,54,1957,rrc00,codered,normal,0
2001-07-10 12:39:00+00:00,2944,692,5.287364130434782,15.0,2.1641918132100835,116,147,3636,rrc00,codered,normal,0
2001-07-10 12:42:00+00:00,3628,1071,5.269294377067255,15.0,2.02655329197271,142,215,4699,rrc00,codered,normal,0
2001-07-10 12:45:00+00:00,2219,354,5.130238846327174,18.0,1.7607406791623443,68,126,2573,rrc00,codered,normal,0
2001-07-10 12:48:00+00:00,3454,346,5.676606832657788,22.0,2.1363326400249023,46,86,3800,rrc00,codered,normal,0
2001-07-10 12:51:00+00:00,4196,520,5.143708293612964,24.0,1.9439441726464048,60,99,4716,rrc00,codered,normal,0
2001-07-10 12:54:00+00:00,2473,781,5.338050950262839,17.0,2.215939519056183,112,153,3254,rrc00,codered,normal,0
2001-07-10 12:57:00+00:00,1163,467,6.289767841788478,23.0,3.531135097865639,88,112,1630,rrc00,codered,normal,0
2001-07-10 13:00:00+00:00,3338,337,5.180647094068305,22.0,2.3048175379509974,59,103,3675,rrc00,codered,normal,0
2001-07-10 13:03:00+00:00,3449,488,5.57987822557263,19.0,2.3747392189528282,99,201,3937,rrc00,codered,normal,0
2001-07-10 13:06:00+00:00,3100,938,5.7138709677419355,22.0,2.233989888531359,124,160,4038,rrc00,codered,normal,0
2001-07-10 13:09:00+00:00,2251,515,4.984895601954687,15.0,1.6493454742173923,68,127,2766,rrc00,codered,normal,0
2001-07-10 13:12:00+00:00,4650,323,4.681505376344086,16.0,1.3492578176809817,79,94,4973,rrc00,codered,normal,0
2001-07-10 13:15:00+00:00,3661,523,4.829554766457252,17.0,1.5471857397438364,84,136,4184,rrc00,codered,normal,0
2001-07-10 13:18:00+00:00,2177,332,5.146531924666973,13.0,1.8069757541871267,60,103,2509,rrc00,codered,normal,0
2001-07-10 13:21:00+00:00,10360,529,4.608687258687259,14.0,1.0407534649376595,106,213,10889,rrc00,codered,normal,0
2001-07-10 13:24:00+00:00,10549,562,4.580528960091004,15.0,1.3647805328248823,76,377,11111,rrc00,codered,normal,0
2001-07-10 13:27:00+00:00,18151,6283,4.782601509558702,16.0,1.6173905045890038,258,5306,24434,rrc00,codered,normal,0
2001-07-10 13:30:00+00:00,3573,588,5.0327455919395465,14.0,1.9946169346150366,125,143,4161,rrc00,codered,normal,0
2001-07-10 13:33:00+00:00,4526,333,5.057887759611136,15.0,1.4301248371064559,50,126,4859,rrc00,codered,normal,0
2001-07-10 13:36:00+00:00,2753,486,5.268797675263349,14.0,2.4434831985864918,91,141,3239,rrc00,codered,normal,0
2001-07-10 13:39:00+00:00,2251,271,4.947578853842737,16.0,2.0443564498350044,52,74,2522,rrc00,codered,normal,0
2001-07-10 13:42:00+00:00,5369,519,4.618364686161296,15.0,2.000327280073517,85,105,5888,rrc00,codered,normal,0
2001-07-10 13:45:00+00:00,8892,3157,4.609536662168241,17.0,1.514078158091197,160,2547,12049,rrc00,codered,normal,0
2001-07-10 13:48:00+00:00,6943,982,5.134379951029814,15.0,1.3217523092039427,227,264,7925,rrc00,codered,normal,0
2001-07-10 13:51:00+00:00,6828,1877,5.41315172817809,15.0,1.4783884938617775,252,272,8705,rrc00,codered,normal,0
2001-07-10 13:54:00+00:00,4664,1282,5.3629931389365355,14.0,1.6192223198346472,214,231,5946,rrc00,codered,normal,0
2001-07-10 13:57:00+00:00,4508,1309,5.064995563442769,19.0,1.3708814497992028,180,210,5817,rrc00,codered,normal,0
2001-07-10 14:00:00+00:00,4384,1590,4.9961222627737225,15.0,1.5192600243369023,204,236,5974,rrc00,codered,normal,0
2001-07-10 14:03:00+00:00,4451,692,5.290047180408897,17.0,1.648821879471868,85,239,5143,rrc00,codered,normal,0
2001-07-10 14:06:00+00:00,2809,591,5.3695265218939126,13.0,1.775032675883344,84,144,3400,rrc00,codered,normal,0
2001-07-10 14:09:00+00:00,4325,1151,5.116531791907515,13.0,1.6539508122830322,230,271,5476,rrc00,codered,normal,0
2001-07-10 14:12:00+00:00,6915,1746,5.30296456977585,15.0,1.3847787999703687,305,337,8661,rrc00,codered,normal,0
2001-07-10 14:15:00+00:00,4254,795,4.941231781852374,17.0,1.3402478162969131,175,217,5049,rrc00,codered,normal,0
2001-07-10 14:18:00+00:00,1685,378,5.077744807121662,13.0,1.6656443723774526,75,94,2063,rrc00,codered,normal,0
2001-07-10 14:21:00+00:00,2310,346,5.281818181818182,16.0,2.172390345011226,54,113,2656,rrc00,codered,normal,0
2001-07-10 14:24:00+00:00,4754,1221,5.142406394615061,15.0,1.4447175674047366,242,263,5975,rrc00,codered,normal,0
2001-07-10 14:27:00+00:00,7468,2130,5.117300482056776,13.0,1.3074118556418757,254,343,9598,rrc00,codered,normal,0
2001-07-10 14:30:00+00:00,4364,899,5.210815765352887,14.0,1.5498181123784531,224,255,5263,rrc00,codered,normal,0
2001-07-10 14:33:00+00:00,4255,586,5.945475910693302,13.0,2.14653276631636,147,165,4841,rrc00,codered,normal,0
2001-07-10 14:36:00+00:00,3315,300,5.445852187028658,13.0,1.8453831729682597,58,90,3615,rrc00,codered,normal,0
2001-07-10 14:39:00+00:00,9683,2443,4.905504492409377,16.0,1.4240573506963656,265,622,12126,rrc00,codered,normal,0
2001-07-10 14:42:00+00:00,10033,661,4.482308382338283,15.0,1.4516737569741474,99,132,10694,rrc00,codered,normal,0
2001-07-10 14:45:00+00:00,2728,331,4.991568914956011,15.0,1.9548426676388573,56,86,3059,rrc00,codered,normal,0
2001-07-10 14:48:00+00:00,1989,404,5.3076923076923075,13.0,2.012241609116605,66,138,2393,rrc00,codered,normal,0
2001-07-10 14:51:00+00:00,1566,304,5.443167305236271,17.0,2.3939101496722306,53,93,1870,rrc00,codered,normal,0
2001-07-10 14:54:00+00:00,2522,430,5.5539254559873115,18.0,2.3600533383186177,71,95,2952,rrc00,codered,normal,0
2001-07-10 14:57:00+00:00,2004,398,5.5409181636726546,13.0,1.9580996009383769,57,103,2402,rrc00,codered,normal,0
2001-07-10 15:00:00+00:00,2121,355,5.0744931636020745,13.0,1.916482279651506,51,74,2476,rrc00,codered,normal,0
2001-07-10 15:03:00+00:00,2022,405,4.584075173095945,13.0,1.6130659659086308,64,92,2427,rrc00,codered,normal,0
2001-07-10 15:06:00+00:00,1645,375,5.044376899696049,17.0,1.8825321636849452,70,88,2020,rrc00,codered,normal,0
2001-07-10 15:09:00+00:00,2522,381,5.22680412371134,17.0,2.0703591501958805,89,162,2903,rrc00,codered,normal,0
2001-07-10 15:12:00+00:00,2750,548,4.756,12.0,1.7040354243010114,59,401,3298,rrc00,codered,normal,0
2001-07-10 15:15:00+00:00,9942,945,4.533393683363508,15.0,1.489533432596902,162,260,10887,rrc00,codered,normal,0
2001-07-10 15:18:00+00:00,6584,623,4.767466585662212,13.0,1.9520758548715949,138,231,7207,rrc00,codered,normal,0
2001-07-10 15:21:00+00:00,2723,334,5.60852001468968,14.0,2.0942432273810065,71,130,3057,rrc00,codered,normal,0
2001-07-10 15:24:00+00:00,4608,401,4.872829861111111,14.0,1.769330140099317,75,116,5009,rrc00,codered,normal,0
2001-07-10 15:27:00+00:00,3517,862,5.187375604208132,19.0,2.1808690437180855,169,307,4379,rrc00,codered,normal,0
2001-07-10 15:30:00+00:00,8710,784,4.404018369690012,18.0,2.4910231336231687,129,182,9494,rrc00,codered,normal,0
2001-07-10 15:33:00+00:00,16981,637,3.6478417054354866,17.0,1.2735987090377778,90,236,17618,rrc00,codered,normal,0
2001-07-10 15:36:00+00:00,10540,582,4.054174573055028,14.0,1.573260501981603,124,161,11122,rrc00,codered,normal,0
2001-07-10 15:39:00+00:00,5046,842,5.207292905271502,17.0,2.054989752214232,116,188,5888,rrc00,codered,normal,0
2001-07-10 15:42:00+00:00,4105,998,5.596102314250913,13.0,2.0920554810269754,132,198,5103,rrc00,codered,normal,0
2001-07-10 15:45:00+00:00,1886,427,5.128844114528102,16.0,1.7548132384047688,69,148,2313,rrc00,codered,normal,0
2001-07-10 15:48:00+00:00,3394,1076,4.886859163229228,13.0,1.6073411725167186,140,197,4470,rrc00,codered,normal,0
2001-07-10 15:51:00+00:00,3294,444,4.541287188828172,13.0,1.493751907404347,61,157,3738,rrc00,codered,normal,0
2001-07-10 15:54:00+00:00,14305,485,3.7670045438657813,18.0,1.774029632107725,63,314,14790,rrc00,codered,normal,0
2001-07-10 15:57:00+00:00,2828,321,4.788189533239038,16.0,1.7218256907945888,60,90,3149,rrc00,codered,normal,0
2001-07-10 16:00:00+00:00,2867,377,5.1273107778165325,18.0,1.8234349703429917,73,112,3244,rrc00,codered,normal,0
2001-07-10 16:03:00+00:00,1291,236,5.56855151045701,14.0,2.070164134559364,31,55,1527,rrc00,codered,normal,0
2001-07-10 16:06:00+00:00,1742,319,4.659012629161883,13.0,1.6498014182630378,44,64,2061,rrc00,codered,normal,0
2001-07-10 16:09:00+00:00,2415,490,4.780538302277432,13.0,1.8102177557042958,79,140,2905,rrc00,codered,normal,0
2001-07-10 16:12:00+00:00,2659,539,4.809326814591952,15.0,1.8324237689800424,91,158,3198,rrc00,codered,normal,0
2001-07-10 16:15:00+00:00,3622,353,5.023191606847046,17.0,1.8612895122853887,65,153,3975,rrc00,codered,normal,0
2001-07-10 16:18:00+00:00,3954,393,4.854071825998989,16.0,1.6898338836330957,68,105,4347,rrc00,codered,normal,0
2001-07-10 16:21:00+00:00,2927,877,5.1250427058421595,13.0,1.9412479449464253,137,183,3804,rrc00,codered,normal,0
2001-07-10 16:24:00+00:00,3298,356,4.771679805942996,13.0,1.823393807414584,69,97,3654,rrc00,codered,normal,0
2001-07-10 16:27:00+00:00,2965,389,5.195278246205733,15.0,2.194422939849234,57,108,3354,rrc00,codered,normal,0
2001-07-10 16:30:00+00:00,6487,534,4.981963927855712,17.0,1.634041755493328,79,143,7021,rrc00,codered,normal,0
2001-07-10 16:33:00+00:00,8402,489,4.816472268507498,16.0,1.370055878762089,87,151,8891,rrc00,codered,normal,0
2001-07-10 16:36:00+00:00,2602,326,4.267486548808609,13.0,1.5273360230976207,65,89,2928,rrc00,codered,normal,0
2001-07-10 16:39:00+00:00,3978,855,4.5314228255404725,14.0,1.3822632240695851,146,282,4833,rrc00,codered,normal,0
2001-07-10 16:42:00+00:00,9462,1708,4.662650602409639,16.0,1.5124083661637913,153,341,11170,rrc00,codered,normal,0
2001-07-10 16:45:00+00:00,7852,1527,4.686704024452369,15.0,1.4929487816788478,156,849,9379,rrc00,codered,normal,0
2001-07-10 16:48:00+00:00,5252,816,4.901942117288652,15.0,1.628507708108893,119,155,6068,rrc00,codered,normal,0
2001-07-10 16:51:00+00:00,3544,839,5.06941309255079,14.0,1.7655248469253422,145,178,4383,rrc00,codered,normal,0
2001-07-10 16:54:00+00:00,4609,996,5.1223692775005425,14.0,1.568773701995692,140,154,5605,rrc00,codered,normal,0
2001-07-10 16:57:00+00:00,2549,277,5.080816006276971,14.0,1.5790100119297532,45,82,2826,rrc00,codered,normal,0
2001-07-10 17:00:00+00:00,3826,356,4.348405645582854,14.0,1.66594493407687,65,105,4182,rrc00,codered,normal,0
2001-07-10 17:03:00+00:00,2587,483,4.741012756088133,13.0,1.9702541092354164,84,165,3070,rrc00,codered,normal,0
2001-07-10 17:06:00+00:00,12805,1417,4.535572042171027,15.0,1.418322863457105,145,407,14222,rrc00,codered,normal,0
2001-07-10 17:09:00+00:00,6537,752,4.677986844118097,15.0,1.8593319330871705,50,426,7289,rrc00,codered,normal,0
2001-07-10 17:12:00+00:00,3304,486,4.928571428571429,15.0,2.148901885874708,77,184,3790,rrc00,codered,normal,0
2001-07-10 17:15:00+00:00,2732,218,4.989019033674963,14.0,1.9102933178962507,28,81,2950,rrc00,codered,normal,0
2001-07-10 17:18:00+00:00,2680,401,4.438805970149254,13.0,1.314949090880004,64,102,3081,rrc00,codered,normal,0
2001-07-10 17:21:00+00:00,5233,1164,4.691381616663482,14.0,1.5764232078089848,128,381,6397,rrc00,codered,normal,0
2001-07-10 17:24:00+00:00,8185,762,4.6502138057422115,13.0,1.5374598494726204,122,186,8947,rrc00,codered,normal,0
2001-07-10 17:27:00+00:00,5422,1049,5.1691257838436,16.0,1.6560537847534433,113,369,6471,rrc00,codered,normal,0
2001-07-10 17:30:00+00:00,3514,207,4.740751280591918,15.0,1.6105465243751234,36,66,3721,rrc00,codered,normal,0
2001-07-10 17:33:00+00:00,1451,206,4.982770503101309,13.0,1.7414889544530863,36,47,1657,rrc00,codered,normal,0
2001-07-10 17:36:00+00:00,1623,392,4.7621688231669745,15.0,1.8966190962194955,71,101,2015,rrc00,codered,normal,0
2001-07-10 17:39:00+00:00,2043,315,5.126774351443955,17.0,2.06290755690572,54,79,2358,rrc00,codered,normal,0
2001-07-10 17:42:00+00:00,1577,238,4.849714648065948,14.0,1.8289891334331743,36,76,1815,rrc00,codered,normal,0
2001-07-10 17:45:00+00:00,1594,295,5.106022584692597,14.0,1.9191765184318559,36,140,1889,rrc00,codered,normal,0
2001-07-10 17:48:00+00:00,4851,1186,5.446918161203875,14.0,1.7588648999403027,179,200,6037,rrc00,codered,normal,0
2001-07-10 17:51:00+00:00,3770,405,5.153050397877984,13.0,1.6146453339632303,63,92,4175,rrc00,codered,normal,0
2001-07-10 17:54:00+00:00,4049,228,4.752531489256606,15.0,1.7232617782545303,32,115,4277,rrc00,codered,normal,0
2001-07-10 17:57:00+00:00,3170,368,4.992113564668769,13.0,1.4679330345908592,73,85,3538,rrc00,codered,normal,0
2001-07-10 18:00:00+00:00,5156,1061,4.915826221877424,13.0,1.4832572571287876,134,444,6217,rrc00,codered,normal,0
2001-07-10 18:03:00+00:00,2931,347,4.637325145001706,13.0,1.5048513189112527,54,75,3278,rrc00,codered,normal,0
2001-07-10 18:06:00+00:00,3779,342,5.07912146070389,14.0,1.6431711094262256,59,131,4121,rrc00,codered,normal,0
2001-07-10 18:09:00+00:00,4445,410,4.584926884139483,14.0,1.6958355729527823,55,107,4855,rrc00,codered,normal,0
2001-07-10 18:12:00+00:00,4063,441,4.400443022397243,13.0,1.5734912687923346,79,116,4504,rrc00,codered,normal,0
2001-07-10 18:15:00+00:00,3298,422,4.6889023650697395,15.0,1.7573214969696953,77,107,3720,rrc00,codered,normal,0
2001-07-10 18:18:00+00:00,2813,286,5.158905083540704,13.0,1.681539573920992,59,66,3099,rrc00,codered,normal,0
2001-07-10 18:21:00+00:00,2613,238,4.804056639877535,12.0,1.734112949832675,38,96,2851,rrc00,codered,normal,0
2001-07-10 18:24:00+00:00,3637,343,5.128402529557327,14.0,1.669984088828883,66,158,3980,rrc00,codered,normal,0
2001-07-10 18:27:00+00:00,7132,886,4.78771733034212,14.0,1.4087800575107474,163,186,8018,rrc00,codered,normal,0
2001-07-10 18:30:00+00:00,7577,1480,5.391183845849281,15.0,1.5839755775212605,180,233,9057,rrc00,codered,normal,0
2001-07-10 18:33:00+00:00,8060,1523,5.104838709677419,14.0,1.310598677925842,311,335,9583,rrc00,codered,normal,0
2001-07-10 18:36:00+00:00,6571,1338,5.2272104702480595,13.0,1.5475900513262155,189,297,7909,rrc00,codered,normal,0
2001-07-10 18:39:00+00:00,7687,1215,4.876544815922987,15.0,1.4485603817909725,190,313,8902,rrc00,codered,normal,0
2001-07-10 18:42:00+00:00,6271,1285,5.15117206187211,13.0,1.3888804193387745,241,278,7556,rrc00,codered,normal,0
2001-07-10 18:45:00+00:00,5172,1625,5.089133797370456,16.0,1.8398731692923895,216,242,6797,rrc00,codered,normal,0
2001-07-10 18:48:00+00:00,5997,967,5.250125062531265,14.0,1.638437560559992,253,282,6964,rrc00,codered,normal,0
2001-07-10 18:51:00+00:00,1270,187,4.600787401574803,13.0,2.0525764897173726,33,60,1457,rrc00,codered,normal,0
2001-07-10 18:54:00+00:00,1689,216,4.792776791000592,13.0,1.7460895795815157,34,64,1905,rrc00,codered,normal,0
2001-07-10 18:57:00+00:00,2277,305,4.716293368467282,15.0,1.7075005060187822,44,86,2582,rrc00,codered,normal,0
2001-07-10 19:00:00+00:00,1818,276,5.0462046204620465,14.0,1.9991910921762726,37,84,2094,rrc00,codered,normal,0
2001-07-10 19:03:00+00:00,2226,184,5.433962264150943,13.0,2.160953049705715,25,55,2410,rrc00,codered,normal,0
2001-07-10 19:06:00+00:00,4505,1824,5.323640399556049,13.0,1.7653800009383385,200,259,6329,rrc00,codered,normal,0
2001-07-10 19:09:00+00:00,4280,700,5.089953271028038,15.0,1.5422680221096496,190,223,4980,rrc00,codered,normal,0
2001-07-10 19:12:00+00:00,2793,499,5.091299677765843,15.0,2.4592430394955787,77,124,3292,rrc00,codered,normal,0
2001-07-10 19:15:00+00:00,2190,173,4.692237442922375,14.0,1.8208041823769787,37,47,2363,rrc00,codered,normal,0
2001-07-10 19:18:00+00:00,1854,253,5.488673139158576,16.0,2.733907720049971,30,83,2107,rrc00,codered,normal,0
2001-07-10 19:21:00+00:00,1903,247,5.36573830793484,18.0,2.783995070701953,36,81,2150,rrc00,codered,normal,0
2001-07-10 19:24:00+00:00,2464,966,5.630681818181818,18.0,2.5174650056365206,177,194,3430,rrc00,codered,normal,0
2001-07-10 19:27:00+00:00,4856,457,5.49320428336079,14.0,1.723814191505288,115,198,5313,rrc00,codered,normal,0
2001-07-10 19:30:00+00:00,1892,282,4.804439746300211,13.0,1.8477520063075201,41,75,2174,rrc00,codered,normal,0
2001-07-10 19:33:00+00:00,4077,1233,5.389992641648271,18.0,1.6362876451692236,189,229,5310,rrc00,codered,normal,0
2001-07-10 19:36:00+00:00,3126,704,5.511836212412028,16.0,1.879874730391473,109,125,3830,rrc00,codered,normal,0
2001-07-10 19:39:00+00:00,3412,409,5.225967174677608,15.0,2.2334961546372702,53,92,3821,rrc00,codered,normal,0
2001-07-10 19:42:00+00:00,3543,464,5.593847022297488,17.0,2.464225886482856,77,138,4007,rrc00,codered,normal,0
2001-07-10 19:45:00+00:00,2574,171,5.018259518259518,13.0,1.7162939829735977,26,83,2745,rrc00,codered,normal,0
2001-07-10 19:48:00+00:00,2681,255,5.171577769488997,13.0,1.5992671561657232,36,44,2936,rrc00,codered,normal,0
2001-07-10 19:51:00+00:00,2280,222,5.051754385964912,13.0,1.7735746664768537,39,102,2502,rrc00,codered,normal,0
2001-07-10 19:54:00+00:00,1903,248,4.976878612716763,22.0,2.2869529484027105,46,82,2151,rrc00,codered,normal,0
2001-07-10 19:57:00+00:00,2104,173,4.222433460076045,13.0,1.7724525366344421,28,60,2277,rrc00,codered,normal,0
2001-07-10 20:00:00+00:00,3353,629,4.991351028929317,13.0,1.6158650121530675,191,213,3982,rrc00,codered,normal,0
2001-07-10 20:03:00+00:00,8905,1013,5.212240314430096,16.0,1.439432861589529,180,229,9918,rrc00,codered,normal,0
2001-07-10 20:06:00+00:00,12479,253,4.911611507332318,16.0,1.2603766747824747,38,133,12732,rrc00,codered,normal,0
2001-07-10 20:09:00+00:00,8968,209,5.396409455842997,16.0,1.11991562861599,37,64,9177,rrc00,codered,normal,0
2001-07-10 20:12:00+00:00,5639,948,5.106756517112963,18.0,1.521829837294359,189,214,6587,rrc00,codered,normal,0
2001-07-10 20:15:00+00:00,6118,1671,5.321019941157241,16.0,1.737775066858659,272,385,7789,rrc00,codered,normal,0
2001-07-10 20:18:00+00:00,2515,446,5.891053677932406,17.0,3.183090806216135,71,122,2961,rrc00,codered,normal,0
2001-07-10 20:21:00+00:00,6607,428,5.520659906160133,16.0,1.6459300733592996,44,247,7035,rrc00,codered,normal,0
2001-07-10 20:24:00+00:00,19902,1430,5.072455029645262,19.0,1.67793677002537,133,608,21332,rrc00,codered,normal,0
2001-07-10 20:27:00+00:00,9015,1361,4.649916805324459,15.0,1.6463589446271931,273,297,10376,rrc00,codered,normal,0
2001-07-10 20:30:00+00:00,6444,1475,5.191030415890751,15.0,1.6203930808618758,275,299,7919,rrc00,codered,normal,0
2001-07-10 20:33:00+00:00,5235,875,4.795606494746896,15.0,1.7990392718604333,209,243,6110,rrc00,codered,normal,0
2001-07-10 20:36:00+00:00,2832,570,4.84957627118644,16.0,1.6256158645565566,57,246,3402,rrc00,codered,normal,0
2001-07-10 20:39:00+00:00,3969,98132,4.700680272108843,18.0,1.604541941126121,71,97920,102101,rrc00,codered,normal,0
2001-07-10 20:42:00+00:00,3273,605,4.4949587534372135,17.0,1.6283246390961852,110,139,3878,rrc00,codered,normal,0
2001-07-10 20:45:00+00:00,4029,281,4.181186398610077,17.0,1.3397463603257582,43,92,4310,rrc00,codered,normal,0
2001-07-10 20:48:00+00:00,3151,397,4.425261821643923,13.0,1.430739862154131,65,103,3548,rrc00,codered,normal,0
2001-07-10 20:51:00+00:00,50645,518,5.810820416625531,22.0,1.626214745503564,88,96,51163,rrc00,codered,normal,0
2001-07-10 20:54:00+00:00,53869,256,5.869015574820398,22.0,1.5626761841061463,54,80,54125,rrc00,codered,normal,0
2001-07-10 20:57:00+00:00,889,113,4.886389201349831,13.0,1.9658288106138069,22,30,1002,rrc00,codered,normal,0
2001-07-10 21:00:00+00:00,1800,130,4.704444444444444,16.0,2.0098043636749607,21,39,1930,rrc00,codered,normal,0
2001-07-10 21:03:00+00:00,1769,134,4.518937252685133,15.0,1.9628568492787097,27,50,1903,rrc00,codered,normal,0
2001-07-10 21:06:00+00:00,2252,237,5.139875666074601,17.0,1.8797012306042244,40,68,2489,rrc00,codered,normal,0
2001-07-10 21:09:00+00:00,4153,237,5.272092463279557,14.0,1.7044110360038864,33,98,4390,rrc00,codered,normal,0
2001-07-10 21:12:00+00:00,2117,337,4.958431743032594,13.0,1.4766873639337283,72,85,2454,rrc00,codered,normal,0
2001-07-10 21:15:00+00:00,2564,293,4.768330733229329,14.0,1.5164707333144634,43,132,2857,rrc00,codered,normal,0
2001-07-10 21:18:00+00:00,1601,215,4.876327295440349,13.0,1.591182921093771,39,74,1816,rrc00,codered,normal,0
2001-07-10 21:21:00+00:00,2609,168,5.133384438482177,20.0,1.7727962437381986,25,37,2777,rrc00,codered,normal,0
2001-07-10 21:24:00+00:00,2543,489,5.151002752654345,21.0,2.009025539645132,77,121,3032,rrc00,codered,normal,0
2001-07-10 21:27:00+00:00,3518,328,4.415577032404776,14.0,1.8513878127061913,49,77,3846,rrc00,codered,normal,0
2001-07-10 21:30:00+00:00,2020,245,4.781683168316832,13.0,1.921829042842967,43,74,2265,rrc00,codered,normal,0
2001-07-10 21:33:00+00:00,3069,491,4.841316389703486,15.0,1.8410015657245364,88,106,3560,rrc00,codered,normal,0
2001-07-10 21:36:00+00:00,1814,252,4.9889746416758545,17.0,2.0262580984133343,35,81,2066,rrc00,codered,normal,0
2001-07-10 21:39:00+00:00,6678,311,4.002545672356993,17.0,1.5898259902205907,56,91,6989,rrc00,codered,normal,0
2001-07-10 21:42:00+00:00,7680,425,3.97109375,16.0,1.5052677819503095,56,76,8105,rrc00,codered,normal,0
2001-07-10 21:45:00+00:00,1917,272,5.399582681272822,18.0,1.782649769705742,37,85,2189,rrc00,codered,normal,0
2001-07-10 21:48:00+00:00,1385,192,4.6216606498194945,13.0,1.8028757974855463,35,91,1577,rrc00,codered,normal,0
2001-07-10 21:51:00+00:00,2124,352,5.016949152542373,16.0,1.9096086985545826,54,122,2476,rrc00,codered,normal,0
2001-07-10 21:54:00+00:00,2809,241,5.267710929156284,18.0,1.8324904200702266,38,56,3050,rrc00,codered,normal,0
2001-07-10 21:57:00+00:00,1813,228,5.41753998896856,16.0,1.9066641089774197,39,79,2041,rrc00,codered,normal,0
2001-07-10 22:00:00+00:00,3238,231,5.063619518221124,13.0,1.7698747333428086,42,70,3469,rrc00,codered,normal,0
2001-07-10 22:03:00+00:00,2748,448,5.102620087336245,14.0,1.621258556462735,44,166,3196,rrc00,codered,normal,0
2001-07-10 22:06:00+00:00,2836,549,5.013751763046544,14.0,1.602015620520761,103,204,3385,rrc00,codered,normal,0
2001-07-10 22:09:00+00:00,2390,523,4.9317991631799165,13.0,1.7681377177565312,92,129,2913,rrc00,codered,normal,0
2001-07-10 22:12:00+00:00,1472,235,4.728940217391305,13.0,1.8268913566588287,37,44,1707,rrc00,codered,normal,0
2001-07-10 22:15:00+00:00,1309,227,4.693659281894576,13.0,1.6239605295097055,36,50,1536,rrc00,codered,normal,0
2001-07-10 22:18:00+00:00,3697,414,5.218014606437652,16.0,1.757728036858478,68,108,4111,rrc00,codered,normal,0
2001-07-10 22:21:00+00:00,3695,896,5.309336941813261,14.0,2.117484904513131,163,219,4591,rrc00,codered,normal,0
2001-07-10 22:24:00+00:00,2583,785,5.130855594270228,14.0,2.0577954677384187,97,144,3368,rrc00,codered,normal,0
2001-07-10 22:27:00+00:00,2736,520,5.073464912280702,15.0,1.987187905599434,78,97,3256,rrc00,codered,normal,0
2001-07-10 22:30:00+00:00,2557,315,5.170903402424717,14.0,2.1139160505766466,60,109,2872,rrc00,codered,normal,0
2001-07-10 22:33:00+00:00,2297,242,5.0326512842838484,13.0,1.702842913897731,49,81,2539,rrc00,codered,normal,0
2001-07-10 22:36:00+00:00,2108,243,5.264705882352941,15.0,2.005246216746374,59,66,2351,rrc00,codered,normal,0
2001-07-10 22:39:00+00:00,1762,262,5.69750283768445,16.0,2.2486935307094154,40,88,2024,rrc00,codered,normal,0
2001-07-10 22:42:00+00:00,1103,227,5.184043517679057,16.0,2.110208998666202,32,48,1330,rrc00,codered,normal,0
2001-07-10 22:45:00+00:00,2683,373,4.972418934029072,15.0,1.8503416091326408,56,77,3056,rrc00,codered,normal,0
2001-07-10 22:48:00+00:00,3200,481,5.5665625,19.0,2.3643063324353193,98,130,3681,rrc00,codered,normal,0
2001-07-10 22:51:00+00:00,3090,356,5.188996763754045,21.0,2.0212164213651143,50,118,3446,rrc00,codered,normal,0
2001-07-10 22:54:00+00:00,2883,398,5.330558446063129,13.0,1.7081528809274726,64,100,3281,rrc00,codered,normal,0
2001-07-10 22:57:00+00:00,2057,642,5.289256198347108,18.0,2.210252831683017,132,154,2699,rrc00,codered,normal,0
2001-07-10 23:00:00+00:00,1807,387,4.866629773104593,13.0,1.7466637936461686,55,92,2194,rrc00,codered,normal,0
2001-07-10 23:03:00+00:00,1243,190,5.433628318584071,13.0,2.0768180563462653,37,60,1433,rrc00,codered,normal,0
2001-07-10 23:06:00+00:00,1831,352,5.386127799016931,13.0,2.4286663710649057,41,79,2183,rrc00,codered,normal,0
2001-07-10 23:09:00+00:00,1517,293,4.739617666446935,13.0,1.6452221987382696,39,57,1810,rrc00,codered,normal,0
2001-07-10 23:12:00+00:00,2412,494,4.784825870646766,15.0,1.6618493348681425,78,111,2906,rrc00,codered,normal,0
2001-07-10 23:15:00+00:00,1813,270,4.95311638168781,15.0,2.0408155811629354,47,71,2083,rrc00,codered,normal,0
2001-07-10 23:18:00+00:00,3159,284,5.21272554605888,14.0,1.6309611660362158,54,71,3443,rrc00,codered,normal,0
2001-07-10 23:21:00+00:00,2656,581,5.808734939759036,13.0,1.883748400975248,116,126,3237,rrc00,codered,normal,0
2001-07-10 23:24:00+00:00,3619,300,5.028737220226582,16.0,2.00834204778602,59,88,3919,rrc00,codered,normal,0
2001-07-10 23:27:00+00:00,1808,252,4.783185840707965,14.0,1.7955526501457795,41,88,2060,rrc00,codered,normal,0
2001-07-10 23:30:00+00:00,1391,234,4.687994248741912,13.0,1.5681475157546558,45,79,1625,rrc00,codered,normal,0
2001-07-10 23:33:00+00:00,3093,237,4.905269964435822,14.0,1.5918118256634228,24,137,3330,rrc00,codered,normal,0
2001-07-10 23:36:00+00:00,3221,1260,6.177895063644831,18.0,2.2348226336397423,147,166,4481,rrc00,codered,normal,0
2001-07-10 23:39:00+00:00,2466,737,4.806569343065694,18.0,1.863633003319966,124,178,3203,rrc00,codered,normal,0
2001-07-10 23:42:00+00:00,8050,788,4.435155279503106,13.0,1.4490369925236348,66,337,8838,rrc00,codered,normal,0
2001-07-10 23:45:00+00:00,2196,320,5.237704918032787,15.0,2.1225991508490916,50,81,2516,rrc00,codered,normal,0
2001-07-10 23:48:00+00:00,1670,596,5.72874251497006,16.0,2.5606558337603516,82,133,2266,rrc00,codered,normal,0
2001-07-10 23:51:00+00:00,1648,450,5.410800970873787,14.0,2.145904846649274,74,96,2098,rrc00,codered,normal,0
2001-07-10 23:54:00+00:00,1073,144,4.659832246039143,13.0,1.72769739123484,22,54,1217,rrc00,codered,normal,0
2001-07-10 23:57:00+00:00,3351,1381,4.7260519247985675,17.0,1.7767452083380324,140,160,4732,rrc00,codered,normal,0
2001-07-11 00:00:00+00:00,1217,371,5.322925225965489,15.0,2.111923808843383,50,168,1588,rrc00,codered,normal,0
2001-07-11 00:03:00+00:00,1707,419,5.064440538957235,14.0,2.015887619482969,60,93,2126,rrc00,codered,normal,0
2001-07-11 00:06:00+00:00,1976,351,4.879554655870446,14.0,1.8745220724358445,64,76,2327,rrc00,codered,normal,0
2001-07-11 00:09:00+00:00,1881,272,5.009037745879851,15.0,2.2629914803996796,41,68,2153,rrc00,codered,normal,0
2001-07-11 00:12:00+00:00,1809,380,5.244333886124931,17.0,2.5121049584882913,61,73,2189,rrc00,codered,normal,0
2001-07-11 00:15:00+00:00,1678,155,5.120381406436233,13.0,1.6731923617207165,29,35,1833,rrc00,codered,normal,0
2001-07-11 00:18:00+00:00,34285,577,4.3300277089106025,15.0,1.0668310666766785,67,85,34862,rrc00,codered,normal,0
2001-07-11 00:21:00+00:00,73803,279,4.423316125360758,17.0,1.1798131640599134,45,58,74082,rrc00,codered,normal,0
2001-07-11 00:24:00+00:00,2208,214,5.426177536231884,16.0,2.1914655503420444,33,62,2422,rrc00,codered,normal,0
2001-07-11 00:27:00+00:00,1628,268,4.484029484029484,13.0,1.831774016703682,36,55,1896,rrc00,codered,normal,0
2001-07-11 00:30:00+00:00,1282,234,4.906396255850234,13.0,2.060089427254437,28,60,1516,rrc00,codered,normal,0
2001-07-11 00:33:00+00:00,1427,348,5.430273300630693,14.0,2.166479062920297,52,66,1775,rrc00,codered,normal,0
2001-07-11 00:36:00+00:00,1189,203,5.174936921783011,19.0,2.209698996560112,27,85,1392,rrc00,codered,normal,0
2001-07-11 00:39:00+00:00,1366,169,4.739385065885798,16.0,1.8196948168693694,27,54,1535,rrc00,codered,normal,0
2001-07-11 00:42:00+00:00,1289,263,4.963537626066718,17.0,1.8649696841370638,47,67,1552,rrc00,codered,normal,0
2001-07-11 00:45:00+00:00,2847,444,5.116613979627679,13.0,1.68458414150439,64,115,3291,rrc00,codered,normal,0
2001-07-11 00:48:00+00:00,2305,350,5.431670281995662,14.0,1.9622785539749854,47,101,2655,rrc00,codered,normal,0
2001-07-11 00:51:00+00:00,3147,435,4.94184938036225,13.0,1.578006452770242,53,170,3582,rrc00,codered,normal,0
2001-07-11 00:54:00+00:00,2293,398,5.237679895333624,14.0,2.223007833489441,77,92,2691,rrc00,codered,normal,0
2001-07-11 00:57:00+00:00,1467,305,5.106339468302658,14.0,2.285875995789948,48,67,1772,rrc00,codered,normal,0
2001-07-11 01:00:00+00:00,8134,392,3.505655274157856,14.0,1.1956008957904154,77,147,8526,rrc00,codered,normal,0
2001-07-11 01:03:00+00:00,28837,14353,3.7517425529701427,15.0,1.1990524188207272,36,14200,43190,rrc00,codered,normal,0
2001-07-11 01:06:00+00:00,9712,381,3.905168863261944,14.0,1.39337026535004,66,114,10093,rrc00,codered,normal,0
2001-07-11 01:09:00+00:00,12654,377,3.783072546230441,13.0,1.4332945769623964,70,101,13031,rrc00,codered,normal,0
2001-07-11 01:12:00+00:00,14040,304,3.678133903133903,13.0,1.2575834667337769,60,117,14344,rrc00,codered,normal,0
2001-07-11 01:15:00+00:00,4646,691,5.933921653034869,20.0,2.6594123307203192,73,191,5337,rrc00,codered,normal,0
2001-07-11 01:18:00+00:00,2798,441,5.34024303073624,13.0,1.6273757730241163,68,76,3239,rrc00,codered,normal,0
2001-07-11 01:21:00+00:00,3376,212,4.847156398104265,15.0,2.115386863477861,35,86,3588,rrc00,codered,normal,0
2001-07-11 01:24:00+00:00,2957,402,4.670273926276631,14.0,1.6888018735330093,32,230,3359,rrc00,codered,normal,0
2001-07-11 01:27:00+00:00,1925,224,5.693506493506494,18.0,2.346057076969653,39,56,2149,rrc00,codered,normal,0
2001-07-11 01:30:00+00:00,2406,337,6.471737323358271,23.0,4.721749702901778,45,72,2743,rrc00,codered,normal,0
2001-07-11 01:33:00+00:00,1704,292,5.136150234741784,24.0,2.2234892462374867,42,134,1996,rrc00,codered,normal,0
2001-07-11 01:36:00+00:00,1864,528,5.176502145922747,18.0,1.9815309783689323,61,97,2392,rrc00,codered,normal,0
2001-07-11 01:39:00+00:00,2184,289,4.843406593406593,21.0,1.536557724442075,64,93,2473,rrc00,codered,normal,0
2001-07-11 01:42:00+00:00,2397,575,4.7096370463078845,13.0,1.9629343168697007,74,94,2972,rrc00,codered,normal,0
2001-07-11 01:45:00+00:00,1969,132,4.878110716099543,14.0,1.759361028895689,31,40,2101,rrc00,codered,normal,0
2001-07-11 01:48:00+00:00,2151,127,4.323105532310553,14.0,1.832660159793506,16,42,2278,rrc00,codered,normal,0
2001-07-11 01:51:00+00:00,3883,96,4.288436775688901,13.0,1.9636767751509345,12,31,3979,rrc00,codered,normal,0
2001-07-11 01:54:00+00:00,1361,230,4.859662013225569,16.0,1.7348473718936803,35,51,1591,rrc00,codered,normal,0
2001-07-11 01:57:00+00:00,1583,318,6.0543272267845865,16.0,2.4648287634052792,41,62,1901,rrc00,codered,normal,0
2001-07-11 02:00:00+00:00,2731,214,4.277187843280849,18.0,1.9017585959050232,37,52,2945,rrc00,codered,normal,0
2001-07-11 02:03:00+00:00,1245,220,4.567871485943775,14.0,1.8729773260254443,21,108,1465,rrc00,codered,normal,0
2001-07-11 02:06:00+00:00,2540,246,4.576771653543307,14.0,1.6697905860919215,53,86,2786,rrc00,codered,normal,0
2001-07-11 02:09:00+00:00,2660,540,4.782330827067669,15.0,1.7718527693965187,20,453,3200,rrc00,codered,normal,0
2001-07-11 02:12:00+00:00,3141,237,4.426615727475326,14.0,1.392929675284258,43,68,3378,rrc00,codered,normal,0
2001-07-11 02:15:00+00:00,2458,177,4.832790886899919,13.0,1.4416050089525951,23,80,2635,rrc00,codered,normal,0
2001-07-11 02:18:00+00:00,2940,771,4.879931972789116,14.0,1.9993720090934672,134,160,3711,rrc00,codered,normal,0
2001-07-11 02:21:00+00:00,2896,550,4.669889502762431,13.0,1.779294505714724,68,123,3446,rrc00,codered,normal,0
2001-07-11 02:24:00+00:00,2869,615,4.656326246078773,13.0,1.5380769203709956,80,95,3484,rrc00,codered,normal,0
2001-07-11 02:27:00+00:00,1755,268,5.383475783475784,15.0,2.076722269182062,49,58,2023,rrc00,codered,normal,0
2001-07-11 02:30:00+00:00,2422,258,4.523121387283237,15.0,1.8590068206803714,37,62,2680,rrc00,codered,normal,0
2001-07-11 02:33:00+00:00,2395,464,4.5060542797494785,16.0,2.0526130007055396,87,109,2859,rrc00,codered,normal,0
2001-07-11 02:36:00+00:00,2361,288,4.479457856840322,16.0,1.6937553425891356,57,72,2649,rrc00,codered,normal,0
2001-07-11 02:39:00+00:00,2437,439,4.54534263438654,14.0,1.8519516526183222,77,80,2876,rrc00,codered,normal,0
2001-07-11 02:42:00+00:00,1761,489,4.608177172061329,14.0,1.7383737674396023,61,78,2250,rrc00,codered,normal,0
2001-07-11 02:45:00+00:00,1895,228,4.322427440633246,15.0,1.8732947332611327,40,54,2123,rrc00,codered,normal,0
2001-07-11 02:48:00+00:00,905,174,5.113812154696133,13.0,2.1622776379315107,28,43,1079,rrc00,codered,normal,0
2001-07-11 02:51:00+00:00,1033,132,5.595353339787028,16.0,2.7097146404649735,24,40,1165,rrc00,codered,normal,0
2001-07-11 02:54:00+00:00,3088,1038,4.168393782383419,13.0,1.5793390794370248,25,920,4126,rrc00,codered,normal,0
2001-07-11 02:57:00+00:00,1031,144,5.282250242483026,15.0,2.1353032706503963,20,42,1175,rrc00,codered,normal,0
2001-07-11 03:00:00+00:00,2956,210,4.707713125845737,18.0,2.4479330529328154,41,51,3166,rrc00,codered,normal,0
2001-07-11 03:03:00+00:00,4766,395,6.062526227444398,22.0,3.956259142217835,48,134,5161,rrc00,codered,normal,0
2001-07-11 03:06:00+00:00,4802,547,5.769471053727614,24.0,3.5189675980843362,58,171,5349,rrc00,codered,normal,0
2001-07-11 03:09:00+00:00,2389,893,5.598576810380912,17.0,2.0532911804939458,105,117,3282,rrc00,codered,normal,0
2001-07-11 03:12:00+00:00,6940,958,5.104755043227666,20.0,2.2046206089332823,166,274,7898,rrc00,codered,normal,0
2001-07-11 03:15:00+00:00,6573,969,4.624220295146813,16.0,1.635684531614741,109,210,7542,rrc00,codered,normal,0
2001-07-11 03:18:00+00:00,4793,437,5.561026496974755,19.0,2.551632465505663,74,114,5230,rrc00,codered,normal,0
2001-07-11 03:21:00+00:00,4756,524,4.792472666105971,13.0,1.7257371580689287,78,106,5280,rrc00,codered,normal,0
2001-07-11 03:24:00+00:00,2272,146,4.495598591549296,16.0,1.8755229301201484,32,52,2418,rrc00,codered,normal,0
2001-07-11 03:27:00+00:00,2949,137,3.653780942692438,15.0,1.5002554707834912,30,43,3086,rrc00,codered,normal,0
2001-07-11 03:30:00+00:00,1968,200,5.903963414634147,19.0,2.570237829992888,29,65,2168,rrc00,codered,normal,0
2001-07-11 03:33:00+00:00,3858,282,4.687402799377916,16.0,1.7382507739831212,49,91,4140,rrc00,codered,normal,0
2001-07-11 03:36:00+00:00,1643,233,4.749239196591601,14.0,1.7007904340110385,41,53,1876,rrc00,codered,normal,0
2001-07-11 03:39:00+00:00,1784,331,4.952354260089686,15.0,1.9602195859577658,45,59,2115,rrc00,codered,normal,0
2001-07-11 03:42:00+00:00,12697,453,4.038828069622745,13.0,1.5078450637810588,71,90,13150,rrc00,codered,normal,0
2001-07-11 03:45:00+00:00,1971,215,4.443937087772704,14.0,1.6880748430978978,45,55,2186,rrc00,codered,normal,0
2001-07-11 03:48:00+00:00,2337,584,4.7278562259306804,15.0,1.5411786829758527,73,100,2921,rrc00,codered,normal,0
2001-07-11 03:51:00+00:00,5846,397,4.056619911050291,15.0,1.614606756884708,65,112,6243,rrc00,codered,normal,0
2001-07-11 03:54:00+00:00,1545,345,4.886084142394822,17.0,2.1668211260445123,52,62,1890,rrc00,codered,normal,0
2001-07-11 03:57:00+00:00,1880,187,4.4452127659574465,13.0,1.5330328921284333,24,91,2067,rrc00,codered,normal,0
2001-07-11 04:00:00+00:00,3710,361,4.702156334231806,18.0,2.040815514635739,48,149,4071,rrc00,codered,normal,0
2001-07-11 04:03:00+00:00,3371,669,5.831504004746366,14.0,2.1298888846927957,69,132,4040,rrc00,codered,normal,0
2001-07-11 04:06:00+00:00,6528,1122,4.6334252450980395,17.0,1.9870824652183843,331,420,7650,rrc00,codered,normal,0
2001-07-11 04:09:00+00:00,3580,592,4.5195530726256985,17.0,2.2411608676962023,74,291,4172,rrc00,codered,normal,0
2001-07-11 04:12:00+00:00,3017,515,5.614517732847199,23.0,3.265648902158874,67,113,3532,rrc00,codered,normal,0
2001-07-11 04:15:00+00:00,1411,448,5.873848334514529,17.0,2.6420715681423355,60,72,1859,rrc00,codered,normal,0
2001-07-11 04:18:00+00:00,889,151,5.3644544431946,13.0,1.999414076266975,24,35,1040,rrc00,codered,normal,0
2001-07-11 04:21:00+00:00,1500,126,5.988666666666667,14.0,2.6380304943061006,18,44,1626,rrc00,codered,normal,0
2001-07-11 04:24:00+00:00,1271,264,5.426435877261999,13.0,1.8459285486034316,37,66,1535,rrc00,codered,normal,0
2001-07-11 04:27:00+00:00,1502,260,4.888814913448735,15.0,2.027184112620758,41,61,1762,rrc00,codered,normal,0
2001-07-11 04:30:00+00:00,1441,334,4.829285218598196,14.0,2.219090123038574,38,65,1775,rrc00,codered,normal,0
2001-07-11 04:33:00+00:00,39931,442,3.303648794169943,14.0,1.1150229192971544,76,89,40373,rrc00,codered,normal,0
2001-07-11 04:36:00+00:00,2057,329,4.917841516771998,13.0,1.787320329515311,76,98,2386,rrc00,codered,normal,0
2001-07-11 04:39:00+00:00,1736,347,4.983294930875576,14.0,2.1154080824777264,50,69,2083,rrc00,codered,normal,0
2001-07-11 04:42:00+00:00,1481,278,4.715057393652938,14.0,1.8177893208336586,44,62,1759,rrc00,codered,normal,0
2001-07-11 04:45:00+00:00,1867,169,4.2517407605784685,13.0,1.8072166590570977,28,49,2036,rrc00,codered,normal,0
2001-07-11 04:48:00+00:00,1446,357,5.219225449515906,14.0,1.9136810950838976,43,60,1803,rrc00,codered,normal,0
2001-07-11 04:51:00+00:00,1447,170,4.812024879060124,20.0,2.3913676197267346,36,56,1617,rrc00,codered,normal,0
2001-07-11 04:54:00+00:00,1737,557,4.770869314910765,17.0,2.207018425925458,62,89,2294,rrc00,codered,normal,0
2001-07-11 04:57:00+00:00,2674,610,5.3100224382946895,21.0,2.899332667567276,118,133,3284,rrc00,codered,normal,0
2001-07-11 05:00:00+00:00,2470,883,6.821457489878543,25.0,4.270521436699539,116,163,3353,rrc00,codered,normal,0
2001-07-11 05:03:00+00:00,6633,1140,5.783958992914217,21.0,2.50629881116913,193,293,7773,rrc00,codered,normal,0
2001-07-11 05:06:00+00:00,2755,403,5.30961887477314,25.0,2.339194573395451,50,79,3158,rrc00,codered,normal,0
2001-07-11 05:09:00+00:00,2222,346,5.027002700270027,14.0,1.5150579088402607,58,134,2568,rrc00,codered,normal,0
2001-07-11 05:12:00+00:00,2431,663,5.6137392019744965,14.0,2.4830400541662665,63,233,3094,rrc00,codered,normal,0
2001-07-11 05:15:00+00:00,2084,289,5.022072936660269,15.0,1.8307703512820002,43,73,2373,rrc00,codered,normal,0
2001-07-11 05:18:00+00:00,1981,406,4.865724381625442,13.0,1.6023523037575338,77,114,2387,rrc00,codered,normal,0
2001-07-11 05:21:00+00:00,1359,338,4.9448123620309055,13.0,1.6942227347290952,61,79,1697,rrc00,codered,normal,0
2001-07-11 05:24:00+00:00,2935,372,5.304940374787053,13.0,1.7013951950480932,60,80,3307,rrc00,codered,normal,0
2001-07-11 05:27:00+00:00,6914,899,4.740671102111658,16.0,1.7218340958028513,124,244,7813,rrc00,codered,normal,0
2001-07-11 05:30:00+00:00,6046,659,4.914158121071783,16.0,1.733790200481263,158,244,6705,rrc00,codered,normal,0
2001-07-11 05:33:00+00:00,3417,439,5.1483757682177345,19.0,1.836750757901869,59,131,3856,rrc00,codered,normal,0
2001-07-11 05:36:00+00:00,1804,455,5.3503325942350335,14.0,2.287848673394342,85,103,2259,rrc00,codered,normal,0
2001-07-11 05:39:00+00:00,6610,431,4.314069591527988,14.0,1.5657062095561374,83,137,7041,rrc00,codered,normal,0
2001-07-11 05:42:00+00:00,3265,605,4.715467075038285,15.0,1.625662208122896,105,131,3870,rrc00,codered,normal,0
2001-07-11 05:45:00+00:00,3800,797,4.960263157894737,13.0,1.7694036861135258,146,229,4597,rrc00,codered,normal,0
2001-07-11 05:48:00+00:00,3460,660,4.760404624277457,15.0,1.7790020773435,94,120,4120,rrc00,codered,normal,0
2001-07-11 05:51:00+00:00,3971,1284,5.79325107025938,18.0,2.7078543586335333,129,318,5255,rrc00,codered,normal,0
2001-07-11 05:54:00+00:00,4595,692,5.536235038084875,17.0,2.4213736722230874,83,143,5287,rrc00,codered,normal,0
2001-07-11 05:57:00+00:00,5078,1052,6.123473808586057,17.0,2.9091394168914437,146,192,6130,rrc00,codered,normal,0
2001-07-11 06:00:00+00:00,5089,1138,5.775987423855375,17.0,2.373985626453332,230,279,6227,rrc00,codered,normal,0
2001-07-11 06:03:00+00:00,7640,1088,5.046073298429319,16.0,2.440704725040857,185,274,8728,rrc00,codered,normal,0
2001-07-11 06:06:00+00:00,2662,543,5.996994740796394,15.0,2.820445369150593,95,130,3205,rrc00,codered,normal,0
2001-07-11 06:09:00+00:00,1860,298,6.065053763440861,18.0,3.0728719793396158,66,116,2158,rrc00,codered,normal,0
2001-07-11 06:12:00+00:00,2852,478,6.326086956521739,18.0,2.9331458736553198,126,146,3330,rrc00,codered,normal,0
2001-07-11 06:15:00+00:00,2902,837,5.354927636113025,15.0,2.567115942888595,164,180,3739,rrc00,codered,normal,0
2001-07-11 06:18:00+00:00,3004,1312,6.227696404793608,16.0,3.1152013173111657,179,233,4316,rrc00,codered,normal,0
2001-07-11 06:21:00+00:00,3267,428,5.837771655953474,16.0,2.7831547029032397,82,138,3695,rrc00,codered,normal,0
2001-07-11 06:24:00+00:00,3245,783,5.391063174114022,18.0,2.1246764156458355,126,150,4028,rrc00,codered,normal,0
2001-07-11 06:27:00+00:00,3918,660,5.879019908116386,16.0,2.8283664585770834,111,155,4578,rrc00,codered,normal,0
2001-07-11 06:30:00+00:00,2075,302,5.097831325301205,13.0,1.9814975766444027,40,129,2377,rrc00,codered,normal,0
2001-07-11 06:33:00+00:00,3008,331,6.066156914893617,16.0,3.115775469004475,44,78,3339,rrc00,codered,normal,0
2001-07-11 06:36:00+00:00,4930,820,5.589249492900609,16.0,2.4893782561220976,133,181,5750,rrc00,codered,normal,0
2001-07-11 06:39:00+00:00,6772,1182,5.206881275841701,18.0,1.9039688446949636,183,358,7954,rrc00,codered,normal,0
2001-07-11 06:42:00+00:00,5439,681,6.207023349880493,18.0,3.0151572635235975,120,176,6120,rrc00,codered,normal,0
2001-07-11 06:45:00+00:00,2645,1036,5.1671077504725895,18.0,2.2713917666021297,142,161,3681,rrc00,codered,normal,0
2001-07-11 06:48:00+00:00,8475,1379,4.905014749262537,19.0,2.565036915974784,226,310,9854,rrc00,codered,normal,0
2001-07-11 06:51:00+00:00,8100,1211,4.097037037037037,18.0,1.701768466098871,255,306,9311,rrc00,codered,normal,0
2001-07-11 06:54:00+00:00,17833,438,3.8069870464868503,18.0,1.7860944621095827,76,131,18271,rrc00,codered,normal,0
2001-07-11 06:57:00+00:00,7983,352,4.028310159088062,15.0,1.6244407358772939,37,136,8335,rrc00,codered,normal,0
2001-07-11 07:00:00+00:00,1762,406,4.816118047673099,13.0,1.4996068814117829,66,108,2168,rrc00,codered,normal,0
2001-07-11 07:03:00+00:00,3694,526,4.747157552788305,18.0,1.6113973088702191,103,134,4220,rrc00,codered,normal,0
2001-07-11 07:06:00+00:00,7026,676,4.38599487617421,17.0,1.7371865043017365,68,244,7702,rrc00,codered,normal,0
2001-07-11 07:09:00+00:00,7599,641,5.641531780497434,18.0,2.503676269769664,132,263,8240,rrc00,codered,normal,0
2001-07-11 07:12:00+00:00,4775,740,5.162931937172774,16.0,1.625531822945751,205,265,5515,rrc00,codered,normal,0
2001-07-11 07:15:00+00:00,3884,1075,5.13053553038105,17.0,2.0031398169332872,178,222,4959,rrc00,codered,normal,0
2001-07-11 07:18:00+00:00,3016,377,4.843832891246684,16.0,2.1117208977025106,79,114,3393,rrc00,codered,normal,0
2001-07-11 07:21:00+00:00,8120,949,4.751231527093596,15.0,1.8227992224895493,155,213,9069,rrc00,codered,normal,0
2001-07-11 07:24:00+00:00,5202,922,4.916186082276048,16.0,2.01290803481121,133,204,6124,rrc00,codered,normal,0
2001-07-11 07:27:00+00:00,3491,493,4.338012030936694,14.0,1.836417137067762,88,112,3984,rrc00,codered,normal,0
2001-07-11 07:30:00+00:00,11863,1154,4.5471634493804265,17.0,1.4793917740341695,78,720,13017,rrc00,codered,normal,0
2001-07-11 07:33:00+00:00,4217,596,4.852027507706901,14.0,2.0122735308151642,74,366,4813,rrc00,codered,normal,0
2001-07-11 07:36:00+00:00,3568,369,5.161995515695067,14.0,1.7278682685156064,43,170,3937,rrc00,codered,normal,0
2001-07-11 07:39:00+00:00,1517,434,5.509558338826632,14.0,2.187805750978028,61,85,1951,rrc00,codered,normal,0
2001-07-11 07:42:00+00:00,8161,279,5.011885798309031,16.0,1.6639590132542268,63,94,8440,rrc00,codered,normal,0
2001-07-11 07:45:00+00:00,4544,287,5.026408450704225,17.0,2.2847873638386473,33,117,4831,rrc00,codered,normal,0
2001-07-11 07:48:00+00:00,33248,537,3.5737788739172283,17.0,1.208465642475442,68,119,33785,rrc00,codered,normal,0
2001-07-11 07:51:00+00:00,1957,275,5.285641287685232,16.0,2.1744705532876156,49,90,2232,rrc00,codered,normal,0
2001-07-11 07:54:00+00:00,3410,346,5.269794721407624,19.0,2.1805450673410247,71,101,3756,rrc00,codered,normal,0
2001-07-11 07:57:00+00:00,2000,297,5.2675,16.0,2.1963478208152734,52,78,2297,rrc00,codered,normal,0
2001-07-11 08:00:00+00:00,4246,338,5.06971267074894,17.0,1.8671973810214688,69,122,4584,rrc00,codered,normal,0
2001-07-11 08:03:00+00:00,4087,312,5.317837044286763,18.0,1.978606504438363,55,101,4399,rrc00,codered,normal,0
2001-07-11 08:06:00+00:00,3703,371,5.197137456116662,16.0,2.164082721539147,55,130,4074,rrc00,codered,normal,0
2001-07-11 08:09:00+00:00,6855,1228,4.7645514223194745,16.0,1.856248382941232,149,369,8083,rrc00,codered,normal,0
2001-07-11 08:12:00+00:00,9378,930,5.243442098528471,17.0,1.8580811404596491,145,300,10308,rrc00,codered,normal,0
2001-07-11 08:15:00+00:00,8412,684,5.388730385164052,19.0,2.315232376207302,92,330,9096,rrc00,codered,normal,0
2001-07-11 08:18:00+00:00,7301,1277,5.544993836460759,18.0,1.9934308471117066,216,437,8578,rrc00,codered,normal,0
2001-07-11 08:21:00+00:00,5246,836,5.874571101791841,23.0,2.5962034139120354,157,333,6082,rrc00,codered,normal,0
2001-07-11 08:24:00+00:00,4012,677,5.087986041874377,15.0,2.116964952467249,114,172,4689,rrc00,codered,normal,0
2001-07-11 08:27:00+00:00,2503,570,4.837794646424291,16.0,1.7698302437435354,93,137,3073,rrc00,codered,normal,0
2001-07-11 08:30:00+00:00,2504,175,4.708865814696486,15.0,1.7543605166127898,36,57,2679,rrc00,codered,normal,0
2001-07-11 08:33:00+00:00,1852,352,5.382289416846652,16.0,1.873905597509148,65,87,2204,rrc00,codered,normal,0
2001-07-11 08:36:00+00:00,2290,291,5.175545851528384,15.0,1.7274347500219007,64,93,2581,rrc00,codered,normal,0
2001-07-11 08:39:00+00:00,5685,1001,4.6209322779243625,15.0,1.751095099446247,136,170,6686,rrc00,codered,normal,0
2001-07-11 08:42:00+00:00,1331,206,5.143501126972201,19.0,2.0924520510244546,35,55,1537,rrc00,codered,normal,0
2001-07-11 08:45:00+00:00,1595,366,5.489655172413793,25.0,2.6430934794823324,48,72,1961,rrc00,codered,normal,0
2001-07-11 08:48:00+00:00,1521,246,6.443786982248521,25.0,4.394683581149337,41,63,1767,rrc00,codered,normal,0
2001-07-11 08:51:00+00:00,1537,145,5.143135979180221,21.0,2.4198955876027757,27,42,1682,rrc00,codered,normal,0
2001-07-11 08:54:00+00:00,7898,1230,4.733476829577108,15.0,1.8776844116738507,141,207,9128,rrc00,codered,normal,0
2001-07-11 08:57:00+00:00,2234,258,5.190689346463742,21.0,2.692770780360337,39,87,2492,rrc00,codered,normal,0
2001-07-11 09:00:00+00:00,4725,481,5.752380952380952,24.0,4.289331806579991,80,142,5206,rrc00,codered,normal,0
2001-07-11 09:03:00+00:00,3714,1255,4.552504038772213,15.0,1.6079251182507956,146,335,4969,rrc00,codered,normal,0
2001-07-11 09:06:00+00:00,4040,416,4.429207920792079,13.0,1.683477767127475,89,150,4456,rrc00,codered,normal,0
2001-07-11 09:09:00+00:00,2145,349,4.813986013986014,14.0,1.60459428091066,44,113,2494,rrc00,codered,normal,0
2001-07-11 09:12:00+00:00,1587,249,5.197227473219912,17.0,1.8615039892530842,45,91,1836,rrc00,codered,normal,0
2001-07-11 09:15:00+00:00,3265,290,4.887595712098009,17.0,2.288110800223858,57,96,3555,rrc00,codered,normal,0
2001-07-11 09:18:00+00:00,4585,474,5.00763358778626,16.0,1.8522721950347647,95,220,5059,rrc00,codered,normal,0
2001-07-11 09:21:00+00:00,1975,647,5.121518987341772,15.0,1.8985451382689178,80,119,2622,rrc00,codered,normal,0
2001-07-11 09:24:00+00:00,3004,674,4.479693741677763,19.0,1.7503814800341626,131,192,3678,rrc00,codered,normal,0
2001-07-11 09:27:00+00:00,2174,202,4.463661453541858,15.0,1.8631453525684785,55,97,2376,rrc00,codered,normal,0
2001-07-11 09:30:00+00:00,2176,320,5.474264705882353,16.0,1.938455507217075,58,84,2496,rrc00,codered,normal,0
2001-07-11 09:33:00+00:00,2131,402,5.221961520412951,17.0,2.11117695549692,61,97,2533,rrc00,codered,normal,0
2001-07-11 09:36:00+00:00,2138,351,5.014967259120674,17.0,2.092071657533838,71,106,2489,rrc00,codered,normal,0
2001-07-11 09:39:00+00:00,1813,254,5.289023717595146,15.0,2.0702701556472203,29,70,2067,rrc00,codered,normal,0
2001-07-11 09:42:00+00:00,4033,816,6.479295809571039,15.0,2.994768610100526,119,159,4849,rrc00,codered,normal,0
2001-07-11 09:45:00+00:00,1554,614,5.866795366795367,15.0,2.5809203212393053,95,118,2168,rrc00,codered,normal,0
2001-07-11 09:48:00+00:00,2350,427,5.414893617021277,16.0,1.7594098047422286,100,121,2777,rrc00,codered,normal,0
2001-07-11 09:51:00+00:00,8345,649,4.386698621929299,15.0,1.2553599187914624,122,172,8994,rrc00,codered,normal,0
2001-07-11 09:54:00+00:00,2947,508,4.817780794027825,19.0,1.6882142293414604,102,188,3455,rrc00,codered,normal,0
2001-07-11 09:57:00+00:00,2948,366,6.5386702849389415,25.0,3.968609512306025,80,129,3314,rrc00,codered,normal,0
2001-07-11 10:00:00+00:00,3839,1029,5.248762698619432,19.0,2.680981400886348,41,872,4868,rrc00,codered,normal,0
2001-07-11 10:03:00+00:00,9270,6684,4.563646170442287,16.0,1.5120497229114298,85,6423,15954,rrc00,codered,normal,0
2001-07-11 10:06:00+00:00,1588,662,4.758816120906801,16.0,2.338031122637211,35,506,2250,rrc00,codered,normal,0
2001-07-11 10:09:00+00:00,2522,9318,4.595955590800951,17.0,1.8736114337104688,39,9149,11840,rrc00,codered,normal,0
2001-07-11 10:12:00+00:00,2672,972,4.512350299401198,14.0,1.6242907756916298,85,668,3644,rrc00,codered,normal,0
2001-07-11 10:15:00+00:00,18764,322,4.216478362822426,15.0,1.0572168994537923,17,245,19086,rrc00,codered,normal,0
2001-07-11 10:18:00+00:00,16095,192,3.9854613233923577,18.0,1.884858948475773,31,60,16287,rrc00,codered,normal,0
2001-07-11 10:21:00+00:00,2192,395,4.818886861313868,18.0,2.053470678294603,48,68,2587,rrc00,codered,normal,0
2001-07-11 10:24:00+00:00,2061,405,5.009704027171276,13.0,1.7986740924247795,65,123,2466,rrc00,codered,normal,0
2001-07-11 10:27:00+00:00,1644,213,5.098540145985401,15.0,2.207600851254885,33,55,1857,rrc00,codered,normal,0
2001-07-11 10:30:00+00:00,2239,269,4.915587315765967,14.0,1.5956962555042165,43,103,2508,rrc00,codered,normal,0
2001-07-11 10:33:00+00:00,3170,242,5.506624605678233,21.0,2.6491091820550148,37,81,3412,rrc00,codered,normal,0
2001-07-11 10:36:00+00:00,10102,385,4.729459512967729,22.0,2.68805869679375,80,134,10487,rrc00,codered,normal,0
2001-07-11 10:39:00+00:00,11606,1920,4.79941409615716,25.0,2.4999575391164757,85,1690,13526,rrc00,codered,normal,0
2001-07-11 10:42:00+00:00,13923,691,4.694965165553401,21.0,1.8889578668532856,97,188,14614,rrc00,codered,normal,0
2001-07-11 10:45:00+00:00,5501,658,5.8731139792764955,23.0,3.242079088282151,94,184,6159,rrc00,codered,normal,0
2001-07-11 10:48:00+00:00,2974,877,5.7817753866846,23.0,2.8325476582101334,112,145,3851,rrc00,codered,normal,0
2001-07-11 10:51:00+00:00,4352,582,4.881893382352941,24.0,2.230372582390605,104,150,4934,rrc00,codered,normal,0
2001-07-11 10:54:00+00:00,4363,686,4.794636717854687,15.0,1.942916428770377,225,276,5049,rrc00,codered,normal,0
2001-07-11 10:57:00+00:00,145502,232,5.100087971299364,22.0,1.6046630267643929,38,84,145734,rrc00,codered,normal,0
2001-07-11 11:00:00+00:00,69237,280,4.993601686959285,22.0,1.531110078041216,38,74,69517,rrc00,codered,normal,0
2001-07-11 11:03:00+00:00,2090,202,4.7688995215311,16.0,1.7479144741785375,32,56,2292,rrc00,codered,normal,0
2001-07-11 11:06:00+00:00,14952,1838,4.047819689673622,15.0,1.2578487914910286,66,1565,16790,rrc00,codered,normal,0
2001-07-11 11:09:00+00:00,10998,311,4.096290234588107,14.0,1.283756019747156,71,85,11309,rrc00,codered,normal,0
2001-07-11 11:12:00+00:00,8730,335,4.044215349369988,18.0,1.9232386320060975,50,97,9065,rrc00,codered,normal,0
2001-07-11 11:15:00+00:00,7156,193,3.9763834544438232,18.0,2.0846067627919806,25,81,7349,rrc00,codered,normal,0
2001-07-11 11:18:00+00:00,2719,244,6.565649135711658,23.0,3.1102123680476472,34,86,2963,rrc00,codered,normal,0
2001-07-11 11:21:00+00:00,7687,693,5.0588005723949525,17.0,2.0978850426813582,119,377,8380,rrc00,codered,normal,0
2001-07-11 11:24:00+00:00,4322,374,4.767931513188339,16.0,1.8451278633090056,50,147,4696,rrc00,codered,normal,0
2001-07-11 11:27:00+00:00,1889,292,4.952885124404447,13.0,1.5938617658954872,36,58,2181,rrc00,codered,normal,0
2001-07-11 11:30:00+00:00,2181,353,5.288858321870702,17.0,1.989428647737586,51,88,2534,rrc00,codered,normal,0
2001-07-11 11:33:00+00:00,3158,445,5.247941735275491,13.0,1.7546519749758542,51,94,3603,rrc00,codered,normal,0
2001-07-11 11:36:00+00:00,14742,1395,4.036833536833536,14.0,1.2667276989103742,86,991,16137,rrc00,codered,normal,0
2001-07-11 11:39:00+00:00,25381,941,4.0804932823765805,23.0,1.9559443101588747,77,633,26322,rrc00,codered,normal,0
2001-07-11 11:42:00+00:00,2923,184,4.826890181320561,17.0,1.544903934510369,44,68,3107,rrc00,codered,normal,0
2001-07-11 11:45:00+00:00,4053,224,6.18307426597582,25.0,4.080009061742969,34,74,4277,rrc00,codered,normal,0
2001-07-11 11:48:00+00:00,6719,527,5.092275636255395,16.0,1.2501399895132599,61,108,7246,rrc00,codered,normal,0
2001-07-11 11:51:00+00:00,5819,198,4.42893968035745,13.0,1.1893557935343173,33,86,6017,rrc00,codered,normal,0
2001-07-11 11:54:00+00:00,3095,604,5.088529886914378,15.0,1.8128729073005594,90,152,3699,rrc00,codered,normal,0
2001-07-11 11:57:00+00:00,1795,278,4.786629526462396,15.0,1.867964663082928,43,67,2073,rrc00,codered,normal,0
2001-07-11 12:00:00+00:00,1439,241,5.173036831132731,13.0,1.777379646545861,48,86,1680,rrc00,codered,normal,0
2001-07-11 12:03:00+00:00,2231,314,5.291797400268938,16.0,1.8472652800781038,56,91,2545,rrc00,codered,normal,0
2001-07-11 12:06:00+00:00,2195,554,5.474259681093394,14.0,2.443838020347415,81,111,2749,rrc00,codered,normal,0
2001-07-11 12:09:00+00:00,2902,516,5.388697450034459,21.0,2.1223393589063217,74,152,3418,rrc00,codered,normal,0
2001-07-11 12:12:00+00:00,8794,335,4.906640891516943,17.0,1.436090269364027,59,100,9129,rrc00,codered,normal,0
2001-07-11 12:15:00+00:00,103056,1737,4.083488588728458,19.0,1.654292474526919,35,1592,104793,rrc00,codered,normal,0
2001-07-11 12:18:00+00:00,31699,468,4.25496072431307,19.0,1.7193312059546986,63,230,32167,rrc00,codered,normal,0
2001-07-11 12:21:00+00:00,58922,293,5.524048742405213,22.0,1.8010987774552245,63,89,59215,rrc00,codered,normal,0
2001-07-11 12:24:00+00:00,119816,836,4.108891967683782,22.0,1.721669949065239,150,236,120652,rrc00,codered,normal,0
2001-07-11 12:27:00+00:00,5584,950,5.187858166189112,17.0,1.7610649364921773,179,232,6534,rrc00,codered,normal,0
2001-07-11 12:30:00+00:00,9117,682,4.966984753756718,17.0,1.8746229165885626,110,195,9799,rrc00,codered,normal,0
2001-07-11 12:33:00+00:00,4761,418,4.821466078554925,15.0,1.639683665193142,74,157,5179,rrc00,codered,normal,0
2001-07-11 12:36:00+00:00,6078,521,4.910990457387299,17.0,1.400350508316133,103,158,6599,rrc00,codered,normal,0
2001-07-11 12:39:00+00:00,2387,595,5.1759530791788855,13.0,1.8448514967709986,108,163,2982,rrc00,codered,normal,0
2001-07-11 12:42:00+00:00,8103,1258,4.58188325311613,13.0,1.6374994580390099,252,283,9361,rrc00,codered,normal,0
2001-07-11 12:45:00+00:00,3573,502,4.998600615729079,17.0,1.9483243608350769,106,148,4075,rrc00,codered,normal,0
2001-07-11 12:48:00+00:00,7878,471,5.142802741812643,19.0,1.673545600303772,71,209,8349,rrc00,codered,normal,0
2001-07-11 12:51:00+00:00,5624,512,4.963726884779517,15.0,1.7484295068678954,69,87,6136,rrc00,codered,normal,0
2001-07-11 12:54:00+00:00,7370,685,4.835685210312076,15.0,1.655385306871063,127,245,8055,rrc00,codered,normal,0
2001-07-11 12:57:00+00:00,10183,770,5.2006284984778555,16.0,1.6751593625899133,111,296,10953,rrc00,codered,normal,0
2001-07-11 13:00:00+00:00,3937,582,5.132080264160528,13.0,1.6834382990293084,72,156,4519,rrc00,codered,normal,0
2001-07-11 13:03:00+00:00,2732,282,4.984260614934114,14.0,1.7424090968054458,47,119,3014,rrc00,codered,normal,0
2001-07-11 13:06:00+00:00,2306,498,5.473547267996531,16.0,2.03662118185952,82,124,2804,rrc00,codered,normal,0
2001-07-11 13:09:00+00:00,2314,311,5.261884183232498,17.0,1.9533560625422306,70,87,2625,rrc00,codered,normal,0
2001-07-11 13:12:00+00:00,2643,231,5.149451381006432,13.0,1.6274190881805832,35,87,2874,rrc00,codered,normal,0
2001-07-11 13:15:00+00:00,3418,1348,4.976887068461088,14.0,1.8675553652433956,59,1042,4766,rrc00,codered,normal,0
2001-07-11 13:18:00+00:00,2849,710,4.835731835731836,15.0,1.9684348787622794,76,342,3559,rrc00,codered,normal,0
2001-07-11 13:21:00+00:00,2393,365,4.861262014208107,17.0,1.7863225289636566,62,90,2758,rrc00,codered,normal,0
2001-07-11 13:24:00+00:00,3005,294,4.6352745424292845,13.0,1.3929058313740041,50,75,3299,rrc00,codered,normal,0
2001-07-11 13:27:00+00:00,1785,321,5.0436974789915965,16.0,2.017096617820747,54,123,2106,rrc00,codered,normal,0
2001-07-11 13:30:00+00:00,1918,234,5.212200208550573,14.0,2.047485616277525,43,69,2152,rrc00,codered,normal,0
2001-07-11 13:33:00+00:00,2145,438,5.75011655011655,21.0,3.316558897936084,84,114,2583,rrc00,codered,normal,0
2001-07-11 13:36:00+00:00,2676,370,5.796337817638266,19.0,3.3092932124547114,88,115,3046,rrc00,codered,normal,0
2001-07-11 13:39:00+00:00,2106,378,4.929249762583096,16.0,1.7183521743165968,52,90,2484,rrc00,codered,normal,0
2001-07-11 13:42:00+00:00,3476,1415,5.004315304948216,17.0,1.6173803627322638,238,273,4891,rrc00,codered,normal,0
2001-07-11 13:45:00+00:00,3888,1932,5.128600823045267,17.0,1.975785746993842,266,369,5820,rrc00,codered,normal,0
2001-07-11 13:48:00+00:00,4334,636,5.091601292108907,14.0,1.6629069158988843,138,189,4970,rrc00,codered,normal,0
2001-07-11 13:51:00+00:00,4502,439,4.478009773434029,14.0,1.4750496356781837,93,147,4941,rrc00,codered,normal,0
2001-07-11 13:54:00+00:00,17000,295,3.8581176470588234,18.0,1.6966711311670393,34,53,17295,rrc00,codered,normal,0
2001-07-11 13:57:00+00:00,5369,2658,5.42577761221829,13.0,1.548295729005567,257,295,8027,rrc00,codered,normal,0
2001-07-11 14:00:00+00:00,3285,504,4.887671232876713,14.0,1.8638229060029008,82,110,3789,rrc00,codered,normal,0
2001-07-11 14:03:00+00:00,3394,222,4.994107248084855,14.0,1.5991934237757246,44,65,3616,rrc00,codered,normal,0
2001-07-11 14:06:00+00:00,6933,251,4.423481898168181,13.0,1.2401440168794073,74,86,7184,rrc00,codered,normal,0
2001-07-11 14:09:00+00:00,2518,389,5.059173947577443,15.0,2.0089338869452975,45,151,2907,rrc00,codered,normal,0
2001-07-11 14:12:00+00:00,3527,320,4.889424440034023,17.0,1.8401436325712628,54,94,3847,rrc00,codered,normal,0
2001-07-11 14:15:00+00:00,5342,584,5.3577311868214155,21.0,2.9941092702752576,101,177,5926,rrc00,codered,normal,0
2001-07-11 14:18:00+00:00,3225,293,4.8821705426356585,13.0,1.9206930924568175,48,84,3518,rrc00,codered,normal,0
2001-07-11 14:21:00+00:00,2550,470,5.502745098039216,15.0,2.1423352463081056,90,100,3020,rrc00,codered,normal,0
2001-07-11 14:24:00+00:00,1590,266,5.1874213836477985,16.0,1.8571887234503912,42,100,1856,rrc00,codered,normal,0
2001-07-11 14:27:00+00:00,4319,252,4.388978930307942,15.0,1.2680295387370393,55,70,4571,rrc00,codered,normal,0
2001-07-11 14:30:00+00:00,2046,380,5.386119257086999,15.0,2.274961010365007,73,129,2426,rrc00,codered,normal,0
2001-07-11 14:33:00+00:00,2728,407,5.131964809384164,15.0,1.8940496294346725,79,115,3135,rrc00,codered,normal,0
2001-07-11 14:36:00+00:00,3022,406,5.428524156187955,13.0,2.3088800188994796,61,135,3428,rrc00,codered,normal,0
2001-07-11 14:39:00+00:00,2366,267,5.717666948436179,15.0,2.8374831931352786,56,84,2633,rrc00,codered,normal,0
2001-07-11 14:42:00+00:00,3703,467,4.8725357817985415,16.0,1.7785772387111216,100,141,4170,rrc00,codered,normal,0
2001-07-11 14:45:00+00:00,8739,666,5.0154479917610715,16.0,1.4587792519609468,89,288,9405,rrc00,codered,normal,0
2001-07-11 14:48:00+00:00,6213,1258,5.09480122324159,17.0,1.4619572019642482,169,218,7471,rrc00,codered,normal,0
2001-07-11 14:51:00+00:00,8247,1816,5.388747423305444,17.0,1.472420387363655,264,303,10063,rrc00,codered,normal,0
2001-07-11 14:54:00+00:00,3912,1957,5.149028629856851,16.0,1.6177470123317637,330,412,5869,rrc00,codered,normal,0
2001-07-11 14:57:00+00:00,5590,1250,5.3196779964221825,17.0,1.6197426538894693,307,357,6840,rrc00,codered,normal,0
2001-07-11 15:00:00+00:00,8166,978,5.060739652216507,14.0,1.3993225125255488,265,297,9144,rrc00,codered,normal,0
2001-07-11 15:03:00+00:00,3601,358,4.815051374618162,13.0,1.610575316691123,65,103,3959,rrc00,codered,normal,0
2001-07-11 15:06:00+00:00,2641,621,5.212040893600909,16.0,1.454244346231859,107,308,3262,rrc00,codered,normal,0
2001-07-11 15:09:00+00:00,8510,1907,4.848648648648648,13.0,1.35189554260059,297,321,10417,rrc00,codered,normal,0
2001-07-11 15:12:00+00:00,13366,210,3.7139757593894958,18.0,1.7959988725866836,35,68,13576,rrc00,codered,normal,0
2001-07-11 15:15:00+00:00,3363,739,5.295866785608088,13.0,1.6628215426497084,126,148,4102,rrc00,codered,normal,0
2001-07-11 15:18:00+00:00,2483,613,5.531212243254128,15.0,2.4097341737666857,77,102,3096,rrc00,codered,normal,0
2001-07-11 15:21:00+00:00,13928,414,3.8363009764503158,18.0,1.9097749969398068,55,70,14342,rrc00,codered,normal,0
2001-07-11 15:24:00+00:00,3758,284,4.923895689196381,13.0,1.9239280771824294,60,89,4042,rrc00,codered,normal,0
2001-07-11 15:27:00+00:00,2212,302,5.470162748643761,15.0,2.6304166314956388,53,79,2514,rrc00,codered,normal,0
2001-07-11 15:30:00+00:00,3470,503,5.202017291066283,15.0,2.0964761073919456,89,133,3973,rrc00,codered,normal,0
2001-07-11 15:33:00+00:00,5626,1401,5.188233202986136,13.0,1.27052372805647,226,265,7027,rrc00,codered,normal,0
2001-07-11 15:36:00+00:00,2783,696,5.300395256916996,15.0,1.774056415193552,118,188,3479,rrc00,codered,normal,0
2001-07-11 15:39:00+00:00,3629,543,5.56048498208873,18.0,2.540060597435014,87,144,4172,rrc00,codered,normal,0
2001-07-11 15:42:00+00:00,14615,568,3.769962367430722,18.0,1.812387780886496,79,120,15183,rrc00,codered,normal,0
2001-07-11 15:45:00+00:00,1593,252,5.315756434400503,16.0,2.040730042048092,66,87,1845,rrc00,codered,normal,0
2001-07-11 15:48:00+00:00,3180,229,5.514465408805031,17.0,1.7860689584322178,37,60,3409,rrc00,codered,normal,0
2001-07-11 15:51:00+00:00,2973,333,4.423141607803565,14.0,1.5260588630000838,55,77,3306,rrc00,codered,normal,0
2001-07-11 15:54:00+00:00,1521,347,5.2274819197896125,16.0,2.051488972857186,49,78,1868,rrc00,codered,normal,0
2001-07-11 15:57:00+00:00,1613,329,5.396156230626162,15.0,1.9787864687219787,51,93,1942,rrc00,codered,normal,0
2001-07-11 16:00:00+00:00,3046,431,4.844386080105056,13.0,1.5582621389294793,61,102,3477,rrc00,codered,normal,0
2001-07-11 16:03:00+00:00,5618,663,5.5500177999288,15.0,1.7053537981184006,151,171,6281,rrc00,codered,normal,0
2001-07-11 16:06:00+00:00,6184,1232,5.549482535575679,17.0,2.128658419346292,199,237,7416,rrc00,codered,normal,0
2001-07-11 16:09:00+00:00,6442,1089,5.274448928904067,18.0,1.5662327771887923,245,297,7531,rrc00,codered,normal,0
2001-07-11 16:12:00+00:00,5995,1104,5.43536280233528,15.0,1.8251191004314724,179,258,7099,rrc00,codered,normal,0
2001-07-11 16:15:00+00:00,4636,1076,5.94434857635893,17.0,2.5228738702704674,203,261,5712,rrc00,codered,normal,0
2001-07-11 16:18:00+00:00,5009,580,5.290676781792773,15.0,1.7230238133095337,84,195,5589,rrc00,codered,normal,0
2001-07-11 16:21:00+00:00,1869,294,5.3745318352059925,17.0,1.9956919513182245,36,72,2163,rrc00,codered,normal,0
2001-07-11 16:24:00+00:00,3767,689,5.357048048845235,14.0,1.5078566365526425,97,214,4456,rrc00,codered,normal,0
2001-07-11 16:27:00+00:00,16445,753,4.092550927333536,18.0,1.8690017055660595,167,185,17198,rrc00,codered,normal,0
2001-07-11 16:30:00+00:00,2767,621,5.014094687387062,17.0,1.6755701560180376,149,166,3388,rrc00,codered,normal,0
2001-07-11 16:33:00+00:00,5998,1135,4.806268756252084,13.0,1.6049940969189063,210,224,7133,rrc00,codered,normal,0
2001-07-11 16:36:00+00:00,8234,924,4.018824386689337,18.0,1.8088144845994472,177,209,9158,rrc00,codered,normal,0
2001-07-11 16:39:00+00:00,7625,492,3.93927868852459,18.0,1.967036083837709,63,101,8117,rrc00,codered,normal,0
2001-07-11 16:42:00+00:00,1252,430,4.90335463258786,13.0,1.6746812940186697,71,83,1682,rrc00,codered,normal,0
2001-07-11 16:45:00+00:00,1733,288,4.882862088863243,15.0,1.612347946201042,47,69,2021,rrc00,codered,normal,0
2001-07-11 16:48:00+00:00,1210,193,4.707438016528926,16.0,1.8187347018131965,43,56,1403,rrc00,codered,normal,0
2001-07-11 16:51:00+00:00,1735,172,4.786167146974063,13.0,1.5487594759758538,19,34,1907,rrc00,codered,normal,0
2001-07-11 16:54:00+00:00,3255,155,5.051305683563748,14.0,1.8493517734131535,32,44,3410,rrc00,codered,normal,0
2001-07-11 16:57:00+00:00,3175,559,4.72,13.0,1.5412521752511934,67,97,3734,rrc00,codered,normal,0
2001-07-11 17:00:00+00:00,1566,235,4.5727969348659006,15.0,1.8564720846717768,53,72,1801,rrc00,codered,normal,0
2001-07-11 17:03:00+00:00,1442,239,4.67753120665742,14.0,1.5946886554538968,42,59,1681,rrc00,codered,normal,0
2001-07-11 17:06:00+00:00,1426,351,4.996493688639551,18.0,1.8931822887486072,55,73,1777,rrc00,codered,normal,0
2001-07-11 17:09:00+00:00,1642,295,4.499390986601705,14.0,2.058596454173762,51,65,1937,rrc00,codered,normal,0
2001-07-11 17:12:00+00:00,43672,202,3.5615497343835867,14.0,1.0983066859221482,37,64,43874,rrc00,codered,normal,0
2001-07-11 17:15:00+00:00,1954,196,4.96878198567042,15.0,2.011366841655776,29,46,2150,rrc00,codered,normal,0
2001-07-11 17:18:00+00:00,1819,346,4.74326553051127,15.0,1.9319234466769384,57,69,2165,rrc00,codered,normal,0
2001-07-11 17:21:00+00:00,1648,164,4.629854368932039,15.0,1.9198457609354673,29,46,1812,rrc00,codered,normal,0
2001-07-11 17:24:00+00:00,1117,155,5.897045658012534,15.0,2.565377955800457,28,42,1272,rrc00,codered,normal,0
2001-07-11 17:27:00+00:00,1699,389,4.951147733961154,15.0,2.1578313593396232,52,82,2088,rrc00,codered,normal,0
2001-07-11 17:30:00+00:00,1443,423,5.097020097020097,15.0,2.209790033772237,74,82,1866,rrc00,codered,normal,0
2001-07-11 17:33:00+00:00,1537,306,4.452830188679245,14.0,1.7849275309147976,52,67,1843,rrc00,codered,normal,0
2001-07-11 17:36:00+00:00,1737,309,5.0322394933793895,15.0,2.0220708771795803,49,92,2046,rrc00,codered,normal,0
2001-07-11 17:39:00+00:00,1836,305,5.008169934640523,16.0,2.0231338332077615,49,79,2141,rrc00,codered,normal,0
2001-07-11 17:42:00+00:00,8017,216,3.8397156043407756,18.0,1.824501468081704,37,74,8233,rrc00,codered,normal,0
2001-07-11 17:45:00+00:00,10389,251,4.275964962941573,18.0,1.9369155821559068,30,84,10640,rrc00,codered,normal,0
2001-07-11 17:48:00+00:00,1740,396,5.416091954022988,13.0,2.1680476711059966,84,101,2136,rrc00,codered,normal,0
2001-07-11 17:51:00+00:00,4761,1059,6.012812434362529,15.0,2.267558779624342,119,199,5820,rrc00,codered,normal,0
2001-07-11 17:54:00+00:00,2338,549,5.1509837467921304,13.0,1.8608228191638634,78,112,2887,rrc00,codered,normal,0
2001-07-11 17:57:00+00:00,3740,346,5.231016042780749,14.0,1.9592371468517005,92,124,4086,rrc00,codered,normal,0
2001-07-11 18:00:00+00:00,4007,1168,5.879211380084851,15.0,2.1346920116301,142,244,5175,rrc00,codered,normal,0
2001-07-11 18:03:00+00:00,4187,748,5.1015046572725105,14.0,1.8137455502642095,134,158,4935,rrc00,codered,normal,0
2001-07-11 18:06:00+00:00,2151,499,5.202696420269642,13.0,1.6982535893455317,73,97,2650,rrc00,codered,normal,0
2001-07-11 18:09:00+00:00,1904,288,4.6344537815126055,13.0,1.5417133857595704,42,98,2192,rrc00,codered,normal,0
2001-07-11 18:12:00+00:00,2332,397,5.913379073756432,17.0,2.6966803947314215,65,74,2729,rrc00,codered,normal,0
2001-07-11 18:15:00+00:00,2803,306,5.023546200499465,17.0,2.092785796628446,57,88,3109,rrc00,codered,normal,0
2001-07-11 18:18:00+00:00,2518,895,4.689436060365369,15.0,1.8326683150479866,149,182,3413,rrc00,codered,normal,0
2001-07-11 18:21:00+00:00,3084,654,4.9880025940337225,16.0,1.9798397084283854,121,162,3738,rrc00,codered,normal,0
2001-07-11 18:24:00+00:00,2527,360,5.170557973882073,13.0,1.602763925700303,50,86,2887,rrc00,codered,normal,0
2001-07-11 18:27:00+00:00,13661,370,3.676744015811434,15.0,1.2876495075191956,62,83,14031,rrc00,codered,normal,0
2001-07-11 18:30:00+00:00,14407,332,3.730200596932047,13.0,1.3252880976226287,53,73,14739,rrc00,codered,normal,0
2001-07-11 18:33:00+00:00,3596,263,4.390155728587319,13.0,1.97112156410125,44,83,3859,rrc00,codered,normal,0
2001-07-11 18:36:00+00:00,1374,358,5.347161572052402,15.0,2.324385619491991,42,60,1732,rrc00,codered,normal,0
2001-07-11 18:39:00+00:00,6957,773,5.069138996693978,13.0,1.623624644030954,188,251,7730,rrc00,codered,normal,0
2001-07-11 18:42:00+00:00,2439,254,5.14760147601476,14.0,2.0899085385052656,35,95,2693,rrc00,codered,normal,0
2001-07-11 18:45:00+00:00,2493,404,5.087043722422783,15.0,2.3623018267511,65,120,2897,rrc00,codered,normal,0
2001-07-11 18:48:00+00:00,2431,252,4.887289181406828,14.0,1.7054992761765866,41,81,2683,rrc00,codered,normal,0
2001-07-11 18:51:00+00:00,5085,388,3.6761061946902656,15.0,1.429809546672261,57,74,5473,rrc00,codered,normal,0
2001-07-11 18:54:00+00:00,3759,298,3.939611598829476,14.0,1.6023469612520411,51,72,4057,rrc00,codered,normal,0
2001-07-11 18:57:00+00:00,1668,339,5.011390887290168,13.0,1.5549070567467356,59,71,2007,rrc00,codered,normal,0
2001-07-11 19:00:00+00:00,3484,356,5.09902411021814,14.0,1.6648624959145242,76,162,3840,rrc00,codered,normal,0
2001-07-11 19:03:00+00:00,9280,340,3.9451508620689655,15.0,1.5798120860534761,61,93,9620,rrc00,codered,normal,0
2001-07-11 19:06:00+00:00,5181,965,4.765875313646014,15.0,1.683222543443711,185,260,6146,rrc00,codered,normal,0
2001-07-11 19:09:00+00:00,3444,438,4.956736353077816,15.0,1.4316151665437151,83,99,3882,rrc00,codered,normal,0
2001-07-11 19:12:00+00:00,3070,604,5.3156351791530945,16.0,2.221244003318938,89,118,3674,rrc00,codered,normal,0
2001-07-11 19:15:00+00:00,5709,317,3.9378174811700823,13.0,1.3974506482192257,57,91,6026,rrc00,codered,normal,0
2001-07-11 19:18:00+00:00,7968,308,3.799824297188755,18.0,1.7147086845126143,53,81,8276,rrc00,codered,normal,0
2001-07-11 19:21:00+00:00,8327,623,3.798606941275369,18.0,1.6774654146740255,105,129,8950,rrc00,codered,normal,0
2001-07-11 19:24:00+00:00,2467,426,4.775030401297122,15.0,1.6074086017372038,94,119,2893,rrc00,codered,normal,0
2001-07-11 19:27:00+00:00,2655,249,4.76421845574388,17.0,2.2163916615695043,55,80,2904,rrc00,codered,normal,0
2001-07-11 19:30:00+00:00,3136,936,5.322066326530612,16.0,1.9115246120674374,108,134,4072,rrc00,codered,normal,0
2001-07-11 19:33:00+00:00,2284,530,4.836690017513135,17.0,1.7737733948492773,79,174,2814,rrc00,codered,normal,0
2001-07-11 19:36:00+00:00,3316,511,4.9381785283474064,14.0,1.5733308307501344,66,157,3827,rrc00,codered,normal,0
2001-07-11 19:39:00+00:00,5065,810,5.159921026653504,14.0,1.6206018143131022,194,220,5875,rrc00,codered,normal,0
2001-07-11 19:42:00+00:00,9855,1416,5.114561136478945,13.0,1.2664207274222798,265,392,11271,rrc00,codered,normal,0
2001-07-11 19:45:00+00:00,8444,1266,5.217314069161535,17.0,1.3259708009707718,280,323,9710,rrc00,codered,normal,0
2001-07-11 19:48:00+00:00,3040,433,4.995394736842106,15.0,1.4905332327281522,82,178,3473,rrc00,codered,normal,0
2001-07-11 19:51:00+00:00,4796,873,5.183903252710592,13.0,1.4849675814349246,140,172,5669,rrc00,codered,normal,0
2001-07-11 19:54:00+00:00,3054,289,4.922069417157826,13.0,1.4224613781721718,53,74,3343,rrc00,codered,normal,0
2001-07-11 19:57:00+00:00,3331,459,4.77574302011408,13.0,1.7244493668242866,75,113,3790,rrc00,codered,normal,0
2001-07-11 20:00:00+00:00,2384,533,5.318372483221476,14.0,2.0451443645851763,78,96,2917,rrc00,codered,normal,0
2001-07-11 20:03:00+00:00,3796,667,4.919388830347734,16.0,1.6646809108042924,100,131,4463,rrc00,codered,normal,0
2001-07-11 20:06:00+00:00,2003,473,5.532700948577134,17.0,2.2677279728168576,64,101,2476,rrc00,codered,normal,0
2001-07-11 20:09:00+00:00,2397,330,4.710471422611598,13.0,1.6151487655808108,62,101,2727,rrc00,codered,normal,0
2001-07-11 20:12:00+00:00,2973,366,5.145644130507905,13.0,1.8871577330155036,62,85,3339,rrc00,codered,normal,0
2001-07-11 20:15:00+00:00,3366,557,6.428698752228164,20.0,2.882239532701357,84,147,3923,rrc00,codered,normal,0
2001-07-11 20:18:00+00:00,5260,563,5.465589353612168,15.0,1.857917579579414,82,105,5823,rrc00,codered,normal,0
2001-07-11 20:21:00+00:00,8057,1604,5.3223284100781925,13.0,1.4132440241662074,300,323,9661,rrc00,codered,normal,0
2001-07-11 20:24:00+00:00,4790,544,6.205636743215031,21.0,2.5774211435336443,104,152,5334,rrc00,codered,normal,0
2001-07-11 20:27:00+00:00,2599,367,4.887264332435552,15.0,2.1042444555023443,58,89,2966,rrc00,codered,normal,0
2001-07-11 20:30:00+00:00,6193,914,5.524947521395124,16.0,2.195087053095526,147,200,7107,rrc00,codered,normal,0
2001-07-11 20:33:00+00:00,8140,1379,5.479115479115479,17.0,1.762057431546991,213,575,9519,rrc00,codered,normal,0
2001-07-11 20:36:00+00:00,4907,591,5.442632973303444,13.0,1.7085718262175547,86,213,5498,rrc00,codered,normal,0
2001-07-11 20:39:00+00:00,6009,1017,5.18405724746214,19.0,1.644692856481994,124,278,7026,rrc00,codered,normal,0
2001-07-11 20:42:00+00:00,8051,1663,5.481430878151782,13.0,1.403190905388433,279,385,9714,rrc00,codered,normal,0
2001-07-11 20:45:00+00:00,4929,740,5.1649421789409615,13.0,1.4384583794245775,161,234,5669,rrc00,codered,normal,0
2001-07-11 20:48:00+00:00,2239,316,5.242518981688254,13.0,1.6813232247369552,52,99,2555,rrc00,codered,normal,0
2001-07-11 20:51:00+00:00,1850,319,4.596756756756757,13.0,1.6146592880568953,55,64,2169,rrc00,codered,normal,0
2001-07-11 20:54:00+00:00,1118,289,5.145796064400716,15.0,2.045378586294607,43,78,1407,rrc00,codered,normal,0
2001-07-11 20:57:00+00:00,3112,283,4.31780205655527,13.0,1.6118031231704741,55,77,3395,rrc00,codered,normal,0
2001-07-11 21:00:00+00:00,8846,992,4.020687316301153,18.0,1.7815726635337386,122,148,9838,rrc00,codered,normal,0
2001-07-11 21:03:00+00:00,9266,234,3.929095618389812,18.0,1.686733440102008,40,68,9500,rrc00,codered,normal,0
2001-07-11 21:06:00+00:00,1761,337,5.154457694491766,13.0,2.0692150817569126,41,74,2098,rrc00,codered,normal,0
2001-07-11 21:09:00+00:00,2009,354,4.523643603782976,13.0,1.2884459809027633,59,83,2363,rrc00,codered,normal,0
2001-07-11 21:12:00+00:00,2357,314,4.84217225286381,13.0,1.5661469678855537,50,139,2671,rrc00,codered,normal,0
2001-07-11 21:15:00+00:00,2307,259,4.498916341569138,13.0,1.5300412196659485,44,60,2566,rrc00,codered,normal,0
2001-07-11 21:18:00+00:00,3541,975,5.461451567353855,13.0,1.8267203200357978,137,196,4516,rrc00,codered,normal,0
2001-07-11 21:21:00+00:00,4809,755,4.775213142025369,14.0,1.62520727641556,125,173,5564,rrc00,codered,normal,0
2001-07-11 21:24:00+00:00,3423,827,4.968448729184925,15.0,2.0261648466037046,134,166,4250,rrc00,codered,normal,0
2001-07-11 21:27:00+00:00,14555,466,3.805152868430093,18.0,1.8013585760960726,90,115,15021,rrc00,codered,normal,0
2001-07-11 21:30:00+00:00,2100,448,5.202857142857143,17.0,2.0604649102225703,66,94,2548,rrc00,codered,normal,0
2001-07-11 21:33:00+00:00,3862,239,3.7068876229932677,15.0,1.3741149205659255,44,61,4101,rrc00,codered,normal,0
2001-07-11 21:36:00+00:00,2485,287,4.944466800804829,14.0,1.537242091176839,42,53,2772,rrc00,codered,normal,0
2001-07-11 21:39:00+00:00,1614,120,4.629491945477076,13.0,1.3868822923413398,20,34,1734,rrc00,codered,normal,0
2001-07-11 21:42:00+00:00,20670,164,3.892743105950653,23.0,2.120159320102374,22,49,20834,rrc00,codered,normal,0
2001-07-11 21:45:00+00:00,2142,204,4.591036414565826,13.0,1.6081822615453292,37,52,2346,rrc00,codered,normal,0
2001-07-11 21:48:00+00:00,1997,193,4.690035052578868,13.0,1.573938299753299,29,59,2190,rrc00,codered,normal,0
2001-07-11 21:51:00+00:00,19960,266,4.609619238476954,16.0,1.6460031312019046,40,138,20226,rrc00,codered,normal,0
2001-07-11 21:54:00+00:00,5309,139,4.783386701827086,16.0,1.32814376171415,25,53,5448,rrc00,codered,normal,0
2001-07-11 21:57:00+00:00,6786,426,5.566018272914825,17.0,1.4912518163022768,66,211,7212,rrc00,codered,normal,0
2001-07-11 22:00:00+00:00,1594,185,4.7547051442910915,14.0,1.5696081777004975,33,46,1779,rrc00,codered,normal,0
2001-07-11 22:03:00+00:00,106728,98,3.510887489693426,19.0,1.3338767142555092,23,35,106826,rrc00,codered,normal,0
2001-07-11 22:06:00+00:00,191094,254,4.780369870325599,23.0,1.9017051787492372,46,72,191348,rrc00,codered,normal,0
2001-07-11 22:09:00+00:00,4058,375,5.1286347954657465,22.0,2.089475412737706,94,117,4433,rrc00,codered,normal,0
2001-07-11 22:12:00+00:00,2328,366,4.846219931271477,14.0,1.9509609421201504,54,117,2694,rrc00,codered,normal,0
2001-07-11 22:15:00+00:00,2041,327,5.102890739833415,15.0,2.391639134249517,50,68,2368,rrc00,codered,normal,0
2001-07-11 22:18:00+00:00,1667,217,4.647270545890822,13.0,1.2938401153703087,47,70,1884,rrc00,codered,normal,0
2001-07-11 22:21:00+00:00,2709,176,4.6961978589885565,13.0,1.3903866054067455,38,46,2885,rrc00,codered,normal,0
2001-07-11 22:24:00+00:00,2483,244,4.912202980265808,13.0,1.6510849323292789,43,62,2727,rrc00,codered,normal,0
2001-07-11 22:27:00+00:00,3194,214,4.799624295554164,15.0,1.3257433199502908,44,77,3408,rrc00,codered,normal,0
2001-07-11 22:30:00+00:00,1575,196,4.953650793650794,13.0,1.9442412333074877,33,48,1771,rrc00,codered,normal,0
2001-07-11 22:33:00+00:00,8658,153,3.8903903903903903,15.0,1.6000902492623037,32,78,8811,rrc00,codered,normal,0
2001-07-11 22:36:00+00:00,11779,329,3.64903642074879,15.0,1.4792654302180106,32,184,12108,rrc00,codered,normal,0
2001-07-11 22:39:00+00:00,9068,1052,4.772827525363917,15.0,2.032380810300525,133,279,10120,rrc00,codered,normal,0
2001-07-11 22:42:00+00:00,12134,554,3.769985165650239,21.0,1.954042367048631,116,144,12688,rrc00,codered,normal,0
2001-07-11 22:45:00+00:00,6768,222,4.419326241134752,15.0,2.139834955290596,36,56,6990,rrc00,codered,normal,0
2001-07-11 22:48:00+00:00,965,236,5.055958549222798,14.0,2.0372129285905656,29,99,1201,rrc00,codered,normal,0
2001-07-11 22:51:00+00:00,3300,834,5.781818181818182,15.0,2.203640864081813,131,206,4134,rrc00,codered,normal,0
2001-07-11 22:54:00+00:00,1912,297,5.421548117154812,15.0,2.2281284970012782,81,111,2209,rrc00,codered,normal,0
2001-07-11 22:57:00+00:00,1535,268,4.940065146579805,15.0,1.8578973077593326,39,73,1803,rrc00,codered,normal,0
2001-07-11 23:00:00+00:00,3841,525,4.395990627440771,13.0,1.441265088332388,111,120,4366,rrc00,codered,normal,0
2001-07-11 23:03:00+00:00,2793,840,5.815252416756176,17.0,2.0434477165738776,98,123,3633,rrc00,codered,normal,0
2001-07-11 23:06:00+00:00,2020,267,5.347524752475247,15.0,2.295069793774953,39,91,2287,rrc00,codered,normal,0
2001-07-11 23:09:00+00:00,2750,511,5.360727272727273,15.0,1.819106528486848,65,94,3261,rrc00,codered,normal,0
2001-07-11 23:12:00+00:00,2071,555,5.430709802028006,17.0,1.8771809278597356,81,107,2626,rrc00,codered,normal,0
2001-07-11 23:15:00+00:00,2577,494,5.045789677920062,14.0,2.138273724289429,83,95,3071,rrc00,codered,normal,0
2001-07-11 23:18:00+00:00,2867,250,5.494593651900942,14.0,1.8477700057857018,44,79,3117,rrc00,codered,normal,0
2001-07-11 23:21:00+00:00,1261,147,5.567803330689928,17.0,2.4131960793494995,22,68,1408,rrc00,codered,normal,0
2001-07-11 23:24:00+00:00,2073,392,5.730342498794018,15.0,2.32607873577187,84,117,2465,rrc00,codered,normal,0
2001-07-11 23:27:00+00:00,2996,237,5.216955941255007,24.0,1.9801230759532715,42,109,3233,rrc00,codered,normal,0
2001-07-11 23:30:00+00:00,2313,445,5.067012537829658,25.0,2.5449366544741245,79,141,2758,rrc00,codered,normal,0
2001-07-11 23:33:00+00:00,1862,290,5.387218045112782,21.0,2.2247286839579776,82,101,2152,rrc00,codered,normal,0
2001-07-11 23:36:00+00:00,1631,186,5.294911097486205,16.0,1.8534849212293272,34,63,1817,rrc00,codered,normal,0
2001-07-11 23:39:00+00:00,13331,165,3.7296526892206137,18.0,1.835555704201427,29,47,13496,rrc00,codered,normal,0
2001-07-11 23:42:00+00:00,5513,577,5.060946852893162,18.0,2.156725330153079,122,167,6090,rrc00,codered,normal,0
2001-07-11 23:45:00+00:00,8880,1000,4.526801801801802,15.0,1.8509074098929839,123,228,9880,rrc00,codered,normal,0
2001-07-11 23:48:00+00:00,2938,931,5.807011572498298,16.0,2.6414752078188477,116,204,3869,rrc00,codered,normal,0
2001-07-11 23:51:00+00:00,1854,393,5.35814455231931,16.0,1.6715449670084799,65,84,2247,rrc00,codered,normal,0
2001-07-11 23:54:00+00:00,3565,367,5.424964936886395,14.0,1.7336839567476485,73,129,3932,rrc00,codered,normal,0
2001-07-11 23:57:00+00:00,6076,647,5.189598420013167,21.0,1.8428903035340747,87,113,6723,rrc00,codered,normal,0
2001-07-12 00:00:00+00:00,4698,687,4.984248616432525,14.0,1.7133211083850086,134,163,5385,rrc00,codered,normal,0
2001-07-12 00:03:00+00:00,2038,509,5.46810598626104,17.0,2.2146167667356926,92,124,2547,rrc00,codered,normal,0
2001-07-12 00:06:00+00:00,3417,255,5.3435762364647355,17.0,2.0367304316362476,42,85,3672,rrc00,codered,normal,0
2001-07-12 00:09:00+00:00,3007,508,5.6577984702361155,21.0,2.2589933796750454,45,249,3515,rrc00,codered,normal,0
2001-07-12 00:12:00+00:00,3234,274,5.000927643784786,22.0,2.6638627739618816,45,61,3508,rrc00,codered,normal,0
2001-07-12 00:15:00+00:00,3601,577,5.5265204109969455,17.0,1.964112717543823,83,102,4178,rrc00,codered,normal,0
2001-07-12 00:18:00+00:00,1560,250,5.144871794871795,15.0,2.377681883139458,63,75,1810,rrc00,codered,normal,0
2001-07-12 00:21:00+00:00,1000,248,4.619,14.0,1.8856932412245637,52,67,1248,rrc00,codered,normal,0
2001-07-12 00:24:00+00:00,2529,169,4.640964808224595,14.0,1.8983662458201391,43,61,2698,rrc00,codered,normal,0
2001-07-12 00:27:00+00:00,1796,212,5.229398663697105,17.0,2.2081908353544595,39,53,2008,rrc00,codered,normal,0
2001-07-12 00:30:00+00:00,8445,679,4.223327412670219,15.0,1.5717610318467525,86,193,9124,rrc00,codered,normal,0
2001-07-12 00:33:00+00:00,21681,1171,3.9323370693233706,18.0,1.9279697633422677,119,153,22852,rrc00,codered,normal,0
2001-07-12 00:36:00+00:00,8519,264,4.2144617912900575,21.0,2.065802650902834,33,82,8783,rrc00,codered,normal,0
2001-07-12 00:39:00+00:00,6281,202,4.536538767712147,17.0,2.0201919872008363,31,49,6483,rrc00,codered,normal,0
2001-07-12 00:42:00+00:00,6616,1034,4.646311970979443,15.0,2.280323342945356,114,166,7650,rrc00,codered,normal,0
2001-07-12 00:45:00+00:00,2440,290,5.4319672131147545,13.0,2.038432634521533,40,179,2730,rrc00,codered,normal,0
2001-07-12 00:48:00+00:00,7050,973,5.91177304964539,22.0,1.8130778985537364,115,432,8023,rrc00,codered,normal,0
2001-07-12 00:51:00+00:00,1720,278,5.920930232558139,17.0,2.5648843429688837,51,69,1998,rrc00,codered,normal,0
2001-07-12 00:54:00+00:00,3325,286,5.818947368421052,18.0,2.346970936372516,72,93,3611,rrc00,codered,normal,0
2001-07-12 00:57:00+00:00,6053,646,4.647117132000661,21.0,2.1505474079790803,82,115,6699,rrc00,codered,normal,0
2001-07-12 01:00:00+00:00,4759,593,4.830216432023534,21.0,2.2560797771182193,87,132,5352,rrc00,codered,normal,0
2001-07-12 01:03:00+00:00,8975,962,4.648022284122563,18.0,1.9667175655874753,141,185,9937,rrc00,codered,normal,0
2001-07-12 01:06:00+00:00,13109,1165,5.127851094667785,18.0,1.7843908685131138,79,888,14274,rrc00,codered,normal,0
2001-07-12 01:09:00+00:00,6668,901,5.703209358128374,19.0,1.7307364352317658,34,771,7569,rrc00,codered,normal,0
2001-07-12 01:12:00+00:00,10239,371,4.8077937298564315,19.0,2.4059156929026737,47,122,10610,rrc00,codered,normal,0
2001-07-12 01:15:00+00:00,8655,191,3.9373772385904102,18.0,1.9033267255781237,32,66,8846,rrc00,codered,normal,0
2001-07-12 01:18:00+00:00,2564,231,5.707488299531981,17.0,2.367603123286308,41,61,2795,rrc00,codered,normal,0
2001-07-12 01:21:00+00:00,1232,233,5.529220779220779,17.0,2.7494019497204594,39,46,1465,rrc00,codered,normal,0
2001-07-12 01:24:00+00:00,6599,961,5.040915290195485,19.0,2.0973053260068317,103,273,7560,rrc00,codered,normal,0
2001-07-12 01:27:00+00:00,13803,453,4.880243425342317,16.0,1.4427931200974817,28,341,14256,rrc00,codered,normal,0
2001-07-12 01:30:00+00:00,7473,1175,5.36585039475445,23.0,2.1761626312780074,29,1082,8648,rrc00,codered,normal,0
2001-07-12 01:33:00+00:00,22723,1261,4.595387932931391,18.0,1.553941383320175,75,1022,23984,rrc00,codered,normal,0
2001-07-12 01:36:00+00:00,2618,211,5.622230710466004,15.0,2.1706587535207817,34,81,2829,rrc00,codered,normal,0
2001-07-12 01:39:00+00:00,7384,631,5.038055254604551,16.0,1.9434832377817097,75,147,8015,rrc00,codered,normal,0
2001-07-12 01:42:00+00:00,2744,610,5.034620991253644,16.0,1.8433268470617807,119,150,3354,rrc00,codered,normal,0
2001-07-12 01:45:00+00:00,15553,1250,4.312415611136116,18.0,1.8980132645922074,81,848,16803,rrc00,codered,normal,0
2001-07-12 01:48:00+00:00,14902,1783,4.377197691585022,18.0,1.9284053689993848,199,1063,16685,rrc00,codered,normal,0
2001-07-12 01:51:00+00:00,5902,353,5.14334124025754,16.0,2.3294678402218696,67,85,6255,rrc00,codered,normal,0
2001-07-12 01:54:00+00:00,6143,2055,5.060068370503012,17.0,1.5870648982495332,116,1725,8198,rrc00,codered,normal,0
2001-07-12 01:57:00+00:00,3234,304,5.407544836116265,18.0,2.042896187227065,79,155,3538,rrc00,codered,normal,0
2001-07-12 02:00:00+00:00,3662,308,4.438831239759694,13.0,1.4637246838870162,36,170,3970,rrc00,codered,normal,0
2001-07-12 02:03:00+00:00,26735,278,4.181896390499346,16.0,1.399222817931841,35,158,27013,rrc00,codered,normal,0
2001-07-12 02:06:00+00:00,119508,1852,4.337182448036952,21.0,1.3195313190094289,34,1742,121360,rrc00,codered,normal,0
2001-07-12 02:09:00+00:00,44128,81238,4.718138143582306,21.0,1.6768361338067783,131,80928,125366,rrc00,codered,normal,0
2001-07-12 02:12:00+00:00,118836,846,4.401494496617187,21.0,1.321083453562666,74,619,119682,rrc00,codered,normal,0
2001-07-12 02:15:00+00:00,55103,492,5.124421537847304,21.0,1.2747733209795744,148,220,55595,rrc00,codered,normal,0
2001-07-12 02:18:00+00:00,145990,468,4.7170285636002465,16.0,1.3058829488066308,73,94,146458,rrc00,codered,normal,0
2001-07-12 02:21:00+00:00,15055,406,5.409631351710395,22.0,1.9084806703797181,63,214,15461,rrc00,codered,normal,0
2001-07-12 02:24:00+00:00,11432,422,4.277641707487754,15.0,1.3442841317370042,63,115,11854,rrc00,codered,normal,0
2001-07-12 02:27:00+00:00,133349,417,4.700200226473389,18.0,1.1838939337352838,76,120,133766,rrc00,codered,normal,0
2001-07-12 02:30:00+00:00,2915,801,5.508747855917667,15.0,1.9445598063233933,118,142,3716,rrc00,codered,normal,0
2001-07-12 02:33:00+00:00,9502,494,4.375920858766576,15.0,1.804284369240574,105,144,9996,rrc00,codered,normal,0
2001-07-12 02:36:00+00:00,1122,156,5.044563279857398,17.0,2.1050342501494494,18,40,1278,rrc00,codered,normal,0
2001-07-12 02:39:00+00:00,62020,104228,4.083714930667527,21.0,1.5373316026890484,63,104113,166248,rrc00,codered,normal,0
2001-07-12 02:42:00+00:00,128426,458,4.562284895581891,20.0,1.4110890180434041,16,434,128884,rrc00,codered,normal,0
2001-07-12 02:45:00+00:00,548007,18595,4.121773991938059,21.0,1.3909949650996467,23,18559,566602,rrc00,codered,normal,0
2001-07-12 02:48:00+00:00,178405,890,3.9011350578739385,20.0,1.4350706671004785,135,646,179295,rrc00,codered,normal,0
2001-07-12 02:51:00+00:00,1842,268,5.627578718783931,14.0,2.037184059700448,70,89,2110,rrc00,codered,normal,0
2001-07-12 02:54:00+00:00,2329,730,5.545298411335337,15.0,1.946854099174119,116,170,3059,rrc00,codered,normal,0
2001-07-12 02:57:00+00:00,7153,533,3.8972459108066544,18.0,2.0031945598544914,112,133,7686,rrc00,codered,normal,0
2001-07-12 03:00:00+00:00,7790,304,3.945314505776637,18.0,1.873972255068831,64,112,8094,rrc00,codered,normal,0
2001-07-12 03:03:00+00:00,2651,348,5.227838551490004,15.0,1.9049841825881366,58,122,2999,rrc00,codered,normal,0
2001-07-12 03:06:00+00:00,3756,174,4.387912673056443,15.0,1.491349857364073,31,66,3930,rrc00,codered,normal,0
2001-07-12 03:09:00+00:00,1943,451,5.311888831703551,14.0,1.9629868122082674,73,150,2394,rrc00,codered,normal,0
2001-07-12 03:12:00+00:00,4941,97805,4.923294879579033,16.0,1.9034544359109948,66,97590,102746,rrc00,codered,normal,0
2001-07-12 03:15:00+00:00,2751,276,4.689203925845147,14.0,1.5405897265058404,36,132,3027,rrc00,codered,normal,0
2001-07-12 03:18:00+00:00,66947,550,5.228419496019239,22.0,1.9522624054317157,91,107,67497,rrc00,codered,normal,0
2001-07-12 03:21:00+00:00,68995,415,5.480295673599536,23.0,1.8688500105372403,80,184,69410,rrc00,codered,normal,0
2001-07-12 03:24:00+00:00,16238,176,3.849180933612514,18.0,1.8611362955280581,44,56,16414,rrc00,codered,normal,0
2001-07-12 03:27:00+00:00,114733,202,3.7170299739394945,21.0,1.4402625008475227,57,78,114935,rrc00,codered,normal,0
2001-07-12 03:30:00+00:00,148779,7518,4.566128284233662,17.0,1.36197669605915,61,7345,156297,rrc00,codered,normal,0
2001-07-12 03:33:00+00:00,15989,98527,4.550941272124586,16.0,1.5612609332397962,570,97836,114516,rrc00,codered,normal,0
2001-07-12 03:36:00+00:00,75911,1001,5.64922079803981,22.0,1.7086131431734461,40,856,76912,rrc00,codered,normal,0
2001-07-12 03:39:00+00:00,244290,267,4.431462605919195,23.0,1.5646622870183964,43,115,244557,rrc00,codered,normal,0
2001-07-12 03:42:00+00:00,149919,620,4.287081690779687,21.0,1.4265158530637634,60,425,150539,rrc00,codered,normal,0
2001-07-12 03:45:00+00:00,41349,184,4.634888389078333,21.0,1.1784676254684059,33,52,41533,rrc00,codered,normal,0
2001-07-12 03:48:00+00:00,172923,193,4.137483157243397,17.0,1.425003466795265,34,61,173116,rrc00,codered,normal,0
2001-07-12 03:51:00+00:00,104866,218,4.5945015543646175,17.0,1.1114105618185608,29,65,105084,rrc00,codered,normal,0
2001-07-12 03:54:00+00:00,2097,258,5.277062470195517,17.0,2.237882828487092,36,56,2355,rrc00,codered,normal,0
2001-07-12 03:57:00+00:00,2193,266,5.367989056087551,14.0,2.403640728428901,30,63,2459,rrc00,codered,normal,0
2001-07-12 04:00:00+00:00,2510,713,5.624302788844622,18.0,2.2234460108801826,100,128,3223,rrc00,codered,normal,0
2001-07-12 04:03:00+00:00,2265,170,4.687417218543047,13.0,1.7024448580799494,31,44,2435,rrc00,codered,normal,0
2001-07-12 04:06:00+00:00,8749,212,4.123899874271345,15.0,1.7035289270752971,33,55,8961,rrc00,codered,normal,0
2001-07-12 04:09:00+00:00,10074,398,4.2996823506055195,18.0,1.8847648640522052,39,231,10472,rrc00,codered,normal,0
2001-07-12 04:12:00+00:00,15319,1304,4.663098113453881,18.0,2.04671995164217,86,970,16623,rrc00,codered,normal,0
2001-07-12 04:15:00+00:00,1495,188,7.004013377926421,24.0,4.539825694628999,35,72,1683,rrc00,codered,normal,0
2001-07-12 04:18:00+00:00,2498,195,5.668935148118495,24.0,3.0654202302372764,32,57,2693,rrc00,codered,normal,0
2001-07-12 04:21:00+00:00,2686,257,4.951228592702904,14.0,1.6607925587422177,34,116,2943,rrc00,codered,normal,0
2001-07-12 04:24:00+00:00,19053,284,4.271085918228101,18.0,2.0075023464858948,53,78,19337,rrc00,codered,normal,0
2001-07-12 04:27:00+00:00,10456,544,4.776874521805662,18.0,2.0981202707565973,41,298,11000,rrc00,codered,normal,0
2001-07-12 04:30:00+00:00,7670,963,5.2867014341590615,20.0,2.0484529586093725,33,754,8633,rrc00,codered,normal,0
2001-07-12 04:33:00+00:00,7657,881,4.287841191066997,16.0,1.471846188347603,78,483,8538,rrc00,codered,normal,0
2001-07-12 04:36:00+00:00,3963,476,5.4461266717133485,17.0,1.6114691165841393,72,164,4439,rrc00,codered,normal,0
2001-07-12 04:39:00+00:00,6497,889,4.901185162382638,13.0,1.4268129228674569,59,570,7386,rrc00,codered,normal,0
2001-07-12 04:42:00+00:00,7154,872,4.3697232317584564,19.0,1.5887271518726591,37,706,8026,rrc00,codered,normal,0
2001-07-12 04:45:00+00:00,5032,266,5.133346581875994,22.0,2.158721930753615,48,58,5298,rrc00,codered,normal,0
2001-07-12 04:48:00+00:00,4292,177,4.99044734389562,23.0,2.3248830423387874,34,66,4469,rrc00,codered,normal,0
2001-07-12 04:51:00+00:00,8037,1187,5.152668906308324,17.0,1.5693370795418033,160,401,9224,rrc00,codered,normal,0
2001-07-12 04:54:00+00:00,11736,1746,5.675187457396047,17.0,1.542728578826233,182,1377,13482,rrc00,codered,normal,0
2001-07-12 04:57:00+00:00,3313,180,4.248717174766073,17.0,1.618734366779803,33,68,3493,rrc00,codered,normal,0
2001-07-12 05:00:00+00:00,5548,784,5.279560201874549,18.0,1.7865254149325207,191,326,6332,rrc00,codered,normal,0
2001-07-12 05:03:00+00:00,8547,838,4.678366678366678,13.0,1.7501217594182648,58,522,9385,rrc00,codered,normal,0
2001-07-12 05:06:00+00:00,5431,1695,5.7350395875529365,13.0,1.6185561991652118,58,1470,7126,rrc00,codered,normal,0
2001-07-12 05:09:00+00:00,2202,442,5.091734786557675,22.0,2.0596761706261737,36,266,2644,rrc00,codered,normal,0
2001-07-12 05:12:00+00:00,4918,1015,4.953029686864579,15.0,2.073876999928098,149,474,5933,rrc00,codered,normal,0
2001-07-12 05:15:00+00:00,24766,1094,4.05608495518049,22.0,1.9551737604076704,135,612,25860,rrc00,codered,normal,0
2001-07-12 05:18:00+00:00,3129,300,4.586449344838607,19.0,1.6430281590862603,40,77,3429,rrc00,codered,normal,0
2001-07-12 05:21:00+00:00,3916,568,4.332226762002043,15.0,1.8088402950881717,94,139,4484,rrc00,codered,normal,0
2001-07-12 05:24:00+00:00,21695,246,3.957225167089191,23.0,2.1288988738489447,38,70,21941,rrc00,codered,normal,0
2001-07-12 05:27:00+00:00,7443,2303,4.489721886336155,17.0,1.7973349627900888,876,1217,9746,rrc00,codered,normal,0
2001-07-12 05:30:00+00:00,15719,453,3.616133341815637,18.0,1.4493538353844075,44,180,16172,rrc00,codered,normal,0
2001-07-12 05:33:00+00:00,2277,281,4.960035133948177,22.0,2.057086383822791,47,69,2558,rrc00,codered,normal,0
2001-07-12 05:36:00+00:00,6717,917,4.977519726068185,15.0,1.664310027129589,42,752,7634,rrc00,codered,normal,0
2001-07-12 05:39:00+00:00,9317,1446,5.226038424385532,18.0,2.0866689484546384,96,1176,10763,rrc00,codered,normal,0
2001-07-12 05:42:00+00:00,4183,452,4.233803490317953,17.0,1.8614025765825901,61,153,4635,rrc00,codered,normal,0
2001-07-12 05:45:00+00:00,2612,362,4.499617151607963,17.0,1.9134207656640976,43,114,2974,rrc00,codered,normal,0
2001-07-12 05:48:00+00:00,2284,183,4.843257443082312,15.0,1.4983771379590773,33,52,2467,rrc00,codered,normal,0
2001-07-12 05:51:00+00:00,3387,369,5.2152347209920284,22.0,2.497479916041262,48,139,3756,rrc00,codered,normal,0
2001-07-12 05:54:00+00:00,3151,226,4.734687400825135,16.0,1.6679439515215337,39,73,3377,rrc00,codered,normal,0
2001-07-12 05:57:00+00:00,2422,218,4.958711808422791,17.0,1.9527734602278854,35,63,2640,rrc00,codered,normal,0
2001-07-12 06:00:00+00:00,4399,445,5.353262105023869,19.0,1.8736535326828365,70,129,4844,rrc00,codered,normal,0
2001-07-12 06:03:00+00:00,6961,1315,4.907340899296078,18.0,1.5685841052985323,155,656,8276,rrc00,codered,normal,0
2001-07-12 06:06:00+00:00,10943,2251,5.014986749520241,17.0,1.5194237886930126,352,407,13194,rrc00,codered,normal,0
2001-07-12 06:09:00+00:00,5888,972,4.783118206521739,16.0,1.4098861172962196,160,219,6860,rrc00,codered,normal,0
2001-07-12 06:12:00+00:00,16800,1384,5.21922619047619,16.0,1.3771863557128636,265,381,18184,rrc00,codered,normal,0
2001-07-12 06:15:00+00:00,15951,6148,5.3100746034731365,17.0,1.3109773412682064,273,5276,22099,rrc00,codered,normal,0
2001-07-12 06:18:00+00:00,6645,909,4.29104589917231,14.0,1.522102879397576,117,146,7554,rrc00,codered,normal,0
2001-07-12 06:21:00+00:00,3578,447,4.505589714924539,19.0,1.6624270079170942,108,160,4025,rrc00,codered,normal,0
2001-07-12 06:24:00+00:00,2316,274,4.49006908462867,15.0,1.5472929713757395,42,80,2590,rrc00,codered,normal,0
2001-07-12 06:27:00+00:00,3183,292,4.917687715991203,15.0,1.6729477166680673,52,91,3475,rrc00,codered,normal,0
2001-07-12 06:30:00+00:00,2697,540,4.864293659621802,17.0,1.775532160475153,61,110,3237,rrc00,codered,normal,0
2001-07-12 06:33:00+00:00,5704,825,4.393934081346424,17.0,1.764333710798516,163,195,6529,rrc00,codered,normal,0
2001-07-12 06:36:00+00:00,5353,662,5.067065197085746,14.0,1.7976739227803633,116,149,6015,rrc00,codered,normal,0
2001-07-12 06:39:00+00:00,9249,885,4.092334306411504,15.0,1.4363320233490349,128,155,10134,rrc00,codered,normal,0
2001-07-12 06:42:00+00:00,5216,660,5.302147239263804,14.0,1.9259596420324536,124,211,5876,rrc00,codered,normal,0
2001-07-12 06:45:00+00:00,3758,565,5.14821713677488,14.0,1.8497617940523048,79,127,4323,rrc00,codered,normal,0
2001-07-12 06:48:00+00:00,6277,746,5.169189103074717,15.0,1.7215944336757105,114,187,7023,rrc00,codered,normal,0
2001-07-12 06:51:00+00:00,17949,450,4.173658699649006,18.0,1.9495518603066382,68,120,18399,rrc00,codered,normal,0
2001-07-12 06:54:00+00:00,5266,466,4.902012913026965,16.0,1.8410765823242914,73,107,5732,rrc00,codered,normal,0
2001-07-12 06:57:00+00:00,15006,652,3.9077702252432363,18.0,1.8956229173944716,103,141,15658,rrc00,codered,normal,0
2001-07-12 07:00:00+00:00,4060,732,5.249261083743843,15.0,2.1319610865802456,116,161,4792,rrc00,codered,normal,0
2001-07-12 07:03:00+00:00,3855,981,4.940856031128405,13.0,1.6869465408460476,190,209,4836,rrc00,codered,normal,0
2001-07-12 07:06:00+00:00,4138,1271,5.091831802803287,14.0,1.7567864623979368,151,203,5409,rrc00,codered,normal,0
2001-07-12 07:09:00+00:00,5456,442,4.405425219941349,15.0,1.6517341489941404,77,119,5898,rrc00,codered,normal,0
2001-07-12 07:12:00+00:00,5830,843,4.920926243567753,23.0,2.304166819880795,133,205,6673,rrc00,codered,normal,0
2001-07-12 07:15:00+00:00,4302,843,4.434913993491399,14.0,1.4022691909245775,130,453,5145,rrc00,codered,normal,0
2001-07-12 07:18:00+00:00,8127,609,4.649070997908207,13.0,1.3801824039584962,124,200,8736,rrc00,codered,normal,0
2001-07-12 07:21:00+00:00,7818,1108,5.65796878997186,23.0,2.107115226971964,151,193,8926,rrc00,codered,normal,0
2001-07-12 07:24:00+00:00,6470,854,4.745440494590417,17.0,1.8330530648556171,151,182,7324,rrc00,codered,normal,0
2001-07-12 07:27:00+00:00,7586,691,4.849327708937516,15.0,1.3224411976487054,121,321,8277,rrc00,codered,normal,0
2001-07-12 07:30:00+00:00,16937,1101,5.393399067131133,13.0,1.6403964504337285,245,532,18038,rrc00,codered,normal,0
2001-07-12 07:33:00+00:00,13312,1437,4.877554086538462,22.0,2.0627260431394663,204,454,14749,rrc00,codered,normal,0
2001-07-12 07:36:00+00:00,16846,1186,4.06304167161344,23.0,2.1921396082948115,170,212,18032,rrc00,codered,normal,0
2001-07-12 07:39:00+00:00,2017,659,5.130887456618741,13.0,1.8314508055837868,167,207,2676,rrc00,codered,normal,0
2001-07-12 07:42:00+00:00,4025,889,5.2007453416149065,14.0,1.6888231606856774,156,208,4914,rrc00,codered,normal,0
2001-07-12 07:45:00+00:00,14441,549,3.83117512637629,18.0,1.8137119199241252,102,138,14990,rrc00,codered,normal,0
2001-07-12 07:48:00+00:00,2526,400,4.877672209026128,15.0,1.5809135627946698,91,110,2926,rrc00,codered,normal,0
2001-07-12 07:51:00+00:00,16308,794,3.9863257297032133,13.0,1.3849897579893267,129,208,17102,rrc00,codered,normal,0
2001-07-12 07:54:00+00:00,3920,576,5.103571428571429,15.0,1.7854249765640604,99,208,4496,rrc00,codered,normal,0
2001-07-12 07:57:00+00:00,2883,510,4.74020117932709,16.0,1.9002538015596762,106,187,3393,rrc00,codered,normal,0
2001-07-12 08:00:00+00:00,14849,1013,4.259074685163984,16.0,1.7691609915225701,264,361,15862,rrc00,codered,normal,0
2001-07-12 08:03:00+00:00,14162,579,4.188673916113543,17.0,1.5419535094631147,102,211,14741,rrc00,codered,normal,0
2001-07-12 08:06:00+00:00,8067,1187,4.36729887194744,15.0,1.621593068905717,211,298,9254,rrc00,codered,normal,0
2001-07-12 08:09:00+00:00,5686,1669,4.463594794231446,16.0,1.720230135893799,187,234,7355,rrc00,codered,normal,0
2001-07-12 08:12:00+00:00,2645,800,4.415122873345935,17.0,2.13868810247005,137,195,3445,rrc00,codered,normal,0
2001-07-12 08:15:00+00:00,2861,774,6.0740999650471865,23.0,3.342307721376444,104,125,3635,rrc00,codered,normal,0
2001-07-12 08:18:00+00:00,14360,667,4.075208913649025,24.0,2.5858622260624817,111,192,15027,rrc00,codered,normal,0
2001-07-12 08:21:00+00:00,2806,316,6.33464005702067,21.0,3.5375378817189267,46,76,3122,rrc00,codered,normal,0
2001-07-12 08:24:00+00:00,1754,241,5.8523375142531355,18.0,2.667507454226366,36,57,1995,rrc00,codered,normal,0
2001-07-12 08:27:00+00:00,1238,278,5.327140549273021,16.0,2.1420680745817835,50,78,1516,rrc00,codered,normal,0
2001-07-12 08:30:00+00:00,2372,354,5.102023608768971,16.0,1.9207869609068247,54,90,2726,rrc00,codered,normal,0
2001-07-12 08:33:00+00:00,18772,311,3.703814191348817,18.0,1.1662197710712288,52,122,19083,rrc00,codered,normal,0
2001-07-12 08:36:00+00:00,15841,563,3.954422069313806,18.0,1.3724657332260715,159,203,16404,rrc00,codered,normal,0
2001-07-12 08:39:00+00:00,18867,1060,4.382572746064557,23.0,2.2741619741178423,187,260,19927,rrc00,codered,normal,0
2001-07-12 08:42:00+00:00,21620,1595,4.236632747456059,18.0,1.9358990728734315,349,453,23215,rrc00,codered,normal,0
2001-07-12 08:45:00+00:00,4001,98768,5.74656335916021,18.0,2.1090618236796868,199,97649,102769,rrc00,codered,normal,0
2001-07-12 08:48:00+00:00,3231,370,5.598885793871866,16.0,1.8656646060923854,82,139,3601,rrc00,codered,normal,0
2001-07-12 08:51:00+00:00,13323,201,5.731667041957517,18.0,1.6209455606591452,41,60,13524,rrc00,codered,normal,0
2001-07-12 08:54:00+00:00,123290,1116,5.3877767864384785,23.0,1.8220176714238085,104,915,124406,rrc00,codered,normal,0
2001-07-12 08:57:00+00:00,12136,3494,4.872610415293342,15.0,1.5764169135322543,161,2614,15630,rrc00,codered,normal,0
2001-07-12 09:00:00+00:00,11042,695,5.639648614381453,18.0,1.8536658177817,152,228,11737,rrc00,codered,normal,0
2001-07-12 09:03:00+00:00,3707,511,4.9689776099271645,18.0,1.9057529663626411,76,138,4218,rrc00,codered,normal,0
2001-07-12 09:06:00+00:00,2863,441,5.109675165909885,15.0,1.7230092105818866,70,175,3304,rrc00,codered,normal,0
2001-07-12 09:09:00+00:00,3912,536,5.315695296523518,14.0,1.6848534543928482,72,172,4448,rrc00,codered,normal,0
2001-07-12 09:12:00+00:00,3994,754,5.842263395092639,15.0,1.8553490142488291,117,163,4748,rrc00,codered,normal,0
2001-07-12 09:15:00+00:00,4182,872,5.269727403156384,17.0,2.037063760309818,153,188,5054,rrc00,codered,normal,0
2001-07-12 09:18:00+00:00,5153,1186,5.468659033572676,15.0,2.0234981149905877,159,200,6339,rrc00,codered,normal,0
2001-07-12 09:21:00+00:00,9535,349,4.510540115364447,16.0,1.6085994233212888,83,138,9884,rrc00,codered,normal,0
2001-07-12 09:24:00+00:00,4752,655,5.033670033670034,15.0,1.5325187775620024,141,234,5407,rrc00,codered,normal,0
2001-07-12 09:27:00+00:00,18250,2482,5.2853150684931505,22.0,1.660621511615887,197,2029,20732,rrc00,codered,normal,0
2001-07-12 09:30:00+00:00,20067,497,5.612547964319529,17.0,1.3958513094836749,77,202,20564,rrc00,codered,normal,0
2001-07-12 09:33:00+00:00,26460,428,5.842365835222978,17.0,1.3811372057312012,64,159,26888,rrc00,codered,normal,0
2001-07-12 09:36:00+00:00,9860,754,5.259634888438134,16.0,1.457975710696711,53,504,10614,rrc00,codered,normal,0
2001-07-12 09:39:00+00:00,13136,483,4.659713763702801,16.0,1.6472793547284503,54,286,13619,rrc00,codered,normal,0
2001-07-12 09:42:00+00:00,43716,3385,4.337771067801262,18.0,1.5262403655748584,533,594,47101,rrc00,codered,normal,0
2001-07-12 09:45:00+00:00,13537,5332,3.557287434438945,15.0,1.571469035346595,758,809,18869,rrc00,codered,normal,0
2001-07-12 09:48:00+00:00,21697,4954,4.098400700557681,15.0,1.6840457995768883,628,738,26651,rrc00,codered,normal,0
2001-07-12 09:51:00+00:00,13340,3743,4.3881559220389805,18.0,1.8242931850072044,447,1946,17083,rrc00,codered,normal,0
2001-07-12 09:54:00+00:00,10399,3697,4.344263871526108,17.0,1.8680776074587606,395,1927,14096,rrc00,codered,normal,0
2001-07-12 09:57:00+00:00,10620,4567,4.265536723163842,18.0,1.6500638132007077,325,2518,15187,rrc00,codered,normal,0
2001-07-12 10:00:00+00:00,19925,4583,3.8296110414052698,15.0,1.5486510823728334,743,893,24508,rrc00,codered,normal,0
2001-07-12 10:03:00+00:00,12011,4966,4.14087086837066,17.0,1.8198721385971868,775,1285,16977,rrc00,codered,normal,0
2001-07-12 10:06:00+00:00,5750,2794,5.461391304347826,17.0,2.0642265156107436,358,827,8544,rrc00,codered,normal,0
2001-07-12 10:09:00+00:00,3336,477,5.1450839328537175,18.0,1.8784863172975792,97,145,3813,rrc00,codered,normal,0
2001-07-12 10:12:00+00:00,3624,567,4.642935982339956,15.0,1.671402693846298,74,133,4191,rrc00,codered,normal,0
2001-07-12 10:15:00+00:00,3377,1486,5.2342315664791235,15.0,1.6946083944604897,162,172,4863,rrc00,codered,normal,0
2001-07-12 10:18:00+00:00,2475,646,5.265858585858586,14.0,1.789426300536724,98,127,3121,rrc00,codered,normal,0
2001-07-12 10:21:00+00:00,28305,2365,4.265500794912559,17.0,1.3495537156598876,319,493,30670,rrc00,codered,normal,0
2001-07-12 10:24:00+00:00,44336,15377,4.175094731143991,18.0,1.2344096292771158,2484,2695,59713,rrc00,codered,normal,0
2001-07-12 10:27:00+00:00,9401,11637,5.694287841718966,16.0,1.476957837045239,1564,1809,21038,rrc00,codered,normal,0
2001-07-12 10:30:00+00:00,5231,859,5.477537755687249,19.0,2.3218028828272406,142,222,6090,rrc00,codered,normal,0
2001-07-12 10:33:00+00:00,4703,1620,5.3565809058048055,16.0,1.7279957590161592,347,385,6323,rrc00,codered,normal,0
2001-07-12 10:36:00+00:00,445257,1788,3.969368252492381,21.0,1.3839537680557494,291,313,447045,rrc00,codered,normal,0
2001-07-12 10:39:00+00:00,929248,120,4.046489204173698,21.0,1.357896961610627,23,35,929368,rrc00,codered,normal,0
2001-07-12 10:42:00+00:00,945445,73,4.202764835606513,22.0,1.4643452610216587,20,27,945518,rrc00,codered,normal,0
2001-07-12 10:45:00+00:00,29434,680,5.820853434803289,22.0,1.6856714034797937,78,188,30114,rrc00,codered,normal,0
2001-07-12 10:48:00+00:00,3760,389,4.69095744680851,15.0,1.7003513836782267,60,119,4149,rrc00,codered,normal,0
2001-07-12 10:51:00+00:00,2977,786,5.06113537117904,16.0,1.9702927526693,103,122,3763,rrc00,codered,normal,0
2001-07-12 10:54:00+00:00,2305,307,4.754880694143167,16.0,1.7681819765044242,75,88,2612,rrc00,codered,normal,0
2001-07-12 10:57:00+00:00,2359,372,4.852903772785078,16.0,1.917762138267576,80,108,2731,rrc00,codered,normal,0
2001-07-12 11:00:00+00:00,3429,767,5.466608340624089,16.0,2.2965750206787408,91,143,4196,rrc00,codered,normal,0
2001-07-12 11:03:00+00:00,2179,467,5.223497016980266,17.0,2.0438242363971404,62,103,2646,rrc00,codered,normal,0
2001-07-12 11:06:00+00:00,3218,228,5.458359229334991,19.0,2.0569063987222873,37,75,3446,rrc00,codered,normal,0
2001-07-12 11:09:00+00:00,3385,429,4.98109305760709,14.0,1.8006063278555362,68,105,3814,rrc00,codered,normal,0
2001-07-12 11:12:00+00:00,3277,463,5.195300579798596,15.0,1.7806993949979366,73,214,3740,rrc00,codered,normal,0
2001-07-12 11:15:00+00:00,2805,385,5.70837789661319,13.0,1.9854599021308768,66,93,3190,rrc00,codered,normal,0
2001-07-12 11:18:00+00:00,3217,481,4.745104134286603,16.0,1.8301336846620933,88,109,3698,rrc00,codered,normal,0
2001-07-12 11:21:00+00:00,2688,285,5.124627976190476,15.0,1.655084341377948,48,81,2973,rrc00,codered,normal,0
2001-07-12 11:24:00+00:00,2754,213,5.155047204066812,15.0,1.6430566087503706,36,61,2967,rrc00,codered,normal,0
2001-07-12 11:27:00+00:00,3178,449,5.373190685966017,15.0,1.8997363142556905,51,66,3627,rrc00,codered,normal,0
2001-07-12 11:30:00+00:00,2452,245,5.25815660685155,16.0,2.205915492446075,52,87,2697,rrc00,codered,normal,0
2001-07-12 11:33:00+00:00,3439,329,4.988950276243094,17.0,1.6250421168404985,54,86,3768,rrc00,codered,normal,0
2001-07-12 11:36:00+00:00,3047,490,5.211027239908106,16.0,2.0937424926307635,111,146,3537,rrc00,codered,normal,0
2001-07-12 11:39:00+00:00,8887,717,4.358838753235062,15.0,1.6729522857151187,152,191,9604,rrc00,codered,normal,0
2001-07-12 11:42:00+00:00,96254,462,3.6486691462173,19.0,1.393671318044294,109,174,96716,rrc00,codered,normal,0
2001-07-12 11:45:00+00:00,9907,513,5.446956697284748,15.0,1.6367658035874253,71,245,10420,rrc00,codered,normal,0
2001-07-12 11:48:00+00:00,7382,1866,5.814007044161474,16.0,1.6094424568451187,81,1537,9248,rrc00,codered,normal,0
2001-07-12 11:51:00+00:00,4762,2376,5.30827383452331,15.0,2.0806630575655376,57,2113,7138,rrc00,codered,normal,0
2001-07-12 11:54:00+00:00,5706,842,6.044339291973361,15.0,1.8738605444886118,53,654,6548,rrc00,codered,normal,0
2001-07-12 11:57:00+00:00,2098,365,5.494756911344138,19.0,2.2269304910195546,67,85,2463,rrc00,codered,normal,0
2001-07-12 12:00:00+00:00,1855,400,5.8641509433962264,19.0,2.5030187744606205,64,89,2255,rrc00,codered,normal,0
2001-07-12 12:03:00+00:00,3508,810,4.9980045610034205,18.0,2.0103059746525607,178,252,4318,rrc00,codered,normal,0
2001-07-12 12:06:00+00:00,2568,315,5.561915887850467,18.0,2.428587157528054,66,88,2883,rrc00,codered,normal,0
2001-07-12 12:09:00+00:00,8512,547,4.189732142857143,18.0,1.9923662641462763,88,123,9059,rrc00,codered,normal,0
2001-07-12 12:12:00+00:00,7378,364,4.90607210626186,15.0,1.6139264131351772,59,90,7742,rrc00,codered,normal,0
2001-07-12 12:15:00+00:00,11903,730,4.247500630093254,15.0,1.8847955505322491,42,589,12633,rrc00,codered,normal,0
2001-07-12 12:18:00+00:00,5087,3310,6.406919598977787,19.0,2.31327127432586,84,2909,8397,rrc00,codered,normal,0
2001-07-12 12:21:00+00:00,5506,535,4.422448238285507,16.0,1.8639420454341815,25,448,6041,rrc00,codered,normal,0
2001-07-12 12:24:00+00:00,6406,1566,4.23118950983453,13.0,2.288257784108628,74,1427,7972,rrc00,codered,normal,0
2001-07-12 12:27:00+00:00,3890,622,5.924678663239074,16.0,2.016699615436585,57,426,4512,rrc00,codered,normal,0
2001-07-12 12:30:00+00:00,1560,290,4.819871794871795,15.0,1.8229983709500461,53,90,1850,rrc00,codered,normal,0
2001-07-12 12:33:00+00:00,2729,337,4.9926713081714915,15.0,1.96859303290229,75,97,3066,rrc00,codered,normal,0
2001-07-12 12:36:00+00:00,8471,633,4.357454845944988,13.0,1.712193064777715,67,232,9104,rrc00,codered,normal,0
2001-07-12 12:39:00+00:00,7807,3907,5.31330856923274,14.0,1.8682644611489567,877,2818,11714,rrc00,codered,normal,0
2001-07-12 12:42:00+00:00,2785,450,5.430520646319569,15.0,1.9609111707092062,70,187,3235,rrc00,codered,normal,0
2001-07-12 12:45:00+00:00,4531,1062,6.074597219156919,15.0,2.2701456507546,117,177,5593,rrc00,codered,normal,0
2001-07-12 12:48:00+00:00,3791,467,5.482722236876813,17.0,1.7995440603797588,40,268,4258,rrc00,codered,normal,0
2001-07-12 12:51:00+00:00,2972,173,5.273553162853298,13.0,1.8227847299677462,29,59,3145,rrc00,codered,normal,0
2001-07-12 12:54:00+00:00,3981,412,5.261492087415222,13.0,1.5129672057374424,69,135,4393,rrc00,codered,normal,0
2001-07-12 12:57:00+00:00,2394,247,5.451127819548872,16.0,1.8852616112607752,46,58,2641,rrc00,codered,normal,0
2001-07-12 13:00:00+00:00,2049,256,5.161054172767203,14.0,1.6503622393957749,43,70,2305,rrc00,codered,normal,0
2001-07-12 13:03:00+00:00,2973,500,4.8964009418096195,14.0,1.9156525482270734,99,163,3473,rrc00,codered,normal,0
2001-07-12 13:06:00+00:00,11831,716,4.908122728425323,13.0,1.6644144607239164,101,199,12547,rrc00,codered,normal,0
2001-07-12 13:09:00+00:00,6946,3708,4.096026490066225,16.0,1.742779531911832,908,1182,10654,rrc00,codered,normal,0
2001-07-12 13:12:00+00:00,2628,550,4.8432267884322675,20.0,2.0484438758095718,92,150,3178,rrc00,codered,normal,0
2001-07-12 13:15:00+00:00,1505,211,5.387375415282392,16.0,2.2743930785320865,32,51,1716,rrc00,codered,normal,0
2001-07-12 13:18:00+00:00,1620,363,5.282716049382716,16.0,2.343959408670616,65,80,1983,rrc00,codered,normal,0
2001-07-12 13:21:00+00:00,1544,313,5.498704663212435,17.0,2.36555558894362,53,91,1857,rrc00,codered,normal,0
2001-07-12 13:24:00+00:00,17044,428,3.9998239849800514,16.0,1.4270782814879701,63,122,17472,rrc00,codered,normal,0
2001-07-12 13:27:00+00:00,2684,258,4.404992548435171,15.0,1.4822312072204977,50,70,2942,rrc00,codered,normal,0
2001-07-12 13:30:00+00:00,3948,297,4.440476190476191,15.0,1.3278457144291036,59,117,4245,rrc00,codered,normal,0
2001-07-12 13:33:00+00:00,2220,348,5.263963963963964,16.0,2.10825459566506,55,112,2568,rrc00,codered,normal,0
2001-07-12 13:36:00+00:00,7038,242,4.170076726342711,15.0,1.7934481085361527,39,97,7280,rrc00,codered,normal,0
2001-07-12 13:39:00+00:00,6448,347,4.27310794044665,15.0,1.578392841955058,61,94,6795,rrc00,codered,normal,0
2001-07-12 13:42:00+00:00,4245,369,4.474440518256773,13.0,1.613873654731011,57,69,4614,rrc00,codered,normal,0
2001-07-12 13:45:00+00:00,2364,362,5.065143824027073,15.0,1.9011048363001946,67,86,2726,rrc00,codered,normal,0
2001-07-12 13:48:00+00:00,4417,303,4.998868009961512,15.0,2.032952126617104,48,95,4720,rrc00,codered,normal,0
2001-07-12 13:51:00+00:00,2998,480,5.369579719813209,17.0,2.289613528572556,78,98,3478,rrc00,codered,normal,0
2001-07-12 13:54:00+00:00,6147,497,5.411745566943225,16.0,2.2439069196837833,92,144,6644,rrc00,codered,normal,0
2001-07-12 13:57:00+00:00,7660,1066,5.072323759791122,17.0,2.110768506090214,270,316,8726,rrc00,codered,normal,0
2001-07-12 14:00:00+00:00,3350,346,5.339402985074627,14.0,1.9400799188008655,51,72,3696,rrc00,codered,normal,0
2001-07-12 14:03:00+00:00,4978,460,4.629971876255524,16.0,1.581863370456761,74,106,5438,rrc00,codered,normal,0
2001-07-12 14:06:00+00:00,2311,395,4.995672868887928,16.0,1.9166939218576493,57,94,2706,rrc00,codered,normal,0
2001-07-12 14:09:00+00:00,1850,303,6.025945945945946,17.0,3.068827982515043,48,82,2153,rrc00,codered,normal,0
2001-07-12 14:12:00+00:00,3734,498,5.162560257096947,17.0,2.060047030156055,87,185,4232,rrc00,codered,normal,0
2001-07-12 14:15:00+00:00,3170,889,5.151104100946372,21.0,1.9162777022303423,130,164,4059,rrc00,codered,normal,0
2001-07-12 14:18:00+00:00,3502,564,5.140491147915477,16.0,1.9038029177807008,130,172,4066,rrc00,codered,normal,0
2001-07-12 14:21:00+00:00,2982,444,5.730717639168343,21.0,2.79603810103847,92,123,3426,rrc00,codered,normal,0
2001-07-12 14:24:00+00:00,10005,636,6.0499750124937535,18.0,1.8719372785400472,50,460,10641,rrc00,codered,normal,0
2001-07-12 14:27:00+00:00,11190,703,5.462287756925827,19.0,1.9175494823564052,49,508,11893,rrc00,codered,normal,0
2001-07-12 14:30:00+00:00,2866,429,5.240404745289602,15.0,2.2861701634443405,92,118,3295,rrc00,codered,normal,0
2001-07-12 14:33:00+00:00,4507,617,5.049034834701575,17.0,1.997011484829667,69,97,5124,rrc00,codered,normal,0
2001-07-12 14:36:00+00:00,4991,253,4.314966940492887,17.0,1.8727753499631528,47,96,5244,rrc00,codered,normal,0
2001-07-12 14:39:00+00:00,2312,232,4.794117647058823,18.0,1.9389470263352364,37,113,2544,rrc00,codered,normal,0
2001-07-12 14:42:00+00:00,8084,437,4.523008411677387,15.0,1.3068691711901104,73,117,8521,rrc00,codered,normal,0
2001-07-12 14:45:00+00:00,3858,472,4.890098496630379,17.0,1.6693654999004797,38,309,4330,rrc00,codered,normal,0
2001-07-12 14:48:00+00:00,4178,248,4.652704643370034,13.0,1.2965205892968072,47,72,4426,rrc00,codered,normal,0
2001-07-12 14:51:00+00:00,3306,200,4.52843315184513,17.0,1.476353981251521,32,65,3506,rrc00,codered,normal,0
2001-07-12 14:54:00+00:00,2195,289,4.583599088838269,15.0,1.6786763370993263,43,89,2484,rrc00,codered,normal,0
2001-07-12 14:57:00+00:00,1523,309,5.4031516743269865,13.0,2.0846285550941386,45,64,1832,rrc00,codered,normal,0
2001-07-12 15:00:00+00:00,1239,231,5.191283292978208,13.0,1.8567908344878448,44,71,1470,rrc00,codered,normal,0
2001-07-12 15:03:00+00:00,1276,246,4.981191222570533,14.0,1.8610739031945498,36,46,1522,rrc00,codered,normal,0
2001-07-12 15:06:00+00:00,2207,377,4.905301314000906,13.0,1.6170825697651425,69,92,2584,rrc00,codered,normal,0
2001-07-12 15:09:00+00:00,3079,397,4.904839233517376,17.0,2.3725121425720253,67,105,3476,rrc00,codered,normal,0
2001-07-12 15:12:00+00:00,2894,406,5.297166551485833,16.0,2.5992687269500525,47,139,3300,rrc00,codered,normal,0
2001-07-12 15:15:00+00:00,2455,389,5.303462321792261,18.0,2.061273267375347,72,117,2844,rrc00,codered,normal,0
2001-07-12 15:18:00+00:00,2037,395,5.944526264113893,17.0,2.5360175688268725,54,83,2432,rrc00,codered,normal,0
2001-07-12 15:21:00+00:00,1582,262,4.917825537294564,13.0,1.7932513817742706,39,73,1844,rrc00,codered,normal,0
2001-07-12 15:24:00+00:00,3954,2751,5.518462316641376,19.0,1.8956831568006132,223,352,6705,rrc00,codered,normal,0
2001-07-12 15:27:00+00:00,3734,268,4.643545795393679,20.0,1.562872618979935,38,64,4002,rrc00,codered,normal,0
2001-07-12 15:30:00+00:00,3494,283,4.46937607326846,14.0,1.7478601882027678,53,86,3777,rrc00,codered,normal,0
2001-07-12 15:33:00+00:00,4243,191,4.705632806976196,14.0,1.6357812191763184,39,50,4434,rrc00,codered,normal,0
2001-07-12 15:36:00+00:00,1901,220,5.9942135718043135,19.0,3.1230200544571822,36,68,2121,rrc00,codered,normal,0
2001-07-12 15:39:00+00:00,1656,241,5.245169082125604,13.0,1.844573801083361,41,63,1897,rrc00,codered,normal,0
2001-07-12 15:42:00+00:00,1744,478,5.305619266055046,20.0,2.1770941794168754,86,97,2222,rrc00,codered,normal,0
2001-07-12 15:45:00+00:00,4617,678,4.86658003032272,15.0,1.7959483977332173,121,156,5295,rrc00,codered,normal,0
2001-07-12 15:48:00+00:00,6932,786,4.691431044431622,17.0,1.5582075663951316,136,155,7718,rrc00,codered,normal,0
2001-07-12 15:51:00+00:00,4232,490,4.7771739130434785,18.0,1.6959918138110743,93,159,4722,rrc00,codered,normal,0
2001-07-12 15:54:00+00:00,7054,1190,4.872129288347037,17.0,1.841333874222921,171,206,8244,rrc00,codered,normal,0
2001-07-12 15:57:00+00:00,3164,945,5.02307206068268,15.0,2.085204314992269,143,219,4109,rrc00,codered,normal,0
2001-07-12 16:00:00+00:00,5104,1157,4.635775862068965,14.0,1.8151178169953872,144,194,6261,rrc00,codered,normal,0
2001-07-12 16:03:00+00:00,5335,414,5.206185567010309,13.0,2.150181260260488,76,111,5749,rrc00,codered,normal,0
2001-07-12 16:06:00+00:00,2932,303,4.975443383356071,16.0,2.2334911955808683,56,89,3235,rrc00,codered,normal,0
2001-07-12 16:09:00+00:00,2955,316,4.313705583756345,15.0,1.5961242105122562,50,67,3271,rrc00,codered,normal,0
2001-07-12 16:12:00+00:00,658,137,5.376899696048632,15.0,2.412772773177099,23,40,795,rrc00,codered,normal,0
2001-07-12 16:15:00+00:00,0,0,0.0,0.0,0.0,0,0,0,rrc00,codered,normal,0
2001-07-12 16:18:00+00:00,0,0,0.0,0.0,0.0,0,0,0,rrc00,codered,normal,0
2001-07-12 16:21:00+00:00,0,0,0.0,0.0,0.0,0,0,0,rrc00,codered,normal,0
2001-07-12 16:24:00+00:00,1177,80,4.258283772302464,16.0,1.574942308074759,14,51,1257,rrc00,codered,normal,0
2001-07-12 16:27:00+00:00,2017,429,4.602875557759048,18.0,1.9529547832975696,98,124,2446,rrc00,codered,normal,0
2001-07-12 16:30:00+00:00,3582,540,4.251256281407035,16.0,1.6775082344984389,70,102,4122,rrc00,codered,normal,0
2001-07-12 16:33:00+00:00,2917,298,4.656496400411381,15.0,1.5390928449800234,59,96,3215,rrc00,codered,normal,0
2001-07-12 16:36:00+00:00,2183,202,4.755840586349061,13.0,1.6700952258646264,30,85,2385,rrc00,codered,normal,0
2001-07-12 16:39:00+00:00,1061,300,5.212064090480679,14.0,1.7526835704314045,56,74,1361,rrc00,codered,normal,0
2001-07-12 16:42:00+00:00,1523,349,4.844386080105056,13.0,1.6355616922742462,35,143,1872,rrc00,codered,normal,0
2001-07-12 16:45:00+00:00,2438,195,5.145200984413454,16.0,2.0360369880484113,31,61,2633,rrc00,codered,normal,0
2001-07-12 16:48:00+00:00,1987,258,5.406643180674384,13.0,1.9768962866169302,38,59,2245,rrc00,codered,normal,0
2001-07-12 16:51:00+00:00,1632,263,4.889093137254902,13.0,1.7595895970790976,50,59,1895,rrc00,codered,normal,0
2001-07-12 16:54:00+00:00,2288,327,4.343968531468532,12.0,1.3852205596978884,52,81,2615,rrc00,codered,normal,0
2001-07-12 16:57:00+00:00,1817,370,5.161805173362686,17.0,2.132954119078846,57,84,2187,rrc00,codered,normal,0
2001-07-12 17:00:00+00:00,2104,278,4.907794676806084,13.0,1.5471229534615396,50,80,2382,rrc00,codered,normal,0
2001-07-12 17:03:00+00:00,3105,449,5.052173913043478,13.0,1.635313580814531,89,127,3554,rrc00,codered,normal,0
2001-07-12 17:06:00+00:00,4434,658,4.654939106901218,13.0,1.470814921873789,122,247,5092,rrc00,codered,normal,0
2001-07-12 17:09:00+00:00,2980,530,5.03758389261745,13.0,1.979915139869089,84,128,3510,rrc00,codered,normal,0
2001-07-12 17:12:00+00:00,1598,263,4.322277847309136,14.0,1.6523633676558056,36,93,1861,rrc00,codered,normal,0
2001-07-12 17:15:00+00:00,1642,304,4.725334957369062,15.0,1.6086561798903898,50,68,1946,rrc00,codered,normal,0
2001-07-12 17:18:00+00:00,15997,1041,4.191598424704632,14.0,1.340082513590814,232,435,17038,rrc00,codered,normal,0
2001-07-12 17:21:00+00:00,3838,620,4.475768629494528,13.0,1.462511071878828,168,251,4458,rrc00,codered,normal,0
2001-07-12 17:24:00+00:00,13070,1113,6.043075745983168,16.0,1.5730308455126725,458,531,14183,rrc00,codered,normal,0
2001-07-12 17:27:00+00:00,17461,1308,5.928927323750072,16.0,1.5709696494059908,323,526,18769,rrc00,codered,normal,0
2001-07-12 17:30:00+00:00,14840,4049,5.674056603773585,17.0,1.9358723802995885,698,1631,18889,rrc00,codered,normal,0
2001-07-12 17:33:00+00:00,16502,3002,6.005272088231729,15.0,1.9553949332107605,464,590,19504,rrc00,codered,normal,0
2001-07-12 17:36:00+00:00,2020,332,5.55990099009901,17.0,2.4218224031859306,36,132,2352,rrc00,codered,normal,0
2001-07-12 17:39:00+00:00,10907,3889,6.557348491794261,21.0,1.9374295627375993,704,775,14796,rrc00,codered,normal,0
2001-07-12 17:42:00+00:00,4939,1449,5.5768374164810695,16.0,2.3474984941605688,218,263,6388,rrc00,codered,normal,0
2001-07-12 17:45:00+00:00,10400,2975,6.232884615384616,21.0,1.7116106186172466,583,815,13375,rrc00,codered,normal,0
2001-07-12 17:48:00+00:00,12262,1914,5.759990213668243,21.0,1.5963752367458355,602,733,14176,rrc00,codered,normal,0
2001-07-12 17:51:00+00:00,7838,1355,5.543378412860424,16.0,1.764480112184868,260,402,9193,rrc00,codered,normal,0
2001-07-12 17:54:00+00:00,9325,1728,5.9764075067024125,17.0,1.5887948676671317,491,719,11053,rrc00,codered,normal,0
2001-07-12 17:57:00+00:00,10497,2458,6.051729065447271,15.0,1.4989409464318402,656,672,12955,rrc00,codered,normal,0
2001-07-12 18:00:00+00:00,8711,1403,6.142922741361497,17.0,1.6793553295611992,450,662,10114,rrc00,codered,normal,0
2001-07-12 18:03:00+00:00,11934,2690,6.384364002011061,17.0,1.8775557370509144,606,759,14624,rrc00,codered,normal,0
2001-07-12 18:06:00+00:00,9923,1855,5.796835634384762,17.0,2.029819536930874,414,634,11778,rrc00,codered,normal,0
2001-07-12 18:09:00+00:00,1897,366,5.016341591987349,18.0,1.8354118454472883,71,81,2263,rrc00,codered,normal,0
2001-07-12 18:12:00+00:00,4824,4875,7.242951907131012,15.0,2.7403252235857716,701,733,9699,rrc00,codered,normal,0
2001-07-12 18:15:00+00:00,1553,594,4.466194462330972,15.0,1.4875476279577107,57,441,2147,rrc00,codered,normal,0
2001-07-12 18:18:00+00:00,1792,146,4.579799107142857,13.0,1.613383743099949,25,42,1938,rrc00,codered,normal,0
2001-07-12 18:21:00+00:00,1241,200,4.714746172441579,15.0,1.6319286417907846,31,63,1441,rrc00,codered,normal,0
2001-07-12 18:24:00+00:00,1445,226,4.7730103806228374,15.0,1.7269585250656967,33,54,1671,rrc00,codered,normal,0
2001-07-12 18:27:00+00:00,4626,202,5.927150886294855,17.0,1.615187447456073,28,63,4828,rrc00,codered,normal,0
2001-07-12 18:30:00+00:00,10366,3449,6.436330310630908,14.0,1.7431954200625777,601,755,13815,rrc00,codered,normal,0
2001-07-12 18:33:00+00:00,9742,2381,5.990659002258263,15.0,1.8161819095333678,601,785,12123,rrc00,codered,normal,0
2001-07-12 18:36:00+00:00,10624,3893,6.067018072289157,18.0,1.990713642617217,652,852,14517,rrc00,codered,normal,0
2001-07-12 18:39:00+00:00,6942,630,6.146931719965428,18.0,1.9669602266500388,89,268,7572,rrc00,codered,normal,0
2001-07-12 18:42:00+00:00,3247,276,4.580535879273175,16.0,1.9075240344404552,25,178,3523,rrc00,codered,normal,0
2001-07-12 18:45:00+00:00,10901,2427,6.131364095037153,21.0,2.6807964711692804,670,714,13328,rrc00,codered,normal,0
2001-07-12 18:48:00+00:00,2366,653,6.701183431952662,19.0,3.6749671039171803,117,170,3019,rrc00,codered,normal,0
2001-07-12 18:51:00+00:00,1480,109,4.985810810810811,16.0,2.008546271901549,23,49,1589,rrc00,codered,normal,0
2001-07-12 18:54:00+00:00,1862,1776,4.571428571428571,16.0,1.6321159159356555,394,429,3638,rrc00,codered,normal,0
2001-07-12 18:57:00+00:00,1921,406,4.562207183758459,17.0,1.6677134691768083,51,193,2327,rrc00,codered,normal,0
2001-07-12 19:00:00+00:00,1449,641,4.874396135265701,18.0,1.8718686936384852,161,218,2090,rrc00,codered,normal,0
2001-07-12 19:03:00+00:00,1782,287,4.762626262626263,16.0,1.9589775656562833,45,73,2069,rrc00,codered,normal,0
2001-07-12 19:06:00+00:00,2801,362,4.7857907890039275,16.0,1.8079394178835217,51,69,3163,rrc00,codered,normal,0
2001-07-12 19:09:00+00:00,2120,356,5.096698113207547,17.0,2.080137069911279,63,81,2476,rrc00,codered,normal,0
2001-07-12 19:12:00+00:00,1843,317,4.89148128052089,17.0,2.128061773193763,43,85,2160,rrc00,codered,normal,0
2001-07-12 19:15:00+00:00,4771,409,5.055753510794383,21.0,1.9484645920923858,55,104,5180,rrc00,codered,normal,0
2001-07-12 19:18:00+00:00,1825,229,5.131506849315069,17.0,2.0800998864536093,23,140,2054,rrc00,codered,normal,0
2001-07-12 19:21:00+00:00,1827,334,5.183908045977011,18.0,2.2386619880509517,33,126,2161,rrc00,codered,normal,0
2001-07-12 19:24:00+00:00,2286,254,4.804899387576553,17.0,1.934286253398683,36,62,2540,rrc00,codered,normal,0
2001-07-12 19:27:00+00:00,3310,865,5.875226586102719,19.0,2.9474485140915814,98,110,4175,rrc00,codered,normal,0
2001-07-12 19:30:00+00:00,2338,275,5.365269461077844,15.0,2.3365343121943205,35,133,2613,rrc00,codered,normal,0
2001-07-12 19:33:00+00:00,1536,382,5.005208333333333,16.0,2.1083845411271374,48,177,1918,rrc00,codered,normal,0
2001-07-12 19:36:00+00:00,3378,984,4.95352279455299,22.0,1.7291173974515361,125,226,4362,rrc00,codered,normal,0
2001-07-12 19:39:00+00:00,2488,180,5.402331189710611,20.0,2.4642350481698148,39,69,2668,rrc00,codered,normal,0
2001-07-12 19:42:00+00:00,2720,309,5.122058823529412,18.0,2.246523169139586,42,88,3029,rrc00,codered,normal,0
2001-07-12 19:45:00+00:00,5920,1738,6.638344594594595,17.0,2.2569972194980954,196,236,7658,rrc00,codered,normal,0
2001-07-12 19:48:00+00:00,1630,500,4.990184049079755,15.0,1.885339458586012,119,145,2130,rrc00,codered,normal,0
2001-07-12 19:51:00+00:00,4320,294,5.431712962962963,21.0,2.3075888954062704,46,74,4614,rrc00,codered,normal,0
2001-07-12 19:54:00+00:00,2213,243,5.130140081337551,20.0,2.6691760006840237,45,72,2456,rrc00,codered,normal,0
2001-07-12 19:57:00+00:00,2929,587,4.852167975418231,14.0,1.5411714819654305,136,148,3516,rrc00,codered,normal,0
2001-07-12 20:00:00+00:00,3113,1309,5.988114359139094,13.0,2.029540926832264,149,158,4422,rrc00,codered,normal,0
2001-07-12 20:03:00+00:00,4115,350,5.8626974483596594,14.0,2.0432399912403683,52,142,4465,rrc00,codered,normal,0
2001-07-12 20:06:00+00:00,6714,486,5.154453380994936,14.0,1.8009708368831467,69,91,7200,rrc00,codered,normal,0
2001-07-12 20:09:00+00:00,3588,679,5.866499442586399,22.0,2.4004745230096525,85,133,4267,rrc00,codered,normal,0
2001-07-12 20:12:00+00:00,3399,439,5.167990585466313,22.0,1.8120804594597801,52,84,3838,rrc00,codered,normal,0
2001-07-12 20:15:00+00:00,1824,196,5.258771929824562,15.0,2.2807186234193964,39,59,2020,rrc00,codered,normal,0
2001-07-12 20:18:00+00:00,1398,249,5.281115879828326,15.0,2.146714803754929,37,52,1647,rrc00,codered,normal,0
2001-07-12 20:21:00+00:00,1139,144,4.25460930640913,13.0,1.6866368604884523,29,46,1283,rrc00,codered,normal,0
2001-07-12 20:24:00+00:00,151131,1417,4.53562141453441,21.0,1.3549284291050683,45,1234,152548,rrc00,codered,normal,0
2001-07-12 20:27:00+00:00,2800,353,5.251071428571429,17.0,1.7481108972784516,66,158,3153,rrc00,codered,normal,0
2001-07-12 20:30:00+00:00,3265,373,4.450229709035222,14.0,1.3314619453862386,56,119,3638,rrc00,codered,normal,0
2001-07-12 20:33:00+00:00,113087,624,4.499279315924907,16.0,1.2532331625293587,149,218,113711,rrc00,codered,normal,0
2001-07-12 20:36:00+00:00,7392,680,4.558441558441558,15.0,1.7654218913270538,143,194,8072,rrc00,codered,normal,0
2001-07-12 20:39:00+00:00,2877,289,4.413277719847063,14.0,1.6218456501348268,73,115,3166,rrc00,codered,normal,0
2001-07-12 20:42:00+00:00,1998,241,5.874374374374375,14.0,2.3073920434174187,36,55,2239,rrc00,codered,normal,0
2001-07-12 20:45:00+00:00,2215,357,5.130474040632055,16.0,1.909143143015342,53,79,2572,rrc00,codered,normal,0
2001-07-12 20:48:00+00:00,1825,179,5.879452054794521,17.0,3.162405833959355,18,85,2004,rrc00,codered,normal,0
2001-07-12 20:51:00+00:00,1228,257,5.254071661237785,17.0,2.281266585177998,24,102,1485,rrc00,codered,normal,0
2001-07-12 20:54:00+00:00,2709,391,4.440014765596161,13.0,1.622277359594894,108,142,3100,rrc00,codered,normal,0
2001-07-12 20:57:00+00:00,3987,649,5.516679207424128,17.0,2.4723015799572097,73,147,4636,rrc00,codered,normal,0
2001-07-12 21:00:00+00:00,3077,327,5.672408189795255,17.0,2.5356597137081174,60,107,3404,rrc00,codered,normal,0
2001-07-12 21:03:00+00:00,2956,302,4.988497970230041,18.0,2.2503652485820274,41,87,3258,rrc00,codered,normal,0
2001-07-12 21:06:00+00:00,4826,1537,5.41898052217157,15.0,1.7385479519950122,160,174,6363,rrc00,codered,normal,0
2001-07-12 21:09:00+00:00,3362,1738,5.7031528851873885,13.0,1.489378074634499,157,205,5100,rrc00,codered,normal,0
2001-07-12 21:12:00+00:00,3363,283,5.017841213202498,13.0,1.5232297337071887,43,70,3646,rrc00,codered,normal,0
2001-07-12 21:15:00+00:00,2012,408,4.690854870775348,13.0,1.4281520072722924,71,178,2420,rrc00,codered,normal,0
2001-07-12 21:18:00+00:00,4536,1345,5.465388007054674,13.0,1.7033377026204577,143,166,5881,rrc00,codered,normal,0
2001-07-12 21:21:00+00:00,3319,449,5.203374510394697,15.0,1.9567269654808936,91,104,3768,rrc00,codered,normal,0
2001-07-12 21:24:00+00:00,2619,348,4.677739595265368,16.0,1.7052814460924506,60,78,2967,rrc00,codered,normal,0
2001-07-12 21:27:00+00:00,1928,278,4.724066390041494,16.0,1.71749650737746,28,132,2206,rrc00,codered,normal,0
2001-07-12 21:30:00+00:00,2269,318,4.9801674746584395,15.0,1.7207042354298405,47,91,2587,rrc00,codered,normal,0
2001-07-12 21:33:00+00:00,2380,138,4.783613445378151,16.0,1.723973440051817,18,57,2518,rrc00,codered,normal,0
2001-07-12 21:36:00+00:00,2359,282,4.452734209410767,13.0,1.780026704167528,43,63,2641,rrc00,codered,normal,0
2001-07-12 21:39:00+00:00,1430,308,5.380419580419581,17.0,2.079377890467449,63,79,1738,rrc00,codered,normal,0
2001-07-12 21:42:00+00:00,2106,279,4.979107312440646,17.0,2.4158271183172544,53,83,2385,rrc00,codered,normal,0
2001-07-12 21:45:00+00:00,1250,269,5.008,17.0,2.295024182879126,40,77,1519,rrc00,codered,normal,0
2001-07-12 21:48:00+00:00,1256,209,4.525477707006369,16.0,1.6767387385259884,31,54,1465,rrc00,codered,normal,0
2001-07-12 21:51:00+00:00,2348,530,4.506814310051107,13.0,1.3299221472774534,51,70,2878,rrc00,codered,normal,0
2001-07-12 21:54:00+00:00,1360,505,4.733823529411764,14.0,1.780128076532172,62,70,1865,rrc00,codered,normal,0
2001-07-12 21:57:00+00:00,1744,181,4.427178899082569,13.0,1.9250211067863903,34,78,1925,rrc00,codered,normal,0
2001-07-12 22:00:00+00:00,731,239,4.712722298221614,16.0,1.9352273512416822,29,42,970,rrc00,codered,normal,0
2001-07-12 22:03:00+00:00,1276,141,4.633228840125392,17.0,1.7546068107940482,26,41,1417,rrc00,codered,normal,0
2001-07-12 22:06:00+00:00,1646,266,5.121506682867557,17.0,1.8506999535308477,43,67,1912,rrc00,codered,normal,0
2001-07-12 22:09:00+00:00,3684,319,5.17399565689468,15.0,1.5087033772566896,43,70,4003,rrc00,codered,normal,0
2001-07-12 22:12:00+00:00,3411,515,5.5801817648783345,17.0,1.9928647483951354,92,116,3926,rrc00,codered,normal,0
2001-07-12 22:15:00+00:00,1324,350,5.256797583081571,17.0,2.1856246940950927,46,69,1674,rrc00,codered,normal,0
2001-07-12 22:18:00+00:00,1628,305,4.855651105651106,15.0,2.0615644344974453,56,69,1933,rrc00,codered,normal,0
2001-07-12 22:21:00+00:00,2277,209,5.202898550724638,17.0,2.1075872379461438,31,50,2486,rrc00,codered,normal,0
2001-07-12 22:24:00+00:00,1479,275,4.713995943204869,17.0,2.210066753154305,34,85,1754,rrc00,codered,normal,0
2001-07-12 22:27:00+00:00,1971,241,5.148148148148148,13.0,1.9922147740916265,31,57,2212,rrc00,codered,normal,0
2001-07-12 22:30:00+00:00,2208,173,4.650815217391305,18.0,2.265224111969849,24,59,2381,rrc00,codered,normal,0
2001-07-12 22:33:00+00:00,3715,240,4.61049798115747,16.0,1.5191368395276055,26,132,3955,rrc00,codered,normal,0
2001-07-12 22:36:00+00:00,2855,203,4.853590192644483,24.0,2.543960307417979,32,58,3058,rrc00,codered,normal,0
2001-07-12 22:39:00+00:00,5067,336,5.320307874481942,16.0,1.7918714517863221,44,127,5403,rrc00,codered,normal,0
2001-07-12 22:42:00+00:00,3039,286,4.868706811451135,16.0,1.686972129205174,55,69,3325,rrc00,codered,normal,0
2001-07-12 22:45:00+00:00,1428,255,5.25,13.0,1.7873172077503334,55,68,1683,rrc00,codered,normal,0
2001-07-12 22:48:00+00:00,12677,219,3.6250690226394258,14.0,1.2059041033697642,32,63,12896,rrc00,codered,normal,0
2001-07-12 22:51:00+00:00,5877,307,5.1150246724519315,19.0,2.1144810242571563,48,56,6184,rrc00,codered,normal,0
2001-07-12 22:54:00+00:00,12435,248,3.6191395255327703,13.0,1.2344161601206314,39,61,12683,rrc00,codered,normal,0
2001-07-12 22:57:00+00:00,1754,250,4.833523375142532,13.0,1.6936713688180316,37,52,2004,rrc00,codered,normal,0
2001-07-12 23:00:00+00:00,1460,225,4.977397260273973,15.0,1.7045977530545209,34,50,1685,rrc00,codered,normal,0
2001-07-12 23:03:00+00:00,1427,224,5.259285213735109,15.0,2.2977494962821856,41,66,1651,rrc00,codered,normal,0
2001-07-12 23:06:00+00:00,1053,262,4.586894586894587,16.0,1.6871389790876812,34,53,1315,rrc00,codered,normal,0
2001-07-12 23:09:00+00:00,1263,252,4.922406967537609,16.0,2.3693737179632612,41,49,1515,rrc00,codered,normal,0
2001-07-12 23:12:00+00:00,2255,296,4.824833702882484,19.0,1.6719691528783522,43,62,2551,rrc00,codered,normal,0
2001-07-12 23:15:00+00:00,1934,244,4.673733195449845,16.0,1.5163919319819545,62,72,2178,rrc00,codered,normal,0
2001-07-12 23:18:00+00:00,2067,389,4.611998064828254,16.0,1.6624750068860243,47,58,2456,rrc00,codered,normal,0
2001-07-12 23:21:00+00:00,1097,257,5.636280765724703,13.0,2.252493002653882,38,58,1354,rrc00,codered,normal,0
2001-07-12 23:24:00+00:00,1248,193,5.407051282051282,17.0,2.7981246508103808,26,54,1441,rrc00,codered,normal,0
2001-07-12 23:27:00+00:00,1500,153,4.947333333333333,15.0,1.627029877482962,28,40,1653,rrc00,codered,normal,0
2001-07-12 23:30:00+00:00,970,239,5.334020618556701,13.0,1.7719979170787916,35,60,1209,rrc00,codered,normal,0
2001-07-12 23:33:00+00:00,1519,315,5.132323897300856,13.0,1.7994225715331775,69,101,1834,rrc00,codered,normal,0
2001-07-12 23:36:00+00:00,860,150,4.993023255813953,15.0,2.079232343677361,29,38,1010,rrc00,codered,normal,0
2001-07-12 23:39:00+00:00,1089,319,5.0918273645546375,16.0,1.8583485622532645,18,192,1408,rrc00,codered,normal,0
2001-07-12 23:42:00+00:00,4313,228,5.0,16.0,1.5834467155680854,35,88,4541,rrc00,codered,normal,0
2001-07-12 23:45:00+00:00,1165,267,4.9742489270386265,14.0,1.7683986761897026,40,44,1432,rrc00,codered,normal,0
2001-07-12 23:48:00+00:00,1334,126,5.744377811094453,13.0,2.305041868639118,22,29,1460,rrc00,codered,normal,0
2001-07-12 23:51:00+00:00,2099,465,5.148165793234874,13.0,1.7701296424482085,95,118,2564,rrc00,codered,normal,0
2001-07-12 23:54:00+00:00,1635,403,4.933333333333334,13.0,1.9034385966811151,85,102,2038,rrc00,codered,normal,0
2001-07-12 23:57:00+00:00,1046,155,5.775334608030593,14.0,2.405817446113102,22,31,1201,rrc00,codered,normal,0
2001-07-13 00:00:00+00:00,1424,335,4.957162921348314,15.0,1.872402121285306,44,94,1759,rrc00,codered,normal,0
2001-07-13 00:03:00+00:00,1824,286,5.115679824561403,14.0,1.756971008741426,60,88,2110,rrc00,codered,normal,0
2001-07-13 00:06:00+00:00,2147,193,4.734979040521658,13.0,1.4618583527582376,34,57,2340,rrc00,codered,normal,0
2001-07-13 00:09:00+00:00,1553,302,4.75724404378622,13.0,1.5752187890651752,45,71,1855,rrc00,codered,normal,0
2001-07-13 00:12:00+00:00,1331,196,4.624342599549212,14.0,1.872769657663381,36,51,1527,rrc00,codered,normal,0
2001-07-13 00:15:00+00:00,1229,167,4.7656631407648495,13.0,1.6382607480845737,36,59,1396,rrc00,codered,normal,0
2001-07-13 00:18:00+00:00,2217,495,5.6955345060893094,16.0,2.1326642985239364,87,129,2712,rrc00,codered,normal,0
2001-07-13 00:21:00+00:00,1390,237,6.012230215827338,22.0,3.202381317906107,46,74,1627,rrc00,codered,normal,0
2001-07-13 00:24:00+00:00,1248,319,5.037660256410256,22.0,2.278528182719294,36,53,1567,rrc00,codered,normal,0
2001-07-13 00:27:00+00:00,1397,130,4.984967788117395,19.0,2.683852977125949,21,34,1527,rrc00,codered,normal,0
2001-07-13 00:30:00+00:00,1081,205,4.830712303422756,13.0,1.823380974734933,27,75,1286,rrc00,codered,normal,0
2001-07-13 00:33:00+00:00,1576,147,4.522208121827411,13.0,1.306276996353787,27,41,1723,rrc00,codered,normal,0
2001-07-13 00:36:00+00:00,635,100,4.636220472440945,13.0,1.7274836868693657,16,26,735,rrc00,codered,normal,0
2001-07-13 00:39:00+00:00,640,183,5.1109375,13.0,1.7797135643394277,27,31,823,rrc00,codered,normal,0
2001-07-13 00:42:00+00:00,888,156,4.576576576576577,16.0,2.5908694479630348,28,35,1044,rrc00,codered,normal,0
2001-07-13 00:45:00+00:00,1039,155,4.620789220404235,14.0,1.8091285351325022,25,34,1194,rrc00,codered,normal,0
2001-07-13 00:48:00+00:00,1266,243,5.076619273301738,18.0,2.2686070933827893,36,52,1509,rrc00,codered,normal,0
2001-07-13 00:51:00+00:00,2492,461,4.977528089887641,17.0,2.6309021068981155,85,222,2953,rrc00,codered,normal,0
2001-07-13 00:54:00+00:00,4255,594,4.164042303172738,18.0,1.9951467832748764,107,190,4849,rrc00,codered,normal,0
2001-07-13 00:57:00+00:00,4148,1043,4.794840887174542,17.0,2.0629211293847582,139,155,5191,rrc00,codered,normal,0
2001-07-13 01:00:00+00:00,2518,358,5.573073868149325,16.0,2.5936053831190535,50,73,2876,rrc00,codered,normal,0
2001-07-13 01:03:00+00:00,1877,383,5.055940330314331,16.0,2.1171253247156803,53,174,2260,rrc00,codered,normal,0
2001-07-13 01:06:00+00:00,1028,178,5.278210116731517,17.0,2.5503551111962905,34,43,1206,rrc00,codered,normal,0
2001-07-13 01:09:00+00:00,2647,595,6.702682281828485,16.0,2.505680057084223,77,103,3242,rrc00,codered,normal,0
2001-07-13 01:12:00+00:00,1869,316,5.255751738897806,13.0,1.9689606741459447,67,93,2185,rrc00,codered,normal,0
2001-07-13 01:15:00+00:00,892,210,5.061659192825112,19.0,2.9634561888784585,32,91,1102,rrc00,codered,normal,0
2001-07-13 01:18:00+00:00,2556,457,5.378325508607198,15.0,2.094702240837279,74,102,3013,rrc00,codered,normal,0
2001-07-13 01:21:00+00:00,1366,448,5.584919472913616,17.0,2.3577617592286817,66,81,1814,rrc00,codered,normal,0
2001-07-13 01:24:00+00:00,1216,126,4.483552631578948,17.0,1.5800126614643983,24,33,1342,rrc00,codered,normal,0
2001-07-13 01:27:00+00:00,2178,423,5.7667584940312215,16.0,2.3326950440399314,51,89,2601,rrc00,codered,normal,0
2001-07-13 01:30:00+00:00,2616,642,6.216360856269113,17.0,2.1771277471891533,107,123,3258,rrc00,codered,normal,0
2001-07-13 01:33:00+00:00,2082,761,5.2411143131604225,14.0,2.2329469694752486,97,123,2843,rrc00,codered,normal,0
2001-07-13 01:36:00+00:00,1796,235,5.3424276169265035,16.0,1.9846862239014533,48,78,2031,rrc00,codered,normal,0
2001-07-13 01:39:00+00:00,2713,652,4.740140066347217,14.0,1.6506316572632869,161,172,3365,rrc00,codered,normal,0
2001-07-13 01:42:00+00:00,2193,553,5.388964888280894,15.0,2.319175300994417,82,115,2746,rrc00,codered,normal,0
2001-07-13 01:45:00+00:00,2808,300,4.85434472934473,16.0,1.7340468405623426,75,91,3108,rrc00,codered,normal,0
2001-07-13 01:48:00+00:00,1570,274,5.6668789808917195,15.0,2.3638435864663174,53,88,1844,rrc00,codered,normal,0
2001-07-13 01:51:00+00:00,2956,521,5.023680649526387,17.0,2.279396920879246,80,100,3477,rrc00,codered,normal,0
2001-07-13 01:54:00+00:00,1493,411,5.692565304755526,15.0,2.3572276271766177,60,83,1904,rrc00,codered,normal,0
2001-07-13 01:57:00+00:00,1549,276,5.256939961265332,15.0,2.0616292039175486,47,83,1825,rrc00,codered,normal,0
2001-07-13 02:00:00+00:00,1708,304,4.612412177985949,16.0,1.8962271276328335,54,70,2012,rrc00,codered,normal,0
2001-07-13 02:03:00+00:00,2256,377,5.074468085106383,15.0,1.7779542094686398,79,106,2633,rrc00,codered,normal,0
2001-07-13 02:06:00+00:00,1464,220,5.0997267759562845,15.0,1.8233908038896318,35,46,1684,rrc00,codered,normal,0
2001-07-13 02:09:00+00:00,1295,320,4.954440154440155,15.0,2.0987791945372365,48,72,1615,rrc00,codered,normal,0
2001-07-13 02:12:00+00:00,1650,238,5.3090909090909095,16.0,2.2041783511904725,45,90,1888,rrc00,codered,normal,0
2001-07-13 02:15:00+00:00,1265,203,5.005533596837945,16.0,2.015152337795688,45,56,1468,rrc00,codered,normal,0
2001-07-13 02:18:00+00:00,1039,273,4.900866217516843,11.0,1.8959429915336479,40,52,1312,rrc00,codered,normal,0
2001-07-13 02:21:00+00:00,1140,241,5.11578947368421,13.0,2.0529644354499985,32,53,1381,rrc00,codered,normal,0
2001-07-13 02:24:00+00:00,1445,279,5.135640138408305,16.0,2.1351263153758286,42,66,1724,rrc00,codered,normal,0
2001-07-13 02:27:00+00:00,1753,605,4.704506560182544,17.0,1.7575417149343817,98,112,2358,rrc00,codered,normal,0
2001-07-13 02:30:00+00:00,1946,592,5.348406988694759,12.0,1.6232793976734492,85,116,2538,rrc00,codered,normal,0
2001-07-13 02:33:00+00:00,1341,383,4.969425801640567,13.0,1.9645908086391572,56,70,1724,rrc00,codered,normal,0
2001-07-13 02:36:00+00:00,3902,212,4.44259354177345,18.0,1.381268939593115,28,89,4114,rrc00,codered,normal,0
2001-07-13 02:39:00+00:00,3803,322,4.528530107809624,17.0,1.6485640636057872,44,124,4125,rrc00,codered,normal,0
2001-07-13 02:42:00+00:00,1531,215,4.898758981058132,14.0,1.6986004232370362,46,57,1746,rrc00,codered,normal,0
2001-07-13 02:45:00+00:00,1035,219,6.05024154589372,22.0,3.103587987436777,40,62,1254,rrc00,codered,normal,0
2001-07-13 02:48:00+00:00,922,162,5.160520607375271,21.0,2.416107137235267,29,44,1084,rrc00,codered,normal,0
2001-07-13 02:51:00+00:00,1246,360,5.466292134831461,14.0,2.016004238491852,53,65,1606,rrc00,codered,normal,0
2001-07-13 02:54:00+00:00,1818,321,4.896039603960396,15.0,2.160673544950386,37,86,2139,rrc00,codered,normal,0
2001-07-13 02:57:00+00:00,1306,206,4.692189892802451,13.0,1.5111277739619988,43,62,1512,rrc00,codered,normal,0
2001-07-13 03:00:00+00:00,1240,181,5.194354838709677,13.0,1.9609412823435501,36,55,1421,rrc00,codered,normal,0
2001-07-13 03:03:00+00:00,1835,250,5.435422343324251,14.0,1.7795534981249614,39,62,2085,rrc00,codered,normal,0
2001-07-13 03:06:00+00:00,1006,148,4.833996023856859,13.0,1.674055722077486,24,30,1154,rrc00,codered,normal,0
2001-07-13 03:09:00+00:00,1837,184,8.16276537833424,17.0,3.8822021171114405,27,48,2021,rrc00,codered,normal,0
2001-07-13 03:12:00+00:00,1007,147,4.845084409136048,18.0,1.9674191220511545,24,36,1154,rrc00,codered,normal,0
2001-07-13 03:15:00+00:00,1297,326,4.749421742482652,15.0,1.921666037460012,47,110,1623,rrc00,codered,normal,0
2001-07-13 03:18:00+00:00,2336,705,4.997431506849315,13.0,1.826130794005604,76,147,3041,rrc00,codered,normal,0
2001-07-13 03:21:00+00:00,2430,284,4.904526748971193,16.0,1.579947673999577,42,58,2714,rrc00,codered,normal,0
2001-07-13 03:24:00+00:00,1630,196,4.661963190184049,13.0,1.5132830514272808,36,63,1826,rrc00,codered,normal,0
2001-07-13 03:27:00+00:00,1817,289,5.104017611447441,15.0,1.6762349822459996,44,55,2106,rrc00,codered,normal,0
2001-07-13 03:30:00+00:00,2381,385,4.970180596388072,15.0,1.693042662638819,71,85,2766,rrc00,codered,normal,0
2001-07-13 03:33:00+00:00,1537,204,4.765777488614184,13.0,1.6474739434085806,34,48,1741,rrc00,codered,normal,0
2001-07-13 03:36:00+00:00,1402,379,4.678316690442226,13.0,1.6928819739119128,54,77,1781,rrc00,codered,normal,0
2001-07-13 03:39:00+00:00,807,157,4.599752168525403,14.0,1.7774994446216756,22,38,964,rrc00,codered,normal,0
2001-07-13 03:42:00+00:00,1542,527,4.722438391699092,13.0,1.5563775394057844,62,87,2069,rrc00,codered,normal,0
2001-07-13 03:45:00+00:00,1436,430,4.894150417827298,20.0,2.259290762993497,82,107,1866,rrc00,codered,normal,0
2001-07-13 03:48:00+00:00,1651,251,4.777104784978801,22.0,2.6277158729949672,43,70,1902,rrc00,codered,normal,0
2001-07-13 03:51:00+00:00,3077,188,4.5297367565810855,17.0,1.6536788040189359,23,55,3265,rrc00,codered,normal,0
2001-07-13 03:54:00+00:00,2382,372,4.730478589420655,14.0,2.132173992393795,99,137,2754,rrc00,codered,normal,0
2001-07-13 03:57:00+00:00,1609,270,5.214418893722809,19.0,2.691402129104907,40,78,1879,rrc00,codered,normal,0
2001-07-13 04:00:00+00:00,1434,184,5.2887029288702925,23.0,2.9555607929343313,39,56,1618,rrc00,codered,normal,0
2001-07-13 04:03:00+00:00,6119,81832,6.03350220624285,17.0,2.296039636854917,48,81630,87951,rrc00,codered,normal,0
2001-07-13 04:06:00+00:00,29783,223,4.196588657959238,18.0,1.3850906434757064,36,93,30006,rrc00,codered,normal,0
2001-07-13 04:09:00+00:00,57197,265,4.409811703411018,21.0,1.3451378504471285,28,140,57462,rrc00,codered,normal,0
2001-07-13 04:12:00+00:00,6551,140,4.976186841703557,19.0,1.8522878025268301,23,39,6691,rrc00,codered,normal,0
2001-07-13 04:15:00+00:00,19038,81881,4.790366635150751,20.0,2.026512387116445,49,81713,100919,rrc00,codered,normal,0
2001-07-13 04:18:00+00:00,18188,341,4.272817242137673,22.0,1.3150237597481076,51,64,18529,rrc00,codered,normal,0
2001-07-13 04:21:00+00:00,58512,347,4.320481268799562,21.0,1.277408929060913,26,184,58859,rrc00,codered,normal,0
2001-07-13 04:24:00+00:00,2398,655,6.1422018348623855,15.0,2.6293484713485813,81,126,3053,rrc00,codered,normal,0
2001-07-13 04:27:00+00:00,2109,777,7.2513039355144615,16.0,3.977700341494103,78,123,2886,rrc00,codered,normal,0
2001-07-13 04:30:00+00:00,1665,278,4.701501501501501,20.0,1.9952866753086915,41,93,1943,rrc00,codered,normal,0
2001-07-13 04:33:00+00:00,6237,184,5.570466570466571,22.0,1.0650089287526665,32,44,6421,rrc00,codered,normal,0
2001-07-13 04:36:00+00:00,1101,168,4.9682107175295185,15.0,2.090566888147309,37,51,1269,rrc00,codered,normal,0
2001-07-13 04:39:00+00:00,1522,194,5.1215505913272015,16.0,1.9223618611574917,30,40,1716,rrc00,codered,normal,0
2001-07-13 04:42:00+00:00,1004,195,5.026892430278885,14.0,2.0248146598529577,28,44,1199,rrc00,codered,normal,0
2001-07-13 04:45:00+00:00,1421,156,4.864883884588318,22.0,2.233085252230743,23,45,1577,rrc00,codered,normal,0
2001-07-13 04:48:00+00:00,1782,172,4.853535353535354,13.0,1.728933279413879,23,54,1954,rrc00,codered,normal,0
2001-07-13 04:51:00+00:00,2237,242,4.734018775145284,13.0,1.423781219100065,55,66,2479,rrc00,codered,normal,0
2001-07-13 04:54:00+00:00,2280,436,4.930701754385965,15.0,1.688850288514191,82,102,2716,rrc00,codered,normal,0
2001-07-13 04:57:00+00:00,4244,562,4.427191328934967,14.0,1.6821190604740246,71,181,4806,rrc00,codered,normal,0
2001-07-13 05:00:00+00:00,3793,506,4.361982599525442,13.0,1.8201495384813422,90,105,4299,rrc00,codered,normal,0
2001-07-13 05:03:00+00:00,11795,561,5.361339550657058,17.0,1.323475418730815,44,339,12356,rrc00,codered,normal,0
2001-07-13 05:06:00+00:00,2097,387,4.91654744873629,14.0,1.734168914302406,55,64,2484,rrc00,codered,normal,0
2001-07-13 05:09:00+00:00,3087,471,4.781017168772271,15.0,1.662089692660912,97,127,3558,rrc00,codered,normal,0
2001-07-13 05:12:00+00:00,1618,229,5.139678615574784,14.0,1.965467109812027,51,57,1847,rrc00,codered,normal,0
2001-07-13 05:15:00+00:00,3001,307,4.355214928357214,15.0,1.6256996429273352,35,142,3308,rrc00,codered,normal,0
2001-07-13 05:18:00+00:00,3388,720,5.610094451003542,15.0,2.2008058233453363,89,227,4108,rrc00,codered,normal,0
2001-07-13 05:21:00+00:00,3153,586,5.637488106565176,16.0,2.338378549817533,123,179,3739,rrc00,codered,normal,0
2001-07-13 05:24:00+00:00,8788,547,5.659763313609467,16.0,1.415287023411118,102,140,9335,rrc00,codered,normal,0
2001-07-13 05:27:00+00:00,1514,551,5.075957727873184,14.0,2.1465872366142884,88,111,2065,rrc00,codered,normal,0
2001-07-13 05:30:00+00:00,1322,266,5.027231467473525,15.0,2.166136655072814,47,62,1588,rrc00,codered,normal,0
2001-07-13 05:33:00+00:00,1522,132,5.0847568988173455,13.0,1.90373903484194,20,51,1654,rrc00,codered,normal,0
2001-07-13 05:36:00+00:00,1589,175,5.518565135305224,17.0,2.3437586774006425,29,54,1764,rrc00,codered,normal,0
2001-07-13 05:39:00+00:00,1249,244,4.797437950360289,19.0,1.8536856155891366,33,108,1493,rrc00,codered,normal,0
2001-07-13 05:42:00+00:00,2442,312,4.785831285831286,15.0,1.8285422202689794,50,97,2754,rrc00,codered,normal,0
2001-07-13 05:45:00+00:00,1704,413,4.765258215962441,16.0,1.7926727636548365,68,110,2117,rrc00,codered,normal,0
2001-07-13 05:48:00+00:00,1524,478,5.2650918635170605,17.0,2.3058329105788653,94,127,2002,rrc00,codered,normal,0
2001-07-13 05:51:00+00:00,1311,313,5.129672006102212,18.0,2.006844839096804,49,119,1624,rrc00,codered,normal,0
2001-07-13 05:54:00+00:00,1554,378,4.942084942084942,16.0,2.0430986328792042,66,122,1932,rrc00,codered,normal,0
2001-07-13 05:57:00+00:00,2570,767,5.026848249027237,15.0,1.7154763006410598,135,156,3337,rrc00,codered,normal,0
2001-07-13 06:00:00+00:00,7768,698,4.773429454170958,13.0,1.4777458269473682,112,277,8466,rrc00,codered,normal,0
2001-07-13 06:03:00+00:00,2241,427,4.314591700133869,13.0,1.7758372338245871,50,88,2668,rrc00,codered,normal,0
2001-07-13 06:06:00+00:00,5840,582,4.930993150684931,15.0,1.5543349808936937,87,204,6422,rrc00,codered,normal,0
2001-07-13 06:09:00+00:00,3051,578,5.272041953457883,15.0,2.0694437821698473,93,152,3629,rrc00,codered,normal,0
2001-07-13 06:12:00+00:00,2374,497,5.266638584667228,15.0,1.9692473273273812,99,147,2871,rrc00,codered,normal,0
2001-07-13 06:15:00+00:00,2309,484,4.566045907319186,13.0,1.8340858593385558,81,117,2793,rrc00,codered,normal,0
2001-07-13 06:18:00+00:00,10825,604,5.478891454965358,17.0,1.1739838295725726,69,363,11429,rrc00,codered,normal,0
2001-07-13 06:21:00+00:00,2455,539,5.5979633401222,18.0,2.252148991094015,63,81,2994,rrc00,codered,normal,0
2001-07-13 06:24:00+00:00,2074,226,5.168756027000964,17.0,2.1283474276267653,34,87,2300,rrc00,codered,normal,0
2001-07-13 06:27:00+00:00,2567,205,4.9501363459291,16.0,1.8164312425770757,34,81,2772,rrc00,codered,normal,0
2001-07-13 06:30:00+00:00,2962,502,5.030384875084402,17.0,1.8461472703541442,85,107,3464,rrc00,codered,normal,0
2001-07-13 06:33:00+00:00,6343,302,5.69730411477219,16.0,1.2152029692206747,57,72,6645,rrc00,codered,normal,0
2001-07-13 06:36:00+00:00,2268,596,4.825837742504409,13.0,1.7693507996810913,105,126,2864,rrc00,codered,normal,0
2001-07-13 06:39:00+00:00,1737,410,5.1335636154289,12.0,1.6587052058239804,51,69,2147,rrc00,codered,normal,0
2001-07-13 06:42:00+00:00,2992,306,4.730614973262032,13.0,1.8246012373348384,45,98,3298,rrc00,codered,normal,0
2001-07-13 06:45:00+00:00,2452,244,4.547716150081566,14.0,1.7348055363515937,41,82,2696,rrc00,codered,normal,0
2001-07-13 06:48:00+00:00,3086,399,4.477640959170447,17.0,1.7887418166169708,72,92,3485,rrc00,codered,normal,0
2001-07-13 06:51:00+00:00,1844,502,4.835683297180044,13.0,1.8669421271713047,73,124,2346,rrc00,codered,normal,0
2001-07-13 06:54:00+00:00,3660,485,4.995901639344262,16.0,1.965198478872664,85,102,4145,rrc00,codered,normal,0
2001-07-13 06:57:00+00:00,3701,998,4.98703053228857,13.0,1.7637695031342375,101,117,4699,rrc00,codered,normal,0
2001-07-13 07:00:00+00:00,4157,968,5.280731296608131,18.0,2.0130310729742247,117,173,5125,rrc00,codered,normal,0
2001-07-13 07:03:00+00:00,3455,334,4.515774240231549,13.0,1.8711682741667455,49,91,3789,rrc00,codered,normal,0
2001-07-13 07:06:00+00:00,16187,652,5.496694878606289,17.0,1.1692126963375467,65,421,16839,rrc00,codered,normal,0
2001-07-13 07:09:00+00:00,1668,211,4.936450839328537,14.0,1.680981176339916,35,72,1879,rrc00,codered,normal,0
2001-07-13 07:12:00+00:00,1883,461,5.302177376526819,13.0,1.816175194787251,76,96,2344,rrc00,codered,normal,0
2001-07-13 07:15:00+00:00,2445,588,5.225357873210634,14.0,2.021846714202253,92,121,3033,rrc00,codered,normal,0
2001-07-13 07:18:00+00:00,13753,2379,5.477859376136116,17.0,1.0795289219066806,129,2107,16132,rrc00,codered,normal,0
2001-07-13 07:21:00+00:00,2724,575,4.966593245227607,13.0,1.722056106508491,76,118,3299,rrc00,codered,normal,0
2001-07-13 07:24:00+00:00,2767,454,5.255511384170582,16.0,1.693794180162674,83,117,3221,rrc00,codered,normal,0
2001-07-13 07:27:00+00:00,2133,356,5.324894514767933,13.0,2.1465143193209966,60,103,2489,rrc00,codered,normal,0
2001-07-13 07:30:00+00:00,3024,517,6.150793650793651,15.0,3.007224441410699,84,109,3541,rrc00,codered,normal,0
2001-07-13 07:33:00+00:00,11098,2785,5.625428005045954,17.0,1.7737372492131842,99,2147,13883,rrc00,codered,normal,0
2001-07-13 07:36:00+00:00,3949,438,4.973664218789567,17.0,2.025493451518886,71,144,4387,rrc00,codered,normal,0
2001-07-13 07:39:00+00:00,2682,366,5.291200596569724,18.0,2.2811006028903527,57,82,3048,rrc00,codered,normal,0
2001-07-13 07:42:00+00:00,3535,446,5.042998585572843,17.0,1.8616553762024277,75,125,3981,rrc00,codered,normal,0
2001-07-13 07:45:00+00:00,3891,625,5.206116679516834,16.0,1.8996066375141913,124,152,4516,rrc00,codered,normal,0
2001-07-13 07:48:00+00:00,2111,878,5.457129322595926,17.0,2.5194525248478232,109,230,2989,rrc00,codered,normal,0
2001-07-13 07:51:00+00:00,2150,270,4.6283720930232555,15.0,2.3215942099127207,41,69,2420,rrc00,codered,normal,0
2001-07-13 07:54:00+00:00,1668,277,5.2344124700239805,18.0,2.354564005757034,40,83,1945,rrc00,codered,normal,0
2001-07-13 07:57:00+00:00,1722,372,5.465156794425087,15.0,1.9878272720366512,56,77,2094,rrc00,codered,normal,0
2001-07-13 08:00:00+00:00,2909,420,5.891027844620145,13.0,2.1198578069303378,60,134,3329,rrc00,codered,normal,0
2001-07-13 08:03:00+00:00,2565,271,5.35906432748538,14.0,1.8823383237512734,35,101,2836,rrc00,codered,normal,0
2001-07-13 08:06:00+00:00,4049,780,5.178809582612991,18.0,1.877617830854419,131,200,4829,rrc00,codered,normal,0
2001-07-13 08:09:00+00:00,2449,650,5.522253981216823,18.0,2.705124000619475,105,123,3099,rrc00,codered,normal,0
2001-07-13 08:12:00+00:00,7266,536,5.628543903110377,16.0,1.4258650386759717,65,155,7802,rrc00,codered,normal,0
2001-07-13 08:15:00+00:00,3300,527,5.3933333333333335,13.0,2.290259568016012,89,147,3827,rrc00,codered,normal,0
2001-07-13 08:18:00+00:00,3961,478,5.538247917192628,16.0,2.8078430674411377,65,86,4439,rrc00,codered,normal,0
2001-07-13 08:21:00+00:00,1733,457,5.8430467397576455,15.0,2.560892434202975,69,83,2190,rrc00,codered,normal,0
2001-07-13 08:24:00+00:00,1428,255,5.0245098039215685,15.0,2.111417235626602,45,92,1683,rrc00,codered,normal,0
2001-07-13 08:27:00+00:00,3291,330,4.980553023397143,15.0,2.181853518155552,55,64,3621,rrc00,codered,normal,0
2001-07-13 08:30:00+00:00,2315,338,4.990928725701944,14.0,1.905863352968925,57,101,2653,rrc00,codered,normal,0
2001-07-13 08:33:00+00:00,2509,575,5.29294539657234,16.0,2.1449733738718306,94,119,3084,rrc00,codered,normal,0
2001-07-13 08:36:00+00:00,1697,436,5.273423688862699,16.0,2.099910401372778,76,90,2133,rrc00,codered,normal,0
2001-07-13 08:39:00+00:00,2063,323,5.349491032476975,20.0,2.150766354483295,46,116,2386,rrc00,codered,normal,0
2001-07-13 08:42:00+00:00,2101,364,5.526891956211328,15.0,2.672842834320709,51,83,2465,rrc00,codered,normal,0
2001-07-13 08:45:00+00:00,2629,476,5.820464054773678,17.0,3.121920866223433,56,69,3105,rrc00,codered,normal,0
2001-07-13 08:48:00+00:00,2964,237,5.5104588394062075,16.0,1.6078707154213563,44,94,3201,rrc00,codered,normal,0
2001-07-13 08:51:00+00:00,1603,193,5.233936369307548,16.0,2.103271648917207,24,63,1796,rrc00,codered,normal,0
2001-07-13 08:54:00+00:00,3069,430,5.354187031606386,13.0,1.9157897774476822,80,117,3499,rrc00,codered,normal,0
2001-07-13 08:57:00+00:00,2668,514,5.186281859070465,16.0,2.114278040537571,107,136,3182,rrc00,codered,normal,0
2001-07-13 09:00:00+00:00,26320,1421,4.587006079027356,20.0,2.1589985935647844,98,891,27741,rrc00,codered,normal,0
2001-07-13 09:03:00+00:00,6743,579,5.841020317366158,17.0,1.4324253805146279,69,338,7322,rrc00,codered,normal,0
2001-07-13 09:06:00+00:00,16140,438,4.2072490706319705,18.0,1.6940334075204346,71,152,16578,rrc00,codered,normal,0
2001-07-13 09:09:00+00:00,5023,186,4.312761298029066,15.0,2.2577163016696042,31,59,5209,rrc00,codered,normal,0
2001-07-13 09:12:00+00:00,1069,195,4.926099158091675,15.0,1.6291204745413759,29,48,1264,rrc00,codered,normal,0
2001-07-13 09:15:00+00:00,1393,359,5.319454414931802,15.0,2.2124821753907176,50,64,1752,rrc00,codered,normal,0
2001-07-13 09:18:00+00:00,1118,200,4.989266547406082,15.0,1.903736839011184,37,68,1318,rrc00,codered,normal,0
2001-07-13 09:21:00+00:00,2586,343,4.868909512761021,13.0,1.493031030130297,55,98,2929,rrc00,codered,normal,0
2001-07-13 09:24:00+00:00,1995,268,5.106766917293233,16.0,2.0483208657901595,33,44,2263,rrc00,codered,normal,0
2001-07-13 09:27:00+00:00,3409,640,5.367556468172484,16.0,2.160232307278086,68,235,4049,rrc00,codered,normal,0
2001-07-13 09:30:00+00:00,3142,551,5.3968809675366005,16.0,1.8984473398517747,85,136,3693,rrc00,codered,normal,0
2001-07-13 09:33:00+00:00,2979,469,5.621013763007721,14.0,1.8896304139134934,103,118,3448,rrc00,codered,normal,0
2001-07-13 09:36:00+00:00,1156,258,5.273356401384083,14.0,1.8072373191281033,31,62,1414,rrc00,codered,normal,0
2001-07-13 09:39:00+00:00,9256,272,5.995030250648228,24.0,3.1153593104944104,44,100,9528,rrc00,codered,normal,0
2001-07-13 09:42:00+00:00,1877,309,5.43526904635056,15.0,1.9502858538253076,64,80,2186,rrc00,codered,normal,0
2001-07-13 09:45:00+00:00,1410,395,5.982978723404256,18.0,2.5415122947229976,57,70,1805,rrc00,codered,normal,0
2001-07-13 09:48:00+00:00,1707,447,5.2261277094317515,14.0,2.1953130432881887,75,97,2154,rrc00,codered,normal,0
2001-07-13 09:51:00+00:00,2207,221,4.483461712732216,13.0,1.8747779028726466,43,70,2428,rrc00,codered,normal,0
2001-07-13 09:54:00+00:00,3825,751,4.933333333333334,13.0,1.5967286819181683,91,171,4576,rrc00,codered,normal,0
2001-07-13 09:57:00+00:00,1712,293,4.7482476635514015,14.0,1.734829899380415,43,109,2005,rrc00,codered,normal,0
2001-07-13 10:00:00+00:00,2583,543,4.755323267518389,14.0,1.978138778139545,62,94,3126,rrc00,codered,normal,0
2001-07-13 10:03:00+00:00,2059,291,4.801359883438562,13.0,1.8105722911632407,56,91,2350,rrc00,codered,normal,0
2001-07-13 10:06:00+00:00,2927,859,5.782029381619406,14.0,2.1044582108662224,91,157,3786,rrc00,codered,normal,0
2001-07-13 10:09:00+00:00,2367,496,4.73510773130545,16.0,1.9433150552882725,87,137,2863,rrc00,codered,normal,0
2001-07-13 10:12:00+00:00,3122,826,5.281550288276746,19.0,1.7597097061826843,105,208,3948,rrc00,codered,normal,0
2001-07-13 10:15:00+00:00,4532,510,5.074360105913504,20.0,1.7378972901876706,104,116,5042,rrc00,codered,normal,0
2001-07-13 10:18:00+00:00,1915,446,5.0908616187989555,14.0,1.8954652602071635,77,117,2361,rrc00,codered,normal,0
2001-07-13 10:21:00+00:00,2460,570,4.835772357723577,15.0,1.7277801953557481,100,110,3030,rrc00,codered,normal,0
2001-07-13 10:24:00+00:00,1668,340,5.200239808153477,13.0,1.754596550549978,60,114,2008,rrc00,codered,normal,0
2001-07-13 10:27:00+00:00,4552,1191,5.387082601054481,13.0,1.802895083011638,152,214,5743,rrc00,codered,normal,0
2001-07-13 10:30:00+00:00,2549,434,5.421734013338564,13.0,1.7708723810764162,83,151,2983,rrc00,codered,normal,0
2001-07-13 10:33:00+00:00,2997,859,5.264931598264932,14.0,1.8291785034973682,125,136,3856,rrc00,codered,normal,0
2001-07-13 10:36:00+00:00,1896,473,5.012130801687764,14.0,1.919080436377679,58,136,2369,rrc00,codered,normal,0
2001-07-13 10:39:00+00:00,2227,425,4.507409070498428,13.0,1.372091404674837,74,131,2652,rrc00,codered,normal,0
2001-07-13 10:42:00+00:00,2059,508,5.259349198640116,13.0,1.922933287286921,63,113,2567,rrc00,codered,normal,0
2001-07-13 10:45:00+00:00,1777,218,4.842431063590321,13.0,1.594143879626504,30,75,1995,rrc00,codered,normal,0
2001-07-13 10:48:00+00:00,2431,678,5.234471410941999,18.0,2.456562270389735,106,152,3109,rrc00,codered,normal,0
2001-07-13 10:51:00+00:00,2603,364,5.312331924702266,16.0,1.7645802415360603,58,155,2967,rrc00,codered,normal,0
2001-07-13 10:54:00+00:00,2714,395,5.516212232866618,17.0,2.368251896568085,56,75,3109,rrc00,codered,normal,0
2001-07-13 10:57:00+00:00,2573,510,4.867858530897784,18.0,2.10334176954122,59,101,3083,rrc00,codered,normal,0
2001-07-13 11:00:00+00:00,3011,404,4.901693789438725,17.0,1.6104216141686485,59,70,3415,rrc00,codered,normal,0
2001-07-13 11:03:00+00:00,2143,230,4.693887074195054,13.0,1.4534606266175119,48,64,2373,rrc00,codered,normal,0
2001-07-13 11:06:00+00:00,2233,339,5.113300492610837,13.0,1.6730437005886816,68,87,2572,rrc00,codered,normal,0
2001-07-13 11:09:00+00:00,2058,421,4.634596695821186,13.0,1.4729858866872259,67,136,2479,rrc00,codered,normal,0
2001-07-13 11:12:00+00:00,2161,475,5.94909763998149,15.0,2.3431253369099165,73,90,2636,rrc00,codered,normal,0
2001-07-13 11:15:00+00:00,2396,373,5.679883138564274,16.0,2.4371456223090293,75,94,2769,rrc00,codered,normal,0
2001-07-13 11:18:00+00:00,2953,561,4.440230274297325,13.0,1.7319237822751867,62,271,3514,rrc00,codered,normal,0
2001-07-13 11:21:00+00:00,2026,255,5.425468904244817,13.0,1.7819493364239958,50,65,2281,rrc00,codered,normal,0
2001-07-13 11:24:00+00:00,1046,240,5.105162523900574,15.0,1.9285596628581578,32,60,1286,rrc00,codered,normal,0
2001-07-13 11:27:00+00:00,1539,234,4.825860948667966,13.0,1.8113300793693594,29,58,1773,rrc00,codered,normal,0
2001-07-13 11:30:00+00:00,1600,279,4.455,13.0,1.6156964442617308,41,55,1879,rrc00,codered,normal,0
2001-07-13 11:33:00+00:00,2173,285,4.917625402669121,18.0,1.6730250628898002,51,74,2458,rrc00,codered,normal,0
2001-07-13 11:36:00+00:00,3707,588,4.80954950094416,13.0,1.71282960535812,71,166,4295,rrc00,codered,normal,0
2001-07-13 11:39:00+00:00,2181,311,5.109582760201742,19.0,1.804626196344717,60,89,2492,rrc00,codered,normal,0
2001-07-13 11:42:00+00:00,3645,499,4.504526748971194,20.0,1.6419713893741195,81,123,4144,rrc00,codered,normal,0
2001-07-13 11:45:00+00:00,4463,797,5.493166031817164,22.0,2.184701332279499,123,146,5260,rrc00,codered,normal,0
2001-07-13 11:48:00+00:00,4718,707,5.4220008478168715,19.0,2.008185681465071,98,232,5425,rrc00,codered,normal,0
2001-07-13 11:51:00+00:00,2395,375,6.073486430062631,16.0,2.532384519008183,61,113,2770,rrc00,codered,normal,0
2001-07-13 11:54:00+00:00,1946,181,4.951181911613566,15.0,2.1410155836654,30,49,2127,rrc00,codered,normal,0
2001-07-13 11:57:00+00:00,2635,459,4.83111954459203,15.0,1.8349183393505015,75,98,3094,rrc00,codered,normal,0
2001-07-13 12:00:00+00:00,2374,302,4.946082561078349,15.0,1.8171580623822243,71,97,2676,rrc00,codered,normal,0
2001-07-13 12:03:00+00:00,5539,630,5.279472829030511,14.0,1.392690799191318,113,299,6169,rrc00,codered,normal,0
2001-07-13 12:06:00+00:00,5998,463,4.923641213737913,15.0,1.3130420045644304,90,102,6461,rrc00,codered,normal,0
2001-07-13 12:09:00+00:00,6781,994,5.244801651673795,16.0,2.011236289942932,216,241,7775,rrc00,codered,normal,0
2001-07-13 12:12:00+00:00,1919,279,4.997915581031787,15.0,1.900877675336876,46,75,2198,rrc00,codered,normal,0
2001-07-13 12:15:00+00:00,2062,311,4.782735208535403,14.0,1.7090313779837416,44,69,2373,rrc00,codered,normal,0
2001-07-13 12:18:00+00:00,3611,746,4.800055386319579,14.0,1.5428558964029282,122,184,4357,rrc00,codered,normal,0
2001-07-13 12:21:00+00:00,3408,782,5.000880281690141,23.0,1.6850799774101126,165,228,4190,rrc00,codered,normal,0
2001-07-13 12:24:00+00:00,3752,606,5.165511727078891,14.0,1.561481413621807,135,191,4358,rrc00,codered,normal,0
2001-07-13 12:27:00+00:00,2571,264,4.975106962271489,13.0,1.5684073242146275,50,97,2835,rrc00,codered,normal,0
2001-07-13 12:30:00+00:00,1696,210,5.214622641509434,18.0,2.1883424736838775,30,67,1906,rrc00,codered,normal,0
2001-07-13 12:33:00+00:00,2391,529,4.61271434546215,18.0,1.8787340884081662,55,75,2920,rrc00,codered,normal,0
2001-07-13 12:36:00+00:00,3115,689,4.413483146067415,13.0,1.6648026319921576,151,173,3804,rrc00,codered,normal,0
2001-07-13 12:39:00+00:00,5463,797,5.152663371773751,13.0,1.3292550718107472,137,258,6260,rrc00,codered,normal,0
2001-07-13 12:42:00+00:00,7128,1194,5.390572390572391,22.0,1.4643464997215305,171,248,8322,rrc00,codered,normal,0
2001-07-13 12:45:00+00:00,6334,1130,5.226397221345121,22.0,1.4465176755337923,260,295,7464,rrc00,codered,normal,0
2001-07-13 12:48:00+00:00,7061,927,5.197280838408157,16.0,1.2399539826411936,182,311,7988,rrc00,codered,normal,0
2001-07-13 12:51:00+00:00,2180,420,5.222935779816514,13.0,1.9731748285777033,77,107,2600,rrc00,codered,normal,0
2001-07-13 12:54:00+00:00,1803,596,5.359955629506378,14.0,1.8638322505103166,79,131,2399,rrc00,codered,normal,0
2001-07-13 12:57:00+00:00,3086,677,5.3885288399222295,17.0,2.1481995898759902,99,148,3763,rrc00,codered,normal,0
2001-07-13 13:00:00+00:00,4077,562,5.103998037772873,19.0,1.8717727410162157,152,200,4639,rrc00,codered,normal,0
2001-07-13 13:03:00+00:00,4211,720,4.858703395867965,13.0,1.4699498083197287,197,288,4931,rrc00,codered,normal,0
2001-07-13 13:06:00+00:00,8348,1221,4.705917585050312,15.0,1.8153575955508896,153,184,9569,rrc00,codered,normal,0
2001-07-13 13:09:00+00:00,5129,791,4.714174302983038,14.0,1.8127911201207811,133,185,5920,rrc00,codered,normal,0
2001-07-13 13:12:00+00:00,2000,286,4.822,16.0,1.7425027977022016,41,74,2286,rrc00,codered,normal,0
2001-07-13 13:15:00+00:00,2541,330,5.0653286107831565,15.0,1.7188396837877453,55,124,2871,rrc00,codered,normal,0
2001-07-13 13:18:00+00:00,2042,324,5.111655239960823,15.0,1.9366234999232332,69,86,2366,rrc00,codered,normal,0
2001-07-13 13:21:00+00:00,3202,760,5.113054341036852,15.0,1.749192222648885,158,182,3962,rrc00,codered,normal,0
2001-07-13 13:24:00+00:00,5527,621,5.028225076895241,15.0,1.9721966882375221,149,182,6148,rrc00,codered,normal,0
2001-07-13 13:27:00+00:00,1983,281,5.427634896621281,21.0,2.6226221713753946,36,75,2264,rrc00,codered,normal,0
2001-07-13 13:30:00+00:00,2895,271,4.745768566493955,13.0,1.5412447770701874,49,72,3166,rrc00,codered,normal,0
2001-07-13 13:33:00+00:00,2540,386,4.986614173228347,13.0,1.8933727022750644,54,110,2926,rrc00,codered,normal,0
2001-07-13 13:36:00+00:00,2255,495,5.065631929046563,13.0,1.6730929805991004,64,110,2750,rrc00,codered,normal,0
2001-07-13 13:39:00+00:00,1820,404,4.751098901098901,13.0,1.6240378051068807,67,90,2224,rrc00,codered,normal,0
2001-07-13 13:42:00+00:00,2363,414,5.353364367329665,16.0,2.1765048595954153,81,95,2777,rrc00,codered,normal,0
2001-07-13 13:45:00+00:00,1922,254,5.270551508844953,15.0,2.4136829445078374,35,48,2176,rrc00,codered,normal,0
2001-07-13 13:48:00+00:00,3831,712,5.052205690420256,14.0,1.7627159567617192,104,227,4543,rrc00,codered,normal,0
2001-07-13 13:51:00+00:00,2971,373,4.640525075732077,14.0,1.6327266431059415,62,91,3344,rrc00,codered,normal,0
2001-07-13 13:54:00+00:00,1680,251,4.699404761904762,14.0,1.688053155328771,39,105,1931,rrc00,codered,normal,0
2001-07-13 13:57:00+00:00,1934,284,4.637538779731127,13.0,1.839320426159805,50,67,2218,rrc00,codered,normal,0
2001-07-13 14:00:00+00:00,1737,253,4.644214162348877,13.0,1.6463571468892124,36,76,1990,rrc00,codered,normal,0
2001-07-13 14:03:00+00:00,2170,407,4.870967741935484,14.0,1.9226842516852087,64,101,2577,rrc00,codered,normal,0
2001-07-13 14:06:00+00:00,1822,328,5.103183315038419,14.0,1.8675402703118429,49,79,2150,rrc00,codered,normal,0
2001-07-13 14:09:00+00:00,1731,288,4.662045060658579,15.0,1.8967113075584958,39,58,2019,rrc00,codered,normal,0
2001-07-13 14:12:00+00:00,4400,623,4.146590909090909,13.0,1.7113557134912583,124,191,5023,rrc00,codered,normal,0
2001-07-13 14:15:00+00:00,4937,720,4.139760988454527,15.0,1.8761298624236586,141,218,5657,rrc00,codered,normal,0
2001-07-13 14:18:00+00:00,4665,816,4.292818863879957,15.0,1.6907800816326968,146,191,5481,rrc00,codered,normal,0
2001-07-13 14:21:00+00:00,2482,554,5.180902497985495,20.0,1.9886639632539147,88,183,3036,rrc00,codered,normal,0
2001-07-13 14:24:00+00:00,3112,446,5.269280205655527,22.0,2.557082456652957,57,181,3558,rrc00,codered,normal,0
2001-07-13 14:27:00+00:00,3396,527,4.666372202591284,19.0,1.8073433269615227,55,309,3923,rrc00,codered,normal,0
2001-07-13 14:30:00+00:00,2867,515,5.431112661318451,16.0,2.051069697230847,68,96,3382,rrc00,codered,normal,0
2001-07-13 14:33:00+00:00,2377,249,5.113167858645351,15.0,1.7975533605848637,40,58,2626,rrc00,codered,normal,0
2001-07-13 14:36:00+00:00,1944,221,4.065329218106996,13.0,1.542055037718195,40,64,2165,rrc00,codered,normal,0
2001-07-13 14:39:00+00:00,1588,332,4.906801007556675,21.0,2.0893466355357786,58,73,1920,rrc00,codered,normal,0
2001-07-13 14:42:00+00:00,1935,481,4.918863049095608,21.0,1.8218117879042213,65,101,2416,rrc00,codered,normal,0
2001-07-13 14:45:00+00:00,2578,523,5.082622187742436,15.0,2.044254515004033,102,150,3101,rrc00,codered,normal,0
2001-07-13 14:48:00+00:00,6434,1147,5.245570407211688,22.0,1.7054648379340809,264,297,7581,rrc00,codered,normal,0
2001-07-13 14:51:00+00:00,7984,1193,5.098822645290581,16.0,1.4566648074731805,193,229,9177,rrc00,codered,normal,0
2001-07-13 14:54:00+00:00,5868,1306,5.343217450579414,13.0,1.666910005473754,206,355,7174,rrc00,codered,normal,0
2001-07-13 14:57:00+00:00,8070,1377,5.365923172242875,14.0,1.451164078830707,316,350,9447,rrc00,codered,normal,0
2001-07-13 15:00:00+00:00,5553,1334,5.256077795786061,17.0,1.6816644151509494,206,260,6887,rrc00,codered,normal,0
2001-07-13 15:03:00+00:00,5490,1497,5.373224043715847,21.0,2.2536860692657688,169,224,6987,rrc00,codered,normal,0
2001-07-13 15:06:00+00:00,3619,495,4.613981762917933,13.0,1.6698927302471525,62,83,4114,rrc00,codered,normal,0
2001-07-13 15:09:00+00:00,3302,367,5.206238643246517,22.0,2.8891572130224055,49,108,3669,rrc00,codered,normal,0
2001-07-13 15:12:00+00:00,9865,481,4.033654333502281,25.0,1.6656338778467008,93,115,10346,rrc00,codered,normal,0
2001-07-13 15:15:00+00:00,3690,595,4.774525745257453,15.0,1.980966711261398,81,105,4285,rrc00,codered,normal,0
2001-07-13 15:18:00+00:00,1889,302,4.93276866066702,15.0,2.5851780167827325,64,83,2191,rrc00,codered,normal,0
2001-07-13 15:21:00+00:00,3874,958,4.686886938564791,13.0,1.533079901582367,140,155,4832,rrc00,codered,normal,0
2001-07-13 15:24:00+00:00,2984,448,4.863270777479893,15.0,1.6984670660335857,123,175,3432,rrc00,codered,normal,0
2001-07-13 15:27:00+00:00,2931,376,4.638689866939611,13.0,1.4388920366394475,72,87,3307,rrc00,codered,normal,0
2001-07-13 15:30:00+00:00,2050,325,4.598536585365854,13.0,1.7236653528633425,60,87,2375,rrc00,codered,normal,0
2001-07-13 15:33:00+00:00,2794,663,4.840372226198998,13.0,1.7784205161239661,93,152,3457,rrc00,codered,normal,0
2001-07-13 15:36:00+00:00,2885,364,4.8010398613518195,20.0,1.9704750397539224,55,107,3249,rrc00,codered,normal,0
2001-07-13 15:39:00+00:00,2273,287,4.839859216893973,21.0,2.574512862310141,48,82,2560,rrc00,codered,normal,0
2001-07-13 15:42:00+00:00,2912,674,4.426167582417582,14.0,1.5687239808073596,91,140,3586,rrc00,codered,normal,0
2001-07-13 15:45:00+00:00,3465,583,4.484848484848484,17.0,1.9473187653459707,70,236,4048,rrc00,codered,normal,0
2001-07-13 15:48:00+00:00,2608,305,5.022239263803681,17.0,2.2321815001252245,65,83,2913,rrc00,codered,normal,0
2001-07-13 15:51:00+00:00,2351,294,4.67715865589111,15.0,1.9027799202350166,44,93,2645,rrc00,codered,normal,0
2001-07-13 15:54:00+00:00,2801,396,5.385933595144591,13.0,2.245214338815329,63,86,3197,rrc00,codered,normal,0
2001-07-13 15:57:00+00:00,2018,367,4.730426164519326,13.0,2.123462754586996,72,114,2385,rrc00,codered,normal,0
2001-07-13 16:00:00+00:00,2877,528,5.10844629822732,14.0,2.145730356043298,76,97,3405,rrc00,codered,normal,0
2001-07-13 16:03:00+00:00,3152,433,4.499048223350254,15.0,1.8251622854510456,72,97,3585,rrc00,codered,normal,0
2001-07-13 16:06:00+00:00,2406,186,4.476724854530341,17.0,2.2442497493806375,33,60,2592,rrc00,codered,normal,0
2001-07-13 16:09:00+00:00,1713,176,4.76707530647986,15.0,2.62571404096458,28,48,1889,rrc00,codered,normal,0
2001-07-13 16:12:00+00:00,1345,222,4.6817843866171005,16.0,2.354747433945823,34,55,1567,rrc00,codered,normal,0
2001-07-13 16:15:00+00:00,1767,272,6.142614601018676,17.0,3.1665753229499916,50,66,2039,rrc00,codered,normal,0
2001-07-13 16:18:00+00:00,1379,227,5.353879622915156,13.0,2.825516534501636,33,71,1606,rrc00,codered,normal,0
2001-07-13 16:21:00+00:00,1718,267,4.931897555296857,15.0,2.605071620032821,50,80,1985,rrc00,codered,normal,0
2001-07-13 16:24:00+00:00,2534,349,5.157063930544593,21.0,2.352808910513888,55,112,2883,rrc00,codered,normal,0
2001-07-13 16:27:00+00:00,2767,429,5.662088904951211,21.0,2.3518674481616135,63,110,3196,rrc00,codered,normal,0
2001-07-13 16:30:00+00:00,2795,464,6.016100178890877,17.0,2.216725775437354,62,116,3259,rrc00,codered,normal,0
2001-07-13 16:33:00+00:00,3053,815,5.413363904356371,14.0,2.267728478220937,168,182,3868,rrc00,codered,normal,0
2001-07-13 16:36:00+00:00,2080,386,5.2697115384615385,15.0,2.42717901970848,76,145,2466,rrc00,codered,normal,0
2001-07-13 16:39:00+00:00,5075,578,5.2664039408867,17.0,1.914827899862764,91,147,5653,rrc00,codered,normal,0
2001-07-13 16:42:00+00:00,3185,633,5.300784929356358,15.0,1.6637088598625422,124,153,3818,rrc00,codered,normal,0
2001-07-13 16:45:00+00:00,2316,464,5.6144214162348876,15.0,2.1527062861338044,76,109,2780,rrc00,codered,normal,0
2001-07-13 16:48:00+00:00,9940,593,5.73440643863179,16.0,1.604722438437671,74,207,10533,rrc00,codered,normal,0
2001-07-13 16:51:00+00:00,8935,351,4.748069390039172,15.0,1.3680298921791552,68,105,9286,rrc00,codered,normal,0
2001-07-13 16:54:00+00:00,3317,235,4.745251733494121,15.0,1.8261604910087925,57,76,3552,rrc00,codered,normal,0
2001-07-13 16:57:00+00:00,2500,411,4.8928,17.0,1.9537932746327078,70,102,2911,rrc00,codered,normal,0
2001-07-13 17:00:00+00:00,1922,251,4.556711758584807,13.0,1.6452116403291825,45,69,2173,rrc00,codered,normal,0
2001-07-13 17:03:00+00:00,1279,318,5.459734167318217,13.0,2.6526391345452742,52,78,1597,rrc00,codered,normal,0
2001-07-13 17:06:00+00:00,2154,291,5.84493964716806,14.0,2.307209829407512,46,65,2445,rrc00,codered,normal,0
2001-07-13 17:09:00+00:00,2336,403,4.901969178082192,15.0,1.8538823274365384,80,98,2739,rrc00,codered,normal,0
2001-07-13 17:12:00+00:00,2320,326,5.428448275862069,16.0,2.69018990595148,43,91,2646,rrc00,codered,normal,0
2001-07-13 17:15:00+00:00,1932,287,5.551242236024844,17.0,2.708961340022369,36,90,2219,rrc00,codered,normal,0
2001-07-13 17:18:00+00:00,1964,276,5.178207739307536,18.0,2.26363567790902,46,80,2240,rrc00,codered,normal,0
2001-07-13 17:21:00+00:00,2713,202,5.480648728345005,15.0,1.669883938907315,29,50,2915,rrc00,codered,normal,0
2001-07-13 17:24:00+00:00,1603,420,5.643792888334373,17.0,2.057744942360371,60,73,2023,rrc00,codered,normal,0
2001-07-13 17:27:00+00:00,4100,575,4.755853658536585,13.0,1.4552352514699338,94,129,4675,rrc00,codered,normal,0
2001-07-13 17:30:00+00:00,2222,317,4.945544554455446,13.0,1.4795958304118852,58,92,2539,rrc00,codered,normal,0
2001-07-13 17:33:00+00:00,1152,368,4.499131944444445,13.0,1.4312967398798417,54,73,1520,rrc00,codered,normal,0
2001-07-13 17:36:00+00:00,2142,450,4.8011204481792715,13.0,1.6951732035323201,82,124,2592,rrc00,codered,normal,0
2001-07-13 17:39:00+00:00,1245,334,5.557429718875502,16.0,2.346858752481007,46,64,1579,rrc00,codered,normal,0
2001-07-13 17:42:00+00:00,1486,340,5.011440107671602,16.0,1.9472874321263798,61,87,1826,rrc00,codered,normal,0
2001-07-13 17:45:00+00:00,1357,368,5.2461311717022845,16.0,2.0335781470273973,62,86,1725,rrc00,codered,normal,0
2001-07-13 17:48:00+00:00,1018,162,4.530451866404715,13.0,1.8209531367579503,33,53,1180,rrc00,codered,normal,0
2001-07-13 17:51:00+00:00,1742,436,5.082663605051665,13.0,1.7337231296498168,43,57,2178,rrc00,codered,normal,0
2001-07-13 17:54:00+00:00,1084,248,4.940959409594096,13.0,1.743258338009248,37,63,1332,rrc00,codered,normal,0
2001-07-13 17:57:00+00:00,1837,398,5.058247142079478,15.0,1.8295296812416277,56,65,2235,rrc00,codered,normal,0
2001-07-13 18:00:00+00:00,1403,435,5.497505345687812,13.0,2.027034192722832,69,110,1838,rrc00,codered,normal,0
2001-07-13 18:03:00+00:00,1345,166,5.151672862453531,21.0,2.829880228665943,34,56,1511,rrc00,codered,normal,0
2001-07-13 18:06:00+00:00,3209,423,4.450607665939545,13.0,1.8082272174720395,76,96,3632,rrc00,codered,normal,0
2001-07-13 18:09:00+00:00,2220,294,4.415315315315316,13.0,1.8097681996908577,49,80,2514,rrc00,codered,normal,0
2001-07-13 18:12:00+00:00,1302,268,5.023809523809524,13.0,1.7325522370310806,51,81,1570,rrc00,codered,normal,0
2001-07-13 18:15:00+00:00,1463,272,5.211893369788107,17.0,1.8987194042801074,53,72,1735,rrc00,codered,normal,0
2001-07-13 18:18:00+00:00,1717,431,5.617355853232382,19.0,2.5326755468267703,53,61,2148,rrc00,codered,normal,0
2001-07-13 18:21:00+00:00,2653,858,5.648699585375047,25.0,3.0861843335271932,90,108,3511,rrc00,codered,normal,0
2001-07-13 18:24:00+00:00,2780,391,5.573741007194244,15.0,2.2155340306202462,45,89,3171,rrc00,codered,normal,0
2001-07-13 18:27:00+00:00,1433,462,5.519888346127006,18.0,2.2705498229173218,47,71,1895,rrc00,codered,normal,0
2001-07-13 18:30:00+00:00,2571,285,4.6495527032283155,13.0,2.199081080462377,60,81,2856,rrc00,codered,normal,0
2001-07-13 18:33:00+00:00,2011,240,4.910492292391845,15.0,2.0215016023514707,39,104,2251,rrc00,codered,normal,0
2001-07-13 18:36:00+00:00,792,159,4.873737373737374,13.0,1.7948346683143275,30,52,951,rrc00,codered,normal,0
2001-07-13 18:39:00+00:00,1240,197,5.294354838709677,13.0,1.8346047486493948,32,60,1437,rrc00,codered,normal,0
2001-07-13 18:42:00+00:00,2024,242,4.681818181818182,16.0,1.8371295315134286,35,57,2266,rrc00,codered,normal,0
2001-07-13 18:45:00+00:00,1495,358,5.161204013377926,14.0,2.0466384598004588,47,105,1853,rrc00,codered,normal,0
2001-07-13 18:48:00+00:00,1839,525,4.895595432300163,15.0,1.5090724949445498,70,86,2364,rrc00,codered,normal,0
2001-07-13 18:51:00+00:00,1379,340,4.841189267585206,14.0,1.9894975241378197,53,76,1719,rrc00,codered,normal,0
2001-07-13 18:54:00+00:00,1632,324,4.988357843137255,13.0,2.03685088285989,62,75,1956,rrc00,codered,normal,0
2001-07-13 18:57:00+00:00,1300,450,4.993076923076923,13.0,1.7907750132076876,64,102,1750,rrc00,codered,normal,0
2001-07-13 19:00:00+00:00,2062,396,4.926770126091173,14.0,1.8848961010762522,103,122,2458,rrc00,codered,normal,0
2001-07-13 19:03:00+00:00,1770,317,5.332203389830508,15.0,2.299184872357298,62,116,2087,rrc00,codered,normal,0
2001-07-13 19:06:00+00:00,1718,301,5.5465657741559955,21.0,3.12466759471386,51,77,2019,rrc00,codered,normal,0
2001-07-13 19:09:00+00:00,1897,501,5.764891934633632,22.0,3.0035247087797003,85,101,2398,rrc00,codered,normal,0
2001-07-13 19:12:00+00:00,1637,236,5.257788637751985,25.0,2.9592233039320144,45,62,1873,rrc00,codered,normal,0
2001-07-13 19:15:00+00:00,1304,218,5.441717791411043,18.0,2.5739925291247863,44,56,1522,rrc00,codered,normal,0
2001-07-13 19:18:00+00:00,930,199,4.834408602150537,14.0,1.769058714760505,41,55,1129,rrc00,codered,normal,0
2001-07-13 19:21:00+00:00,1579,250,5.098163394553515,13.0,2.083711168010962,43,64,1829,rrc00,codered,normal,0
2001-07-13 19:24:00+00:00,2111,471,5.247749881572714,18.0,2.285976320215959,69,99,2582,rrc00,codered,normal,0
2001-07-13 19:27:00+00:00,2077,376,5.216177178623014,15.0,2.2733236054546047,62,117,2453,rrc00,codered,normal,0
2001-07-13 19:30:00+00:00,1827,427,5.578544061302682,17.0,2.2558661505790725,66,127,2254,rrc00,codered,normal,0
2001-07-13 19:33:00+00:00,2357,569,5.406448875689436,16.0,2.2386869197752532,78,126,2926,rrc00,codered,normal,0
2001-07-13 19:36:00+00:00,2295,461,5.012636165577342,18.0,2.0269033177104543,59,89,2756,rrc00,codered,normal,0
2001-07-13 19:39:00+00:00,1730,454,4.94335260115607,16.0,2.048889245803291,74,91,2184,rrc00,codered,normal,0
2001-07-13 19:42:00+00:00,2579,633,5.453664210934471,18.0,2.4003370638006745,94,121,3212,rrc00,codered,normal,0
2001-07-13 19:45:00+00:00,2581,598,4.714064316156528,16.0,1.613457962391911,67,192,3179,rrc00,codered,normal,0
2001-07-13 19:48:00+00:00,3495,528,5.158512160228899,14.0,1.501185441279061,150,175,4023,rrc00,codered,normal,0
2001-07-13 19:51:00+00:00,1961,208,4.985721570627231,18.0,1.8887465933846748,40,66,2169,rrc00,codered,normal,0
2001-07-13 19:54:00+00:00,1433,423,4.916259595254711,18.0,1.8805856371756289,58,68,1856,rrc00,codered,normal,0
2001-07-13 19:57:00+00:00,1151,350,6.090356211989574,16.0,2.945582764534389,52,74,1501,rrc00,codered,normal,0
2001-07-13 20:00:00+00:00,1247,425,5.130713712910986,15.0,2.123246229422821,58,94,1672,rrc00,codered,normal,0
2001-07-13 20:03:00+00:00,3871,382,4.744768793593387,21.0,2.24326723471646,76,88,4253,rrc00,codered,normal,0
2001-07-13 20:06:00+00:00,1164,240,5.110824742268041,24.0,3.013244476494838,41,53,1404,rrc00,codered,normal,0
2001-07-13 20:09:00+00:00,1056,230,5.03030303030303,16.0,2.244739284110113,44,60,1286,rrc00,codered,normal,0
2001-07-13 20:12:00+00:00,1438,421,5.606397774687065,16.0,2.489368372904521,61,80,1859,rrc00,codered,normal,0
2001-07-13 20:15:00+00:00,1634,541,5.734394124847001,13.0,2.3033059963809106,86,108,2175,rrc00,codered,normal,0
2001-07-13 20:18:00+00:00,2153,320,5.219228982814677,18.0,2.2531934214734095,61,76,2473,rrc00,codered,normal,0
2001-07-13 20:21:00+00:00,1310,396,5.019847328244275,18.0,2.1414634308216187,41,71,1706,rrc00,codered,normal,0
2001-07-13 20:24:00+00:00,1485,340,5.256565656565656,16.0,2.539287060904251,61,85,1825,rrc00,codered,normal,0
2001-07-13 20:27:00+00:00,2170,651,4.889400921658986,16.0,1.9825803859433446,108,144,2821,rrc00,codered,normal,0
2001-07-13 20:30:00+00:00,1504,318,4.534574468085107,18.0,2.1304220762980064,67,90,1822,rrc00,codered,normal,0
2001-07-13 20:33:00+00:00,1195,292,5.174058577405858,18.0,2.2056974183172082,50,116,1487,rrc00,codered,normal,0
2001-07-13 20:36:00+00:00,1859,333,5.21463152232383,18.0,2.2662196476606447,54,78,2192,rrc00,codered,normal,0
2001-07-13 20:39:00+00:00,1120,244,4.89375,16.0,2.0468521672663265,39,49,1364,rrc00,codered,normal,0
2001-07-13 20:42:00+00:00,1581,181,4.7691334598355475,14.0,1.6668691299239629,34,68,1762,rrc00,codered,normal,0
2001-07-13 20:45:00+00:00,3487,757,5.291654717522225,14.0,2.1143389871381157,154,173,4244,rrc00,codered,normal,0
2001-07-13 20:48:00+00:00,1278,360,4.597026604068858,14.0,2.137208317064233,39,176,1638,rrc00,codered,normal,0
2001-07-13 20:51:00+00:00,3355,256,4.116244411326378,17.0,1.8048341015184162,75,94,3611,rrc00,codered,normal,0
2001-07-13 20:54:00+00:00,2064,384,4.798934108527132,14.0,1.8481026378422274,62,117,2448,rrc00,codered,normal,0
2001-07-13 20:57:00+00:00,1418,300,5.64950634696756,24.0,2.7372997739558054,43,57,1718,rrc00,codered,normal,0
2001-07-13 21:00:00+00:00,2222,279,5.282628262826282,22.0,3.2079523607373237,39,108,2501,rrc00,codered,normal,0
2001-07-13 21:03:00+00:00,2612,503,5.042496171516079,19.0,1.9958113608547885,97,145,3115,rrc00,codered,normal,0
2001-07-13 21:06:00+00:00,3134,476,4.5858328015315895,13.0,1.5134381015321088,130,164,3610,rrc00,codered,normal,0
2001-07-13 21:09:00+00:00,2924,560,5.348837209302325,14.0,1.8115930483836578,85,123,3484,rrc00,codered,normal,0
2001-07-13 21:12:00+00:00,2398,460,5.522935779816514,13.0,2.5387931412170586,65,146,2858,rrc00,codered,normal,0
2001-07-13 21:15:00+00:00,2972,573,5.34421265141319,13.0,1.7790910674026252,98,113,3545,rrc00,codered,normal,0
2001-07-13 21:18:00+00:00,5551,1115,5.672851738425509,13.0,1.62043665242151,116,187,6666,rrc00,codered,normal,0
2001-07-13 21:21:00+00:00,1924,281,5.22972972972973,21.0,2.4495384880203166,33,133,2205,rrc00,codered,normal,0
2001-07-13 21:24:00+00:00,4616,1037,4.948223570190641,22.0,2.302446961157161,173,213,5653,rrc00,codered,normal,0
2001-07-13 21:27:00+00:00,5664,841,5.635416666666667,25.0,2.2615107092319526,141,222,6505,rrc00,codered,normal,0
2001-07-13 21:30:00+00:00,1773,493,4.795262267343485,16.0,1.6608494423945042,79,136,2266,rrc00,codered,normal,0
2001-07-13 21:33:00+00:00,2161,313,5.209625173530773,15.0,2.287527273199581,47,101,2474,rrc00,codered,normal,0
2001-07-13 21:36:00+00:00,2291,289,5.38760366652117,17.0,2.731535602906774,49,66,2580,rrc00,codered,normal,0
2001-07-13 21:39:00+00:00,1741,293,5.118322802986789,18.0,1.965180166274546,48,96,2034,rrc00,codered,normal,0
2001-07-13 21:42:00+00:00,869,259,4.784810126582278,13.0,1.7629218781693254,36,48,1128,rrc00,codered,normal,0
2001-07-13 21:45:00+00:00,1071,177,4.966386554621849,13.0,1.6965912757697716,33,46,1248,rrc00,codered,normal,0
2001-07-13 21:48:00+00:00,1407,620,5.044776119402985,14.0,2.1474070088706294,115,135,2027,rrc00,codered,normal,0
2001-07-13 21:51:00+00:00,2570,273,4.739688715953307,13.0,2.081496370512408,49,114,2843,rrc00,codered,normal,0
2001-07-13 21:54:00+00:00,6452,614,4.895536267823931,25.0,1.8366148982959078,105,127,7066,rrc00,codered,normal,0
2001-07-13 21:57:00+00:00,3623,603,4.444935136627104,16.0,1.7206803820070034,127,142,4226,rrc00,codered,normal,0
2001-07-13 22:00:00+00:00,3183,419,4.934024505183789,25.0,1.9219898470248982,69,120,3602,rrc00,codered,normal,0
2001-07-13 22:03:00+00:00,10227,413,3.709201134252469,14.0,1.4871820961139037,70,85,10640,rrc00,codered,normal,0
2001-07-13 22:06:00+00:00,5356,335,4.187266616878268,14.0,2.0115040493535994,78,101,5691,rrc00,codered,normal,0
2001-07-13 22:09:00+00:00,3141,702,5.977714103788602,25.0,3.2056957422286882,99,157,3843,rrc00,codered,normal,0
2001-07-13 22:12:00+00:00,3259,464,5.218471923903038,26.0,2.659253990479176,133,153,3723,rrc00,codered,normal,0
2001-07-13 22:15:00+00:00,3941,512,6.2088302461304234,24.0,3.1704169193715783,103,143,4453,rrc00,codered,normal,0
2001-07-13 22:18:00+00:00,1812,821,5.543046357615894,15.0,3.15053189245189,111,144,2633,rrc00,codered,normal,0
2001-07-13 22:21:00+00:00,3213,440,6.121693121693122,15.0,3.0688447786705675,87,178,3653,rrc00,codered,normal,0
2001-07-13 22:24:00+00:00,2784,853,7.3013649425287355,17.0,3.8784585424711615,92,107,3637,rrc00,codered,normal,0
2001-07-13 22:27:00+00:00,3884,579,5.235581874356334,18.0,1.580116098877879,117,222,4463,rrc00,codered,normal,0
2001-07-13 22:30:00+00:00,3071,365,4.873331162487789,22.0,1.9297096069394002,41,130,3436,rrc00,codered,normal,0
2001-07-13 22:33:00+00:00,2705,376,7.4081330868761555,25.0,3.1458343827677253,48,65,3081,rrc00,codered,normal,0
2001-07-13 22:36:00+00:00,2003,279,5.572641038442336,16.0,1.937384880242445,37,83,2282,rrc00,codered,normal,0
2001-07-13 22:39:00+00:00,1749,313,5.559176672384219,13.0,2.08470226691623,44,73,2062,rrc00,codered,normal,0
2001-07-13 22:42:00+00:00,1943,561,4.981986618630983,13.0,1.6606569602743704,145,163,2504,rrc00,codered,normal,0
2001-07-13 22:45:00+00:00,1843,228,5.185567010309279,25.0,2.45419636663589,41,64,2071,rrc00,codered,normal,0
2001-07-13 22:48:00+00:00,3139,596,6.013698630136986,26.0,3.452329110193885,121,134,3735,rrc00,codered,normal,0
2001-07-13 22:51:00+00:00,3828,374,5.1217345872518285,21.0,2.511690102071814,54,201,4202,rrc00,codered,normal,0
2001-07-13 22:54:00+00:00,1427,606,5.797477224947442,13.0,2.2189966163084556,167,181,2033,rrc00,codered,normal,0
2001-07-13 22:57:00+00:00,1221,310,5.408681408681408,13.0,1.9792262605764062,49,63,1531,rrc00,codered,normal,0
2001-07-13 23:00:00+00:00,1621,436,5.552745219000617,21.0,2.801332665559565,81,96,2057,rrc00,codered,normal,0
2001-07-13 23:03:00+00:00,1805,376,5.154016620498615,13.0,1.784386480921991,68,93,2181,rrc00,codered,normal,0
2001-07-13 23:06:00+00:00,2680,490,5.542910447761194,13.0,2.330129176044758,73,105,3170,rrc00,codered,normal,0
2001-07-13 23:09:00+00:00,956,187,4.706066945606694,13.0,1.5356314756448206,32,42,1143,rrc00,codered,normal,0
2001-07-13 23:12:00+00:00,1422,214,5.068917018284107,13.0,1.5984446845071256,37,53,1636,rrc00,codered,normal,0
2001-07-13 23:15:00+00:00,1117,135,5.102954341987466,15.0,1.981824361106061,27,36,1252,rrc00,codered,normal,0
2001-07-13 23:18:00+00:00,1502,257,4.813581890812251,19.0,1.9294830257410376,39,51,1759,rrc00,codered,normal,0
2001-07-13 23:21:00+00:00,5084,211,4.379622344610543,19.0,1.474363194150434,33,60,5295,rrc00,codered,normal,0
2001-07-13 23:24:00+00:00,3972,278,4.7739174219536755,16.0,1.7277558983661359,68,87,4250,rrc00,codered,normal,0
2001-07-13 23:27:00+00:00,4437,784,4.7254901960784315,15.0,1.6635973806620332,117,371,5221,rrc00,codered,normal,0
2001-07-13 23:30:00+00:00,1139,224,5.539069359086918,22.0,3.2370511154559027,42,76,1363,rrc00,codered,normal,0
2001-07-13 23:33:00+00:00,3776,271,4.745762711864407,19.0,1.8658627789299072,54,64,4047,rrc00,codered,normal,0
2001-07-13 23:36:00+00:00,2274,315,5.407211961301671,20.0,2.944586563181923,51,65,2589,rrc00,codered,normal,0
2001-07-13 23:39:00+00:00,1349,292,5.580429948109711,21.0,3.597268891411435,40,82,1641,rrc00,codered,normal,0
2001-07-13 23:42:00+00:00,1833,216,4.76050190943808,21.0,2.4685540402790727,44,57,2049,rrc00,codered,normal,0
2001-07-13 23:45:00+00:00,2426,304,5.933223413025557,14.0,2.0499916748177265,49,137,2730,rrc00,codered,normal,0
2001-07-13 23:48:00+00:00,2677,719,8.159133358236833,15.0,3.264816185516647,87,116,3396,rrc00,codered,normal,0
2001-07-13 23:51:00+00:00,2420,357,5.123553719008265,14.0,2.4442593765815506,54,97,2777,rrc00,codered,normal,0
2001-07-13 23:54:00+00:00,2756,212,7.447387518142235,16.0,2.887298343358326,36,42,2968,rrc00,codered,normal,0
2001-07-13 23:57:00+00:00,2374,178,4.787700084245999,15.0,1.6830840882778193,33,53,2552,rrc00,codered,normal,0
2001-07-14 00:00:00+00:00,1723,197,5.589669181659896,23.0,2.8781499296706405,37,90,1920,rrc00,codered,normal,0
2001-07-14 00:03:00+00:00,2495,715,5.292585170340681,21.0,2.644797731460991,167,178,3210,rrc00,codered,normal,0
2001-07-14 00:06:00+00:00,3125,528,4.6768,21.0,2.1159635535613557,93,199,3653,rrc00,codered,normal,0
2001-07-14 00:09:00+00:00,2520,441,4.519444444444445,13.0,1.698160445219247,107,162,2961,rrc00,codered,normal,0
2001-07-14 00:12:00+00:00,1910,252,4.67696335078534,13.0,1.6065452490982912,39,109,2162,rrc00,codered,normal,0
2001-07-14 00:15:00+00:00,1437,166,4.5560194850382745,14.0,1.5388136379320296,28,51,1603,rrc00,codered,normal,0
2001-07-14 00:18:00+00:00,1512,201,4.735449735449736,14.0,1.632624541337083,37,56,1713,rrc00,codered,normal,0
2001-07-14 00:21:00+00:00,1613,304,5.359578425294482,14.0,2.0467936477353836,46,152,1917,rrc00,codered,normal,0
2001-07-14 00:24:00+00:00,1707,250,5.0251903925014645,18.0,2.2356640619652057,50,86,1957,rrc00,codered,normal,0
2001-07-14 00:27:00+00:00,1531,135,5.173742651861528,17.0,2.397171266594833,22,35,1666,rrc00,codered,normal,0
2001-07-14 00:30:00+00:00,1027,259,5.310613437195716,16.0,2.626342900998772,47,118,1286,rrc00,codered,normal,0
2001-07-14 00:33:00+00:00,1537,221,4.884189980481457,14.0,1.8360564612517132,36,45,1758,rrc00,codered,normal,0
2001-07-14 00:36:00+00:00,2205,682,5.503854875283447,21.0,2.5614636930957384,127,141,2887,rrc00,codered,normal,0
2001-07-14 00:39:00+00:00,1148,636,5.416376306620209,19.0,2.016260580746811,118,134,1784,rrc00,codered,normal,0
2001-07-14 00:42:00+00:00,1987,337,4.9682939104177155,22.0,2.6613037695040385,57,95,2324,rrc00,codered,normal,0
2001-07-14 00:45:00+00:00,3293,463,4.867294260552687,26.0,2.6663317706929264,70,98,3756,rrc00,codered,normal,0
2001-07-14 00:48:00+00:00,1586,347,6.854981084489281,24.0,4.294681720200732,56,133,1933,rrc00,codered,normal,0
2001-07-14 00:51:00+00:00,1538,254,6.131989596879063,19.0,3.020110973752445,34,136,1792,rrc00,codered,normal,0
2001-07-14 00:54:00+00:00,750,147,5.534666666666666,13.0,2.0709413855110004,21,40,897,rrc00,codered,normal,0
2001-07-14 00:57:00+00:00,1261,236,5.200634417129263,13.0,1.7582341667096473,32,109,1497,rrc00,codered,normal,0
2001-07-14 01:00:00+00:00,2305,424,4.847288503253796,19.0,1.911064433287337,51,72,2729,rrc00,codered,normal,0
2001-07-14 01:03:00+00:00,1772,320,5.313205417607223,25.0,2.3231064029892123,83,112,2092,rrc00,codered,normal,0
2001-07-14 01:06:00+00:00,1919,372,5.766545075560187,20.0,2.700569506827079,65,112,2291,rrc00,codered,normal,0
2001-07-14 01:09:00+00:00,1956,323,6.188650306748467,22.0,3.850702272869073,74,110,2279,rrc00,codered,normal,0
2001-07-14 01:12:00+00:00,1954,300,5.372057318321392,25.0,2.3026523722838887,46,79,2254,rrc00,codered,normal,0
2001-07-14 01:15:00+00:00,2495,398,5.176753507014028,16.0,2.064593367447581,70,85,2893,rrc00,codered,normal,0
2001-07-14 01:18:00+00:00,4572,500,5.465441819772528,24.0,2.312124259868347,116,137,5072,rrc00,codered,normal,0
2001-07-14 01:21:00+00:00,3105,270,5.8705314009661835,25.0,3.221503515875499,33,127,3375,rrc00,codered,normal,0
2001-07-14 01:24:00+00:00,2220,331,5.222972972972973,24.0,2.3710556035119073,49,72,2551,rrc00,codered,normal,0
2001-07-14 01:27:00+00:00,3972,305,5.037009063444109,25.0,1.989243460143705,35,138,4277,rrc00,codered,normal,0
2001-07-14 01:30:00+00:00,2960,191,5.1222972972972975,19.0,2.2420827957427596,40,63,3151,rrc00,codered,normal,0
2001-07-14 01:33:00+00:00,1578,441,6.299112801013941,18.0,2.77628226097404,78,95,2019,rrc00,codered,normal,0
2001-07-14 01:36:00+00:00,3159,341,5.656853434631213,17.0,2.0498711826620095,41,192,3500,rrc00,codered,normal,0
2001-07-14 01:39:00+00:00,3604,823,5.396781354051054,14.0,1.7999724581462855,128,170,4427,rrc00,codered,normal,0
2001-07-14 01:42:00+00:00,1786,498,5.3773796192609185,15.0,1.8486468124820898,66,113,2284,rrc00,codered,normal,0
2001-07-14 01:45:00+00:00,3045,1259,4.919211822660099,18.0,1.7879478019930242,133,153,4304,rrc00,codered,normal,0
2001-07-14 01:48:00+00:00,2784,439,5.126077586206897,25.0,2.3471022400003934,104,123,3223,rrc00,codered,normal,0
2001-07-14 01:51:00+00:00,2412,778,6.4792703150912105,25.0,2.9016467215041284,108,128,3190,rrc00,codered,normal,0
2001-07-14 01:54:00+00:00,2165,258,5.595381062355658,25.0,2.318273010425085,39,61,2423,rrc00,codered,normal,0
2001-07-14 01:57:00+00:00,2757,311,5.313746826260428,22.0,2.0234039591478217,41,62,3068,rrc00,codered,normal,0
2001-07-14 02:00:00+00:00,8608,214,3.7159618959107807,21.0,1.6964225025323922,34,76,8822,rrc00,codered,normal,0
2001-07-14 02:03:00+00:00,2315,436,5.909287257019439,17.0,2.3586567107229657,71,122,2751,rrc00,codered,normal,0
2001-07-14 02:06:00+00:00,4111,694,5.074677693991729,18.0,1.7002349307488054,149,171,4805,rrc00,codered,normal,0
2001-07-14 02:09:00+00:00,2882,482,5.200208188757807,22.0,1.9863762104321616,113,150,3364,rrc00,codered,normal,0
2001-07-14 02:12:00+00:00,1815,297,5.079338842975207,14.0,1.7547378143275902,51,93,2112,rrc00,codered,normal,0
2001-07-14 02:15:00+00:00,2307,399,5.307758994364976,17.0,1.7248397039536774,59,82,2706,rrc00,codered,normal,0
2001-07-14 02:18:00+00:00,2346,416,5.1658141517476555,16.0,1.9186901318967375,66,94,2762,rrc00,codered,normal,0
2001-07-14 02:21:00+00:00,2213,640,4.991414369633981,24.0,2.4243490023952496,124,149,2853,rrc00,codered,normal,0
2001-07-14 02:24:00+00:00,3237,827,4.814025332097621,16.0,1.906530996795806,114,138,4064,rrc00,codered,normal,0
2001-07-14 02:27:00+00:00,2070,410,5.303381642512077,17.0,2.102388373653323,75,97,2480,rrc00,codered,normal,0
2001-07-14 02:30:00+00:00,1954,265,5.236438075742067,26.0,2.446852218133208,50,70,2219,rrc00,codered,normal,0
2001-07-14 02:33:00+00:00,1009,232,5.593657086223984,19.0,2.8831555854965947,42,57,1241,rrc00,codered,normal,0
2001-07-14 02:36:00+00:00,2092,413,5.231357552581262,17.0,2.245030942198698,88,110,2505,rrc00,codered,normal,0
2001-07-14 02:39:00+00:00,2398,518,5.301501251042535,22.0,2.0902305218529147,98,147,2916,rrc00,codered,normal,0
2001-07-14 02:42:00+00:00,2601,466,5.077277970011534,21.0,2.072454143674748,100,119,3067,rrc00,codered,normal,0
2001-07-14 02:45:00+00:00,129964,1845,5.681565664337817,22.0,1.5927429675886657,303,698,131809,rrc00,codered,normal,0
2001-07-14 02:48:00+00:00,38461,649,5.871246197446764,25.0,1.5910883483589207,160,194,39110,rrc00,codered,normal,0
2001-07-14 02:51:00+00:00,1275,206,4.848627450980392,19.0,2.86777704414634,32,41,1481,rrc00,codered,normal,0
2001-07-14 02:54:00+00:00,1328,214,5.378012048192771,22.0,3.2697773992763937,42,60,1542,rrc00,codered,normal,0
2001-07-14 02:57:00+00:00,1047,311,5.351480420248328,25.0,2.1911202242253127,69,77,1358,rrc00,codered,normal,0
2001-07-14 03:00:00+00:00,1071,359,6.241830065359477,23.0,4.3925458900231,61,85,1430,rrc00,codered,normal,0
2001-07-14 03:03:00+00:00,2995,371,5.078464106844741,25.0,2.2290060022112215,54,79,3366,rrc00,codered,normal,0
2001-07-14 03:06:00+00:00,1771,314,5.477696216826652,20.0,2.332335849347779,50,82,2085,rrc00,codered,normal,0
2001-07-14 03:09:00+00:00,1583,289,4.903348073278585,22.0,2.2798815585836234,57,74,1872,rrc00,codered,normal,0
2001-07-14 03:12:00+00:00,1949,227,5.064648537711647,13.0,1.7653314760237788,35,51,2176,rrc00,codered,normal,0
2001-07-14 03:15:00+00:00,1627,190,4.952673632452366,23.0,2.0880077095802703,28,43,1817,rrc00,codered,normal,0
2001-07-14 03:18:00+00:00,10198,324,4.742596587566189,19.0,1.2195422883416804,61,106,10522,rrc00,codered,normal,0
2001-07-14 03:21:00+00:00,2391,278,5.147218736930155,21.0,2.449675761421076,47,62,2669,rrc00,codered,normal,0
2001-07-14 03:24:00+00:00,1745,545,4.665902578796562,13.0,1.6547615074896949,77,88,2290,rrc00,codered,normal,0
2001-07-14 03:27:00+00:00,1140,108,5.083333333333333,24.0,3.460691966773248,22,35,1248,rrc00,codered,normal,0
2001-07-14 03:30:00+00:00,2122,640,4.969839773798303,25.0,3.0100420794779033,70,153,2762,rrc00,codered,normal,0
2001-07-14 03:33:00+00:00,1137,148,5.897097625329815,24.0,3.855225288458521,34,58,1285,rrc00,codered,normal,0
2001-07-14 03:36:00+00:00,1299,252,4.793687451886067,16.0,2.3778403844340823,34,84,1551,rrc00,codered,normal,0
2001-07-14 03:39:00+00:00,2251,464,5.575299866725899,21.0,2.6695700917409693,66,136,2715,rrc00,codered,normal,0
2001-07-14 03:42:00+00:00,2414,665,5.746064623032312,24.0,2.5896788333274254,79,147,3079,rrc00,codered,normal,0
2001-07-14 03:45:00+00:00,2217,333,4.508795669824087,14.0,1.6541358186278092,74,95,2550,rrc00,codered,normal,0
2001-07-14 03:48:00+00:00,1664,463,4.466346153846154,13.0,1.598548655266532,63,96,2127,rrc00,codered,normal,0
2001-07-14 03:51:00+00:00,1664,379,5.033653846153846,24.0,2.4293027084758876,50,84,2043,rrc00,codered,normal,0
2001-07-14 03:54:00+00:00,2847,1046,5.633298208640674,25.0,2.5065536389636787,134,156,3893,rrc00,codered,normal,0
2001-07-14 03:57:00+00:00,1865,488,4.795710455764075,22.0,2.457266477920126,59,132,2353,rrc00,codered,normal,0
2001-07-14 04:00:00+00:00,2407,982,5.447029497299543,22.0,2.841981282020681,119,164,3389,rrc00,codered,normal,0
2001-07-14 04:03:00+00:00,2463,513,5.029232643118148,22.0,2.527630120782108,88,119,2976,rrc00,codered,normal,0
2001-07-14 04:06:00+00:00,6627,2060,5.372566772295156,22.0,1.70987300897937,338,422,8687,rrc00,codered,normal,0
2001-07-14 04:09:00+00:00,10559,2626,5.4763708684534524,24.0,1.4770990570594318,317,350,13185,rrc00,codered,normal,0
2001-07-14 04:12:00+00:00,4713,813,5.054530023339699,24.0,1.3900762056146487,139,175,5526,rrc00,codered,normal,0
2001-07-14 04:15:00+00:00,2028,451,5.0014792899408285,13.0,1.7466501556798315,83,87,2479,rrc00,codered,normal,0
2001-07-14 04:18:00+00:00,2487,380,4.898673100120627,20.0,2.040252909457999,60,105,2867,rrc00,codered,normal,0
2001-07-14 04:21:00+00:00,4180,386,4.579425837320574,25.0,2.63681293334526,57,126,4566,rrc00,codered,normal,0
2001-07-14 04:24:00+00:00,1946,280,4.6911613566289825,13.0,1.600261408394684,61,75,2226,rrc00,codered,normal,0
2001-07-14 04:27:00+00:00,1059,263,5.269121813031162,21.0,2.4729509852281746,42,49,1322,rrc00,codered,normal,0
2001-07-14 04:30:00+00:00,1423,189,4.723822909346451,22.0,2.4564316605030605,27,53,1612,rrc00,codered,normal,0
2001-07-14 04:33:00+00:00,2013,265,6.0879284649776455,25.0,3.5680480721336436,44,66,2278,rrc00,codered,normal,0
2001-07-14 04:36:00+00:00,1955,336,4.966751918158568,25.0,1.7895460675025137,45,66,2291,rrc00,codered,normal,0
2001-07-14 04:39:00+00:00,1728,493,4.877893518518518,13.0,1.6268215453802994,57,78,2221,rrc00,codered,normal,0
2001-07-14 04:42:00+00:00,1927,239,4.911779968863518,13.0,1.5957589411271471,42,67,2166,rrc00,codered,normal,0
2001-07-14 04:45:00+00:00,2192,513,5.257755474452555,13.0,1.481542177893964,102,142,2705,rrc00,codered,normal,0
2001-07-14 04:48:00+00:00,4966,1081,5.2426500201369315,13.0,1.429129011433179,140,179,6047,rrc00,codered,normal,0
2001-07-14 04:51:00+00:00,3062,507,5.392227302416721,24.0,2.3311661040985365,72,98,3569,rrc00,codered,normal,0
2001-07-14 04:54:00+00:00,8752,507,3.800845521023766,24.0,1.835433342745229,76,149,9259,rrc00,codered,normal,0
2001-07-14 04:57:00+00:00,2084,421,5.552303262955854,17.0,2.3518787100045886,65,176,2505,rrc00,codered,normal,0
2001-07-14 05:00:00+00:00,3164,825,6.027812895069532,24.0,3.294516786268418,94,145,3989,rrc00,codered,normal,0
2001-07-14 05:03:00+00:00,2890,663,5.478892733564014,24.0,2.1164385813840023,100,163,3553,rrc00,codered,normal,0
2001-07-14 05:06:00+00:00,5000,466,5.1862,25.0,1.9448212154334394,75,191,5466,rrc00,codered,normal,0
2001-07-14 05:09:00+00:00,2550,334,4.945490196078431,25.0,2.0036655759132964,73,94,2884,rrc00,codered,normal,0
2001-07-14 05:12:00+00:00,2097,360,5.091559370529327,23.0,2.0841180897781144,51,78,2457,rrc00,codered,normal,0
2001-07-14 05:15:00+00:00,2732,1050,5.923133235724744,24.0,2.9764730213732387,99,203,3782,rrc00,codered,normal,0
2001-07-14 05:18:00+00:00,2277,262,5.495388669301713,24.0,1.980493541740212,40,80,2539,rrc00,codered,normal,0
2001-07-14 05:21:00+00:00,1885,201,5.108222811671087,17.0,2.0005201639779293,36,54,2086,rrc00,codered,normal,0
2001-07-14 05:24:00+00:00,5166,500,5.4192799070847855,25.0,1.9880517917511433,79,138,5666,rrc00,codered,normal,0
2001-07-14 05:27:00+00:00,5209,1017,5.405836052985218,15.0,1.4072776986150408,129,154,6226,rrc00,codered,normal,0
2001-07-14 05:30:00+00:00,2398,442,5.100083402835696,20.0,1.7011966527788467,66,121,2840,rrc00,codered,normal,0
2001-07-14 05:33:00+00:00,2853,330,4.392569225376796,25.0,2.2963359824122582,57,114,3183,rrc00,codered,normal,0
2001-07-14 05:36:00+00:00,1751,425,5.131924614505997,18.0,1.8344575188260872,51,61,2176,rrc00,codered,normal,0
2001-07-14 05:39:00+00:00,4460,157,5.199551569506727,15.0,1.8637682489799017,28,65,4617,rrc00,codered,normal,0
2001-07-14 05:42:00+00:00,2329,435,6.178188063546586,27.0,3.520232385378971,53,92,2764,rrc00,codered,normal,0
2001-07-14 05:45:00+00:00,1251,184,5.677058353317346,27.0,3.587384812918096,39,57,1435,rrc00,codered,normal,0
2001-07-14 05:48:00+00:00,1999,480,6.242621310655328,25.0,4.031102730864034,59,73,2479,rrc00,codered,normal,0
2001-07-14 05:51:00+00:00,2214,225,4.982836495031617,27.0,2.5534350622933872,50,82,2439,rrc00,codered,normal,0
2001-07-14 05:54:00+00:00,3718,543,4.971490048413125,13.0,1.2991264024968008,164,184,4261,rrc00,codered,normal,0
2001-07-14 05:57:00+00:00,4553,1003,5.440808258291237,13.0,1.3729444492437812,189,200,5556,rrc00,codered,normal,0
2001-07-14 06:00:00+00:00,5106,1369,5.59165687426557,24.0,1.8901275550792807,213,244,6475,rrc00,codered,normal,0
2001-07-14 06:03:00+00:00,9330,1274,5.133333333333334,27.0,1.469742463216428,194,406,10604,rrc00,codered,normal,0
2001-07-14 06:06:00+00:00,10625,2059,5.132894117647059,27.0,1.9632950335568333,321,392,12684,rrc00,codered,normal,0
2001-07-14 06:09:00+00:00,5333,2496,5.774048378023626,26.0,2.0744048550436407,312,386,7829,rrc00,codered,normal,0
2001-07-14 06:12:00+00:00,8345,1949,5.127501497902936,13.0,1.5251963464729192,323,387,10294,rrc00,codered,normal,0
2001-07-14 06:15:00+00:00,7399,2049,5.544397891606974,14.0,1.5375273798067821,385,440,9448,rrc00,codered,normal,0
2001-07-14 06:18:00+00:00,9072,2421,5.525573192239859,27.0,1.9620536827044186,392,436,11493,rrc00,codered,normal,0
2001-07-14 06:21:00+00:00,5964,1729,5.64654594232059,25.0,2.2367771847265687,243,320,7693,rrc00,codered,normal,0
2001-07-14 06:24:00+00:00,2622,561,5.22463768115942,16.0,1.896108705992799,73,198,3183,rrc00,codered,normal,0
2001-07-14 06:27:00+00:00,2458,554,5.10740439381611,14.0,1.6123058653464775,76,90,3012,rrc00,codered,normal,0
2001-07-14 06:30:00+00:00,1814,430,5.070011025358324,20.0,1.816879784086805,80,101,2244,rrc00,codered,normal,0
2001-07-14 06:33:00+00:00,3118,1064,5.251763951250802,25.0,2.399845335129473,155,177,4182,rrc00,codered,normal,0
2001-07-14 06:36:00+00:00,2975,579,5.1959663865546215,27.0,2.4669071301502417,167,192,3554,rrc00,codered,normal,0
2001-07-14 06:39:00+00:00,1651,404,5.122955784373107,16.0,1.9341115239045077,76,91,2055,rrc00,codered,normal,0
2001-07-14 06:42:00+00:00,4569,1618,5.6660100678485446,24.0,2.5032406819789417,249,344,6187,rrc00,codered,normal,0
2001-07-14 06:45:00+00:00,4891,1399,5.5741157227560825,17.0,1.7195451802042399,155,250,6290,rrc00,codered,normal,0
2001-07-14 06:48:00+00:00,2958,1107,5.1812035158891145,22.0,1.8004652425834249,183,218,4065,rrc00,codered,normal,0
2001-07-14 06:51:00+00:00,1588,431,5.32808564231738,16.0,2.5164530859372936,64,101,2019,rrc00,codered,normal,0
2001-07-14 06:54:00+00:00,4518,1284,5.958388667552014,22.0,2.5011806450534233,264,293,5802,rrc00,codered,normal,0
2001-07-14 06:57:00+00:00,10266,1794,4.762127410870836,19.0,1.4585351135018996,263,497,12060,rrc00,codered,normal,0
2001-07-14 07:00:00+00:00,5305,1002,5.482940622054666,19.0,2.0018232088593595,149,220,6307,rrc00,codered,normal,0
2001-07-14 07:03:00+00:00,3362,217,5.53837001784652,21.0,2.28810845323879,37,90,3579,rrc00,codered,normal,0
2001-07-14 07:06:00+00:00,1910,158,5.105235602094241,17.0,1.761699507270107,25,38,2068,rrc00,codered,normal,0
2001-07-14 07:09:00+00:00,4349,798,5.240974936767073,24.0,1.4877021952090497,155,181,5147,rrc00,codered,normal,0
2001-07-14 07:12:00+00:00,3914,1149,5.526826775677057,25.0,2.121843183361147,164,183,5063,rrc00,codered,normal,0
2001-07-14 07:15:00+00:00,3456,1306,4.900173611111111,15.0,1.6198779582082137,150,203,4762,rrc00,codered,normal,0
2001-07-14 07:18:00+00:00,4335,679,4.702191464821222,18.0,1.287731944020313,150,258,5014,rrc00,codered,normal,0
2001-07-14 07:21:00+00:00,2099,279,4.580752739399714,21.0,2.361460293304064,46,62,2378,rrc00,codered,normal,0
2001-07-14 07:24:00+00:00,3884,442,4.803810504634398,18.0,1.7650707256255196,65,88,4326,rrc00,codered,normal,0
2001-07-14 07:27:00+00:00,6167,577,4.270634019782714,15.0,1.7578987034601363,152,258,6744,rrc00,codered,normal,0
2001-07-14 07:30:00+00:00,6090,608,4.094252873563218,13.0,1.3723697847295169,128,201,6698,rrc00,codered,normal,0
2001-07-14 07:33:00+00:00,2741,822,4.733673841663626,18.0,1.750965950580659,116,137,3563,rrc00,codered,normal,0
2001-07-14 07:36:00+00:00,4707,856,5.169322285957085,17.0,1.6946691645406775,160,187,5563,rrc00,codered,normal,0
2001-07-14 07:39:00+00:00,4041,519,4.872308834446919,19.0,2.084583076294496,86,189,4560,rrc00,codered,normal,0
2001-07-14 07:42:00+00:00,2153,305,5.743613562470971,22.0,3.310280029247008,56,111,2458,rrc00,codered,normal,0
2001-07-14 07:45:00+00:00,2824,504,4.887393767705382,24.0,2.0262259970503367,59,293,3328,rrc00,codered,normal,0
2001-07-14 07:48:00+00:00,2077,231,4.7361579200770345,24.0,1.9617692362884747,49,62,2308,rrc00,codered,normal,0
2001-07-14 07:51:00+00:00,1687,248,4.983402489626556,19.0,1.9817686037677047,40,60,1935,rrc00,codered,normal,0
2001-07-14 07:54:00+00:00,1681,287,5.321832242712671,19.0,2.7235165484105397,43,65,1968,rrc00,codered,normal,0
2001-07-14 07:57:00+00:00,2083,273,4.849255880940951,22.0,1.8915211610616096,53,65,2356,rrc00,codered,normal,0
2001-07-14 08:00:00+00:00,1378,195,4.890420899854862,14.0,1.8175993265728208,33,57,1573,rrc00,codered,normal,0
2001-07-14 08:03:00+00:00,2675,444,5.1917757009345795,22.0,3.140844523933285,58,121,3119,rrc00,codered,normal,0
2001-07-14 08:06:00+00:00,7089,1223,5.007335308224009,25.0,1.6224905127470992,264,314,8312,rrc00,codered,normal,0
2001-07-14 08:09:00+00:00,7655,1261,5.124363161332463,24.0,1.4778842658966604,246,268,8916,rrc00,codered,normal,0
2001-07-14 08:12:00+00:00,2907,835,5.319917440660475,22.0,2.3849139418158933,148,203,3742,rrc00,codered,normal,0
2001-07-14 08:15:00+00:00,3745,783,5.419225634178905,23.0,2.2104144658045355,168,203,4528,rrc00,codered,normal,0
2001-07-14 08:18:00+00:00,1594,359,6.928481806775408,25.0,4.454414789894894,53,109,1953,rrc00,codered,normal,0
2001-07-14 08:21:00+00:00,2290,230,5.096506550218341,25.0,2.9837750518430113,46,67,2520,rrc00,codered,normal,0
2001-07-14 08:24:00+00:00,2914,192,4.878517501715854,24.0,2.703933127272753,27,59,3106,rrc00,codered,normal,0
2001-07-14 08:27:00+00:00,2413,354,5.303771239121426,26.0,3.05471147527069,112,125,2767,rrc00,codered,normal,0
2001-07-14 08:30:00+00:00,3203,341,5.630970964720574,15.0,1.5650937596584822,109,130,3544,rrc00,codered,normal,0
2001-07-14 08:33:00+00:00,1277,169,4.891151135473766,14.0,1.7966012478344557,30,43,1446,rrc00,codered,normal,0
2001-07-14 08:36:00+00:00,2206,542,4.918404351767906,14.0,1.960548425423546,73,145,2748,rrc00,codered,normal,0
2001-07-14 08:39:00+00:00,1791,254,5.240089335566722,20.0,2.5788256003892456,43,68,2045,rrc00,codered,normal,0
2001-07-14 08:42:00+00:00,1514,274,5.5501981505944515,23.0,3.1418138099223047,42,51,1788,rrc00,codered,normal,0
2001-07-14 08:45:00+00:00,1349,255,5.183839881393625,21.0,2.2353066415207272,38,56,1604,rrc00,codered,normal,0
2001-07-14 08:48:00+00:00,2494,554,5.604651162790698,25.0,2.6619317293802194,117,131,3048,rrc00,codered,normal,0
2001-07-14 08:51:00+00:00,4711,1130,5.590532795584801,23.0,2.0179168682308113,150,176,5841,rrc00,codered,normal,0
2001-07-14 08:54:00+00:00,4806,718,5.405534748231378,25.0,2.5210149938443243,196,271,5524,rrc00,codered,normal,0
2001-07-14 08:57:00+00:00,4951,1227,6.172086447182387,25.0,3.482111783622377,136,154,6178,rrc00,codered,normal,0
2001-07-14 09:00:00+00:00,3021,574,5.973518702416419,26.0,3.0994698747046554,158,198,3595,rrc00,codered,normal,0
2001-07-14 09:03:00+00:00,12824,1482,4.641297567061759,25.0,1.9172276233830652,196,540,14306,rrc00,codered,normal,0
2001-07-14 09:06:00+00:00,5457,492,5.122594832325453,25.0,2.5620031238880676,80,222,5949,rrc00,codered,normal,0
2001-07-14 09:09:00+00:00,1243,202,5.3161705551086085,25.0,3.2013101918374423,34,63,1445,rrc00,codered,normal,0
2001-07-14 09:12:00+00:00,4290,456,4.73962703962704,22.0,1.6169385590649397,87,184,4746,rrc00,codered,normal,0
2001-07-14 09:15:00+00:00,4058,546,4.940364711680631,26.0,2.7548768648023887,74,167,4604,rrc00,codered,normal,0
2001-07-14 09:18:00+00:00,5949,512,4.233652714741973,27.0,2.1778088432239833,120,194,6461,rrc00,codered,normal,0
2001-07-14 09:21:00+00:00,4994,1001,4.375450540648779,27.0,2.409808012445166,142,211,5995,rrc00,codered,normal,0
2001-07-14 09:24:00+00:00,2294,708,5.830863121185702,27.0,3.7119693113911514,171,184,3002,rrc00,codered,normal,0
2001-07-14 09:27:00+00:00,2582,249,4.214949651432998,25.0,1.6990568923873082,37,67,2831,rrc00,codered,normal,0
2001-07-14 09:30:00+00:00,1285,287,4.666926070038911,13.0,1.7177137003593077,43,71,1572,rrc00,codered,normal,0
2001-07-14 09:33:00+00:00,2981,599,5.247567930224757,14.0,1.4612626216200455,69,193,3580,rrc00,codered,normal,0
2001-07-14 09:36:00+00:00,1637,330,6.285277947464874,25.0,4.123607497031546,73,114,1967,rrc00,codered,normal,0
2001-07-14 09:39:00+00:00,2404,245,5.396838602329451,27.0,2.9737772395484865,36,81,2649,rrc00,codered,normal,0
2001-07-14 09:42:00+00:00,1440,175,5.298611111111111,21.0,2.4312201472349204,31,44,1615,rrc00,codered,normal,0
2001-07-14 09:45:00+00:00,17629,156,4.111804413182824,14.0,1.0362052595550129,27,45,17785,rrc00,codered,normal,0
2001-07-14 09:48:00+00:00,43216,204,4.323468159940763,25.0,1.200503166756334,32,75,43420,rrc00,codered,normal,0
2001-07-14 09:51:00+00:00,2604,489,5.029185867895546,22.0,2.237594395029323,78,103,3093,rrc00,codered,normal,0
2001-07-14 09:54:00+00:00,1642,276,6.069427527405603,27.0,4.697168223413694,68,87,1918,rrc00,codered,normal,0
2001-07-14 09:57:00+00:00,1302,223,5.317972350230415,25.0,2.7399249105339587,33,43,1525,rrc00,codered,normal,0
2001-07-14 10:00:00+00:00,1707,268,5.271821909783245,24.0,2.912699164500616,43,65,1975,rrc00,codered,normal,0
2001-07-14 10:03:00+00:00,1863,289,5.156736446591519,15.0,2.170933857844209,49,92,2152,rrc00,codered,normal,0
2001-07-14 10:06:00+00:00,1734,417,5.271626297577854,24.0,2.9933667548965617,53,77,2151,rrc00,codered,normal,0
2001-07-14 10:09:00+00:00,3666,985,5.263229678123295,22.0,1.6809791914757033,161,195,4651,rrc00,codered,normal,0
2001-07-14 10:12:00+00:00,3105,333,5.070531400966184,21.0,1.9543546177808557,36,166,3438,rrc00,codered,normal,0
2001-07-14 10:15:00+00:00,2324,357,5.273666092943201,16.0,1.8362327159979634,45,111,2681,rrc00,codered,normal,0
2001-07-14 10:18:00+00:00,2013,809,5.099850968703428,13.0,1.6635733771516408,163,176,2822,rrc00,codered,normal,0
2001-07-14 10:21:00+00:00,3969,494,5.107835726883346,16.0,1.7817307461354384,62,178,4463,rrc00,codered,normal,0
2001-07-14 10:24:00+00:00,4041,1065,5.3556050482553825,23.0,1.6509275808384898,111,133,5106,rrc00,codered,normal,0
2001-07-14 10:27:00+00:00,2799,349,4.763129689174705,25.0,2.003387180334235,43,125,3148,rrc00,codered,normal,0
2001-07-14 10:30:00+00:00,4898,1040,5.228256431196407,25.0,1.9792105135188844,177,221,5938,rrc00,codered,normal,0
2001-07-14 10:33:00+00:00,1708,257,4.7043325526932085,15.0,1.5367641303899577,37,66,1965,rrc00,codered,normal,0
2001-07-14 10:36:00+00:00,1454,227,4.857634112792297,16.0,2.163141638412102,35,47,1681,rrc00,codered,normal,0
2001-07-14 10:39:00+00:00,1415,118,4.659363957597173,16.0,1.671590391345757,21,36,1533,rrc00,codered,normal,0
2001-07-14 10:42:00+00:00,1976,587,5.187246963562753,13.0,1.6176403917387534,128,139,2563,rrc00,codered,normal,0
2001-07-14 10:45:00+00:00,3394,846,5.355627578078963,15.0,1.5060042385161492,132,142,4240,rrc00,codered,normal,0
2001-07-14 10:48:00+00:00,2409,442,5.062681610626816,16.0,1.76957533805218,66,194,2851,rrc00,codered,normal,0
2001-07-14 10:51:00+00:00,2865,720,5.107853403141362,15.0,2.161512728840309,91,153,3585,rrc00,codered,normal,0
2001-07-14 10:54:00+00:00,2315,308,5.3218142548596115,16.0,2.2501498275173324,63,85,2623,rrc00,codered,normal,0
2001-07-14 10:57:00+00:00,2240,266,5.722767857142857,19.0,3.614506909124631,50,70,2506,rrc00,codered,normal,0
2001-07-14 11:00:00+00:00,3171,1175,5.212551245663828,13.0,1.3440996020676177,136,153,4346,rrc00,codered,normal,0
2001-07-14 11:03:00+00:00,2556,442,5.422535211267606,13.0,1.942811271954002,128,152,2998,rrc00,codered,normal,0
2001-07-14 11:06:00+00:00,1768,246,4.835972850678733,13.0,1.8131670447850603,39,56,2014,rrc00,codered,normal,0
2001-07-14 11:09:00+00:00,1237,276,5.1188358932902185,13.0,1.962776299862882,44,55,1513,rrc00,codered,normal,0
2001-07-14 11:12:00+00:00,1050,316,5.79047619047619,18.0,3.2065267906189274,59,70,1366,rrc00,codered,normal,0
2001-07-14 11:15:00+00:00,1038,189,6.752408477842004,25.0,4.342664731912994,34,42,1227,rrc00,codered,normal,0
2001-07-14 11:18:00+00:00,1671,201,4.873129862357869,16.0,1.566614498823281,29,70,1872,rrc00,codered,normal,0
2001-07-14 11:21:00+00:00,2615,431,4.601912045889101,22.0,2.7821192549330855,70,84,3046,rrc00,codered,normal,0
2001-07-14 11:24:00+00:00,1885,510,5.002122015915119,19.0,2.42051263964744,78,124,2395,rrc00,codered,normal,0
2001-07-14 11:27:00+00:00,2326,502,5.206792777300086,21.0,2.1878202553058395,93,107,2828,rrc00,codered,normal,0
2001-07-14 11:30:00+00:00,2206,224,5.144605621033545,13.0,1.566430305370202,47,67,2430,rrc00,codered,normal,0
2001-07-14 11:33:00+00:00,2081,219,5.456030754444979,21.0,3.2078581744351777,24,118,2300,rrc00,codered,normal,0
2001-07-14 11:36:00+00:00,1210,168,6.661983471074381,25.0,4.336158870681851,35,49,1378,rrc00,codered,normal,0
2001-07-14 11:39:00+00:00,2174,238,5.575896964121435,19.0,2.408297619590694,36,69,2412,rrc00,codered,normal,0
2001-07-14 11:42:00+00:00,1375,176,5.278545454545455,22.0,3.0271879649613123,34,46,1551,rrc00,codered,normal,0
2001-07-14 11:45:00+00:00,1895,220,5.3155672823219,14.0,1.9182900759254147,37,55,2115,rrc00,codered,normal,0
2001-07-14 11:48:00+00:00,4604,569,5.19483058210252,16.0,1.3533301083788014,131,153,5173,rrc00,codered,normal,0
2001-07-14 11:51:00+00:00,2089,340,4.882240306366683,16.0,1.7654509884479583,45,154,2429,rrc00,codered,normal,0
2001-07-14 11:54:00+00:00,1435,193,4.762369337979094,15.0,1.6182685168133617,35,49,1628,rrc00,codered,normal,0
2001-07-14 11:57:00+00:00,1240,142,4.85241935483871,13.0,1.6421840153498486,28,37,1382,rrc00,codered,normal,0
2001-07-14 12:00:00+00:00,1510,257,5.096688741721854,21.0,2.9946844125772007,40,60,1767,rrc00,codered,normal,0
2001-07-14 12:03:00+00:00,2600,639,5.529230769230769,17.0,2.4899628095414212,130,159,3239,rrc00,codered,normal,0
2001-07-14 12:06:00+00:00,4070,907,5.583292383292383,22.0,1.8843245703705565,130,143,4977,rrc00,codered,normal,0
2001-07-14 12:09:00+00:00,1182,173,5.892554991539763,16.0,3.2084061653357456,22,42,1355,rrc00,codered,normal,0
2001-07-14 12:12:00+00:00,2049,247,5.68033186920449,21.0,2.908362706601816,43,76,2296,rrc00,codered,normal,0
2001-07-14 12:15:00+00:00,2392,460,5.205685618729097,19.0,1.8975431523095307,141,153,2852,rrc00,codered,normal,0
2001-07-14 12:18:00+00:00,3820,977,5.147643979057592,19.0,1.409460257970698,136,153,4797,rrc00,codered,normal,0
2001-07-14 12:21:00+00:00,4181,222,4.892848600813203,20.0,1.7800615248044236,32,69,4403,rrc00,codered,normal,0
2001-07-14 12:24:00+00:00,1593,148,5.1048336472065285,18.0,2.143252127124729,26,53,1741,rrc00,codered,normal,0
2001-07-14 12:27:00+00:00,1517,274,4.699406723796968,16.0,1.5732875333281118,54,71,1791,rrc00,codered,normal,0
2001-07-14 12:30:00+00:00,3541,1027,4.942671561705732,14.0,1.1762694449504547,140,164,4568,rrc00,codered,normal,0
2001-07-14 12:33:00+00:00,3356,751,4.6531585220500595,13.0,1.6869297491141844,92,556,4107,rrc00,codered,normal,0
2001-07-14 12:36:00+00:00,1994,543,4.572718154463391,16.0,1.599265733535483,140,161,2537,rrc00,codered,normal,0
2001-07-14 12:39:00+00:00,3897,553,5.362073389787016,20.0,1.772115614410266,124,147,4450,rrc00,codered,normal,0
2001-07-14 12:42:00+00:00,2217,384,4.459630130807398,20.0,2.084225273752547,136,161,2601,rrc00,codered,normal,0
2001-07-14 12:45:00+00:00,1992,171,5.906124497991968,22.0,3.744302584988834,28,44,2163,rrc00,codered,normal,0
2001-07-14 12:48:00+00:00,3027,551,4.973901552692435,13.0,1.200283280992132,132,174,3578,rrc00,codered,normal,0
2001-07-14 12:51:00+00:00,2830,651,5.27208480565371,13.0,1.3646851718435637,177,199,3481,rrc00,codered,normal,0
2001-07-14 12:54:00+00:00,2964,336,4.958502024291498,13.0,1.3901397211531963,76,90,3300,rrc00,codered,normal,0
2001-07-14 12:57:00+00:00,3144,1216,5.086832061068702,13.0,1.4233260834170949,133,150,4360,rrc00,codered,normal,0
2001-07-14 13:00:00+00:00,1199,297,5.222685571309425,19.0,2.2406404259308506,62,89,1496,rrc00,codered,normal,0
2001-07-14 13:03:00+00:00,822,131,4.311435523114355,19.0,1.5324044470684108,25,42,953,rrc00,codered,normal,0
2001-07-14 13:06:00+00:00,1112,164,4.649280575539568,13.0,1.4713142660488294,32,50,1276,rrc00,codered,normal,0
2001-07-14 13:09:00+00:00,957,206,4.774294670846395,19.0,2.1721250228384608,39,56,1163,rrc00,codered,normal,0
2001-07-14 13:12:00+00:00,2078,314,4.705967276227142,16.0,1.6282731166879743,48,68,2392,rrc00,codered,normal,0
2001-07-14 13:15:00+00:00,1355,260,4.904059040590406,14.0,1.7742578460481122,35,47,1615,rrc00,codered,normal,0
2001-07-14 13:18:00+00:00,1886,235,4.756627783669141,17.0,1.4992561168368859,36,71,2121,rrc00,codered,normal,0
2001-07-14 13:21:00+00:00,1144,206,4.918706293706293,22.0,3.0150322229364326,32,57,1350,rrc00,codered,normal,0
2001-07-14 13:24:00+00:00,1135,216,4.7215859030837,13.0,1.8196240947362974,41,55,1351,rrc00,codered,normal,0
2001-07-14 13:27:00+00:00,1252,346,4.657348242811501,13.0,1.7914427396904327,47,66,1598,rrc00,codered,normal,0
2001-07-14 13:30:00+00:00,1554,533,4.960746460746461,13.0,1.595643508831192,91,104,2087,rrc00,codered,normal,0
2001-07-14 13:33:00+00:00,1598,350,5.506883604505632,22.0,3.259857898301001,66,89,1948,rrc00,codered,normal,0
2001-07-14 13:36:00+00:00,1100,253,5.391818181818182,21.0,3.038260022931242,46,70,1353,rrc00,codered,normal,0
2001-07-14 13:39:00+00:00,1563,160,5.834932821497121,23.0,2.536920298080723,36,48,1723,rrc00,codered,normal,0
2001-07-14 13:42:00+00:00,1135,204,4.727753303964758,25.0,2.3669671985215066,31,55,1339,rrc00,codered,normal,0
2001-07-14 13:45:00+00:00,1192,170,4.985738255033557,15.0,1.8393438678984089,32,39,1362,rrc00,codered,normal,0
2001-07-14 13:48:00+00:00,1063,259,4.80620884289746,13.0,1.8218076427402095,34,62,1322,rrc00,codered,normal,0
2001-07-14 13:51:00+00:00,1600,300,5.161875,14.0,2.0605027261265634,55,90,1900,rrc00,codered,normal,0
2001-07-14 13:54:00+00:00,2340,414,4.8538461538461535,15.0,1.6817287839681783,66,80,2754,rrc00,codered,normal,0
2001-07-14 13:57:00+00:00,1968,382,4.641768292682927,13.0,1.7046157218915499,62,86,2350,rrc00,codered,normal,0
2001-07-14 14:00:00+00:00,1796,278,5.3502227171492205,21.0,2.8247543511181625,37,58,2074,rrc00,codered,normal,0
2001-07-14 14:03:00+00:00,1529,272,5.525179856115108,14.0,2.3106204840435396,37,60,1801,rrc00,codered,normal,0
2001-07-14 14:06:00+00:00,3768,846,5.610934182590234,21.0,2.584127481095997,120,169,4614,rrc00,codered,normal,0
2001-07-14 14:09:00+00:00,2764,692,6.029305354558611,25.0,3.4845444499934297,92,257,3456,rrc00,codered,normal,0
2001-07-14 14:12:00+00:00,5680,831,5.247887323943662,17.0,1.343540535452019,182,211,6511,rrc00,codered,normal,0
2001-07-14 14:15:00+00:00,6471,1425,5.402410755679184,13.0,1.793380675422982,247,275,7896,rrc00,codered,normal,0
2001-07-14 14:18:00+00:00,2363,927,5.352941176470588,13.0,1.824464287406991,166,201,3290,rrc00,codered,normal,0
2001-07-14 14:21:00+00:00,2083,261,5.3581373019683145,13.0,1.5828578790155519,32,134,2344,rrc00,codered,normal,0
2001-07-14 14:24:00+00:00,2386,670,6.230930427493713,15.0,2.017085169099479,110,147,3056,rrc00,codered,normal,0
2001-07-14 14:27:00+00:00,4283,530,6.0170441279477,15.0,1.7654792727453748,112,128,4813,rrc00,codered,normal,0
2001-07-14 14:30:00+00:00,1213,211,5.037922506183017,13.0,1.709354401184973,52,74,1424,rrc00,codered,normal,0
2001-07-14 14:33:00+00:00,1412,299,4.896600566572238,13.0,1.502336160652162,45,56,1711,rrc00,codered,normal,0
2001-07-14 14:36:00+00:00,2652,264,5.371417797888386,14.0,1.9919855890879874,40,51,2916,rrc00,codered,normal,0
2001-07-14 14:39:00+00:00,3381,716,5.3564034309375925,14.0,1.4767781371242397,166,226,4097,rrc00,codered,normal,0
2001-07-14 14:42:00+00:00,2582,274,5.675832687838884,14.0,1.838531555425359,55,95,2856,rrc00,codered,normal,0
2001-07-14 14:45:00+00:00,2205,198,5.408616780045351,21.0,2.0095956070652914,33,55,2403,rrc00,codered,normal,0
2001-07-14 14:48:00+00:00,1142,279,4.641856392294221,14.0,1.7587706820749514,50,70,1421,rrc00,codered,normal,0
2001-07-14 14:51:00+00:00,1408,192,4.529119318181818,15.0,1.6636159335614502,32,51,1600,rrc00,codered,normal,0
2001-07-14 14:54:00+00:00,2742,216,4.99854121079504,13.0,1.7471446085864248,33,52,2958,rrc00,codered,normal,0
2001-07-14 14:57:00+00:00,1565,241,5.768690095846646,15.0,2.233103517371033,45,87,1806,rrc00,codered,normal,0
2001-07-14 15:00:00+00:00,1610,267,5.284472049689441,21.0,2.761954457106747,48,59,1877,rrc00,codered,normal,0
2001-07-14 15:03:00+00:00,1662,277,5.151022864019254,21.0,2.2496280293051467,48,57,1939,rrc00,codered,normal,0
2001-07-14 15:06:00+00:00,1549,304,5.461588121368625,15.0,2.642572998994931,49,68,1853,rrc00,codered,normal,0
2001-07-14 15:09:00+00:00,3447,576,5.2431099506817525,14.0,1.5236529728210777,73,282,4023,rrc00,codered,normal,0
2001-07-14 15:12:00+00:00,8263,1636,5.464722255839283,23.0,1.9861393887989667,248,297,9899,rrc00,codered,normal,0
2001-07-14 15:15:00+00:00,1652,293,5.87227602905569,25.0,2.9648924624071054,40,79,1945,rrc00,codered,normal,0
2001-07-14 15:18:00+00:00,2266,376,4.953662842012356,17.0,1.5445909089743428,71,83,2642,rrc00,codered,normal,0
2001-07-14 15:21:00+00:00,1737,363,5.777777777777778,25.0,2.95584685670827,68,80,2100,rrc00,codered,normal,0
2001-07-14 15:24:00+00:00,1356,569,5.161504424778761,14.0,1.7951159835852373,143,158,1925,rrc00,codered,normal,0
2001-07-14 15:27:00+00:00,3400,802,5.531176470588235,17.0,1.5496389801686494,138,149,4202,rrc00,codered,normal,0
2001-07-14 15:30:00+00:00,1758,372,4.739476678043231,13.0,1.5269070059633476,53,71,2130,rrc00,codered,normal,0
2001-07-14 15:33:00+00:00,2181,500,5.43191196698762,15.0,2.276923981707929,119,158,2681,rrc00,codered,normal,0
2001-07-14 15:36:00+00:00,2026,435,5.0172754195459035,13.0,1.5418472274552362,55,70,2461,rrc00,codered,normal,0
2001-07-14 15:39:00+00:00,873,183,4.9965635738831615,18.0,2.015117462012167,38,63,1056,rrc00,codered,normal,0
2001-07-14 15:42:00+00:00,1675,150,4.8459701492537315,21.0,2.230355074938285,26,57,1825,rrc00,codered,normal,0
2001-07-14 15:45:00+00:00,1650,313,4.96,15.0,2.199636333578803,40,59,1963,rrc00,codered,normal,0
2001-07-14 15:48:00+00:00,1147,188,5.214472537053182,19.0,2.4832902344953802,35,53,1335,rrc00,codered,normal,0
2001-07-14 15:51:00+00:00,1934,263,4.933815925542916,13.0,1.3901575350734,37,63,2197,rrc00,codered,normal,0
2001-07-14 15:54:00+00:00,1798,331,5.254727474972191,13.0,1.6426149857342058,59,71,2129,rrc00,codered,normal,0
2001-07-14 15:57:00+00:00,3084,660,5.367704280155642,19.0,1.6868130629790998,140,174,3744,rrc00,codered,normal,0
2001-07-14 16:00:00+00:00,1650,408,5.7715151515151515,21.0,2.67546214780099,55,67,2058,rrc00,codered,normal,0
2001-07-14 16:03:00+00:00,4387,418,4.941189879188512,16.0,1.393333552367767,56,110,4805,rrc00,codered,normal,0
2001-07-14 16:06:00+00:00,1311,182,4.834477498093059,13.0,2.0435908662434334,37,61,1493,rrc00,codered,normal,0
2001-07-14 16:09:00+00:00,2091,182,5.014347202295553,15.0,1.7746783657149128,37,53,2273,rrc00,codered,normal,0
2001-07-14 16:12:00+00:00,706,208,5.069405099150142,16.0,2.324155440788869,31,62,914,rrc00,codered,normal,0
2001-07-14 16:15:00+00:00,1215,338,5.154732510288066,15.0,1.8362850061802782,46,57,1553,rrc00,codered,normal,0
2001-07-14 16:18:00+00:00,2853,420,4.831405538030143,15.0,1.503810566309941,74,83,3273,rrc00,codered,normal,0
2001-07-14 16:21:00+00:00,12015,418,5.6604244694132335,23.0,1.5017961734482934,26,285,12433,rrc00,codered,normal,0
2001-07-14 16:24:00+00:00,4692,211,5.4335038363171355,20.0,1.1497296836504454,35,67,4903,rrc00,codered,normal,0
2001-07-14 16:27:00+00:00,1064,146,5.2518796992481205,18.0,1.9607272512893734,28,45,1210,rrc00,codered,normal,0
2001-07-14 16:30:00+00:00,997,170,5.0280842527582745,21.0,2.1271549085427655,33,53,1167,rrc00,codered,normal,0
2001-07-14 16:33:00+00:00,1111,202,5.074707470747074,19.0,1.8895704272598974,33,57,1313,rrc00,codered,normal,0
2001-07-14 16:36:00+00:00,2488,483,5.215434083601286,13.0,1.4571212384468362,58,183,2971,rrc00,codered,normal,0
2001-07-14 16:39:00+00:00,2885,466,5.205892547660312,13.0,1.3594396626648295,47,230,3351,rrc00,codered,normal,0
2001-07-14 16:42:00+00:00,11947,403,5.578890097932535,17.0,1.1176837875076007,28,267,12350,rrc00,codered,normal,0
2001-07-14 16:45:00+00:00,15484,205,3.901898734177215,15.0,1.4385722316569995,37,59,15689,rrc00,codered,normal,0
2001-07-14 16:48:00+00:00,1064,237,4.866541353383458,15.0,1.9289661982923805,40,52,1301,rrc00,codered,normal,0
2001-07-14 16:51:00+00:00,1575,249,5.2850793650793655,14.0,1.8971991662028707,42,69,1824,rrc00,codered,normal,0
2001-07-14 16:54:00+00:00,2154,479,5.111420612813371,15.0,1.6994809209329291,71,99,2633,rrc00,codered,normal,0
2001-07-14 16:57:00+00:00,1605,293,4.3950155763239875,17.0,1.7740883534194927,60,80,1898,rrc00,codered,normal,0
2001-07-14 17:00:00+00:00,1496,315,5.008021390374331,17.0,1.801645071069576,55,86,1811,rrc00,codered,normal,0
2001-07-14 17:03:00+00:00,2154,230,5.288300835654596,16.0,1.796773800867797,43,59,2384,rrc00,codered,normal,0
2001-07-14 17:06:00+00:00,1775,268,5.2828169014084505,15.0,1.8725633429919426,57,71,2043,rrc00,codered,normal,0
2001-07-14 17:09:00+00:00,1211,212,4.894302229562345,15.0,1.6221196756916179,35,61,1423,rrc00,codered,normal,0
2001-07-14 17:12:00+00:00,2738,497,5.034331628926224,13.0,1.6801132204362408,75,116,3235,rrc00,codered,normal,0
2001-07-14 17:15:00+00:00,3235,272,4.863369397217929,13.0,1.5752735120888743,37,119,3507,rrc00,codered,normal,0
2001-07-14 17:18:00+00:00,2640,241,4.518939393939394,13.0,1.523186083448688,42,54,2881,rrc00,codered,normal,0
2001-07-14 17:21:00+00:00,4089,1970,4.600880410858401,16.0,1.660809234943699,37,1799,6059,rrc00,codered,normal,0
2001-07-14 17:24:00+00:00,4016,260,4.672061752988048,14.0,1.5040702850869,36,73,4276,rrc00,codered,normal,0
2001-07-14 17:27:00+00:00,1300,378,4.618461538461538,14.0,1.8129357668363641,51,58,1678,rrc00,codered,normal,0
2001-07-14 17:30:00+00:00,1376,590,5.162063953488372,16.0,1.7745085583949514,67,74,1966,rrc00,codered,normal,0
2001-07-14 17:33:00+00:00,2162,570,6.012025901942645,13.0,1.8177467380714571,79,96,2732,rrc00,codered,normal,0
2001-07-14 17:36:00+00:00,5228,844,4.907421576128539,11.0,1.3061557542683135,206,221,6072,rrc00,codered,normal,0
2001-07-14 17:39:00+00:00,1446,260,4.743430152143845,13.0,1.5935148191559274,40,101,1706,rrc00,codered,normal,0
2001-07-14 17:42:00+00:00,2046,305,4.871945259042033,16.0,2.3449421098333545,52,60,2351,rrc00,codered,normal,0
2001-07-14 17:45:00+00:00,5423,915,4.9173888991333214,17.0,1.8092204591728667,119,231,6338,rrc00,codered,normal,0
2001-07-14 17:48:00+00:00,5658,498,4.88016967126193,15.0,1.5416197839755836,134,187,6156,rrc00,codered,normal,0
2001-07-14 17:51:00+00:00,1895,269,4.7910290237467015,13.0,1.7712520344677578,45,64,2164,rrc00,codered,normal,0
2001-07-14 17:54:00+00:00,3337,509,5.833383278393767,14.0,2.1737090005185267,80,110,3846,rrc00,codered,normal,0
2001-07-14 17:57:00+00:00,1530,266,5.033986928104575,13.0,2.167229591991649,40,50,1796,rrc00,codered,normal,0
2001-07-14 18:00:00+00:00,569,140,4.746924428822496,14.0,1.9607560670746866,20,38,709,rrc00,codered,normal,0
2001-07-14 18:03:00+00:00,2275,351,5.323076923076923,13.0,1.9904760556582375,78,89,2626,rrc00,codered,normal,0
2001-07-14 18:06:00+00:00,1558,273,5.664313222079589,15.0,2.8328981308432746,40,82,1831,rrc00,codered,normal,0
2001-07-14 18:09:00+00:00,1897,247,4.785977859778598,14.0,2.2185667642982887,42,61,2144,rrc00,codered,normal,0
2001-07-14 18:12:00+00:00,2040,310,5.508333333333334,15.0,2.2042581711240903,63,70,2350,rrc00,codered,normal,0
2001-07-14 18:15:00+00:00,1322,227,4.735249621785174,15.0,1.8423775518576846,35,78,1549,rrc00,codered,normal,0
2001-07-14 18:18:00+00:00,1871,246,5.219134152859433,16.0,2.090695453958156,40,76,2117,rrc00,codered,normal,0
2001-07-14 18:21:00+00:00,11294,283,3.6232512838675404,13.0,1.2637742659007019,36,56,11577,rrc00,codered,normal,0
2001-07-14 18:24:00+00:00,1906,282,5.367261280167891,15.0,2.5080057653723324,53,72,2188,rrc00,codered,normal,0
2001-07-14 18:27:00+00:00,11040,270,3.6058876811594205,15.0,1.2404788587391082,39,78,11310,rrc00,codered,normal,0
2001-07-14 18:30:00+00:00,1468,290,4.914850136239782,14.0,1.7667756209284375,44,60,1758,rrc00,codered,normal,0
2001-07-14 18:33:00+00:00,1203,346,4.703241895261845,13.0,1.7311044616652704,53,72,1549,rrc00,codered,normal,0
2001-07-14 18:36:00+00:00,2594,280,4.994602929838088,14.0,1.5608851798660328,48,71,2874,rrc00,codered,normal,0
2001-07-14 18:39:00+00:00,2526,547,5.156373713380839,13.0,1.8598172446180534,70,120,3073,rrc00,codered,normal,0
2001-07-14 18:42:00+00:00,976,300,4.987704918032787,13.0,1.8968946957322443,57,73,1276,rrc00,codered,normal,0
2001-07-14 18:45:00+00:00,2544,512,5.256682389937107,14.0,2.2032518133912653,117,146,3056,rrc00,codered,normal,0
2001-07-14 18:48:00+00:00,3202,513,5.469081823860088,14.0,2.0105467620771993,70,94,3715,rrc00,codered,normal,0
2001-07-14 18:51:00+00:00,2696,320,5.51186943620178,13.0,2.0913503668300857,68,95,3016,rrc00,codered,normal,0
2001-07-14 18:54:00+00:00,2374,237,5.193344566133109,13.0,1.653702649603159,32,84,2611,rrc00,codered,normal,0
2001-07-14 18:57:00+00:00,1135,244,4.496035242290749,13.0,1.4400600081079307,36,67,1379,rrc00,codered,normal,0
2001-07-14 19:00:00+00:00,11286,270,3.595959595959596,16.0,1.2253443192959041,41,53,11556,rrc00,codered,normal,0
2001-07-14 19:03:00+00:00,1449,216,4.9979296066252585,13.0,1.8409860585899662,43,53,1665,rrc00,codered,normal,0
2001-07-14 19:06:00+00:00,11534,173,3.6767816889197156,13.0,1.2933330712463553,30,40,11707,rrc00,codered,normal,0
2001-07-14 19:09:00+00:00,3434,171,4.6144437973209085,13.0,1.2143007780739532,29,41,3605,rrc00,codered,normal,0
2001-07-14 19:12:00+00:00,11329,213,3.588313178568276,15.0,1.2297218336797373,32,60,11542,rrc00,codered,normal,0
2001-07-14 19:15:00+00:00,2970,211,4.515824915824916,13.0,1.2672720813890324,36,74,3181,rrc00,codered,normal,0
2001-07-14 19:18:00+00:00,1511,227,4.9649238914626075,15.0,1.9708566548171065,38,49,1738,rrc00,codered,normal,0
2001-07-14 19:21:00+00:00,1732,378,4.990762124711316,18.0,1.877275708118801,117,140,2110,rrc00,codered,normal,0
2001-07-14 19:24:00+00:00,11247,346,4.241397706054948,14.0,1.188831178998087,59,113,11593,rrc00,codered,normal,0
2001-07-14 19:27:00+00:00,15627,469,3.9162987137646383,15.0,1.471743165891907,118,142,16096,rrc00,codered,normal,0
2001-07-14 19:30:00+00:00,1526,406,5.581913499344692,16.0,2.573845261777404,51,79,1932,rrc00,codered,normal,0
2001-07-14 19:33:00+00:00,13014,377,3.760796065775319,14.0,1.4478368721924402,46,131,13391,rrc00,codered,normal,0
2001-07-14 19:36:00+00:00,2276,301,4.244727592267135,15.0,1.871144158482223,56,71,2577,rrc00,codered,normal,0
2001-07-14 19:39:00+00:00,3258,253,4.280540208717004,14.0,1.761360237486321,45,85,3511,rrc00,codered,normal,0
2001-07-14 19:42:00+00:00,14470,157,3.6156185210780927,15.0,1.2038314270057098,26,41,14627,rrc00,codered,normal,0
2001-07-14 19:45:00+00:00,3693,259,3.9940427836447334,13.0,1.58587292799337,46,63,3952,rrc00,codered,normal,0
2001-07-14 19:48:00+00:00,11587,271,3.6109432985242083,13.0,1.212764466686249,54,89,11858,rrc00,codered,normal,0
2001-07-14 19:51:00+00:00,3643,307,4.5349986275048035,14.0,1.387593322206589,59,87,3950,rrc00,codered,normal,0
2001-07-14 19:54:00+00:00,3507,718,4.467065868263473,17.0,1.3486727528969873,80,121,4225,rrc00,codered,normal,0
2001-07-14 19:57:00+00:00,3420,424,4.549415204678363,14.0,1.5373183181211385,88,183,3844,rrc00,codered,normal,0
2001-07-14 20:00:00+00:00,3307,576,5.136377381312368,14.0,1.7522281638704178,98,116,3883,rrc00,codered,normal,0
2001-07-14 20:03:00+00:00,1919,235,5.525794684731631,13.0,2.004745953544264,42,77,2154,rrc00,codered,normal,0
2001-07-14 20:06:00+00:00,1566,398,5.454022988505747,13.0,2.187592677135115,62,80,1964,rrc00,codered,normal,0
2001-07-14 20:09:00+00:00,2051,528,5.632862018527548,15.0,2.323070764456073,72,95,2579,rrc00,codered,normal,0
2001-07-14 20:12:00+00:00,2549,329,5.46057277363672,13.0,2.2099748514756365,57,90,2878,rrc00,codered,normal,0
2001-07-14 20:15:00+00:00,2152,306,5.107806691449814,16.0,2.4556464074896724,54,90,2458,rrc00,codered,normal,0
2001-07-14 20:18:00+00:00,2187,304,4.2633744855967075,13.0,1.6657468375730007,44,110,2491,rrc00,codered,normal,0
2001-07-14 20:21:00+00:00,1542,216,5.089494163424124,16.0,2.43030608810342,29,70,1758,rrc00,codered,normal,0
2001-07-14 20:24:00+00:00,3388,533,4.790436835891382,16.0,1.6742731910489737,80,117,3921,rrc00,codered,normal,0
2001-07-14 20:27:00+00:00,1943,203,4.544004117344313,17.0,1.5615667811941998,44,64,2146,rrc00,codered,normal,0
2001-07-14 20:30:00+00:00,12163,369,3.682726301077037,13.0,1.247101079706666,51,152,12532,rrc00,codered,normal,0
2001-07-14 20:33:00+00:00,1897,352,4.745914602003163,14.0,1.4967071286225448,58,79,2249,rrc00,codered,normal,0
2001-07-14 20:36:00+00:00,1369,243,4.869978086194302,14.0,1.8316382117108732,43,74,1612,rrc00,codered,normal,0
2001-07-14 20:39:00+00:00,1339,277,5.123973114264376,14.0,1.7463116926911868,44,57,1616,rrc00,codered,normal,0
2001-07-14 20:42:00+00:00,1995,374,4.560902255639098,17.0,1.7257231786103202,46,148,2369,rrc00,codered,normal,0
2001-07-14 20:45:00+00:00,13229,174,3.784866580996296,18.0,1.3155693355572378,31,53,13403,rrc00,codered,normal,0
2001-07-14 20:48:00+00:00,4540,282,4.734140969162995,15.0,1.5015489909417472,43,111,4822,rrc00,codered,normal,0
2001-07-14 20:51:00+00:00,14737,338,3.8423695460405782,15.0,1.375263598893595,47,86,15075,rrc00,codered,normal,0
2001-07-14 20:54:00+00:00,3257,328,5.25637089346024,16.0,1.9065462832325042,59,81,3585,rrc00,codered,normal,0
2001-07-14 20:57:00+00:00,2621,282,4.528042731781762,14.0,1.815738231659922,34,104,2903,rrc00,codered,normal,0
2001-07-14 21:00:00+00:00,4563,599,5.3673022134560595,17.0,1.8975745785683729,74,106,5162,rrc00,codered,normal,0
2001-07-14 21:03:00+00:00,3097,528,5.029706167258637,17.0,1.935951108478179,99,222,3625,rrc00,codered,normal,0
2001-07-14 21:06:00+00:00,2356,537,4.51528013582343,13.0,1.710405823019396,94,108,2893,rrc00,codered,normal,0
2001-07-14 21:09:00+00:00,4890,1152,5.024335378323109,16.0,1.5911375263652352,228,246,6042,rrc00,codered,normal,0
2001-07-14 21:12:00+00:00,5397,1258,5.3922549564572915,13.0,1.5637047518297453,206,221,6655,rrc00,codered,normal,0
2001-07-14 21:15:00+00:00,3387,886,5.126070268674343,13.0,1.4964940816937604,168,198,4273,rrc00,codered,normal,0
2001-07-14 21:18:00+00:00,1864,452,4.840665236051502,15.0,2.010657971960367,62,103,2316,rrc00,codered,normal,0
2001-07-14 21:21:00+00:00,1929,311,4.877138413685848,13.0,1.4222336210364317,45,130,2240,rrc00,codered,normal,0
2001-07-14 21:24:00+00:00,7954,1276,4.815690218757858,15.0,1.5661510142171942,61,1024,9230,rrc00,codered,normal,0
2001-07-14 21:27:00+00:00,11611,499,5.073809318749461,18.0,1.5670292019184329,56,212,12110,rrc00,codered,normal,0
2001-07-14 21:30:00+00:00,9519,2075,5.037083727282278,13.0,1.4653582720465794,133,1676,11594,rrc00,codered,normal,0
2001-07-14 21:33:00+00:00,2902,805,5.705031013094418,17.0,1.9859522630671507,97,180,3707,rrc00,codered,normal,0
2001-07-14 21:36:00+00:00,2349,1035,5.722860791826309,18.0,2.18771896068688,129,159,3384,rrc00,codered,normal,0
2001-07-14 21:39:00+00:00,2635,238,4.870967741935484,15.0,2.124594305040083,49,80,2873,rrc00,codered,normal,0
2001-07-14 21:42:00+00:00,3604,483,5.118201997780244,13.0,1.762512423027952,69,81,4087,rrc00,codered,normal,0
2001-07-14 21:45:00+00:00,1639,193,5.166564978645516,17.0,1.9984020096893798,36,77,1832,rrc00,codered,normal,0
2001-07-14 21:48:00+00:00,903,218,4.614617940199335,13.0,1.9087393122462986,35,52,1121,rrc00,codered,normal,0
2001-07-14 21:51:00+00:00,1814,210,4.958654906284454,15.0,1.8031424116704682,40,55,2024,rrc00,codered,normal,0
2001-07-14 21:54:00+00:00,1088,198,4.732536764705882,13.0,1.8926056284458277,36,56,1286,rrc00,codered,normal,0
2001-07-14 21:57:00+00:00,1348,287,4.425074183976261,13.0,1.550206383450923,48,63,1635,rrc00,codered,normal,0
2001-07-14 22:00:00+00:00,2430,369,5.083950617283951,13.0,1.561479997812837,50,144,2799,rrc00,codered,normal,0
2001-07-14 22:03:00+00:00,3109,628,5.197812801543905,12.0,1.3870402697437447,140,160,3737,rrc00,codered,normal,0
2001-07-14 22:06:00+00:00,2503,296,4.845385537355174,14.0,1.6566147513110787,47,63,2799,rrc00,codered,normal,0
2001-07-14 22:09:00+00:00,2497,367,4.919903884661594,16.0,1.5071556431012578,54,143,2864,rrc00,codered,normal,0
2001-07-14 22:12:00+00:00,48017,646,4.053585188579045,15.0,1.3359514733734683,85,274,48663,rrc00,codered,normal,0
2001-07-14 22:15:00+00:00,3360,393,4.583630952380952,15.0,2.1233186417210312,62,89,3753,rrc00,codered,normal,0
2001-07-14 22:18:00+00:00,2944,260,4.115489130434782,13.0,1.6234036573398685,67,114,3204,rrc00,codered,normal,0
2001-07-14 22:21:00+00:00,6379,442,4.484558708261483,15.0,1.4547158870655301,83,101,6821,rrc00,codered,normal,0
2001-07-14 22:24:00+00:00,6661,308,4.6425461642396035,17.0,1.4704159844242504,53,113,6969,rrc00,codered,normal,0
2001-07-14 22:27:00+00:00,12862,191,3.834862385321101,13.0,1.299415790001687,32,59,13053,rrc00,codered,normal,0
2001-07-14 22:30:00+00:00,15761,621,3.9114903876657574,14.0,1.255191088707349,99,147,16382,rrc00,codered,normal,0
2001-07-14 22:33:00+00:00,2743,215,4.993437841779074,14.0,1.509464838319605,46,90,2958,rrc00,codered,normal,0
2001-07-14 22:36:00+00:00,3783,561,5.527094898228919,16.0,1.660520475887307,119,139,4344,rrc00,codered,normal,0
2001-07-14 22:39:00+00:00,2634,457,5.192862566438876,17.0,1.5195543716252409,102,136,3091,rrc00,codered,normal,0
2001-07-14 22:42:00+00:00,2418,467,4.86848635235732,16.0,1.7380311084717563,118,139,2885,rrc00,codered,normal,0
2001-07-14 22:45:00+00:00,1617,341,4.833024118738405,13.0,1.7352464072972322,94,106,1958,rrc00,codered,normal,0
2001-07-14 22:48:00+00:00,2179,224,4.968334098210188,17.0,1.8906323323785619,42,61,2403,rrc00,codered,normal,0
2001-07-14 22:51:00+00:00,1494,190,4.894912985274431,14.0,1.6141321453926514,30,45,1684,rrc00,codered,normal,0
2001-07-14 22:54:00+00:00,1829,242,4.970475669764899,16.0,1.623435140234269,32,50,2071,rrc00,codered,normal,0
2001-07-14 22:57:00+00:00,4217,427,4.6893526203462175,14.0,1.4559415147080281,117,149,4644,rrc00,codered,normal,0
2001-07-14 23:00:00+00:00,5584,659,5.043159025787966,17.0,1.3989736487295743,142,237,6243,rrc00,codered,normal,0
2001-07-14 23:03:00+00:00,2650,274,4.520754716981132,14.0,1.4515260012445765,31,150,2924,rrc00,codered,normal,0
2001-07-14 23:06:00+00:00,1735,214,4.655331412103746,13.0,1.4523930733260733,35,44,1949,rrc00,codered,normal,0
2001-07-14 23:09:00+00:00,2038,199,5.1874386653581945,15.0,2.1893217556295377,40,52,2237,rrc00,codered,normal,0
2001-07-14 23:12:00+00:00,7000,1104,6.881428571428572,19.0,3.2148669315782112,188,218,8104,rrc00,codered,normal,0
2001-07-14 23:15:00+00:00,2153,301,4.9470506270320485,16.0,2.2286780682608445,46,86,2454,rrc00,codered,normal,0
2001-07-14 23:18:00+00:00,4704,478,5.873086734693878,18.0,2.7341547517949323,109,161,5182,rrc00,codered,normal,0
2001-07-14 23:21:00+00:00,1308,287,5.069571865443425,15.0,2.4115339821317114,52,64,1595,rrc00,codered,normal,0
2001-07-14 23:24:00+00:00,1680,258,4.935714285714286,13.0,1.542465779287213,43,64,1938,rrc00,codered,normal,0
2001-07-14 23:27:00+00:00,866,141,4.881062355658199,15.0,2.049826619895303,23,46,1007,rrc00,codered,normal,0
2001-07-14 23:30:00+00:00,1327,142,4.80783722682743,15.0,1.795077941905013,33,46,1469,rrc00,codered,normal,0
2001-07-14 23:33:00+00:00,2620,296,4.94236641221374,16.0,1.818301502581931,51,106,2916,rrc00,codered,normal,0
2001-07-14 23:36:00+00:00,8932,504,4.801164352888491,18.0,1.61590795495613,50,244,9436,rrc00,codered,normal,0
2001-07-14 23:39:00+00:00,110623,290,3.588159785939633,21.0,1.558677784267264,54,82,110913,rrc00,codered,normal,0
2001-07-14 23:42:00+00:00,14250,314,4.105473684210526,18.0,1.7525614948318158,79,92,14564,rrc00,codered,normal,0
2001-07-14 23:45:00+00:00,1756,269,4.252847380410023,15.0,1.8502809863411798,40,60,2025,rrc00,codered,normal,0
2001-07-14 23:48:00+00:00,1184,289,5.086148648648648,14.0,2.154350727942101,41,58,1473,rrc00,codered,normal,0
2001-07-14 23:51:00+00:00,1083,365,5.161588180978763,16.0,1.9647686511560996,53,71,1448,rrc00,codered,normal,0
2001-07-14 23:54:00+00:00,1675,283,5.307462686567164,14.0,2.0388256374567666,50,64,1958,rrc00,codered,normal,0
2001-07-14 23:57:00+00:00,1610,205,4.591925465838509,14.0,1.696341520287371,33,57,1815,rrc00,codered,normal,0
2001-07-15 00:00:00+00:00,1009,201,5.510406342913776,16.0,2.5537125335602755,39,52,1210,rrc00,codered,normal,0
2001-07-15 00:03:00+00:00,2204,212,5.323502722323049,16.0,2.0546462065332873,40,59,2416,rrc00,codered,normal,0
2001-07-15 00:06:00+00:00,1311,206,5.533180778032037,16.0,2.2067621331368814,34,52,1517,rrc00,codered,normal,0
2001-07-15 00:09:00+00:00,1062,176,5.269303201506592,16.0,2.080530155792298,34,46,1238,rrc00,codered,normal,0
2001-07-15 00:12:00+00:00,2453,389,5.326131267835303,16.0,2.0005191932834276,52,165,2842,rrc00,codered,normal,0
2001-07-15 00:15:00+00:00,5899,464,5.039159179521953,16.0,1.8963636220952929,94,199,6363,rrc00,codered,normal,0
2001-07-15 00:18:00+00:00,1555,358,5.270739549839228,19.0,2.459056187011501,54,93,1913,rrc00,codered,normal,0
2001-07-15 00:21:00+00:00,7469,564,4.698620966662204,17.0,1.8185384365605,98,123,8033,rrc00,codered,normal,0
2001-07-15 00:24:00+00:00,2526,684,5.391528107680126,16.0,2.4254342038894428,77,115,3210,rrc00,codered,normal,0
2001-07-15 00:27:00+00:00,2502,311,5.33453237410072,15.0,1.7904842624373583,60,76,2813,rrc00,codered,normal,0
2001-07-15 00:30:00+00:00,2409,406,5.315483603154836,14.0,1.6662389399180608,57,92,2815,rrc00,codered,normal,0
2001-07-15 00:33:00+00:00,1104,204,4.502717391304348,14.0,1.888656030433214,37,46,1308,rrc00,codered,normal,0
2001-07-15 00:36:00+00:00,2126,210,5.435559736594544,15.0,1.7556080929594318,27,113,2336,rrc00,codered,normal,0
2001-07-15 00:39:00+00:00,1884,176,5.032908704883227,15.0,2.0002600229453766,25,83,2060,rrc00,codered,normal,0
2001-07-15 00:42:00+00:00,2018,148,4.771555996035679,14.0,1.5856278616514707,35,46,2166,rrc00,codered,normal,0
2001-07-15 00:45:00+00:00,1528,432,4.897251308900524,15.0,1.854820459463351,29,296,1960,rrc00,codered,normal,0
2001-07-15 00:48:00+00:00,1689,226,4.902309058614565,13.0,1.4523986396881643,34,50,1915,rrc00,codered,normal,0
2001-07-15 00:51:00+00:00,666,139,4.813813813813814,13.0,1.9761767744848593,19,31,805,rrc00,codered,normal,0
2001-07-15 00:54:00+00:00,1260,125,5.003968253968254,16.0,1.9588991398900637,27,38,1385,rrc00,codered,normal,0
2001-07-15 00:57:00+00:00,1283,181,4.720187061574435,13.0,1.5424740366140326,33,46,1464,rrc00,codered,normal,0
2001-07-15 01:00:00+00:00,3072,681,5.097330729166667,16.0,1.4759242019809886,118,139,3753,rrc00,codered,normal,0
2001-07-15 01:03:00+00:00,5294,488,5.343407631280695,19.0,1.5470022271743666,90,224,5782,rrc00,codered,normal,0
2001-07-15 01:06:00+00:00,3023,368,4.598412173337744,17.0,1.7839354053358707,53,123,3391,rrc00,codered,normal,0
2001-07-15 01:09:00+00:00,1055,190,5.109952606635071,18.0,2.4111206608869176,32,44,1245,rrc00,codered,normal,0
2001-07-15 01:12:00+00:00,13005,329,5.450903498654363,13.0,1.6463561032169898,24,228,13334,rrc00,codered,normal,0
2001-07-15 01:15:00+00:00,12505,520,5.272371051579368,15.0,1.869819736104912,54,371,13025,rrc00,codered,normal,0
2001-07-15 01:18:00+00:00,9808,381,5.907014681892333,15.0,1.426173902936021,40,222,10189,rrc00,codered,normal,0
2001-07-15 01:21:00+00:00,16450,1326,5.540303951367781,17.0,1.7003804058606542,249,838,17776,rrc00,codered,normal,0
2001-07-15 01:24:00+00:00,24492,1318,5.177813163481953,16.0,1.3475775907529883,300,836,25810,rrc00,codered,normal,0
2001-07-15 01:27:00+00:00,2530,637,6.441106719367589,17.0,2.4522092081363462,76,298,3167,rrc00,codered,normal,0
2001-07-15 01:30:00+00:00,9747,934,5.455729968195342,16.0,1.6775467426862445,185,529,10681,rrc00,codered,normal,0
2001-07-15 01:33:00+00:00,8213,512,5.375380494338244,20.0,1.8960474609518108,120,236,8725,rrc00,codered,normal,0
2001-07-15 01:36:00+00:00,2733,322,5.338821807537505,18.0,2.188538400756185,43,162,3055,rrc00,codered,normal,0
2001-07-15 01:39:00+00:00,10738,575,5.863009871484448,20.0,2.2018103153188724,78,254,11313,rrc00,codered,normal,0
2001-07-15 01:42:00+00:00,9921,1056,5.6677754258643285,14.0,1.890271535931638,156,218,10977,rrc00,codered,normal,0
2001-07-15 01:45:00+00:00,6370,722,5.330141287284144,13.0,2.1959257576116142,125,213,7092,rrc00,codered,normal,0
2001-07-15 01:48:00+00:00,9362,1363,5.549882503738518,14.0,1.4363667428885556,216,273,10725,rrc00,codered,normal,0
2001-07-15 01:51:00+00:00,11099,1000,5.335075232002883,15.0,1.6680796992556621,236,446,12099,rrc00,codered,normal,0
2001-07-15 01:54:00+00:00,8473,381,5.201699516109996,14.0,1.6785979157324389,65,188,8854,rrc00,codered,normal,0
2001-07-15 01:57:00+00:00,5860,320,5.713822525597269,18.0,2.0205041262353896,51,97,6180,rrc00,codered,normal,0
2001-07-15 02:00:00+00:00,7303,473,5.34451595234835,13.0,1.7625432351803425,113,177,7776,rrc00,codered,normal,0
2001-07-15 02:03:00+00:00,3531,582,5.331067686207873,14.0,1.7556787237509366,65,157,4113,rrc00,codered,normal,0
2001-07-15 02:06:00+00:00,7784,368,5.6551901336074,16.0,1.7793396611750976,79,151,8152,rrc00,codered,normal,0
2001-07-15 02:09:00+00:00,8109,532,5.274879763226045,16.0,1.7041038801242212,107,196,8641,rrc00,codered,normal,0
2001-07-15 02:12:00+00:00,2418,336,5.009925558312655,13.0,1.7849385708349923,51,84,2754,rrc00,codered,normal,0
2001-07-15 02:15:00+00:00,6685,402,5.338369483919222,22.0,1.820378626456908,57,195,7087,rrc00,codered,normal,0
2001-07-15 02:18:00+00:00,7492,727,5.713294180459156,23.0,2.0064683142408763,113,216,8219,rrc00,codered,normal,0
2001-07-15 02:21:00+00:00,3878,340,4.774368231046932,15.0,1.99610064707048,82,164,4218,rrc00,codered,normal,0
2001-07-15 02:24:00+00:00,7103,524,5.857665775024637,20.0,1.6401232384921303,88,140,7627,rrc00,codered,normal,0
2001-07-15 02:27:00+00:00,7157,472,5.467514321643146,18.0,1.9062012110783042,108,190,7629,rrc00,codered,normal,0
2001-07-15 02:30:00+00:00,5573,522,5.108200251211197,14.0,1.814754769447263,92,124,6095,rrc00,codered,normal,0
2001-07-15 02:33:00+00:00,3700,246,5.91027027027027,13.0,1.4975845172855655,35,116,3946,rrc00,codered,normal,0
2001-07-15 02:36:00+00:00,7306,428,5.302901724609909,13.0,1.6321552646810422,94,125,7734,rrc00,codered,normal,0
2001-07-15 02:39:00+00:00,6611,507,5.021630615640599,14.0,1.8609955982874238,109,176,7118,rrc00,codered,normal,0
2001-07-15 02:42:00+00:00,3839,539,5.371711383172701,18.0,1.7650899557137423,70,93,4378,rrc00,codered,normal,0
2001-07-15 02:45:00+00:00,8792,496,5.38819381255687,15.0,1.7135683478956567,108,124,9288,rrc00,codered,normal,0
2001-07-15 02:48:00+00:00,30680,11300,6.246479791395045,13.0,1.5548230028918821,980,1128,41980,rrc00,codered,normal,0
2001-07-15 02:51:00+00:00,13949,1285,4.861710516882931,13.0,1.40741050483942,266,644,15234,rrc00,codered,normal,0
2001-07-15 02:54:00+00:00,16859,827,5.493149059849339,15.0,1.5098380092543089,130,495,17686,rrc00,codered,normal,0
2001-07-15 02:57:00+00:00,1469,242,5.287270251872021,14.0,1.9308628688891234,45,67,1711,rrc00,codered,normal,0
2001-07-15 03:00:00+00:00,8312,768,5.42204042348412,15.0,1.704727976206365,124,193,9080,rrc00,codered,normal,0
2001-07-15 03:03:00+00:00,5243,269,5.351707037955369,13.0,1.9488721495654748,61,93,5512,rrc00,codered,normal,0
2001-07-15 03:06:00+00:00,4527,261,5.858626021647891,14.0,1.4348005693138186,55,81,4788,rrc00,codered,normal,0
2001-07-15 03:09:00+00:00,7920,390,5.327146464646464,16.0,1.7279404564313985,100,121,8310,rrc00,codered,normal,0
2001-07-15 03:12:00+00:00,5469,470,5.135125251417078,15.0,1.9012531806232198,88,144,5939,rrc00,codered,normal,0
2001-07-15 03:15:00+00:00,6830,319,5.7916544655929725,15.0,1.7680474669722195,59,105,7149,rrc00,codered,normal,0
2001-07-15 03:18:00+00:00,9108,451,5.376921387790953,18.0,1.7965537226604444,97,148,9559,rrc00,codered,normal,0
2001-07-15 03:21:00+00:00,7223,507,5.1547833310258895,19.0,1.7364396091986292,132,170,7730,rrc00,codered,normal,0
2001-07-15 03:24:00+00:00,2134,360,5.609184629803186,13.0,1.8480289128742147,68,118,2494,rrc00,codered,normal,0
2001-07-15 03:27:00+00:00,8441,440,5.438692098092643,13.0,1.7234634214965792,89,172,8881,rrc00,codered,normal,0
2001-07-15 03:30:00+00:00,6712,385,5.50715137067938,16.0,1.7854053708419098,71,157,7097,rrc00,codered,normal,0
2001-07-15 03:33:00+00:00,4414,331,4.9077933846850925,14.0,1.9603842629553194,73,122,4745,rrc00,codered,normal,0
2001-07-15 03:36:00+00:00,5850,353,5.521880341880342,13.0,1.6142368372944893,85,133,6203,rrc00,codered,normal,0
2001-07-15 03:39:00+00:00,5997,262,5.418209104552276,14.0,1.8132381284741463,47,101,6259,rrc00,codered,normal,0
2001-07-15 03:42:00+00:00,4562,278,5.219859710653222,13.0,1.8842246826173816,49,119,4840,rrc00,codered,normal,0
2001-07-15 03:45:00+00:00,4694,338,5.825095867064338,17.0,1.7875798662430895,46,106,5032,rrc00,codered,normal,0
2001-07-15 03:48:00+00:00,7546,402,5.909223429631593,23.0,2.7340074954294877,95,141,7948,rrc00,codered,normal,0
2001-07-15 03:51:00+00:00,7504,415,5.515058635394456,26.0,2.741586722639997,69,174,7919,rrc00,codered,normal,0
2001-07-15 03:54:00+00:00,4451,455,5.567512918445293,25.0,2.595749527069374,92,125,4906,rrc00,codered,normal,0
2001-07-15 03:57:00+00:00,7890,623,5.269581749049429,19.0,1.7763978454786027,138,305,8513,rrc00,codered,normal,0
2001-07-15 04:00:00+00:00,23473,4807,4.729902441102543,25.0,1.6364451118578547,911,3527,28280,rrc00,codered,normal,0
2001-07-15 04:03:00+00:00,7646,1545,4.732409102798849,13.0,1.592328465807044,97,1046,9191,rrc00,codered,normal,0
2001-07-15 04:06:00+00:00,11258,2308,4.856635281577545,14.0,1.8366545177075948,107,2015,13566,rrc00,codered,normal,0
2001-07-15 04:09:00+00:00,27982,10996,4.729683367879351,18.0,1.6244430217659744,254,10507,38978,rrc00,codered,normal,0
2001-07-15 04:12:00+00:00,21980,740,4.800272975432211,16.0,1.7741085800944796,105,405,22720,rrc00,codered,normal,0
2001-07-15 04:15:00+00:00,7172,872,4.739403234802007,19.0,1.638049075863282,97,366,8044,rrc00,codered,normal,0
2001-07-15 04:18:00+00:00,5153,557,4.7692606248787115,14.0,1.7275437224058183,82,144,5710,rrc00,codered,normal,0
2001-07-15 04:21:00+00:00,36514,1393,3.968286136824232,14.0,1.333759446660317,261,320,37907,rrc00,codered,normal,0
2001-07-15 04:24:00+00:00,35923,2421,3.876040419786766,14.0,1.3461523533504012,239,352,38344,rrc00,codered,normal,0
2001-07-15 04:27:00+00:00,16906,802,4.463681533183485,15.0,1.6570046133006464,228,267,17708,rrc00,codered,normal,0
2001-07-15 04:30:00+00:00,12605,594,5.150971836572789,15.0,1.7467076889096218,108,159,13199,rrc00,codered,normal,0
2001-07-15 04:33:00+00:00,8331,708,5.419037330452527,14.0,1.8070448795372773,125,270,9039,rrc00,codered,normal,0
2001-07-15 04:36:00+00:00,4723,1290,4.770273131484226,13.0,1.4963960054816168,165,538,6013,rrc00,codered,normal,0
2001-07-15 04:39:00+00:00,11077,3186,4.554301706238151,21.0,1.7729927897967035,395,2556,14263,rrc00,codered,normal,0
2001-07-15 04:42:00+00:00,6962,1067,4.636311404768745,13.0,1.518304501840609,42,866,8029,rrc00,codered,normal,0
2001-07-15 04:45:00+00:00,5676,872,4.0577871740662435,17.0,1.7673456189453134,188,551,6548,rrc00,codered,normal,0
2001-07-15 04:48:00+00:00,5313,199,4.203651421042726,14.0,1.3837845281177958,33,58,5512,rrc00,codered,normal,0
2001-07-15 04:51:00+00:00,2032,365,4.639763779527559,13.0,1.5209021175889337,30,231,2397,rrc00,codered,normal,0
2001-07-15 04:54:00+00:00,2008,335,5.60308764940239,24.0,2.982907888354119,92,127,2343,rrc00,codered,normal,0
2001-07-15 04:57:00+00:00,5429,733,5.191932215877694,25.0,2.787229998555411,155,176,6162,rrc00,codered,normal,0
2001-07-15 05:00:00+00:00,9979,74713,5.877141998196212,17.0,2.1002859641855203,521,73742,84692,rrc00,codered,normal,0
2001-07-15 05:03:00+00:00,10429,530,4.469747818582798,13.0,1.5351447571254138,82,256,10959,rrc00,codered,normal,0
2001-07-15 05:06:00+00:00,43164,1086,4.359234547307942,16.0,1.3521375999095382,84,583,44250,rrc00,codered,normal,0
2001-07-15 05:09:00+00:00,45518,482,4.465727843929874,21.0,1.2993628637093095,39,300,46000,rrc00,codered,normal,0
2001-07-15 05:12:00+00:00,121346,738,3.7402963426894993,17.0,1.0705415423533768,93,518,122084,rrc00,codered,normal,0
2001-07-15 05:15:00+00:00,67205,955,4.083342013243063,20.0,1.3471593084242197,158,207,68160,rrc00,codered,normal,0
2001-07-15 05:18:00+00:00,58695,2501,3.973166368515206,18.0,1.239390529142425,146,2072,61196,rrc00,codered,normal,0
2001-07-15 05:21:00+00:00,4681,542,4.43366801965392,16.0,1.2691308038357283,101,156,5223,rrc00,codered,normal,0
2001-07-15 05:24:00+00:00,2114,406,4.559129612109745,15.0,1.7772222219386216,68,122,2520,rrc00,codered,normal,0
2001-07-15 05:27:00+00:00,883,158,4.875424688561721,14.0,1.958313207343024,34,47,1041,rrc00,codered,normal,0
2001-07-15 05:30:00+00:00,1805,239,4.421052631578948,13.0,1.6693422660161796,36,69,2044,rrc00,codered,normal,0
2001-07-15 05:33:00+00:00,2517,668,5.215733015494637,13.0,1.9089169272016158,89,141,3185,rrc00,codered,normal,0
2001-07-15 05:36:00+00:00,3105,459,5.416747181964573,16.0,2.0944470057164346,91,97,3564,rrc00,codered,normal,0
2001-07-15 05:39:00+00:00,1121,265,5.055307760927743,13.0,1.7519126590818606,37,51,1386,rrc00,codered,normal,0
2001-07-15 05:42:00+00:00,1494,242,4.561579651941098,13.0,1.3517390930391167,37,62,1736,rrc00,codered,normal,0
2001-07-15 05:45:00+00:00,2338,212,4.891787852865697,15.0,1.7056267680373698,34,62,2550,rrc00,codered,normal,0
2001-07-15 05:48:00+00:00,7658,1377,4.377383128754244,14.0,1.2984593577875647,186,212,9035,rrc00,codered,normal,0
2001-07-15 05:51:00+00:00,20596,2063,4.029714507671392,15.0,1.4074306647222243,359,421,22659,rrc00,codered,normal,0
2001-07-15 05:54:00+00:00,6395,1039,4.6139171227521505,15.0,1.4973399074518836,140,317,7434,rrc00,codered,normal,0
2001-07-15 05:57:00+00:00,1765,302,4.66685552407932,13.0,1.4925900162013073,45,99,2067,rrc00,codered,normal,0
2001-07-15 06:00:00+00:00,1509,160,4.533465871438039,13.0,1.5128256564655505,31,64,1669,rrc00,codered,normal,0
2001-07-15 06:03:00+00:00,2629,915,5.307341194370483,14.0,1.8138627996547418,109,173,3544,rrc00,codered,normal,0
2001-07-15 06:06:00+00:00,4043,753,5.070492208755875,14.0,1.4183098043408684,167,208,4796,rrc00,codered,normal,0
2001-07-15 06:09:00+00:00,5239,973,5.041610994464593,13.0,1.3794312104780944,167,202,6212,rrc00,codered,normal,0
2001-07-15 06:12:00+00:00,4536,888,5.072971781305115,15.0,1.7432691382702004,128,424,5424,rrc00,codered,normal,0
2001-07-15 06:15:00+00:00,2066,384,5.190706679574056,14.0,2.0186523218808525,68,92,2450,rrc00,codered,normal,0
2001-07-15 06:18:00+00:00,12808,993,4.624609618988132,18.0,1.798246835345998,169,290,13801,rrc00,codered,normal,0
2001-07-15 06:21:00+00:00,5060,1165,4.193280632411067,13.0,1.280205913950961,120,140,6225,rrc00,codered,normal,0
2001-07-15 06:24:00+00:00,6526,560,4.132087036469507,14.0,1.4751045182125677,132,235,7086,rrc00,codered,normal,0
2001-07-15 06:27:00+00:00,10418,1123,4.41601075062392,15.0,1.2146719920465079,118,154,11541,rrc00,codered,normal,0
2001-07-15 06:30:00+00:00,10953,357,4.865333698530083,17.0,1.6050331455385445,69,159,11310,rrc00,codered,normal,0
2001-07-15 06:33:00+00:00,6056,760,5.1738771466314395,17.0,1.6433037013651068,129,211,6816,rrc00,codered,normal,0
2001-07-15 06:36:00+00:00,4748,276,4.611415332771693,15.0,1.5799436187569065,40,104,5024,rrc00,codered,normal,0
2001-07-15 06:39:00+00:00,6657,382,4.217214961694457,14.0,1.0264569230318388,58,92,7039,rrc00,codered,normal,0
2001-07-15 06:42:00+00:00,13523,615,4.229460918435258,13.0,1.128869405201944,88,138,14138,rrc00,codered,normal,0
2001-07-15 06:45:00+00:00,6110,765,4.579541734860884,13.0,1.967778193163287,131,152,6875,rrc00,codered,normal,0
2001-07-15 06:48:00+00:00,2369,461,5.385816800337695,16.0,1.70135935576431,72,118,2830,rrc00,codered,normal,0
2001-07-15 06:51:00+00:00,2121,247,4.65016501650165,13.0,1.7360506810320502,34,71,2368,rrc00,codered,normal,0
2001-07-15 06:54:00+00:00,3193,203,3.754462887566552,13.0,1.3976736638010272,45,61,3396,rrc00,codered,normal,0
2001-07-15 06:57:00+00:00,9247,269,3.9418189683140477,14.0,1.1898192283473215,47,55,9516,rrc00,codered,normal,0
2001-07-15 07:00:00+00:00,17521,395,4.248673020946293,14.0,1.0413386861231884,91,126,17916,rrc00,codered,normal,0
2001-07-15 07:03:00+00:00,22105,1091,4.251933951594662,14.0,1.1272363697250516,140,413,23196,rrc00,codered,normal,0
2001-07-15 07:06:00+00:00,12953,617,4.088936925808693,14.0,1.1652454716927345,121,175,13570,rrc00,codered,normal,0
2001-07-15 07:09:00+00:00,2301,845,4.490656236418948,12.0,1.5765349520564493,107,138,3146,rrc00,codered,normal,0
2001-07-15 07:12:00+00:00,1521,358,5.063116370808679,14.0,1.9688469224593925,56,60,1879,rrc00,codered,normal,0
2001-07-15 07:15:00+00:00,4390,1013,5.650341685649202,13.0,1.9769903316995776,138,182,5403,rrc00,codered,normal,0
2001-07-15 07:18:00+00:00,2806,409,5.044191019244476,11.0,2.0265979337746063,117,154,3215,rrc00,codered,normal,0
2001-07-15 07:21:00+00:00,5190,1029,4.9144508670520235,14.0,2.2327918786156844,112,221,6219,rrc00,codered,normal,0
2001-07-15 07:24:00+00:00,2366,429,4.605240912933221,13.0,1.56424750295424,87,188,2795,rrc00,codered,normal,0
2001-07-15 07:27:00+00:00,1878,335,5.077209797657082,13.0,1.7078726092682295,42,149,2213,rrc00,codered,normal,0
2001-07-15 07:30:00+00:00,2713,616,4.789900479174346,13.0,1.5929539001334527,93,113,3329,rrc00,codered,normal,0
2001-07-15 07:33:00+00:00,3515,473,5.138264580369843,16.0,2.0873392929810985,93,125,3988,rrc00,codered,normal,0
2001-07-15 07:36:00+00:00,1995,444,4.85062656641604,15.0,1.9807958600000843,55,241,2439,rrc00,codered,normal,0
2001-07-15 07:39:00+00:00,1004,183,5.137450199203188,14.0,1.9457359325543198,27,56,1187,rrc00,codered,normal,0
2001-07-15 07:42:00+00:00,1796,443,4.906458797327394,13.0,1.6528111097644194,55,131,2239,rrc00,codered,normal,0
2001-07-15 07:45:00+00:00,3954,1110,5.012645422357107,13.0,1.5581274613644105,156,172,5064,rrc00,codered,normal,0
2001-07-15 07:48:00+00:00,3633,867,4.94935315166529,13.0,1.5722512029828912,149,184,4500,rrc00,codered,normal,0
2001-07-15 07:51:00+00:00,5233,1202,4.566787693483661,14.0,1.7884968927341192,163,200,6435,rrc00,codered,normal,0
2001-07-15 07:54:00+00:00,1699,385,5.236021188934667,15.0,1.8406750020993021,82,101,2084,rrc00,codered,normal,0
2001-07-15 07:57:00+00:00,2966,317,5.47167902899528,13.0,2.0308743901122717,66,89,3283,rrc00,codered,normal,0
2001-07-15 08:00:00+00:00,2574,541,4.568764568764569,13.0,1.8175660902310211,64,150,3115,rrc00,codered,normal,0
2001-07-15 08:03:00+00:00,2909,618,5.114472327260227,16.0,2.2901346342920608,87,136,3527,rrc00,codered,normal,0
2001-07-15 08:06:00+00:00,2570,425,4.853696498054474,18.0,1.7346312230186003,67,149,2995,rrc00,codered,normal,0
2001-07-15 08:09:00+00:00,2136,455,4.559925093632959,13.0,1.6835747575995814,100,119,2591,rrc00,codered,normal,0
2001-07-15 08:12:00+00:00,1832,323,4.270742358078603,15.0,1.3829339954618391,44,77,2155,rrc00,codered,normal,0
2001-07-15 08:15:00+00:00,2752,233,4.6260901162790695,15.0,1.606021410488921,38,66,2985,rrc00,codered,normal,0
2001-07-15 08:18:00+00:00,6439,410,4.486721540611896,16.0,1.4150158000915833,73,168,6849,rrc00,codered,normal,0
2001-07-15 08:21:00+00:00,2718,384,4.300956585724798,13.0,1.3180438926854054,56,77,3102,rrc00,codered,normal,0
2001-07-15 08:24:00+00:00,4726,195,4.388066017774016,17.0,1.4704226639668092,23,92,4921,rrc00,codered,normal,0
2001-07-15 08:27:00+00:00,1472,167,4.1052989130434785,15.0,1.849037401683618,34,44,1639,rrc00,codered,normal,0
2001-07-15 08:30:00+00:00,2246,561,4.6856634016028496,16.0,1.760615729734315,84,104,2807,rrc00,codered,normal,0
2001-07-15 08:33:00+00:00,2598,624,4.538491147036182,14.0,1.580244044903689,110,219,3222,rrc00,codered,normal,0
2001-07-15 08:36:00+00:00,1638,700,5.47985347985348,13.0,2.1626244577079055,81,106,2338,rrc00,codered,normal,0
2001-07-15 08:39:00+00:00,1069,191,4.522918615528531,13.0,1.5935700118053506,31,51,1260,rrc00,codered,normal,0
2001-07-15 08:42:00+00:00,1726,160,4.346465816917729,15.0,2.1040177646697487,23,41,1886,rrc00,codered,normal,0
2001-07-15 08:45:00+00:00,994,231,4.721327967806841,13.0,1.6302620566407198,34,48,1225,rrc00,codered,normal,0
2001-07-15 08:48:00+00:00,1320,172,5.181818181818182,14.0,2.0401952588453085,30,45,1492,rrc00,codered,normal,0
2001-07-15 08:51:00+00:00,3404,1302,5.007638072855464,14.0,1.8490161110066006,225,349,4706,rrc00,codered,normal,0
2001-07-15 08:54:00+00:00,1779,568,5.156829679595278,18.0,2.026697099994993,140,240,2347,rrc00,codered,normal,0
2001-07-15 08:57:00+00:00,3024,237,4.279761904761905,13.0,1.6882845450976027,40,78,3261,rrc00,codered,normal,0
2001-07-15 09:00:00+00:00,7070,828,5.197029702970297,16.0,1.5850493870005717,124,321,7898,rrc00,codered,normal,0
2001-07-15 09:03:00+00:00,4471,796,5.22209796466115,14.0,1.83582826711087,103,182,5267,rrc00,codered,normal,0
2001-07-15 09:06:00+00:00,1500,221,5.242,13.0,1.6518987055304974,42,59,1721,rrc00,codered,normal,0
2001-07-15 09:09:00+00:00,1176,196,4.871598639455782,20.0,1.8933313409968342,36,50,1372,rrc00,codered,normal,0
2001-07-15 09:12:00+00:00,878,236,4.757403189066059,14.0,1.8058771678636514,35,46,1114,rrc00,codered,normal,0
2001-07-15 09:15:00+00:00,1053,123,4.378917378917379,15.0,1.717960529694385,27,44,1176,rrc00,codered,normal,0
2001-07-15 09:18:00+00:00,1241,205,4.389202256244964,15.0,1.474744493701607,35,72,1446,rrc00,codered,normal,0
2001-07-15 09:21:00+00:00,887,154,4.868094701240135,16.0,1.7810119237191102,23,42,1041,rrc00,codered,normal,0
2001-07-15 09:24:00+00:00,1519,276,5.660302830809743,13.0,1.880343605353053,55,65,1795,rrc00,codered,normal,0
2001-07-15 09:27:00+00:00,1965,247,5.414249363867684,15.0,2.1215963332903107,47,53,2212,rrc00,codered,normal,0
2001-07-15 09:30:00+00:00,1190,224,5.00672268907563,13.0,2.1040070251199525,39,54,1414,rrc00,codered,normal,0
2001-07-15 09:33:00+00:00,2202,346,4.336966394187103,15.0,1.5807037682781266,62,113,2548,rrc00,codered,normal,0
2001-07-15 09:36:00+00:00,1276,317,5.399686520376176,13.0,2.3777574117756495,45,66,1593,rrc00,codered,normal,0
2001-07-15 09:39:00+00:00,708,312,5.822033898305085,19.0,3.0618797702823772,39,63,1020,rrc00,codered,normal,0
2001-07-15 09:42:00+00:00,2215,330,5.2397291196388265,21.0,1.7695319345752474,37,187,2545,rrc00,codered,normal,0
2001-07-15 09:45:00+00:00,3745,1301,5.73351134846462,15.0,1.9343044913763008,140,202,5046,rrc00,codered,normal,0
2001-07-15 09:48:00+00:00,1351,221,5.010362694300518,13.0,1.503968331408589,32,103,1572,rrc00,codered,normal,0
2001-07-15 09:51:00+00:00,23540,9402,6.1261257434154635,14.0,1.214129024939828,901,975,32942,rrc00,codered,normal,0
2001-07-15 09:54:00+00:00,2708,1941,5.505539143279173,15.0,2.253580518298822,641,856,4649,rrc00,codered,normal,0
2001-07-15 09:57:00+00:00,1393,286,3.862167982770998,13.0,1.7284279593995793,68,85,1679,rrc00,codered,normal,0
2001-07-15 10:00:00+00:00,2062,613,4.8288069835111544,14.0,1.399488763726255,71,136,2675,rrc00,codered,normal,0
2001-07-15 10:03:00+00:00,1056,222,4.778409090909091,16.0,1.6359328399683932,35,49,1278,rrc00,codered,normal,0
2001-07-15 10:06:00+00:00,1162,169,4.851979345955249,18.0,2.256858059891982,24,45,1331,rrc00,codered,normal,0
2001-07-15 10:09:00+00:00,1017,213,4.672566371681416,13.0,1.646773491384638,25,86,1230,rrc00,codered,normal,0
2001-07-15 10:12:00+00:00,985,200,4.717766497461929,14.0,1.9650600503074014,30,41,1185,rrc00,codered,normal,0
2001-07-15 10:15:00+00:00,1641,270,4.679463741620963,13.0,1.4573769413270883,62,94,1911,rrc00,codered,normal,0
2001-07-15 10:18:00+00:00,1764,366,5.103174603174603,14.0,1.766599636487051,51,82,2130,rrc00,codered,normal,0
2001-07-15 10:21:00+00:00,1640,330,5.465853658536585,15.0,2.1917372278959792,45,62,1970,rrc00,codered,normal,0
2001-07-15 10:24:00+00:00,1781,532,5.279618192026951,18.0,1.9289383086360294,76,107,2313,rrc00,codered,normal,0
2001-07-15 10:27:00+00:00,2597,891,5.864073931459377,15.0,2.166270837338396,115,175,3488,rrc00,codered,normal,0
2001-07-15 10:30:00+00:00,2572,314,5.664074650077761,16.0,2.134454131439093,67,97,2886,rrc00,codered,normal,0
2001-07-15 10:33:00+00:00,2261,324,5.629809818664308,16.0,2.3287096136045995,46,72,2585,rrc00,codered,normal,0
2001-07-15 10:36:00+00:00,1004,179,4.811752988047809,16.0,2.363699012702428,29,40,1183,rrc00,codered,normal,0
2001-07-15 10:39:00+00:00,1347,157,5.812917594654788,15.0,2.7559553163838193,26,39,1504,rrc00,codered,normal,0
2001-07-15 10:42:00+00:00,748,223,6.014705882352941,17.0,2.8101321251061546,29,44,971,rrc00,codered,normal,0
2001-07-15 10:45:00+00:00,1441,179,4.984038861901458,15.0,1.943446235741299,27,70,1620,rrc00,codered,normal,0
2001-07-15 10:48:00+00:00,1178,178,4.588285229202038,13.0,1.4188036090147575,24,51,1356,rrc00,codered,normal,0
2001-07-15 10:51:00+00:00,832,186,4.7764423076923075,16.0,2.038811596847739,35,48,1018,rrc00,codered,normal,0
2001-07-15 10:54:00+00:00,1573,148,5.144945963127781,15.0,2.028868624627844,27,58,1721,rrc00,codered,normal,0
2001-07-15 10:57:00+00:00,1647,624,5.622343655130541,15.0,2.290538835370299,93,105,2271,rrc00,codered,normal,0
2001-07-15 11:00:00+00:00,1952,419,4.794569672131147,13.0,1.6651906364742541,68,89,2371,rrc00,codered,normal,0
2001-07-15 11:03:00+00:00,2117,271,5.780821917808219,17.0,2.5587385230638486,46,62,2388,rrc00,codered,normal,0
2001-07-15 11:06:00+00:00,2695,445,5.650834879406308,19.0,2.3296456466927506,87,150,3140,rrc00,codered,normal,0
2001-07-15 11:09:00+00:00,2738,480,4.89517896274653,14.0,1.8896624279008425,71,156,3218,rrc00,codered,normal,0
2001-07-15 11:12:00+00:00,3059,580,4.792415822164106,13.0,1.7673794046030524,92,110,3639,rrc00,codered,normal,0
2001-07-15 11:15:00+00:00,3086,362,5.653596889176928,13.0,2.119310275747718,66,92,3448,rrc00,codered,normal,0
2001-07-15 11:18:00+00:00,2942,186,4.39768864717879,17.0,1.61007875495116,30,48,3128,rrc00,codered,normal,0
2001-07-15 11:21:00+00:00,2368,257,5.051097972972973,14.0,1.6571427534362153,36,68,2625,rrc00,codered,normal,0
2001-07-15 11:24:00+00:00,1787,276,5.585898153329603,15.0,2.8581033381181316,45,62,2063,rrc00,codered,normal,0
2001-07-15 11:27:00+00:00,1376,323,4.897529069767442,13.0,1.8763660912671798,59,71,1699,rrc00,codered,normal,0
2001-07-15 11:30:00+00:00,1336,262,5.042664670658683,13.0,1.6493893158072606,39,53,1598,rrc00,codered,normal,0
2001-07-15 11:33:00+00:00,1566,436,4.7113665389527455,14.0,1.7749386469001311,56,77,2002,rrc00,codered,normal,0
2001-07-15 11:36:00+00:00,1613,330,4.678239305641662,13.0,1.404978791955602,58,71,1943,rrc00,codered,normal,0
2001-07-15 11:39:00+00:00,1222,226,4.5065466448445175,13.0,1.726715003356395,38,54,1448,rrc00,codered,normal,0
2001-07-15 11:42:00+00:00,1430,293,4.984615384615385,18.0,1.8389076908392246,47,71,1723,rrc00,codered,normal,0
2001-07-15 11:45:00+00:00,2214,285,5.62059620596206,13.0,1.7382072414376104,46,58,2499,rrc00,codered,normal,0
2001-07-15 11:48:00+00:00,1577,251,4.5434369055168045,13.0,1.4742074538465066,44,63,1828,rrc00,codered,normal,0
2001-07-15 11:51:00+00:00,3398,251,4.747792819305474,13.0,1.49226556530859,40,50,3649,rrc00,codered,normal,0
2001-07-15 11:54:00+00:00,801,236,5.106117353308364,14.0,1.9874701216258677,38,49,1037,rrc00,codered,normal,0
2001-07-15 11:57:00+00:00,770,141,4.744155844155844,15.0,2.154608079376061,24,50,911,rrc00,codered,normal,0
2001-07-15 12:00:00+00:00,2935,306,4.501873935264054,16.0,1.6602107472137086,58,128,3241,rrc00,codered,normal,0
2001-07-15 12:03:00+00:00,3825,540,5.942483660130719,18.0,2.2944859395640655,115,147,4365,rrc00,codered,normal,0
2001-07-15 12:06:00+00:00,1142,237,5.257443082311734,16.0,1.877209552461631,36,50,1379,rrc00,codered,normal,0
2001-07-15 12:09:00+00:00,2340,408,5.4512820512820515,21.0,3.0760618452824757,55,112,2748,rrc00,codered,normal,0
2001-07-15 12:12:00+00:00,1372,249,5.729591836734694,25.0,2.788287478672787,44,51,1621,rrc00,codered,normal,0
2001-07-15 12:15:00+00:00,1642,324,6.558465286236297,22.0,4.126714557673256,47,68,1966,rrc00,codered,normal,0
2001-07-15 12:18:00+00:00,1386,437,4.236652236652237,21.0,1.9092654137615845,60,96,1823,rrc00,codered,normal,0
2001-07-15 12:21:00+00:00,1808,359,4.844579646017699,15.0,1.853800043711185,63,97,2167,rrc00,codered,normal,0
2001-07-15 12:24:00+00:00,1788,346,5.057606263982103,13.0,1.5067088143486551,58,78,2134,rrc00,codered,normal,0
2001-07-15 12:27:00+00:00,2487,225,4.356252513067953,13.0,1.3562110874195223,41,68,2712,rrc00,codered,normal,0
2001-07-15 12:30:00+00:00,1340,265,5.0694029850746265,13.0,1.8146471887649627,42,49,1605,rrc00,codered,normal,0
2001-07-15 12:33:00+00:00,763,183,5.187418086500656,13.0,1.8860734047521177,33,47,946,rrc00,codered,normal,0
2001-07-15 12:36:00+00:00,1249,244,4.396317053642914,13.0,1.5725892268034944,45,67,1493,rrc00,codered,normal,0
2001-07-15 12:39:00+00:00,2051,327,4.946367625548513,16.0,1.7228920781706205,51,68,2378,rrc00,codered,normal,0
2001-07-15 12:42:00+00:00,1153,189,4.594102341717259,13.0,1.5194717368207669,35,52,1342,rrc00,codered,normal,0
2001-07-15 12:45:00+00:00,1249,237,5.403522818254603,14.0,2.104671783041529,43,56,1486,rrc00,codered,normal,0
2001-07-15 12:48:00+00:00,1456,259,4.847527472527473,13.0,1.8081301241748495,41,64,1715,rrc00,codered,normal,0
2001-07-15 12:51:00+00:00,1285,135,4.9463035019455255,13.0,1.8103238185805413,25,53,1420,rrc00,codered,normal,0
2001-07-15 12:54:00+00:00,1715,371,4.964431486880467,15.0,2.214559603956292,62,86,2086,rrc00,codered,normal,0
2001-07-15 12:57:00+00:00,2108,421,4.597248576850095,13.0,1.739847760159529,90,99,2529,rrc00,codered,normal,0
2001-07-15 13:00:00+00:00,1384,221,4.460260115606936,15.0,1.808340964023782,38,63,1605,rrc00,codered,normal,0
2001-07-15 13:03:00+00:00,1750,191,4.712,13.0,1.6635329014737623,36,54,1941,rrc00,codered,normal,0
2001-07-15 13:06:00+00:00,1267,250,4.934490923441199,13.0,2.2652731203768415,38,70,1517,rrc00,codered,normal,0
2001-07-15 13:09:00+00:00,1676,288,4.921241050119332,14.0,2.173501159499007,49,68,1964,rrc00,codered,normal,0
2001-07-15 13:12:00+00:00,2542,426,4.682533438237608,14.0,2.172788265170513,79,100,2968,rrc00,codered,normal,0
2001-07-15 13:15:00+00:00,2317,359,4.844195079844627,13.0,1.939164802467326,71,85,2676,rrc00,codered,normal,0
2001-07-15 13:18:00+00:00,1194,201,5.3040201005025125,15.0,2.261882952775913,33,65,1395,rrc00,codered,normal,0
2001-07-15 13:21:00+00:00,1416,234,4.911723163841808,15.0,1.98047770650432,38,51,1650,rrc00,codered,normal,0
2001-07-15 13:24:00+00:00,1065,138,4.847887323943662,17.0,2.0925438270333263,25,71,1203,rrc00,codered,normal,0
2001-07-15 13:27:00+00:00,1699,489,5.475573866980577,16.0,2.6335697094711064,53,83,2188,rrc00,codered,normal,0
2001-07-15 13:30:00+00:00,1191,233,5.140218303946264,16.0,2.0842022120762795,41,73,1424,rrc00,codered,normal,0
2001-07-15 13:33:00+00:00,1570,200,5.0343949044585985,13.0,1.7906591810417734,26,41,1770,rrc00,codered,normal,0
2001-07-15 13:36:00+00:00,1387,298,4.9120403749098775,13.0,1.7548509192836301,46,60,1685,rrc00,codered,normal,0
2001-07-15 13:39:00+00:00,1322,189,4.50983358547655,13.0,1.5544509719016535,27,52,1511,rrc00,codered,normal,0
2001-07-15 13:42:00+00:00,2354,515,5.027612574341546,16.0,2.035496927325192,70,124,2869,rrc00,codered,normal,0
2001-07-15 13:45:00+00:00,2521,503,5.014280047600159,16.0,1.762751572182144,89,107,3024,rrc00,codered,normal,0
2001-07-15 13:48:00+00:00,1794,241,4.529542920847269,17.0,2.0653933339329265,50,76,2035,rrc00,codered,normal,0
2001-07-15 13:51:00+00:00,1718,217,4.564027939464494,14.0,1.615275042023709,40,69,1935,rrc00,codered,normal,0
2001-07-15 13:54:00+00:00,3073,636,4.784249918646274,16.0,1.4803142224614894,88,138,3709,rrc00,codered,normal,0
2001-07-15 13:57:00+00:00,3452,526,4.666280417149479,13.0,1.2765778232240488,71,149,3978,rrc00,codered,normal,0
2001-07-15 14:00:00+00:00,1516,436,4.720976253298153,13.0,1.563302132923399,51,76,1952,rrc00,codered,normal,0
2001-07-15 14:03:00+00:00,2845,282,5.479789103690686,15.0,2.566520137184533,55,75,3127,rrc00,codered,normal,0
2001-07-15 14:06:00+00:00,2604,543,4.947388632872504,14.0,1.6374308586033262,73,104,3147,rrc00,codered,normal,0
2001-07-15 14:09:00+00:00,1880,432,5.022872340425532,14.0,1.9460839687665759,53,142,2312,rrc00,codered,normal,0
2001-07-15 14:12:00+00:00,4141,1342,4.70659261048056,14.0,1.4103243371614307,205,231,5483,rrc00,codered,normal,0
2001-07-15 14:15:00+00:00,3932,454,4.169888097660224,13.0,1.2120657763823957,43,229,4386,rrc00,codered,normal,0
2001-07-15 14:18:00+00:00,1339,253,4.277072442120986,13.0,1.4242658903248642,45,69,1592,rrc00,codered,normal,0
2001-07-15 14:21:00+00:00,1633,286,4.723821187997551,16.0,1.9748019745828251,37,102,1919,rrc00,codered,normal,0
2001-07-15 14:24:00+00:00,1336,267,5.054640718562874,14.0,1.9285538056005826,45,57,1603,rrc00,codered,normal,0
2001-07-15 14:27:00+00:00,1774,248,4.5304396843292,13.0,1.6868508408650336,44,69,2022,rrc00,codered,normal,0
2001-07-15 14:30:00+00:00,1621,248,4.7217766810610735,13.0,1.6797082094282973,48,72,1869,rrc00,codered,normal,0
2001-07-15 14:33:00+00:00,2132,186,4.699343339587242,15.0,1.634277396342716,27,68,2318,rrc00,codered,normal,0
2001-07-15 14:36:00+00:00,1450,233,4.8517241379310345,16.0,2.4499290193314147,35,83,1683,rrc00,codered,normal,0
2001-07-15 14:39:00+00:00,1454,162,4.321870701513068,15.0,1.9195233302747252,30,48,1616,rrc00,codered,normal,0
2001-07-15 14:42:00+00:00,1135,196,4.839647577092511,14.0,1.886846624441992,28,66,1331,rrc00,codered,normal,0
2001-07-15 14:45:00+00:00,1464,178,5.5710382513661205,15.0,2.8506317032942805,30,46,1642,rrc00,codered,normal,0
2001-07-15 14:48:00+00:00,799,130,4.996245306633291,16.0,2.0764453885702165,27,36,929,rrc00,codered,normal,0
2001-07-15 14:51:00+00:00,1382,183,4.742402315484805,13.0,1.5542051691769108,31,57,1565,rrc00,codered,normal,0
2001-07-15 14:54:00+00:00,1245,186,4.883534136546185,13.0,1.754881304650833,39,55,1431,rrc00,codered,normal,0
2001-07-15 14:57:00+00:00,2591,532,4.724430721729062,13.0,1.5968953300764013,75,101,3123,rrc00,codered,normal,0
2001-07-15 15:00:00+00:00,1062,360,5.162900188323917,13.0,1.719725558246823,58,74,1422,rrc00,codered,normal,0
2001-07-15 15:03:00+00:00,976,162,4.864754098360656,13.0,1.7948433481645176,24,43,1138,rrc00,codered,normal,0
2001-07-15 15:06:00+00:00,1351,289,4.980014803849,14.0,1.8312325311255522,40,43,1640,rrc00,codered,normal,0
2001-07-15 15:09:00+00:00,1826,450,4.601861993428258,14.0,1.5624204109801898,54,220,2276,rrc00,codered,normal,0
2001-07-15 15:12:00+00:00,3869,609,5.032308089945722,14.0,1.6043815594670483,75,160,4478,rrc00,codered,normal,0
2001-07-15 15:15:00+00:00,2032,334,4.820866141732283,13.0,1.7623014317683203,57,75,2366,rrc00,codered,normal,0
2001-07-15 15:18:00+00:00,1483,494,5.02832097100472,13.0,2.007539820013504,83,94,1977,rrc00,codered,normal,0
2001-07-15 15:21:00+00:00,3215,728,5.0665629860031105,14.0,1.7722375626694777,98,130,3943,rrc00,codered,normal,0
2001-07-15 15:24:00+00:00,2096,387,4.9413167938931295,13.0,1.5580041373526712,64,89,2483,rrc00,codered,normal,0
2001-07-15 15:27:00+00:00,2509,743,4.9119170984455955,14.0,1.4920452923910266,83,130,3252,rrc00,codered,normal,0
2001-07-15 15:30:00+00:00,1666,555,4.989795918367347,13.0,1.7766706340186018,71,85,2221,rrc00,codered,normal,0
2001-07-15 15:33:00+00:00,1232,258,4.804383116883117,13.0,1.588783822626488,45,72,1490,rrc00,codered,normal,0
2001-07-15 15:36:00+00:00,2225,430,4.831910112359551,14.0,1.977529315627812,93,130,2655,rrc00,codered,normal,0
2001-07-15 15:39:00+00:00,1627,157,4.743085433312846,14.0,2.0654041024475953,25,46,1784,rrc00,codered,normal,0
2001-07-15 15:42:00+00:00,1865,339,4.953351206434316,18.0,1.8339867873492073,57,87,2204,rrc00,codered,normal,0
2001-07-15 15:45:00+00:00,1240,133,4.919354838709677,15.0,1.9360617416905581,25,37,1373,rrc00,codered,normal,0
2001-07-15 15:48:00+00:00,1119,184,4.644325290437891,13.0,1.4505373155003196,37,51,1303,rrc00,codered,normal,0
2001-07-15 15:51:00+00:00,1358,331,5.01620029455081,16.0,1.6984883675052718,50,73,1689,rrc00,codered,normal,0
2001-07-15 15:54:00+00:00,1348,191,4.564540059347181,13.0,1.7561644320763943,36,53,1539,rrc00,codered,normal,0
2001-07-15 15:57:00+00:00,2429,325,4.643474680938658,13.0,1.8439813498194717,44,62,2754,rrc00,codered,normal,0
2001-07-15 16:00:00+00:00,1199,173,4.8790658882402,15.0,1.7345684577461518,36,51,1372,rrc00,codered,normal,0
2001-07-15 16:03:00+00:00,2206,178,5.082502266545784,16.0,1.5522020429050107,29,65,2384,rrc00,codered,normal,0
2001-07-15 16:06:00+00:00,2324,321,5.172117039586919,16.0,1.820370626729551,64,81,2645,rrc00,codered,normal,0
2001-07-15 16:09:00+00:00,2114,589,5.216177861873226,13.0,1.7277038531318798,67,127,2703,rrc00,codered,normal,0
2001-07-15 16:12:00+00:00,1582,273,4.833122629582807,13.0,1.6797944711679869,42,58,1855,rrc00,codered,normal,0
2001-07-15 16:15:00+00:00,2321,231,4.466609220163723,16.0,2.0186188723731884,67,83,2552,rrc00,codered,normal,0
2001-07-15 16:18:00+00:00,1904,257,5.276785714285714,15.0,1.7297954183589892,51,70,2161,rrc00,codered,normal,0
2001-07-15 16:21:00+00:00,1174,152,4.891822827938671,13.0,1.640433913166043,25,50,1326,rrc00,codered,normal,0
2001-07-15 16:24:00+00:00,1635,216,4.985321100917432,13.0,1.7483321377434773,36,77,1851,rrc00,codered,normal,0
2001-07-15 16:27:00+00:00,1041,143,5.185398655139289,16.0,2.538316940617552,25,47,1184,rrc00,codered,normal,0
2001-07-15 16:30:00+00:00,1013,200,4.6001974333662385,15.0,1.838783655356885,30,46,1213,rrc00,codered,normal,0
2001-07-15 16:33:00+00:00,1399,176,4.6990707648320225,16.0,2.234998243710347,26,51,1575,rrc00,codered,normal,0
2001-07-15 16:36:00+00:00,1515,540,5.123432343234324,14.0,2.3346886424754265,67,85,2055,rrc00,codered,normal,0
2001-07-15 16:39:00+00:00,918,216,4.3540305010893245,13.0,1.293498105847941,24,132,1134,rrc00,codered,normal,0
2001-07-15 16:42:00+00:00,730,225,4.542465753424658,13.0,1.7150356686429538,35,57,955,rrc00,codered,normal,0
2001-07-15 16:45:00+00:00,1774,372,5.100901916572717,13.0,1.6264683864206029,67,95,2146,rrc00,codered,normal,0
2001-07-15 16:48:00+00:00,972,199,5.059670781893004,14.0,2.119995703915353,32,41,1171,rrc00,codered,normal,0
2001-07-15 16:51:00+00:00,1962,199,4.760448521916412,13.0,1.7419409314365464,30,50,2161,rrc00,codered,normal,0
2001-07-15 16:54:00+00:00,1866,296,4.844587352625938,13.0,1.7272375599681096,50,66,2162,rrc00,codered,normal,0
2001-07-15 16:57:00+00:00,1297,602,5.4070932922127986,13.0,2.102070562318999,89,100,1899,rrc00,codered,normal,0
2001-07-15 17:00:00+00:00,1805,423,4.82825484764543,14.0,1.7914476732736597,68,104,2228,rrc00,codered,normal,0
2001-07-15 17:03:00+00:00,1424,310,4.889747191011236,14.0,1.8309316235853588,49,78,1734,rrc00,codered,normal,0
2001-07-15 17:06:00+00:00,1031,207,4.894277400581959,14.0,1.9950171285052967,46,58,1238,rrc00,codered,normal,0
2001-07-15 17:09:00+00:00,1902,207,5.225026288117771,14.0,1.9496405272328559,36,48,2109,rrc00,codered,normal,0
2001-07-15 17:12:00+00:00,1674,340,4.683393070489845,13.0,1.8789849453750311,54,72,2014,rrc00,codered,normal,0
2001-07-15 17:15:00+00:00,858,97,4.741258741258742,15.0,2.1250420098848806,17,26,955,rrc00,codered,normal,0
2001-07-15 17:18:00+00:00,1850,367,4.414594594594595,14.0,1.4661967616096296,30,217,2217,rrc00,codered,normal,0
2001-07-15 17:21:00+00:00,893,241,4.328107502799552,13.0,1.5124953616875123,52,79,1134,rrc00,codered,normal,0
2001-07-15 17:24:00+00:00,1268,142,4.5780757097791795,13.0,1.5719521370200524,23,58,1410,rrc00,codered,normal,0
2001-07-15 17:27:00+00:00,1618,176,4.660074165636589,14.0,1.6738076750158544,27,58,1794,rrc00,codered,normal,0
2001-07-15 17:30:00+00:00,1122,166,4.5133689839572195,13.0,1.4553054531231768,35,49,1288,rrc00,codered,normal,0
2001-07-15 17:33:00+00:00,2014,512,5.035749751737836,14.0,1.699264695507925,93,111,2526,rrc00,codered,normal,0
2001-07-15 17:36:00+00:00,5127,1882,5.373317729666471,14.0,1.8205783511172304,213,1056,7009,rrc00,codered,normal,0
2001-07-15 17:39:00+00:00,3641,796,5.556165888492172,14.0,1.622653087374936,127,152,4437,rrc00,codered,normal,0
2001-07-15 17:42:00+00:00,863,224,5.049826187717265,13.0,1.9414540649624947,35,51,1087,rrc00,codered,normal,0
2001-07-15 17:45:00+00:00,1973,93,4.692346680182463,14.0,1.3772193414561347,19,32,2066,rrc00,codered,normal,0
2001-07-15 17:48:00+00:00,1618,205,5.370210135970334,17.0,1.7932789175114965,35,70,1823,rrc00,codered,normal,0
2001-07-15 17:51:00+00:00,1167,172,4.778063410454156,19.0,1.7572273145163333,29,40,1339,rrc00,codered,normal,0
2001-07-15 17:54:00+00:00,1159,124,4.725625539257981,14.0,1.6680391327255315,22,36,1283,rrc00,codered,normal,0
2001-07-15 17:57:00+00:00,1515,156,4.887128712871287,13.0,1.8318233823775358,29,42,1671,rrc00,codered,normal,0
2001-07-15 18:00:00+00:00,823,91,4.641555285540705,13.0,1.470346339720563,18,41,914,rrc00,codered,normal,0
2001-07-15 18:03:00+00:00,2291,180,4.893496289829769,13.0,1.514661807314165,33,44,2471,rrc00,codered,normal,0
2001-07-15 18:06:00+00:00,661,259,5.193645990922844,15.0,2.1785688765139826,33,45,920,rrc00,codered,normal,0
2001-07-15 18:09:00+00:00,2141,120,4.566090611863615,14.0,1.3824647786757467,21,30,2261,rrc00,codered,normal,0
2001-07-15 18:12:00+00:00,1440,141,4.894444444444445,13.0,1.4102687774645506,23,43,1581,rrc00,codered,normal,0
2001-07-15 18:15:00+00:00,2135,158,5.537236533957845,16.0,1.5896017051620286,24,41,2293,rrc00,codered,normal,0
2001-07-15 18:18:00+00:00,2253,295,4.562805148690635,17.0,1.7222033842944915,47,76,2548,rrc00,codered,normal,0
2001-07-15 18:21:00+00:00,1337,340,5.032161555721765,13.0,1.8210144240541553,46,65,1677,rrc00,codered,normal,0
2001-07-15 18:24:00+00:00,654,149,4.674311926605505,13.0,1.671687440774647,26,35,803,rrc00,codered,normal,0
2001-07-15 18:27:00+00:00,1452,229,4.545454545454546,13.0,1.7553538724800917,54,95,1681,rrc00,codered,normal,0
2001-07-15 18:30:00+00:00,2202,163,5.1475930971843775,13.0,1.585732287052646,22,53,2365,rrc00,codered,normal,0
2001-07-15 18:33:00+00:00,948,183,4.6234177215189876,13.0,1.730393520821532,24,60,1131,rrc00,codered,normal,0
2001-07-15 18:36:00+00:00,3229,427,5.617218953236296,17.0,3.057763430368327,71,103,3656,rrc00,codered,normal,0
2001-07-15 18:39:00+00:00,2846,809,5.166900913562896,21.0,2.7246385040097603,107,201,3655,rrc00,codered,normal,0
2001-07-15 18:42:00+00:00,2025,264,4.527901234567901,15.0,1.9526080792706568,39,62,2289,rrc00,codered,normal,0
2001-07-15 18:45:00+00:00,1442,156,4.368932038834951,17.0,1.9160118360781446,32,60,1598,rrc00,codered,normal,0
2001-07-15 18:48:00+00:00,1083,393,4.277931671283472,13.0,1.4983347379744412,46,67,1476,rrc00,codered,normal,0
2001-07-15 18:51:00+00:00,979,190,4.218590398365679,13.0,1.6287827519543823,35,62,1169,rrc00,codered,normal,0
2001-07-15 18:54:00+00:00,1877,280,5.02184336707512,15.0,2.281717709742496,43,56,2157,rrc00,codered,normal,0
2001-07-15 18:57:00+00:00,4090,697,6.258435207823961,19.0,3.4841532275137728,116,197,4787,rrc00,codered,normal,0
2001-07-15 19:00:00+00:00,6093,1131,5.629739044805515,19.0,2.633742194296348,125,234,7224,rrc00,codered,normal,0
2001-07-15 19:03:00+00:00,3490,751,6.022922636103152,19.0,2.7876192813268355,109,209,4241,rrc00,codered,normal,0
2001-07-15 19:06:00+00:00,4400,714,6.530681818181818,19.0,3.166797132842347,120,143,5114,rrc00,codered,normal,0
2001-07-15 19:09:00+00:00,4210,617,4.578384798099762,14.0,1.5811112644443308,79,164,4827,rrc00,codered,normal,0
2001-07-15 19:12:00+00:00,3613,759,5.416828120675339,15.0,2.2562308381168235,86,121,4372,rrc00,codered,normal,0
2001-07-15 19:15:00+00:00,2147,278,4.928737773637634,13.0,1.5964703847878559,42,116,2425,rrc00,codered,normal,0
2001-07-15 19:18:00+00:00,2958,746,5.135226504394861,13.0,2.114529200181105,96,146,3704,rrc00,codered,normal,0
2001-07-15 19:21:00+00:00,4987,441,5.134950872267897,15.0,1.7116228292581865,48,168,5428,rrc00,codered,normal,0
2001-07-15 19:24:00+00:00,1688,239,5.2274881516587675,18.0,2.689791627370935,38,67,1927,rrc00,codered,normal,0
2001-07-15 19:27:00+00:00,1861,169,4.908113917248791,16.0,2.3360004627990762,30,46,2030,rrc00,codered,normal,0
2001-07-15 19:30:00+00:00,2090,165,4.860765550239234,17.0,2.0117457456232657,25,70,2255,rrc00,codered,normal,0
2001-07-15 19:33:00+00:00,2269,240,5.832084618774791,17.0,3.1141797595891063,37,46,2509,rrc00,codered,normal,0
2001-07-15 19:36:00+00:00,1398,163,5.043633762517882,15.0,1.9734174660574937,26,64,1561,rrc00,codered,normal,0
2001-07-15 19:39:00+00:00,1652,176,4.878934624697337,15.0,1.7907799450816675,32,42,1828,rrc00,codered,normal,0
2001-07-15 19:42:00+00:00,3833,299,4.736498825984868,14.0,1.548407007694644,53,117,4132,rrc00,codered,normal,0
2001-07-15 19:45:00+00:00,1933,162,4.5990688049663735,15.0,1.3730610321307628,23,53,2095,rrc00,codered,normal,0
2001-07-15 19:48:00+00:00,1168,194,4.58304794520548,13.0,1.7389436323829957,18,104,1362,rrc00,codered,normal,0
2001-07-15 19:51:00+00:00,2534,195,5.249013417521705,14.0,1.8036917912873316,30,55,2729,rrc00,codered,normal,0
2001-07-15 19:54:00+00:00,1287,274,5.08080808080808,15.0,2.076171084254,41,68,1561,rrc00,codered,normal,0
2001-07-15 19:57:00+00:00,2308,573,6.456672443674177,16.0,2.2273963051028622,97,144,2881,rrc00,codered,normal,0
2001-07-15 20:00:00+00:00,1894,565,6.253431890179514,14.0,3.0296277832645946,85,105,2459,rrc00,codered,normal,0
2001-07-15 20:03:00+00:00,2701,196,5.355794150314698,15.0,1.9837438027229606,30,52,2897,rrc00,codered,normal,0
2001-07-15 20:06:00+00:00,1370,165,4.709489051094891,15.0,1.6993722847830846,33,40,1535,rrc00,codered,normal,0
2001-07-15 20:09:00+00:00,1936,310,5.050103305785124,18.0,1.671673948765371,49,64,2246,rrc00,codered,normal,0
2001-07-15 20:12:00+00:00,3428,227,4.579929988331388,22.0,1.5574471212067122,51,55,3655,rrc00,codered,normal,0
2001-07-15 20:15:00+00:00,2162,196,4.624421831637373,19.0,1.7494588204166854,40,52,2358,rrc00,codered,normal,0
2001-07-15 20:18:00+00:00,1772,254,4.6021444695259595,17.0,1.6325055614062884,35,68,2026,rrc00,codered,normal,0
2001-07-15 20:21:00+00:00,3500,340,4.904,13.0,1.6732981973165622,65,119,3840,rrc00,codered,normal,0
2001-07-15 20:24:00+00:00,3550,375,5.228169014084507,22.0,2.405228055632824,61,71,3925,rrc00,codered,normal,0
2001-07-15 20:27:00+00:00,2814,434,5.267235252309879,21.0,2.2504077724358895,46,188,3248,rrc00,codered,normal,0
2001-07-15 20:30:00+00:00,2245,135,4.839198218262807,13.0,1.6683815232905825,26,42,2380,rrc00,codered,normal,0
2001-07-15 20:33:00+00:00,2444,233,4.954582651391162,15.0,1.6940686304499224,45,62,2677,rrc00,codered,normal,0
2001-07-15 20:36:00+00:00,3705,379,5.239136302294197,17.0,1.8217552625098723,50,76,4084,rrc00,codered,normal,0
2001-07-15 20:39:00+00:00,5355,640,5.533333333333333,13.0,1.7980589181158313,96,137,5995,rrc00,codered,normal,0
2001-07-15 20:42:00+00:00,2793,180,4.897601145721446,14.0,1.7933634596123966,38,61,2973,rrc00,codered,normal,0
2001-07-15 20:45:00+00:00,1167,196,4.57840616966581,13.0,1.759434316340926,24,37,1363,rrc00,codered,normal,0
2001-07-15 20:48:00+00:00,2711,232,4.560678716340834,14.0,1.591865196266457,24,109,2943,rrc00,codered,normal,0
2001-07-15 20:51:00+00:00,1592,147,4.60678391959799,17.0,1.9600031300720349,22,35,1739,rrc00,codered,normal,0
2001-07-15 20:54:00+00:00,1834,290,4.554525627044711,17.0,1.5077132542286822,30,143,2124,rrc00,codered,normal,0
2001-07-15 20:57:00+00:00,2178,432,4.411845730027548,13.0,1.7985779481360415,59,95,2610,rrc00,codered,normal,0
2001-07-15 21:00:00+00:00,1799,276,4.397443023902168,13.0,1.524822999398335,42,58,2075,rrc00,codered,normal,0
2001-07-15 21:03:00+00:00,1716,183,4.344405594405594,13.0,1.3352527618609447,32,38,1899,rrc00,codered,normal,0
2001-07-15 21:06:00+00:00,1844,233,4.523861171366594,13.0,1.358261878272151,52,77,2077,rrc00,codered,normal,0
2001-07-15 21:09:00+00:00,1878,295,4.517571884984026,13.0,1.3754503818094528,42,66,2173,rrc00,codered,normal,0
2001-07-15 21:12:00+00:00,1776,253,5.676801801801802,14.0,2.6100209944266934,38,53,2029,rrc00,codered,normal,0
2001-07-15 21:15:00+00:00,2582,390,4.716498838109993,13.0,1.5333217473022438,66,78,2972,rrc00,codered,normal,0
2001-07-15 21:18:00+00:00,1936,451,5.482954545454546,13.0,2.342280875645195,51,161,2387,rrc00,codered,normal,0
2001-07-15 21:21:00+00:00,1499,205,4.635757171447632,13.0,2.124717681769766,44,81,1704,rrc00,codered,normal,0
2001-07-15 21:24:00+00:00,2605,297,4.913243761996161,14.0,1.8170015047905665,26,172,2902,rrc00,codered,normal,0
2001-07-15 21:27:00+00:00,2988,270,4.782463186077644,15.0,1.7392431949601,51,75,3258,rrc00,codered,normal,0
2001-07-15 21:30:00+00:00,1641,200,4.680073126142596,17.0,1.7758345346539897,33,61,1841,rrc00,codered,normal,0
2001-07-15 21:33:00+00:00,1621,166,4.591610117211598,13.0,1.3783480124505307,26,43,1787,rrc00,codered,normal,0
2001-07-15 21:36:00+00:00,737,157,4.757123473541384,13.0,1.8981977819021725,23,56,894,rrc00,codered,normal,0
2001-07-15 21:39:00+00:00,3114,352,5.146756583172768,13.0,1.3846034099766942,38,53,3466,rrc00,codered,normal,0
2001-07-15 21:42:00+00:00,1175,211,5.028936170212766,17.0,1.9933967952115808,28,40,1386,rrc00,codered,normal,0
2001-07-15 21:45:00+00:00,2063,216,4.848763936015511,15.0,1.6023513908188665,44,58,2279,rrc00,codered,normal,0
2001-07-15 21:48:00+00:00,4610,333,6.089370932754881,18.0,2.1283735082981505,49,122,4943,rrc00,codered,normal,0
2001-07-15 21:51:00+00:00,2168,213,5.0650369003690034,13.0,1.4723512393685472,47,56,2381,rrc00,codered,normal,0
2001-07-15 21:54:00+00:00,1756,148,4.966400911161731,13.0,1.4498090467616978,29,50,1904,rrc00,codered,normal,0
2001-07-15 21:57:00+00:00,1415,283,5.252296819787986,13.0,1.6978327560083901,39,54,1698,rrc00,codered,normal,0
2001-07-15 22:00:00+00:00,2548,208,4.26138147566719,14.0,1.4463074752192424,36,48,2756,rrc00,codered,normal,0
2001-07-15 22:03:00+00:00,2941,150,4.633798027881673,15.0,1.818208600463819,28,45,3091,rrc00,codered,normal,0
2001-07-15 22:06:00+00:00,3064,458,4.117493472584856,17.0,1.5607479576453744,44,293,3522,rrc00,codered,normal,0
2001-07-15 22:09:00+00:00,1814,232,5.098125689084895,19.0,2.738767138613569,38,64,2046,rrc00,codered,normal,0
2001-07-15 22:12:00+00:00,2708,370,6.234121122599705,16.0,3.837618314915106,75,100,3078,rrc00,codered,normal,0
2001-07-15 22:15:00+00:00,2937,231,4.686074225400068,16.0,2.2496971714509058,36,73,3168,rrc00,codered,normal,0
2001-07-15 22:18:00+00:00,3854,206,4.534769071094966,15.0,1.7565092039078216,42,66,4060,rrc00,codered,normal,0
2001-07-15 22:21:00+00:00,3152,178,4.513007614213198,13.0,1.4839952727300618,31,58,3330,rrc00,codered,normal,0
2001-07-15 22:24:00+00:00,1923,221,4.725429017160686,13.0,1.7072581469030526,37,52,2144,rrc00,codered,normal,0
2001-07-15 22:27:00+00:00,3081,208,4.5628042843232715,17.0,2.091240550544413,39,61,3289,rrc00,codered,normal,0
2001-07-15 22:30:00+00:00,1813,232,4.721456150027579,17.0,1.9773030036135695,34,96,2045,rrc00,codered,normal,0
2001-07-15 22:33:00+00:00,3755,949,5.16271637816245,17.0,2.4705768041339184,125,134,4704,rrc00,codered,normal,0
2001-07-15 22:36:00+00:00,4531,454,4.9728536746855,18.0,2.4973020534637,66,153,4985,rrc00,codered,normal,0
2001-07-15 22:39:00+00:00,3675,336,4.990748299319728,17.0,1.9065005476021537,54,99,4011,rrc00,codered,normal,0
2001-07-15 22:42:00+00:00,2180,228,5.243577981651376,16.0,2.3768435714587772,35,65,2408,rrc00,codered,normal,0
2001-07-15 22:45:00+00:00,2969,396,4.2175816773324355,13.0,1.6307340201291618,56,88,3365,rrc00,codered,normal,0
2001-07-15 22:48:00+00:00,2535,179,5.485601577909271,17.0,2.076374519921625,26,78,2714,rrc00,codered,normal,0
2001-07-15 22:51:00+00:00,2599,284,4.537514428626395,17.0,2.167486167065552,42,59,2883,rrc00,codered,normal,0
2001-07-15 22:54:00+00:00,3905,442,4.682714468629961,18.0,1.9217658350782192,48,240,4347,rrc00,codered,normal,0
2001-07-15 22:57:00+00:00,3901,347,4.503716995642143,19.0,1.8311998875989122,65,80,4248,rrc00,codered,normal,0
2001-07-15 23:00:00+00:00,8819,363,4.078807120988774,14.0,1.4482112810658128,56,119,9182,rrc00,codered,normal,0
2001-07-15 23:03:00+00:00,11534,258,4.081844980058956,15.0,1.3232111191827765,47,116,11792,rrc00,codered,normal,0
2001-07-15 23:06:00+00:00,3413,367,4.6592440668033985,14.0,1.465163481876204,72,96,3780,rrc00,codered,normal,0
2001-07-15 23:09:00+00:00,2650,340,4.686792452830189,14.0,1.5910169686901587,69,125,2990,rrc00,codered,normal,0
2001-07-15 23:12:00+00:00,3901,258,4.820558831068957,13.0,1.4711086889175222,52,75,4159,rrc00,codered,normal,0
2001-07-15 23:15:00+00:00,3525,302,4.236028368794326,14.0,1.6692143136000022,44,99,3827,rrc00,codered,normal,0
2001-07-15 23:18:00+00:00,3246,412,5.230437461491066,15.0,2.02309773722014,70,111,3658,rrc00,codered,normal,0
2001-07-15 23:21:00+00:00,2361,229,4.534519271495129,18.0,1.8198673776066006,46,79,2590,rrc00,codered,normal,0
2001-07-15 23:24:00+00:00,2808,313,4.222222222222222,14.0,1.8497067347956373,47,144,3121,rrc00,codered,normal,0
2001-07-15 23:27:00+00:00,3797,288,4.727943112983935,16.0,1.7304508551697155,43,93,4085,rrc00,codered,normal,0
2001-07-15 23:30:00+00:00,2897,1893,5.000690369347601,15.0,1.5394926091749457,446,457,4790,rrc00,codered,normal,0
2001-07-15 23:33:00+00:00,1439,321,5.360667129951355,18.0,2.2020607190522257,48,74,1760,rrc00,codered,normal,0
2001-07-15 23:36:00+00:00,10935,540,4.394513031550068,17.0,1.562888968522086,63,303,11475,rrc00,codered,normal,0
2001-07-15 23:39:00+00:00,2896,325,4.156767955801105,16.0,1.8952932530920548,64,87,3221,rrc00,codered,normal,0
2001-07-15 23:42:00+00:00,2609,429,4.804139517056344,18.0,1.7322627139341606,57,163,3038,rrc00,codered,normal,0
2001-07-15 23:45:00+00:00,1588,274,4.55478589420655,12.0,1.5465557790898752,51,92,1862,rrc00,codered,normal,0
2001-07-15 23:48:00+00:00,1080,177,4.154629629629629,14.0,1.8487174863421587,33,55,1257,rrc00,codered,normal,0
2001-07-15 23:51:00+00:00,2406,229,5.149210307564422,13.0,1.4913763607943886,38,64,2635,rrc00,codered,normal,0
2001-07-15 23:54:00+00:00,2073,225,5.3140376266280756,13.0,1.7073041216360623,33,77,2298,rrc00,codered,normal,0
2001-07-15 23:57:00+00:00,1373,260,5.16897305171158,16.0,1.9979593106817208,40,63,1633,rrc00,codered,normal,0
2001-07-16 00:00:00+00:00,2164,466,5.641866913123844,16.0,2.1478879771358774,89,113,2630,rrc00,codered,normal,0
2001-07-16 00:03:00+00:00,1417,276,5.184191954834157,17.0,2.407780539747184,48,79,1693,rrc00,codered,normal,0
2001-07-16 00:06:00+00:00,1227,291,4.548492257538713,16.0,2.1860983152804643,58,72,1518,rrc00,codered,normal,0
2001-07-16 00:09:00+00:00,2211,234,5.2044323835368616,17.0,1.7785083829244868,24,137,2445,rrc00,codered,normal,0
2001-07-16 00:12:00+00:00,1207,183,5.312344656172328,14.0,2.0126456195543656,31,66,1390,rrc00,codered,normal,0
2001-07-16 00:15:00+00:00,3181,283,5.223200251493241,16.0,1.4542729182194083,55,71,3464,rrc00,codered,normal,0
2001-07-16 00:18:00+00:00,2036,405,5.210216110019647,15.0,2.0912423227149315,76,134,2441,rrc00,codered,normal,0
2001-07-16 00:21:00+00:00,2423,547,4.838217086256707,13.0,1.5880513783494543,82,108,2970,rrc00,codered,normal,0
2001-07-16 00:24:00+00:00,1722,342,4.909407665505227,14.0,1.7070373564981374,67,105,2064,rrc00,codered,normal,0
2001-07-16 00:27:00+00:00,3026,280,4.779576999339062,13.0,1.421204010308084,34,123,3306,rrc00,codered,normal,0
2001-07-16 00:30:00+00:00,1545,321,5.47378640776699,13.0,2.1091860037444072,39,54,1866,rrc00,codered,normal,0
2001-07-16 00:33:00+00:00,1387,236,4.913482335976928,15.0,1.651203463217373,42,48,1623,rrc00,codered,normal,0
2001-07-16 00:36:00+00:00,2570,737,5.242412451361868,14.0,2.0537502038765045,85,108,3307,rrc00,codered,normal,0
2001-07-16 00:39:00+00:00,2616,342,5.094036697247707,17.0,2.3287580995275325,59,145,2958,rrc00,codered,normal,0
2001-07-16 00:42:00+00:00,2527,317,5.171349426197072,16.0,1.825034294873944,60,82,2844,rrc00,codered,normal,0
2001-07-16 00:45:00+00:00,1784,340,5.099775784753363,15.0,2.19868487882286,42,160,2124,rrc00,codered,normal,0
2001-07-16 00:48:00+00:00,1427,218,5.21093202522775,14.0,2.0435876535720525,36,45,1645,rrc00,codered,normal,0
2001-07-16 00:51:00+00:00,2168,350,4.784132841328414,13.0,1.376022627058167,65,86,2518,rrc00,codered,normal,0
2001-07-16 00:54:00+00:00,1586,313,5.39281210592686,18.0,1.9483038275752815,57,72,1899,rrc00,codered,normal,0
2001-07-16 00:57:00+00:00,1236,227,5.114886731391586,17.0,2.4799660198603792,42,63,1463,rrc00,codered,normal,0
2001-07-16 01:00:00+00:00,3096,337,5.202196382428941,16.0,1.5380010963216686,51,123,3433,rrc00,codered,normal,0
2001-07-16 01:03:00+00:00,1977,503,5.350025290844714,13.0,1.794131739703346,64,108,2480,rrc00,codered,normal,0
2001-07-16 01:06:00+00:00,2244,298,5.35204991087344,14.0,1.908546377168037,59,83,2542,rrc00,codered,normal,0
2001-07-16 01:09:00+00:00,2460,402,7.078861788617886,17.0,3.0931803306844863,74,82,2862,rrc00,codered,normal,0
2001-07-16 01:12:00+00:00,1424,299,5.396769662921348,21.0,2.8223159094991908,57,82,1723,rrc00,codered,normal,0
2001-07-16 01:15:00+00:00,3428,622,6.155484247374562,17.0,2.6004962554942024,66,315,4050,rrc00,codered,normal,0
2001-07-16 01:18:00+00:00,5885,1101,4.797960917587086,13.0,1.5044976767363885,229,280,6986,rrc00,codered,normal,0
2001-07-16 01:21:00+00:00,1211,235,4.630057803468208,13.0,1.7385382338945725,38,46,1446,rrc00,codered,normal,0
2001-07-16 01:24:00+00:00,1591,220,4.856693903205531,14.0,1.679043420223593,34,69,1811,rrc00,codered,normal,0
2001-07-16 01:27:00+00:00,1247,282,5.097032878909382,16.0,2.2224449250294294,50,78,1529,rrc00,codered,normal,0
2001-07-16 01:30:00+00:00,3527,266,6.212361780550043,18.0,2.336695899145432,43,54,3793,rrc00,codered,normal,0
2001-07-16 01:33:00+00:00,3082,239,5.762491888384166,15.0,2.1330001950360327,39,59,3321,rrc00,codered,normal,0
2001-07-16 01:36:00+00:00,2174,231,5.251609935602576,16.0,2.1803852285350604,42,56,2405,rrc00,codered,normal,0
2001-07-16 01:39:00+00:00,1522,237,5.045992115637319,17.0,2.4720222336626203,48,57,1759,rrc00,codered,normal,0
2001-07-16 01:42:00+00:00,1835,285,5.10408719346049,14.0,2.080022970168839,45,55,2120,rrc00,codered,normal,0
2001-07-16 01:45:00+00:00,1551,254,5.661508704061895,17.0,2.231203031877651,62,78,1805,rrc00,codered,normal,0
2001-07-16 01:48:00+00:00,982,235,5.336048879837067,16.0,2.928736732609231,42,65,1217,rrc00,codered,normal,0
2001-07-16 01:51:00+00:00,1028,234,5.571984435797665,18.0,3.339667431389979,36,53,1262,rrc00,codered,normal,0
2001-07-16 01:54:00+00:00,1308,183,5.046636085626911,19.0,2.2306173633536455,32,41,1491,rrc00,codered,normal,0
2001-07-16 01:57:00+00:00,1836,203,5.0816993464052285,17.0,2.191256279831128,41,64,2039,rrc00,codered,normal,0
2001-07-16 02:00:00+00:00,1782,234,5.176206509539843,17.0,2.083373219282091,42,54,2016,rrc00,codered,normal,0
2001-07-16 02:03:00+00:00,1958,221,4.848314606741573,13.0,1.662533945708913,34,88,2179,rrc00,codered,normal,0
2001-07-16 02:06:00+00:00,1415,179,4.946996466431095,14.0,1.8690381750071765,32,51,1594,rrc00,codered,normal,0
2001-07-16 02:09:00+00:00,3512,398,4.914293849658314,16.0,2.1577324563735685,88,131,3910,rrc00,codered,normal,0
2001-07-16 02:12:00+00:00,1298,320,5.130970724191063,13.0,1.9751411521184044,61,72,1618,rrc00,codered,normal,0
2001-07-16 02:15:00+00:00,2870,261,4.414285714285715,14.0,1.6492437593032743,42,55,3131,rrc00,codered,normal,0
2001-07-16 02:18:00+00:00,2907,187,4.631922944616443,15.0,1.8764887497062694,38,45,3094,rrc00,codered,normal,0
2001-07-16 02:21:00+00:00,2849,394,4.716742716742717,14.0,1.3897295863097665,50,126,3243,rrc00,codered,normal,0
2001-07-16 02:24:00+00:00,1884,237,5.132696390658174,14.0,1.7379897089499257,37,50,2121,rrc00,codered,normal,0
2001-07-16 02:27:00+00:00,2241,263,5.149933065595716,17.0,2.2323353371627808,40,50,2504,rrc00,codered,normal,0
2001-07-16 02:30:00+00:00,1467,343,5.428766189502386,17.0,2.6882188966426317,47,127,1810,rrc00,codered,normal,0
2001-07-16 02:33:00+00:00,2452,493,4.758564437194127,15.0,1.7058423439144568,132,142,2945,rrc00,codered,normal,0
2001-07-16 02:36:00+00:00,1376,478,4.7710755813953485,16.0,2.030452895145251,65,92,1854,rrc00,codered,normal,0
2001-07-16 02:39:00+00:00,1745,466,5.198280802292263,17.0,2.4976085802804397,67,94,2211,rrc00,codered,normal,0
2001-07-16 02:42:00+00:00,1739,516,4.762507188039103,16.0,1.9034962941493279,75,91,2255,rrc00,codered,normal,0
2001-07-16 02:45:00+00:00,1764,257,5.332766439909297,16.0,2.230441078239811,52,64,2021,rrc00,codered,normal,0
2001-07-16 02:48:00+00:00,1904,321,5.343487394957983,14.0,2.1118114267002994,38,120,2225,rrc00,codered,normal,0
2001-07-16 02:51:00+00:00,1213,195,6.338829348722176,22.0,4.4031897620388385,33,60,1408,rrc00,codered,normal,0
2001-07-16 02:54:00+00:00,2999,568,4.615538512837612,16.0,1.8782299870876804,124,130,3567,rrc00,codered,normal,0
2001-07-16 02:57:00+00:00,2638,370,5.640257771038666,16.0,2.349455490343511,91,158,3008,rrc00,codered,normal,0
2001-07-16 03:00:00+00:00,1663,241,5.22489476849068,13.0,1.4806609331336764,34,119,1904,rrc00,codered,normal,0
2001-07-16 03:03:00+00:00,1180,239,5.8694915254237285,16.0,2.8361918988700885,29,89,1419,rrc00,codered,normal,0
2001-07-16 03:06:00+00:00,1573,516,5.567705022250477,18.0,2.9696536167352305,68,84,2089,rrc00,codered,normal,0
2001-07-16 03:09:00+00:00,1219,343,5.388022969647252,20.0,2.873240109120185,55,94,1562,rrc00,codered,normal,0
2001-07-16 03:12:00+00:00,734,180,6.141689373297003,16.0,3.1677152703961955,32,40,914,rrc00,codered,normal,0
2001-07-16 03:15:00+00:00,929,213,4.8406889128094726,15.0,2.688015494225577,36,50,1142,rrc00,codered,normal,0
2001-07-16 03:18:00+00:00,2254,216,5.18189884649512,17.0,2.698829930910643,37,47,2470,rrc00,codered,normal,0
2001-07-16 03:21:00+00:00,1356,310,5.904867256637168,17.0,3.0980448535378877,51,60,1666,rrc00,codered,normal,0
2001-07-16 03:24:00+00:00,2168,283,5.374077490774908,17.0,2.5427727655393455,52,91,2451,rrc00,codered,normal,0
2001-07-16 03:27:00+00:00,1255,232,5.958565737051793,18.0,3.3630101080303785,30,58,1487,rrc00,codered,normal,0
2001-07-16 03:30:00+00:00,1629,358,5.468385512584407,17.0,2.5740860278950186,53,80,1987,rrc00,codered,normal,0
2001-07-16 03:33:00+00:00,1434,394,4.853556485355648,17.0,2.1478228186881396,58,66,1828,rrc00,codered,normal,0
2001-07-16 03:36:00+00:00,1318,212,5.092564491654021,15.0,2.2095645194742404,37,49,1530,rrc00,codered,normal,0
2001-07-16 03:39:00+00:00,1994,495,5.5280842527582745,15.0,2.018585570154229,71,94,2489,rrc00,codered,normal,0
2001-07-16 03:42:00+00:00,2072,407,5.4425675675675675,17.0,1.9346422180454685,70,105,2479,rrc00,codered,normal,0
2001-07-16 03:45:00+00:00,1541,380,5.7222582738481504,16.0,2.269214808614635,67,79,1921,rrc00,codered,normal,0
2001-07-16 03:48:00+00:00,3553,476,5.052631578947368,16.0,2.208977785781011,69,124,4029,rrc00,codered,normal,0
2001-07-16 03:51:00+00:00,2443,668,5.912812116250512,17.0,2.5019377656531625,88,288,3111,rrc00,codered,normal,0
2001-07-16 03:54:00+00:00,3247,869,4.801047120418848,17.0,1.763283994852095,179,242,4116,rrc00,codered,normal,0
2001-07-16 03:57:00+00:00,2838,696,4.993657505285412,17.0,1.7480368365461227,94,113,3534,rrc00,codered,normal,0
2001-07-16 04:00:00+00:00,2211,535,4.6716417910447765,13.0,1.5025399782986062,75,109,2746,rrc00,codered,normal,0
2001-07-16 04:03:00+00:00,2092,212,5.19980879541109,16.0,2.492865529571711,38,74,2304,rrc00,codered,normal,0
2001-07-16 04:06:00+00:00,2439,501,5.014760147601476,15.0,2.306689261338615,64,90,2940,rrc00,codered,normal,0
2001-07-16 04:09:00+00:00,1930,506,5.008290155440415,16.0,2.216502795215567,88,159,2436,rrc00,codered,normal,0
2001-07-16 04:12:00+00:00,2491,288,5.027298273785628,16.0,1.6868613729654258,61,70,2779,rrc00,codered,normal,0
2001-07-16 04:15:00+00:00,2911,446,5.40054963929921,17.0,2.2223497890469583,74,106,3357,rrc00,codered,normal,0
2001-07-16 04:18:00+00:00,2172,498,5.2845303867403315,18.0,2.1757664364754823,79,86,2670,rrc00,codered,normal,0
2001-07-16 04:21:00+00:00,1980,253,4.761111111111111,17.0,2.674987544156364,40,82,2233,rrc00,codered,normal,0
2001-07-16 04:24:00+00:00,1502,237,6.344207723035952,18.0,3.7007794737292903,46,74,1739,rrc00,codered,normal,0
2001-07-16 04:27:00+00:00,2213,456,4.793944871215545,17.0,1.9319698220353858,66,72,2669,rrc00,codered,normal,0
2001-07-16 04:30:00+00:00,15210,381,3.768441814595661,19.0,1.76358169246464,59,79,15591,rrc00,codered,normal,0
2001-07-16 04:33:00+00:00,3437,372,5.025894675589177,16.0,1.9388900308183539,55,81,3809,rrc00,codered,normal,0
2001-07-16 04:36:00+00:00,1451,357,5.710544452101999,14.0,2.403252544177942,48,67,1808,rrc00,codered,normal,0
2001-07-16 04:39:00+00:00,1529,385,5.188358404185743,14.0,1.955982719090411,58,157,1914,rrc00,codered,normal,0
2001-07-16 04:42:00+00:00,2678,502,5.747946228528753,19.0,2.2694568826685386,94,120,3180,rrc00,codered,normal,0
2001-07-16 04:45:00+00:00,7568,5879,4.402616279069767,14.0,1.1828266055354333,59,5616,13447,rrc00,codered,normal,0
2001-07-16 04:48:00+00:00,2055,315,5.255474452554744,14.0,2.1342846015225416,54,84,2370,rrc00,codered,normal,0
2001-07-16 04:51:00+00:00,4635,1296,5.248975188781014,14.0,1.4520515288097045,164,191,5931,rrc00,codered,normal,0
2001-07-16 04:54:00+00:00,2981,398,5.355920831935592,15.0,1.668960871795827,49,160,3379,rrc00,codered,normal,0
2001-07-16 04:57:00+00:00,1347,342,4.916852264291017,13.0,1.8485105972276172,50,82,1689,rrc00,codered,normal,0
2001-07-16 05:00:00+00:00,1481,207,5.24172856178258,14.0,2.2094055245011135,39,64,1688,rrc00,codered,normal,0
2001-07-16 05:03:00+00:00,1682,213,4.799643281807372,15.0,1.8029371903831692,40,69,1895,rrc00,codered,normal,0
2001-07-16 05:06:00+00:00,1416,285,5.179378531073446,14.0,1.8285320771808182,54,77,1701,rrc00,codered,normal,0
2001-07-16 05:09:00+00:00,1387,280,5.1110310021629415,15.0,2.2772662916923507,47,58,1667,rrc00,codered,normal,0
2001-07-16 05:12:00+00:00,1340,279,4.992537313432836,15.0,2.187127430640803,40,58,1619,rrc00,codered,normal,0
2001-07-16 05:15:00+00:00,1271,317,4.996066089693155,14.0,1.9950726735674247,49,73,1588,rrc00,codered,normal,0
2001-07-16 05:18:00+00:00,2302,821,5.390095569070374,13.0,1.8255468431965678,107,121,3123,rrc00,codered,normal,0
2001-07-16 05:21:00+00:00,2196,294,4.5869763205828775,13.0,1.4913819709954057,70,119,2490,rrc00,codered,normal,0
2001-07-16 05:24:00+00:00,3466,665,5.19532602423543,16.0,1.5272825927687521,121,137,4131,rrc00,codered,normal,0
2001-07-16 05:27:00+00:00,2081,356,5.924074963959635,21.0,3.2302334873280096,76,121,2437,rrc00,codered,normal,0
2001-07-16 05:30:00+00:00,1541,325,6.117456197274497,19.0,3.7088858370189546,68,78,1866,rrc00,codered,normal,0
2001-07-16 05:33:00+00:00,1854,240,5.256202804746494,16.0,1.894080893563457,37,55,2094,rrc00,codered,normal,0
2001-07-16 05:36:00+00:00,1862,268,4.891514500537057,13.0,1.6647101541951348,44,69,2130,rrc00,codered,normal,0
2001-07-16 05:39:00+00:00,1632,201,4.623774509803922,16.0,1.522502283760564,37,62,1833,rrc00,codered,normal,0
2001-07-16 05:42:00+00:00,2319,334,5.175937904269081,17.0,2.4058124002775267,48,137,2653,rrc00,codered,normal,0
2001-07-16 05:45:00+00:00,1423,293,5.367533380182713,17.0,2.143282834489821,49,66,1716,rrc00,codered,normal,0
2001-07-16 05:48:00+00:00,2279,286,5.6480912681000435,18.0,2.3419565554650945,47,89,2565,rrc00,codered,normal,0
2001-07-16 05:51:00+00:00,1627,362,5.507068223724646,19.0,2.0990630267587425,47,88,1989,rrc00,codered,normal,0
2001-07-16 05:54:00+00:00,1936,394,4.868801652892562,13.0,1.5628492369764684,64,104,2330,rrc00,codered,normal,0
2001-07-16 05:57:00+00:00,1985,416,5.014609571788413,15.0,1.7165040217354057,68,90,2401,rrc00,codered,normal,0
2001-07-16 06:00:00+00:00,3625,635,5.065655172413793,17.0,1.384881328810176,129,201,4260,rrc00,codered,normal,0
2001-07-16 06:03:00+00:00,3405,727,5.311306901615271,15.0,1.3513483432748212,119,134,4132,rrc00,codered,normal,0
2001-07-16 06:06:00+00:00,3453,715,5.3037938024905875,14.0,1.8257672616180058,137,167,4168,rrc00,codered,normal,0
2001-07-16 06:09:00+00:00,2180,557,5.444954128440367,14.0,1.8123423051187992,107,152,2737,rrc00,codered,normal,0
2001-07-16 06:12:00+00:00,5232,1152,5.267010703363915,15.0,1.3826404380478656,256,282,6384,rrc00,codered,normal,0
2001-07-16 06:15:00+00:00,6038,715,5.236667770785028,15.0,1.5214488220040487,195,313,6753,rrc00,codered,normal,0
2001-07-16 06:18:00+00:00,3791,537,5.174887892376682,15.0,1.5324718213519415,141,157,4328,rrc00,codered,normal,0
2001-07-16 06:21:00+00:00,6328,1624,5.588337547408344,14.0,1.7757772514791514,283,331,7952,rrc00,codered,normal,0
2001-07-16 06:24:00+00:00,6097,1112,5.188125307528293,15.0,1.6827824120375527,194,327,7209,rrc00,codered,normal,0
2001-07-16 06:27:00+00:00,4192,993,5.1080629770992365,14.0,1.5098316054944392,123,151,5185,rrc00,codered,normal,0
2001-07-16 06:30:00+00:00,5262,888,4.914861269479285,13.0,1.4921470510237553,164,193,6150,rrc00,codered,normal,0
2001-07-16 06:33:00+00:00,5159,1335,5.215739484396201,14.0,1.7732960230592514,199,321,6494,rrc00,codered,normal,0
2001-07-16 06:36:00+00:00,2721,602,5.499816244027931,15.0,1.7815512885676736,92,187,3323,rrc00,codered,normal,0
2001-07-16 06:39:00+00:00,2132,489,5.314727954971858,13.0,1.7041800422558124,69,111,2621,rrc00,codered,normal,0
2001-07-16 06:42:00+00:00,11393,2045,5.129553234442201,15.0,1.606533974442697,314,334,13438,rrc00,codered,normal,0
2001-07-16 06:45:00+00:00,13243,2386,5.538926225175564,14.0,1.6709782178125443,474,509,15629,rrc00,codered,normal,0
2001-07-16 06:48:00+00:00,5000,1084,4.9004,13.0,1.4532996387531374,211,273,6084,rrc00,codered,normal,0
2001-07-16 06:51:00+00:00,8759,2580,5.519465692430643,14.0,1.5836975979993655,425,460,11339,rrc00,codered,normal,0
2001-07-16 06:54:00+00:00,8425,2255,5.370682492581603,15.0,1.5525363024437324,446,477,10680,rrc00,codered,normal,0
2001-07-16 06:57:00+00:00,6752,2227,5.011700236966824,13.0,1.2388170191051575,362,437,8979,rrc00,codered,normal,0
2001-07-16 07:00:00+00:00,7647,2133,5.240748005753891,15.0,1.6090247849711259,342,397,9780,rrc00,codered,normal,0
2001-07-16 07:03:00+00:00,5338,1752,5.5443986511802175,15.0,1.9098244119066035,367,380,7090,rrc00,codered,normal,0
2001-07-16 07:06:00+00:00,7403,2575,5.378360124273943,17.0,1.6854981852160005,398,455,9978,rrc00,codered,normal,0
2001-07-16 07:09:00+00:00,5965,1170,5.268231349538977,14.0,1.6013840326123285,168,409,7135,rrc00,codered,normal,0
2001-07-16 07:12:00+00:00,8129,1410,5.1632427112806,14.0,1.688730781495924,192,205,9539,rrc00,codered,normal,0
2001-07-16 07:15:00+00:00,8374,1696,5.615237640315262,14.0,2.007993807334985,288,414,10070,rrc00,codered,normal,0
2001-07-16 07:18:00+00:00,4525,1333,5.740773480662983,13.0,1.9212638159155677,240,289,5858,rrc00,codered,normal,0
2001-07-16 07:21:00+00:00,3852,861,5.007528556593977,13.0,1.3012875714771452,183,261,4713,rrc00,codered,normal,0
2001-07-16 07:24:00+00:00,3158,897,5.936352121595947,17.0,2.133763587569624,183,237,4055,rrc00,codered,normal,0
2001-07-16 07:27:00+00:00,3375,970,5.818370370370371,15.0,2.2566879064837995,188,211,4345,rrc00,codered,normal,0
2001-07-16 07:30:00+00:00,3216,1059,5.295398009950249,13.0,1.6106930357825564,182,221,4275,rrc00,codered,normal,0
2001-07-16 07:33:00+00:00,3069,215,4.963506028022157,13.0,1.4987681131521935,37,91,3284,rrc00,codered,normal,0
2001-07-16 07:36:00+00:00,2802,621,5.1677373304782295,15.0,1.9359076846301704,67,147,3423,rrc00,codered,normal,0
2001-07-16 07:39:00+00:00,3365,1011,5.4407132243684995,15.0,1.7224522316800166,167,213,4376,rrc00,codered,normal,0
2001-07-16 07:42:00+00:00,1631,375,5.058246474555488,14.0,1.6778330059641378,67,98,2006,rrc00,codered,normal,0
2001-07-16 07:45:00+00:00,1873,294,4.659903897490657,14.0,1.6936108042190225,36,95,2167,rrc00,codered,normal,0
2001-07-16 07:48:00+00:00,4465,1006,4.943337066069429,14.0,1.6601963130668071,212,242,5471,rrc00,codered,normal,0
2001-07-16 07:51:00+00:00,2184,452,4.926282051282051,15.0,1.958489948954049,69,78,2636,rrc00,codered,normal,0
2001-07-16 07:54:00+00:00,2565,342,5.580506822612086,13.0,1.9747554284999698,58,98,2907,rrc00,codered,normal,0
2001-07-16 07:57:00+00:00,2807,428,5.561809761311008,14.0,2.090662056074205,78,99,3235,rrc00,codered,normal,0
2001-07-16 08:00:00+00:00,1593,286,5.251098556183302,16.0,1.7669563379630653,59,80,1879,rrc00,codered,normal,0
2001-07-16 08:03:00+00:00,4257,1244,5.169837914023961,17.0,1.5137151688613166,171,278,5501,rrc00,codered,normal,0
2001-07-16 08:06:00+00:00,3205,329,5.776911076443057,16.0,2.1914236049722504,43,115,3534,rrc00,codered,normal,0
2001-07-16 08:09:00+00:00,2261,434,5.5205661211853165,14.0,2.219121365603645,62,90,2695,rrc00,codered,normal,0
2001-07-16 08:12:00+00:00,8254,1317,5.469105888054277,16.0,1.7242558260880616,272,406,9571,rrc00,codered,normal,0
2001-07-16 08:15:00+00:00,7786,1896,5.947341381967634,14.0,1.7452886919839834,278,327,9682,rrc00,codered,normal,0
2001-07-16 08:18:00+00:00,7106,1445,5.368280326484661,14.0,1.5360940440380388,263,404,8551,rrc00,codered,normal,0
2001-07-16 08:21:00+00:00,3100,874,5.042258064516129,14.0,1.6458612995248638,210,561,3974,rrc00,codered,normal,0
2001-07-16 08:24:00+00:00,5426,776,5.153520088462956,14.0,1.5204174843222977,89,321,6202,rrc00,codered,normal,0
2001-07-16 08:27:00+00:00,2217,606,5.473161930536762,15.0,1.9629694460047256,118,160,2823,rrc00,codered,normal,0
2001-07-16 08:30:00+00:00,3219,873,5.6902764833799315,13.0,2.024255346838599,141,176,4092,rrc00,codered,normal,0
2001-07-16 08:33:00+00:00,10528,721,5.11084726443769,16.0,1.3162403731207086,159,199,11249,rrc00,codered,normal,0
2001-07-16 08:36:00+00:00,4143,1137,5.919864832247164,18.0,2.07052782529802,283,354,5280,rrc00,codered,normal,0
2001-07-16 08:39:00+00:00,5080,827,5.482283464566929,22.0,2.058036174615449,142,302,5907,rrc00,codered,normal,0
2001-07-16 08:42:00+00:00,15022,1689,4.89675143123419,14.0,1.7557343042159541,189,1016,16711,rrc00,codered,normal,0
2001-07-16 08:45:00+00:00,11069,761,5.186918420814888,14.0,1.809728325694953,136,243,11830,rrc00,codered,normal,0
2001-07-16 08:48:00+00:00,11922,811,4.976514007716826,19.0,1.796458330525165,137,214,12733,rrc00,codered,normal,0
2001-07-16 08:51:00+00:00,3762,304,4.813928761297182,15.0,1.5451515750656002,49,91,4066,rrc00,codered,normal,0
2001-07-16 08:54:00+00:00,5435,371,4.832750689972401,14.0,1.6027213734052446,69,147,5806,rrc00,codered,normal,0
2001-07-16 08:57:00+00:00,4520,675,5.2550884955752215,13.0,1.452712062764427,110,169,5195,rrc00,codered,normal,0
2001-07-16 09:00:00+00:00,5097,1417,5.5942711398862075,17.0,2.191398487996419,190,284,6514,rrc00,codered,normal,0
2001-07-16 09:03:00+00:00,5284,358,4.7583270249810745,16.0,1.4592874928960855,69,141,5642,rrc00,codered,normal,0
2001-07-16 09:06:00+00:00,4192,524,4.905772900763359,14.0,1.7852088086301472,93,138,4716,rrc00,codered,normal,0
2001-07-16 09:09:00+00:00,3041,370,6.39888194672805,15.0,2.666929764695495,48,100,3411,rrc00,codered,normal,0
2001-07-16 09:12:00+00:00,4526,534,5.144277507733098,14.0,1.6152708879368578,133,147,5060,rrc00,codered,normal,0
2001-07-16 09:15:00+00:00,2210,483,4.827149321266968,13.0,1.6011832503597365,55,136,2693,rrc00,codered,normal,0
2001-07-16 09:18:00+00:00,1649,320,5.075803517283202,16.0,1.784904792547611,52,72,1969,rrc00,codered,normal,0
2001-07-16 09:21:00+00:00,2700,634,4.9511111111111115,15.0,1.5787414897183214,107,133,3334,rrc00,codered,normal,0
2001-07-16 09:24:00+00:00,2385,438,5.236058700209644,17.0,1.6700718612417604,64,100,2823,rrc00,codered,normal,0
2001-07-16 09:27:00+00:00,11278,446,4.854406809718035,14.0,1.1714572593318557,68,114,11724,rrc00,codered,normal,0
2001-07-16 09:30:00+00:00,2318,439,5.121656600517688,14.0,1.7364901722979875,75,122,2757,rrc00,codered,normal,0
2001-07-16 09:33:00+00:00,5309,677,5.190619702392164,14.0,1.3619076333600306,108,145,5986,rrc00,codered,normal,0
2001-07-16 09:36:00+00:00,5508,1311,5.3997821350762525,14.0,1.5998411174382696,194,223,6819,rrc00,codered,normal,0
2001-07-16 09:39:00+00:00,1443,292,5.121275121275121,13.0,1.759200515704169,49,76,1735,rrc00,codered,normal,0
2001-07-16 09:42:00+00:00,3193,979,5.19699342311306,14.0,1.508623415270275,188,209,4172,rrc00,codered,normal,0
2001-07-16 09:45:00+00:00,4388,954,5.040565177757521,18.0,1.870997971384295,128,161,5342,rrc00,codered,normal,0
2001-07-16 09:48:00+00:00,3597,793,4.769530164025577,14.0,1.717620379517482,93,136,4390,rrc00,codered,normal,0
2001-07-16 09:51:00+00:00,2869,970,5.272917392819798,14.0,1.8513328012442114,139,157,3839,rrc00,codered,normal,0
2001-07-16 09:54:00+00:00,2579,922,5.7588212485459485,21.0,3.315045356261888,115,156,3501,rrc00,codered,normal,0
2001-07-16 09:57:00+00:00,2100,594,5.897142857142857,15.0,2.417572853793937,97,163,2694,rrc00,codered,normal,0
2001-07-16 10:00:00+00:00,3460,674,5.70635838150289,15.0,2.288679107374775,92,126,4134,rrc00,codered,normal,0
2001-07-16 10:03:00+00:00,2553,338,5.441441441441442,17.0,2.1184559608930833,65,88,2891,rrc00,codered,normal,0
2001-07-16 10:06:00+00:00,2148,494,5.08659217877095,17.0,1.9414010681528076,65,90,2642,rrc00,codered,normal,0
2001-07-16 10:09:00+00:00,4537,590,5.260965395635883,15.0,1.9106684563502734,83,211,5127,rrc00,codered,normal,0
2001-07-16 10:12:00+00:00,5330,991,5.311444652908068,14.0,1.612044363898478,153,220,6321,rrc00,codered,normal,0
2001-07-16 10:15:00+00:00,4364,633,5.125343721356554,13.0,1.6863633921760688,150,183,4997,rrc00,codered,normal,0
2001-07-16 10:18:00+00:00,3063,604,5.141691152464904,14.0,1.6613862849438774,97,166,3667,rrc00,codered,normal,0
2001-07-16 10:21:00+00:00,2772,618,5.9646464646464645,19.0,2.9427274403914248,91,121,3390,rrc00,codered,normal,0
2001-07-16 10:24:00+00:00,4695,794,5.341427050053248,19.0,2.1188183878660394,124,172,5489,rrc00,codered,normal,0
2001-07-16 10:27:00+00:00,3705,873,5.063967611336032,13.0,1.4983427350634788,156,191,4578,rrc00,codered,normal,0
2001-07-16 10:30:00+00:00,2826,499,4.862703467799009,15.0,1.6243817426413705,56,209,3325,rrc00,codered,normal,0
2001-07-16 10:33:00+00:00,2717,512,5.372469635627531,15.0,1.957692068882183,97,160,3229,rrc00,codered,normal,0
2001-07-16 10:36:00+00:00,1913,399,4.986408782017773,13.0,1.827313051777464,67,90,2312,rrc00,codered,normal,0
2001-07-16 10:39:00+00:00,1823,254,4.750959956116292,14.0,1.7798370650428292,42,94,2077,rrc00,codered,normal,0
2001-07-16 10:42:00+00:00,4689,1181,5.300277244615057,15.0,1.5673688982792913,202,226,5870,rrc00,codered,normal,0
2001-07-16 10:45:00+00:00,2796,514,4.907725321888412,16.0,1.7306247200622973,92,161,3310,rrc00,codered,normal,0
2001-07-16 10:48:00+00:00,2614,638,4.611323641928079,14.0,1.7989098990404429,98,131,3252,rrc00,codered,normal,0
2001-07-16 10:51:00+00:00,20981,1370,4.136695105095086,16.0,1.3481997458184778,220,297,22351,rrc00,codered,normal,0
2001-07-16 10:54:00+00:00,12594,1766,4.719310782912498,16.0,1.3657940296964128,286,356,14360,rrc00,codered,normal,0
2001-07-16 10:57:00+00:00,10607,924,4.399736023380786,16.0,1.3905877378664673,188,236,11531,rrc00,codered,normal,0
2001-07-16 11:00:00+00:00,6943,1594,5.385856258101685,17.0,1.7367133558007921,276,310,8537,rrc00,codered,normal,0
2001-07-16 11:03:00+00:00,5947,851,5.0,16.0,1.6634630945584967,142,251,6798,rrc00,codered,normal,0
2001-07-16 11:06:00+00:00,7044,1004,4.589153889835321,19.0,1.7112303737343,168,213,8048,rrc00,codered,normal,0
2001-07-16 11:09:00+00:00,6019,1217,5.087223791327463,16.0,1.4913611515408165,215,260,7236,rrc00,codered,normal,0
2001-07-16 11:12:00+00:00,3384,685,5.226950354609929,16.0,1.6966890062188034,118,146,4069,rrc00,codered,normal,0
2001-07-16 11:15:00+00:00,3028,887,5.023117569352708,13.0,1.6146601503018188,174,223,3915,rrc00,codered,normal,0
2001-07-16 11:18:00+00:00,4561,904,5.181977636483228,18.0,1.648380478689773,160,223,5465,rrc00,codered,normal,0
2001-07-16 11:21:00+00:00,3102,969,5.546744036105738,15.0,1.7439886728123266,157,191,4071,rrc00,codered,normal,0
2001-07-16 11:24:00+00:00,3132,718,5.174648786717753,15.0,1.6639313870507713,192,226,3850,rrc00,codered,normal,0
2001-07-16 11:27:00+00:00,4962,1114,5.379081015719468,15.0,1.7800196893869846,168,259,6076,rrc00,codered,normal,0
2001-07-16 11:30:00+00:00,5624,870,5.378378378378378,17.0,1.8724822266119752,211,258,6494,rrc00,codered,normal,0
2001-07-16 11:33:00+00:00,9110,1513,5.435455543358946,17.0,1.6857883353760366,216,392,10623,rrc00,codered,normal,0
2001-07-16 11:36:00+00:00,3518,618,5.42040932347925,15.0,1.7548126474580836,163,202,4136,rrc00,codered,normal,0
2001-07-16 11:39:00+00:00,4405,1140,5.44472190692395,15.0,1.5416863406135835,159,217,5545,rrc00,codered,normal,0
2001-07-16 11:42:00+00:00,5175,1028,5.331207729468599,21.0,1.8137590054346602,233,262,6203,rrc00,codered,normal,0
2001-07-16 11:45:00+00:00,3398,529,5.4058269570335495,22.0,2.149322999085959,136,186,3927,rrc00,codered,normal,0
2001-07-16 11:48:00+00:00,2800,707,6.667142857142857,15.0,3.3166127914128394,104,122,3507,rrc00,codered,normal,0
2001-07-16 11:51:00+00:00,5445,1251,5.99485766758494,18.0,3.340979000565676,247,275,6696,rrc00,codered,normal,0
2001-07-16 11:54:00+00:00,5580,1475,5.988351254480286,17.0,2.5235891701224586,208,244,7055,rrc00,codered,normal,0
2001-07-16 11:57:00+00:00,4251,814,5.5928016937191245,20.0,2.0070529445993186,126,231,5065,rrc00,codered,normal,0
2001-07-16 12:00:00+00:00,3680,672,5.307336956521739,16.0,1.561719535703973,194,322,4352,rrc00,codered,normal,0
2001-07-16 12:03:00+00:00,6168,1145,5.273508430609598,16.0,1.4717173279027762,195,286,7313,rrc00,codered,normal,0
2001-07-16 12:06:00+00:00,3234,695,5.320964749536178,18.0,2.173719925559574,92,244,3929,rrc00,codered,normal,0
2001-07-16 12:09:00+00:00,4361,1110,5.657418023389131,13.0,1.6854301340443147,320,346,5471,rrc00,codered,normal,0
2001-07-16 12:12:00+00:00,9159,1507,5.253630308985697,15.0,1.3601336771192114,339,439,10666,rrc00,codered,normal,0
2001-07-16 12:15:00+00:00,4273,577,5.172478352445588,14.0,1.8059295587921902,118,186,4850,rrc00,codered,normal,0
2001-07-16 12:18:00+00:00,3157,710,5.7953753563509665,17.0,2.1651640893472193,154,182,3867,rrc00,codered,normal,0
2001-07-16 12:21:00+00:00,3614,496,5.3262313226342,13.0,1.5542552111466095,88,111,4110,rrc00,codered,normal,0
2001-07-16 12:24:00+00:00,4072,902,5.06237721021611,17.0,1.9062092334270218,146,231,4974,rrc00,codered,normal,0
2001-07-16 12:27:00+00:00,3228,584,4.920693928128872,18.0,1.8257162066330672,115,201,3812,rrc00,codered,normal,0
2001-07-16 12:30:00+00:00,2373,505,5.165613147914033,18.0,2.1184790910052564,78,98,2878,rrc00,codered,normal,0
2001-07-16 12:33:00+00:00,4972,1322,5.112027353177796,17.0,1.5133224919553923,185,197,6294,rrc00,codered,normal,0
2001-07-16 12:36:00+00:00,6333,696,4.850939523132796,15.0,1.688953479982729,147,217,7029,rrc00,codered,normal,0
2001-07-16 12:39:00+00:00,2461,322,4.771231206826493,14.0,1.6282006792864872,55,134,2783,rrc00,codered,normal,0
2001-07-16 12:42:00+00:00,3462,723,5.226169844020797,16.0,1.9434457101318379,124,143,4185,rrc00,codered,normal,0
2001-07-16 12:45:00+00:00,4618,992,5.164140320485059,13.0,1.4700401732955166,203,276,5610,rrc00,codered,normal,0
2001-07-16 12:48:00+00:00,4003,1146,5.279040719460404,14.0,1.570661531284283,172,326,5149,rrc00,codered,normal,0
2001-07-16 12:51:00+00:00,5546,839,5.469707897583844,14.0,1.528631124038087,153,261,6385,rrc00,codered,normal,0
2001-07-16 12:54:00+00:00,8153,2850,5.560897829019993,14.0,1.5357074681338332,343,357,11003,rrc00,codered,normal,0
2001-07-16 12:57:00+00:00,7853,2187,5.6774481090029285,16.0,1.6949290313324588,289,322,10040,rrc00,codered,normal,0
2001-07-16 13:00:00+00:00,4653,991,5.766172361917043,19.0,1.921498019207331,186,214,5644,rrc00,codered,normal,0
2001-07-16 13:03:00+00:00,2967,639,5.749915739804516,19.0,2.20582596236657,105,131,3606,rrc00,codered,normal,0
2001-07-16 13:06:00+00:00,7516,446,4.401011176157531,15.0,1.6491548109910266,74,256,7962,rrc00,codered,normal,0
2001-07-16 13:09:00+00:00,10481,1188,4.440606812327068,16.0,1.6637270124214647,203,221,11669,rrc00,codered,normal,0
2001-07-16 13:12:00+00:00,2675,487,5.534205607476635,13.0,1.7223782934544167,94,112,3162,rrc00,codered,normal,0
2001-07-16 13:15:00+00:00,4946,1324,5.4112414071977355,15.0,1.7616537612358183,185,283,6270,rrc00,codered,normal,0
2001-07-16 13:18:00+00:00,6193,1666,5.319877280800904,14.0,1.4002907996946836,266,283,7859,rrc00,codered,normal,0
2001-07-16 13:21:00+00:00,8040,2600,5.612935323383085,17.0,1.7550727730219637,275,385,10640,rrc00,codered,normal,0
2001-07-16 13:24:00+00:00,5293,1103,5.031362176459475,15.0,1.6267410344322046,211,302,6396,rrc00,codered,normal,0
2001-07-16 13:27:00+00:00,3602,553,5.152692948362021,16.0,1.7620859627568146,79,186,4155,rrc00,codered,normal,0
2001-07-16 13:30:00+00:00,3634,854,5.22399559713814,18.0,2.0544103720692197,187,211,4488,rrc00,codered,normal,0
2001-07-16 13:33:00+00:00,4535,1153,5.022050716648291,15.0,1.7459226356537165,168,201,5688,rrc00,codered,normal,0
2001-07-16 13:36:00+00:00,3928,354,4.813645621181263,13.0,1.5278797885784097,54,151,4282,rrc00,codered,normal,0
2001-07-16 13:39:00+00:00,2003,324,5.148277583624563,14.0,1.8383176170998696,69,86,2327,rrc00,codered,normal,0
2001-07-16 13:42:00+00:00,2009,372,5.32404181184669,13.0,1.9719345889607427,56,79,2381,rrc00,codered,normal,0
2001-07-16 13:45:00+00:00,2705,268,5.160443622920518,13.0,1.6987945565982148,39,92,2973,rrc00,codered,normal,0
2001-07-16 13:48:00+00:00,2558,355,5.043784206411258,13.0,1.7260701849514686,48,80,2913,rrc00,codered,normal,0
2001-07-16 13:51:00+00:00,2478,147,4.618240516545601,15.0,1.784931042119535,25,52,2625,rrc00,codered,normal,0
2001-07-16 13:54:00+00:00,1920,268,5.008854166666667,17.0,2.2621028057390844,30,133,2188,rrc00,codered,normal,0
2001-07-16 13:57:00+00:00,2169,507,5.372521899492853,16.0,1.7637038107218326,81,160,2676,rrc00,codered,normal,0
2001-07-16 14:00:00+00:00,5217,1126,5.48897834004217,15.0,1.5552945710420105,182,205,6343,rrc00,codered,normal,0
2001-07-16 14:03:00+00:00,7668,1463,5.10602503912363,13.0,1.439657484550106,261,290,9131,rrc00,codered,normal,0
2001-07-16 14:06:00+00:00,3977,1085,5.2250440030173495,13.0,1.375783372731625,189,210,5062,rrc00,codered,normal,0
2001-07-16 14:09:00+00:00,3270,824,5.228134556574924,13.0,1.4333096812779111,173,253,4094,rrc00,codered,normal,0
2001-07-16 14:12:00+00:00,3656,644,5.005743982494529,13.0,1.436176788613807,135,308,4300,rrc00,codered,normal,0
2001-07-16 14:15:00+00:00,3508,317,4.888540478905359,13.0,1.3114506803162431,72,102,3825,rrc00,codered,normal,0
2001-07-16 14:18:00+00:00,1662,326,4.85740072202166,13.0,1.7280867969547555,56,75,1988,rrc00,codered,normal,0
2001-07-16 14:21:00+00:00,7586,1713,5.1849459530714475,14.0,1.6601405203485113,377,466,9299,rrc00,codered,normal,0
2001-07-16 14:24:00+00:00,6220,983,4.817041800643087,15.0,1.3818875185804138,194,215,7203,rrc00,codered,normal,0
2001-07-16 14:27:00+00:00,3300,406,5.111515151515151,17.0,1.964916716890537,68,91,3706,rrc00,codered,normal,0
2001-07-16 14:30:00+00:00,2642,650,5.214231642694928,16.0,1.679094517598405,151,183,3292,rrc00,codered,normal,0
2001-07-16 14:33:00+00:00,3881,591,5.328008245297604,13.0,1.7859889797673985,126,173,4472,rrc00,codered,normal,0
2001-07-16 14:36:00+00:00,4218,1115,5.200331910858226,15.0,1.6510208873427692,256,335,5333,rrc00,codered,normal,0
2001-07-16 14:39:00+00:00,6135,770,5.105134474327628,14.0,1.5493610568370249,197,244,6905,rrc00,codered,normal,0
2001-07-16 14:42:00+00:00,5845,932,5.176903336184774,16.0,1.5834409343382712,237,275,6777,rrc00,codered,normal,0
2001-07-16 14:45:00+00:00,3869,754,5.637115533729646,17.0,2.16939104012438,147,169,4623,rrc00,codered,normal,0
2001-07-16 14:48:00+00:00,4007,341,5.950336910406788,19.0,2.4068945269954387,73,101,4348,rrc00,codered,normal,0
2001-07-16 14:51:00+00:00,2077,438,5.666827154549831,17.0,2.4064033889931604,80,126,2515,rrc00,codered,normal,0
2001-07-16 14:54:00+00:00,3731,650,5.634682390779952,15.0,1.94531731969499,115,176,4381,rrc00,codered,normal,0
2001-07-16 14:57:00+00:00,4338,805,4.788612263715998,16.0,2.27182095636406,103,220,5143,rrc00,codered,normal,0
2001-07-16 15:00:00+00:00,3702,1197,4.846839546191248,16.0,1.579186444928916,181,471,4899,rrc00,codered,normal,0
2001-07-16 15:03:00+00:00,2451,321,5.087311301509588,14.0,1.9189317906712726,53,110,2772,rrc00,codered,normal,0
2001-07-16 15:06:00+00:00,2456,659,5.13599348534202,15.0,1.9415919724750899,95,133,3115,rrc00,codered,normal,0
2001-07-16 15:09:00+00:00,2861,484,4.985319818245369,17.0,1.833642596131601,89,153,3345,rrc00,codered,normal,0
2001-07-16 15:12:00+00:00,1934,385,4.976215098241986,15.0,1.813272036412273,71,91,2319,rrc00,codered,normal,0
2001-07-16 15:15:00+00:00,1576,272,4.689086294416244,16.0,1.6093106881613728,59,79,1848,rrc00,codered,normal,0
2001-07-16 15:18:00+00:00,1838,396,5.047334058759521,17.0,2.1450251090966317,55,116,2234,rrc00,codered,normal,0
2001-07-16 15:21:00+00:00,2307,388,5.1629822280017335,13.0,1.7642501341585177,73,108,2695,rrc00,codered,normal,0
2001-07-16 15:24:00+00:00,2422,233,4.754748142031379,14.0,1.5797438351809359,47,71,2655,rrc00,codered,normal,0
2001-07-16 15:27:00+00:00,2082,251,4.643611911623439,16.0,1.92430733304727,49,80,2333,rrc00,codered,normal,0
2001-07-16 15:30:00+00:00,3141,399,4.794969754855142,13.0,1.8676318048430278,57,112,3540,rrc00,codered,normal,0
2001-07-16 15:33:00+00:00,2413,597,4.808951512639867,13.0,1.678824832125447,90,172,3010,rrc00,codered,normal,0
2001-07-16 15:36:00+00:00,1836,385,4.59640522875817,17.0,1.8658635460849826,81,111,2221,rrc00,codered,normal,0
2001-07-16 15:39:00+00:00,1640,298,4.883536585365854,15.0,2.201822344991851,66,89,1938,rrc00,codered,normal,0
2001-07-16 15:42:00+00:00,2694,281,5.396436525612472,15.0,1.6509210709694313,50,59,2975,rrc00,codered,normal,0
2001-07-16 15:45:00+00:00,2139,153,5.315100514258999,15.0,1.735639974553099,33,59,2292,rrc00,codered,normal,0
2001-07-16 15:48:00+00:00,5321,1138,5.232287164066904,15.0,1.5977157313508075,183,208,6459,rrc00,codered,normal,0
2001-07-16 15:51:00+00:00,3809,1129,5.2436334996061955,13.0,1.7419437720863389,145,170,4938,rrc00,codered,normal,0
2001-07-16 15:54:00+00:00,2350,499,4.598297872340425,15.0,1.8338186169255417,110,151,2849,rrc00,codered,normal,0
2001-07-16 15:57:00+00:00,2202,694,4.74205267938238,18.0,1.890687287860283,141,256,2896,rrc00,codered,normal,0
2001-07-16 16:00:00+00:00,2763,329,4.283387622149837,15.0,1.9344213767747591,62,97,3092,rrc00,codered,normal,0
2001-07-16 16:03:00+00:00,3830,592,5.362924281984334,15.0,2.174474231824168,92,315,4422,rrc00,codered,normal,0
2001-07-16 16:06:00+00:00,6430,929,5.422395023328149,19.0,1.9720746832315272,207,328,7359,rrc00,codered,normal,0
2001-07-16 16:09:00+00:00,3143,347,5.15717467387846,13.0,1.7801853953206743,48,130,3490,rrc00,codered,normal,0
2001-07-16 16:12:00+00:00,2633,732,5.135206988226358,13.0,1.922132700364135,122,167,3365,rrc00,codered,normal,0
2001-07-16 16:15:00+00:00,3224,477,5.33498759305211,17.0,1.810691075546005,86,121,3701,rrc00,codered,normal,0
2001-07-16 16:18:00+00:00,4153,497,4.970142065976402,16.0,1.9161509305580087,89,124,4650,rrc00,codered,normal,0
2001-07-16 16:21:00+00:00,6692,972,5.124028690974297,15.0,1.3959774947838937,190,207,7664,rrc00,codered,normal,0
2001-07-16 16:24:00+00:00,4204,295,5.24476688867745,15.0,1.5403805793061176,74,98,4499,rrc00,codered,normal,0
2001-07-16 16:27:00+00:00,6191,979,5.048134388628655,17.0,1.324791621334994,222,258,7170,rrc00,codered,normal,0
2001-07-16 16:30:00+00:00,3777,783,5.2991792427852795,15.0,1.7059387504522492,231,279,4560,rrc00,codered,normal,0
2001-07-16 16:33:00+00:00,5342,1289,4.887120928491202,16.0,1.754116617183471,291,362,6631,rrc00,codered,normal,0
2001-07-16 16:36:00+00:00,7258,1421,4.752411132543401,21.0,1.7626479837845292,275,333,8679,rrc00,codered,normal,0
2001-07-16 16:39:00+00:00,6883,2240,5.046055499055645,17.0,1.4538471114022808,383,512,9123,rrc00,codered,normal,0
2001-07-16 16:42:00+00:00,6858,1503,5.603091280256635,15.0,1.7401815749520646,252,282,8361,rrc00,codered,normal,0
2001-07-16 16:45:00+00:00,3953,562,5.462180622312168,17.0,1.958886553628427,170,201,4515,rrc00,codered,normal,0
2001-07-16 16:48:00+00:00,2350,272,4.839148936170213,18.0,1.9389839736724082,53,81,2622,rrc00,codered,normal,0
2001-07-16 16:51:00+00:00,1491,248,5.048960429242119,13.0,1.7877716175683762,40,54,1739,rrc00,codered,normal,0
2001-07-16 16:54:00+00:00,1502,290,4.7836218375499335,15.0,1.7855532655688473,53,79,1792,rrc00,codered,normal,0
2001-07-16 16:57:00+00:00,1886,603,5.247083775185578,15.0,1.8565836766607133,73,92,2489,rrc00,codered,normal,0
2001-07-16 17:00:00+00:00,1312,254,5.538109756097561,20.0,2.581018675365939,38,63,1566,rrc00,codered,normal,0
2001-07-16 17:03:00+00:00,2520,288,4.959920634920635,14.0,1.849597981214805,42,77,2808,rrc00,codered,normal,0
2001-07-16 17:06:00+00:00,1699,317,5.091230135373749,16.0,2.326860243485121,49,81,2016,rrc00,codered,normal,0
2001-07-16 17:09:00+00:00,3532,419,4.87797281993205,15.0,1.5963227744310502,74,111,3951,rrc00,codered,normal,0
2001-07-16 17:12:00+00:00,1860,187,5.167204301075269,17.0,1.823531882955037,42,52,2047,rrc00,codered,normal,0
2001-07-16 17:15:00+00:00,2189,277,5.534490634993148,18.0,2.3860648774471622,41,63,2466,rrc00,codered,normal,0
2001-07-16 17:18:00+00:00,2953,822,6.076193701320691,14.0,2.1745578402540855,112,127,3775,rrc00,codered,normal,0
2001-07-16 17:21:00+00:00,3232,906,5.800742574257426,16.0,2.44111836143274,201,218,4138,rrc00,codered,normal,0
2001-07-16 17:24:00+00:00,6703,744,5.56616440399821,15.0,1.695110874909846,136,219,7447,rrc00,codered,normal,0
2001-07-16 17:27:00+00:00,5078,1439,5.732965734541158,20.0,1.5601313262123506,159,241,6517,rrc00,codered,normal,0
2001-07-16 17:30:00+00:00,6033,2084,5.39035305818001,17.0,1.4329432865449285,230,243,8117,rrc00,codered,normal,0
2001-07-16 17:33:00+00:00,3986,663,5.063973908680381,20.0,1.590448050338178,173,227,4649,rrc00,codered,normal,0
2001-07-16 17:36:00+00:00,2674,297,5.036275243081525,13.0,1.4509534818577035,37,122,2971,rrc00,codered,normal,0
2001-07-16 17:39:00+00:00,7042,1083,4.596421471172962,16.0,1.6346603410837222,185,282,8125,rrc00,codered,normal,0
2001-07-16 17:42:00+00:00,3547,461,4.747674090780942,17.0,1.481505980190424,81,150,4008,rrc00,codered,normal,0
2001-07-16 17:45:00+00:00,2756,743,5.350507982583454,19.0,1.9881186715733254,115,178,3499,rrc00,codered,normal,0
2001-07-16 17:48:00+00:00,3282,877,5.5938452163315056,14.0,2.0781205233621804,166,250,4159,rrc00,codered,normal,0
2001-07-16 17:51:00+00:00,6605,1249,5.238758516275549,15.0,1.7289658498338003,196,403,7854,rrc00,codered,normal,0
2001-07-16 17:54:00+00:00,7387,480,4.91038310545553,15.0,1.7142833026912314,77,308,7867,rrc00,codered,normal,0
2001-07-16 17:57:00+00:00,3832,797,6.042275574112735,16.0,2.298290151233573,152,174,4629,rrc00,codered,normal,0
2001-07-16 18:00:00+00:00,6421,834,6.876654726678088,19.0,2.635527828948851,107,244,7255,rrc00,codered,normal,0
2001-07-16 18:03:00+00:00,1772,354,4.744920993227991,17.0,2.2437151110159395,87,140,2126,rrc00,codered,normal,0
2001-07-16 18:06:00+00:00,1715,220,4.9545189504373175,13.0,1.69864505738603,38,62,1935,rrc00,codered,normal,0
2001-07-16 18:09:00+00:00,4794,663,5.714851898206091,18.0,1.8427547888124518,81,165,5457,rrc00,codered,normal,0
2001-07-16 18:12:00+00:00,3504,461,5.169520547945205,15.0,1.5500869759918074,99,116,3965,rrc00,codered,normal,0
2001-07-16 18:15:00+00:00,2783,437,5.030183255479698,16.0,1.8556867570994309,56,86,3220,rrc00,codered,normal,0
2001-07-16 18:18:00+00:00,2526,267,5.832541567695962,18.0,2.0832025374430736,38,74,2793,rrc00,codered,normal,0
2001-07-16 18:21:00+00:00,3685,638,5.018453188602442,14.0,1.797234811297708,111,141,4323,rrc00,codered,normal,0
2001-07-16 18:24:00+00:00,3117,1581,4.98427975617581,17.0,1.8816635166807203,69,1168,4698,rrc00,codered,normal,0
2001-07-16 18:27:00+00:00,7452,1219,4.8632581857219535,18.0,1.7483855021410402,188,282,8671,rrc00,codered,normal,0
2001-07-16 18:30:00+00:00,4966,524,5.8163511880789365,17.0,2.209183058793218,108,199,5490,rrc00,codered,normal,0
2001-07-16 18:33:00+00:00,3455,666,6.357163531114327,19.0,2.5110615027330447,91,204,4121,rrc00,codered,normal,0
2001-07-16 18:36:00+00:00,2348,361,6.498296422487223,19.0,3.046557611766111,64,102,2709,rrc00,codered,normal,0
2001-07-16 18:39:00+00:00,2189,282,5.054362722704432,15.0,1.7451271106287172,36,141,2471,rrc00,codered,normal,0
2001-07-16 18:42:00+00:00,3475,491,5.110791366906475,15.0,2.0311491820242304,85,140,3966,rrc00,codered,normal,0
2001-07-16 18:45:00+00:00,11846,1504,4.627722437953739,17.0,1.4357844372124535,632,673,13350,rrc00,codered,normal,0
2001-07-16 18:48:00+00:00,2686,392,6.042442293373045,21.0,2.61995617460884,56,136,3078,rrc00,codered,normal,0
2001-07-16 18:51:00+00:00,4095,644,5.268376068376068,16.0,2.285167691864231,95,154,4739,rrc00,codered,normal,0
2001-07-16 18:54:00+00:00,2564,522,4.772620904836193,17.0,1.778757255565687,70,125,3086,rrc00,codered,normal,0
2001-07-16 18:57:00+00:00,1910,486,5.012041884816754,13.0,1.885841853292015,76,125,2396,rrc00,codered,normal,0
2001-07-16 19:00:00+00:00,8978,445,4.525952327912675,13.0,1.6291389398723395,57,213,9423,rrc00,codered,normal,0
2001-07-16 19:03:00+00:00,1883,101,5.4275092936802976,15.0,1.9284678701983446,19,35,1984,rrc00,codered,normal,0
2001-07-16 19:06:00+00:00,6489,448,5.19402065033133,19.0,2.0219449462281536,49,261,6937,rrc00,codered,normal,0
2001-07-16 19:09:00+00:00,19792,2917,8.234387631366209,15.0,2.375217257838261,455,886,22709,rrc00,codered,normal,0
2001-07-16 19:12:00+00:00,4430,4788,6.687810383747179,16.0,3.4694162557870256,740,794,9218,rrc00,codered,normal,0
2001-07-16 19:15:00+00:00,2015,503,4.948387096774193,13.0,1.8977108134659677,72,90,2518,rrc00,codered,normal,0
2001-07-16 19:18:00+00:00,2781,466,4.886371808701906,15.0,2.1260269208114537,94,102,3247,rrc00,codered,normal,0
2001-07-16 19:21:00+00:00,9621,951,5.182413470533208,15.0,1.7438881455453503,144,371,10572,rrc00,codered,normal,0
2001-07-16 19:24:00+00:00,8234,824,5.560480932717999,16.0,1.9692307808610952,98,327,9058,rrc00,codered,normal,0
2001-07-16 19:27:00+00:00,4401,869,5.013406044080891,15.0,1.9677130904932119,105,171,5270,rrc00,codered,normal,0
2001-07-16 19:30:00+00:00,4843,253,4.812306421639479,15.0,1.8070448859268393,41,93,5096,rrc00,codered,normal,0
2001-07-16 19:33:00+00:00,6562,320,4.5961597074062785,15.0,1.9771563147750757,49,148,6882,rrc00,codered,normal,0
2001-07-16 19:36:00+00:00,2766,472,5.26825741142444,17.0,1.7748293330641922,89,112,3238,rrc00,codered,normal,0
2001-07-16 19:39:00+00:00,2607,770,5.268124280782509,13.0,1.8982135958018345,116,139,3377,rrc00,codered,normal,0
2001-07-16 19:42:00+00:00,1795,545,4.695821727019498,14.0,1.7513892079243227,91,109,2340,rrc00,codered,normal,0
2001-07-16 19:45:00+00:00,3348,443,4.897550776583035,17.0,1.7418405030949924,55,97,3791,rrc00,codered,normal,0
2001-07-16 19:48:00+00:00,32274,251,3.9540187147549113,16.0,1.0057430022496885,46,72,32525,rrc00,codered,normal,0
2001-07-16 19:51:00+00:00,18432,351,3.6573893229166665,15.0,1.2656874464665218,54,91,18783,rrc00,codered,normal,0
2001-07-16 19:54:00+00:00,27290,455,3.6311469402711616,15.0,1.2103003194860749,58,77,27745,rrc00,codered,normal,0
2001-07-16 19:57:00+00:00,28264,179,3.9888196999716956,17.0,1.1991786955131754,38,76,28443,rrc00,codered,normal,0
2001-07-16 20:00:00+00:00,4743,316,5.555133881509593,15.0,1.4657041066854075,48,88,5059,rrc00,codered,normal,0
2001-07-16 20:03:00+00:00,2877,295,5.199513381995134,17.0,1.8205446440803381,45,105,3172,rrc00,codered,normal,0
2001-07-16 20:06:00+00:00,3289,694,4.750380054727881,16.0,1.6505305655286966,165,191,3983,rrc00,codered,normal,0
2001-07-16 20:09:00+00:00,2379,270,4.914249684741488,13.0,1.5224958679077731,61,90,2649,rrc00,codered,normal,0
2001-07-16 20:12:00+00:00,1907,377,5.649187205034085,20.0,1.9268622779426299,67,119,2284,rrc00,codered,normal,0
2001-07-16 20:15:00+00:00,2022,268,5.260138476755688,13.0,1.562601871848459,44,66,2290,rrc00,codered,normal,0
2001-07-16 20:18:00+00:00,8631,2366,6.341675356273896,18.0,2.239443738509163,265,353,10997,rrc00,codered,normal,0
2001-07-16 20:21:00+00:00,3214,441,5.551337896701929,15.0,1.742351875539696,65,129,3655,rrc00,codered,normal,0
2001-07-16 20:24:00+00:00,2922,414,6.2792607802874745,15.0,2.244784296484437,80,211,3336,rrc00,codered,normal,0
2001-07-16 20:27:00+00:00,5169,934,5.934803637067131,15.0,2.317472089665531,171,201,6103,rrc00,codered,normal,0
2001-07-16 20:30:00+00:00,2098,309,6.434223069590086,17.0,2.8226429197193657,46,115,2407,rrc00,codered,normal,0
2001-07-16 20:33:00+00:00,1833,583,7.086743044189853,18.0,3.8797534142467636,72,84,2416,rrc00,codered,normal,0
2001-07-16 20:36:00+00:00,1969,777,5.303199593702387,15.0,2.0583156222731467,177,346,2746,rrc00,codered,normal,0
2001-07-16 20:39:00+00:00,5677,1323,6.559098115201691,20.0,2.454138893165801,160,195,7000,rrc00,codered,normal,0
2001-07-16 20:42:00+00:00,3064,359,5.282310704960835,14.0,1.4819190111749523,57,85,3423,rrc00,codered,normal,0
2001-07-16 20:45:00+00:00,3372,363,5.048932384341637,17.0,1.5202201950553809,60,81,3735,rrc00,codered,normal,0
2001-07-16 20:48:00+00:00,6044,855,5.145102581072138,15.0,1.7679655979288502,129,176,6899,rrc00,codered,normal,0
2001-07-16 20:51:00+00:00,3486,301,5.3694779116465865,17.0,2.1687363200696947,68,94,3787,rrc00,codered,normal,0
2001-07-16 20:54:00+00:00,1146,221,5.37870855148342,19.0,2.7021484065542736,37,52,1367,rrc00,codered,normal,0
2001-07-16 20:57:00+00:00,1453,448,5.8086717136958015,13.0,1.8492406016411278,72,91,1901,rrc00,codered,normal,0
2001-07-16 21:00:00+00:00,1980,537,5.262121212121212,14.0,2.104703617766871,96,117,2517,rrc00,codered,normal,0
2001-07-16 21:03:00+00:00,4867,236,4.988904869529485,17.0,1.9881196797201643,74,108,5103,rrc00,codered,normal,0
2001-07-16 21:06:00+00:00,2541,248,5.185753640299095,14.0,2.1731722888080687,49,70,2789,rrc00,codered,normal,0
2001-07-16 21:09:00+00:00,5003,165,5.348191085348791,15.0,1.8775982000587779,39,47,5168,rrc00,codered,normal,0
2001-07-16 21:12:00+00:00,2321,152,4.98276604911676,18.0,2.166617458512583,32,57,2473,rrc00,codered,normal,0
2001-07-16 21:15:00+00:00,3581,414,5.173415247137671,14.0,1.810277304262136,58,97,3995,rrc00,codered,normal,0
2001-07-16 21:18:00+00:00,1605,301,5.1713395638629285,17.0,2.1590758407111337,55,73,1906,rrc00,codered,normal,0
2001-07-16 21:21:00+00:00,2173,284,5.157386102162908,15.0,2.049791381869284,45,61,2457,rrc00,codered,normal,0
2001-07-16 21:24:00+00:00,1683,295,5.642899584076055,17.0,2.6411864951601025,40,95,1978,rrc00,codered,normal,0
2001-07-16 21:27:00+00:00,2166,317,5.1814404432132966,15.0,1.9385401959537325,58,78,2483,rrc00,codered,normal,0
2001-07-16 21:30:00+00:00,2947,561,5.536477774007465,14.0,1.9276732626224073,65,86,3508,rrc00,codered,normal,0
2001-07-16 21:33:00+00:00,2359,421,4.972869860110216,15.0,1.6584419506597,63,96,2780,rrc00,codered,normal,0
2001-07-16 21:36:00+00:00,1848,231,4.660714285714286,13.0,1.911497998435004,44,62,2079,rrc00,codered,normal,0
2001-07-16 21:39:00+00:00,1306,243,5.211332312404288,14.0,2.302816752089325,34,61,1549,rrc00,codered,normal,0
2001-07-16 21:42:00+00:00,4982,223,4.232637494981935,15.0,1.6223903260298276,29,77,5205,rrc00,codered,normal,0
2001-07-16 21:45:00+00:00,1719,189,4.634671320535195,13.0,1.4416261561147683,27,39,1908,rrc00,codered,normal,0
2001-07-16 21:48:00+00:00,4391,338,4.9161922113413805,17.0,2.053883498433232,56,104,4729,rrc00,codered,normal,0
2001-07-16 21:51:00+00:00,3437,526,5.321792260692464,16.0,2.6440516162833494,82,122,3963,rrc00,codered,normal,0
2001-07-16 21:54:00+00:00,1522,277,5.318659658344284,15.0,1.9941521052134783,51,71,1799,rrc00,codered,normal,0
2001-07-16 21:57:00+00:00,2833,334,4.552064948817508,13.0,1.6282203334641732,43,82,3167,rrc00,codered,normal,0
2001-07-16 22:00:00+00:00,1739,235,4.816561242093157,13.0,1.808624637690735,34,80,1974,rrc00,codered,normal,0
2001-07-16 22:03:00+00:00,1586,366,5.010718789407314,15.0,2.3886049605082227,69,81,1952,rrc00,codered,normal,0
2001-07-16 22:06:00+00:00,2085,372,5.0916067146282975,16.0,2.146605498053021,55,100,2457,rrc00,codered,normal,0
2001-07-16 22:09:00+00:00,9081,208,4.181147450721286,14.0,1.380604571912076,39,52,9289,rrc00,codered,normal,0
2001-07-16 22:12:00+00:00,7977,368,5.156449793155321,19.0,1.6649515052616488,56,145,8345,rrc00,codered,normal,0
2001-07-16 22:15:00+00:00,3429,293,5.430154564012832,14.0,1.902441373133402,66,87,3722,rrc00,codered,normal,0
2001-07-16 22:18:00+00:00,2931,480,4.916069600818833,16.0,2.566173222747078,124,141,3411,rrc00,codered,normal,0
2001-07-16 22:21:00+00:00,1309,218,5.863254392666158,15.0,2.7062052080689876,39,55,1527,rrc00,codered,normal,0
2001-07-16 22:24:00+00:00,1087,261,4.954001839926403,14.0,2.1596151340309526,44,61,1348,rrc00,codered,normal,0
2001-07-16 22:27:00+00:00,1240,222,4.908870967741936,16.0,2.2484228198670873,27,69,1462,rrc00,codered,normal,0
2001-07-16 22:30:00+00:00,1124,232,5.009786476868327,13.0,1.619194350863091,44,79,1356,rrc00,codered,normal,0
2001-07-16 22:33:00+00:00,1304,170,4.9746932515337425,14.0,2.0149298723697444,26,37,1474,rrc00,codered,normal,0
2001-07-16 22:36:00+00:00,1312,190,5.399390243902439,17.0,2.4955325193286444,33,42,1502,rrc00,codered,normal,0
2001-07-16 22:39:00+00:00,1988,297,4.96327967806841,15.0,2.65451282503573,66,87,2285,rrc00,codered,normal,0
2001-07-16 22:42:00+00:00,1831,322,4.860731840524304,14.0,1.9213774271469433,69,91,2153,rrc00,codered,normal,0
2001-07-16 22:45:00+00:00,1852,430,4.979481641468682,14.0,1.5239662612504594,99,122,2282,rrc00,codered,normal,0
2001-07-16 22:48:00+00:00,1063,320,5.359360301034807,17.0,2.0763245361687632,59,80,1383,rrc00,codered,normal,0
2001-07-16 22:51:00+00:00,1623,242,4.946395563770795,13.0,1.8146281101357717,43,63,1865,rrc00,codered,normal,0
2001-07-16 22:54:00+00:00,5041,519,4.508827613568736,15.0,1.7169156876548748,78,133,5560,rrc00,codered,normal,0
2001-07-16 22:57:00+00:00,3641,135,4.435594616863499,16.0,1.818543058828289,26,61,3776,rrc00,codered,normal,0
2001-07-16 23:00:00+00:00,1983,361,5.244074634392335,17.0,2.009040068151524,50,86,2344,rrc00,codered,normal,0
2001-07-16 23:03:00+00:00,2131,192,4.847489441576725,14.0,1.818285823451224,46,75,2323,rrc00,codered,normal,0
2001-07-16 23:06:00+00:00,4730,392,5.100845665961945,17.0,1.837988641063907,57,71,5122,rrc00,codered,normal,0
2001-07-16 23:09:00+00:00,9387,276,4.2048577820389905,15.0,1.4144793892436094,49,117,9663,rrc00,codered,normal,0
2001-07-16 23:12:00+00:00,1769,456,4.720180893159977,17.0,1.7267374226238805,62,174,2225,rrc00,codered,normal,0
2001-07-16 23:15:00+00:00,3080,692,5.210714285714285,16.0,1.944543350106978,89,136,3772,rrc00,codered,normal,0
2001-07-16 23:18:00+00:00,3071,390,4.841745359817649,14.0,1.844940651117273,109,155,3461,rrc00,codered,normal,0
2001-07-16 23:21:00+00:00,5541,642,4.82476087348854,15.0,1.870507566862394,101,163,6183,rrc00,codered,normal,0
2001-07-16 23:24:00+00:00,4066,867,5.0027053615346775,13.0,1.652329977160821,186,269,4933,rrc00,codered,normal,0
2001-07-16 23:27:00+00:00,2802,664,5.208779443254818,15.0,1.8162231899844343,111,135,3466,rrc00,codered,normal,0
2001-07-16 23:30:00+00:00,4781,409,5.106253921773687,17.0,1.7369360594615466,98,114,5190,rrc00,codered,normal,0
2001-07-16 23:33:00+00:00,1699,585,5.27722189523249,15.0,2.2761693095910873,64,99,2284,rrc00,codered,normal,0
2001-07-16 23:36:00+00:00,5289,736,4.922669691813197,13.0,1.3697548614270456,209,252,6025,rrc00,codered,normal,0
2001-07-16 23:39:00+00:00,1484,341,5.006738544474394,13.0,1.6169446026636338,57,86,1825,rrc00,codered,normal,0
2001-07-16 23:42:00+00:00,3164,987,5.7183944374209865,14.0,2.166584044857948,155,195,4151,rrc00,codered,normal,0
2001-07-16 23:45:00+00:00,2396,632,5.494991652754591,14.0,2.2142108091694532,104,117,3028,rrc00,codered,normal,0
2001-07-16 23:48:00+00:00,1119,244,5.148346738159071,13.0,1.890045992287753,37,58,1363,rrc00,codered,normal,0
2001-07-16 23:51:00+00:00,2334,202,4.798200514138817,13.0,1.458061601638569,37,50,2536,rrc00,codered,normal,0
2001-07-16 23:54:00+00:00,1161,284,4.685615848406546,13.0,1.8020587768441474,44,57,1445,rrc00,codered,normal,0
2001-07-16 23:57:00+00:00,1570,231,5.336942675159236,15.0,2.8645379930996406,42,77,1801,rrc00,codered,normal,0
2001-07-17 00:00:00+00:00,1404,423,5.063390313390314,13.0,1.7769813110579384,76,98,1827,rrc00,codered,normal,0
2001-07-17 00:03:00+00:00,1697,532,4.9292869770182675,13.0,1.8924398230690587,89,115,2229,rrc00,codered,normal,0
2001-07-17 00:06:00+00:00,1532,238,4.795691906005222,13.0,1.5751521055856263,53,71,1770,rrc00,codered,normal,0
2001-07-17 00:09:00+00:00,1477,262,5.469194312796208,15.0,2.5409108050426092,48,62,1739,rrc00,codered,normal,0
2001-07-17 00:12:00+00:00,2118,291,4.733238904627006,15.0,1.5997343944312377,43,70,2409,rrc00,codered,normal,0
2001-07-17 00:15:00+00:00,1704,389,5.264084507042254,15.0,2.190885136879477,64,87,2093,rrc00,codered,normal,0
2001-07-17 00:18:00+00:00,3751,835,4.985603838976273,13.0,1.298361723007467,220,237,4586,rrc00,codered,normal,0
2001-07-17 00:21:00+00:00,9936,1234,4.991545893719807,15.0,1.4826319331452467,243,298,11170,rrc00,codered,normal,0
2001-07-17 00:24:00+00:00,1838,468,5.192056583242655,19.0,2.1027993190325343,74,99,2306,rrc00,codered,normal,0
2001-07-17 00:27:00+00:00,2339,400,4.830696879008123,20.0,1.8379119846943721,66,122,2739,rrc00,codered,normal,0
2001-07-17 00:30:00+00:00,10404,580,4.514994232987313,18.0,2.176882598779964,124,150,10984,rrc00,codered,normal,0
2001-07-17 00:33:00+00:00,2815,472,5.053996447602131,15.0,2.290283169099136,86,101,3287,rrc00,codered,normal,0
2001-07-17 00:36:00+00:00,7015,600,4.868139700641483,18.0,1.899357629456592,148,183,7615,rrc00,codered,normal,0
2001-07-17 00:39:00+00:00,2497,409,6.061674008810573,23.0,3.3519074004098584,88,127,2906,rrc00,codered,normal,0
2001-07-17 00:42:00+00:00,3798,471,5.332806740389679,21.0,2.1727240808675496,106,129,4269,rrc00,codered,normal,0
2001-07-17 00:45:00+00:00,6190,1151,4.734248788368336,15.0,1.5888260496265398,221,240,7341,rrc00,codered,normal,0
2001-07-17 00:48:00+00:00,3686,792,5.421052631578948,20.0,1.9490614569979672,153,192,4478,rrc00,codered,normal,0
2001-07-17 00:51:00+00:00,6842,526,4.583162817889506,16.0,2.045491843899208,98,167,7368,rrc00,codered,normal,0
2001-07-17 00:54:00+00:00,2371,393,4.824124841838887,18.0,2.2266796113366443,68,90,2764,rrc00,codered,normal,0
2001-07-17 00:57:00+00:00,1766,326,5.476217440543602,17.0,2.324776823212913,61,85,2092,rrc00,codered,normal,0
2001-07-17 01:00:00+00:00,2401,916,5.726364014993752,15.0,2.1360651503333203,127,149,3317,rrc00,codered,normal,0
2001-07-17 01:03:00+00:00,2410,513,5.284647302904564,14.0,2.1774715961300863,113,154,2923,rrc00,codered,normal,0
2001-07-17 01:06:00+00:00,2203,173,5.5701316386745345,16.0,2.166043673093196,28,42,2376,rrc00,codered,normal,0
2001-07-17 01:09:00+00:00,2340,295,4.730769230769231,13.0,1.3929591902564558,50,65,2635,rrc00,codered,normal,0
2001-07-17 01:12:00+00:00,2030,442,4.700985221674877,14.0,1.7379419953185855,94,115,2472,rrc00,codered,normal,0
2001-07-17 01:15:00+00:00,1194,236,5.3626465661641545,14.0,2.365294510481872,36,62,1430,rrc00,codered,normal,0
2001-07-17 01:18:00+00:00,7784,379,4.230729701952724,16.0,1.6428083586027868,63,104,8163,rrc00,codered,normal,0
2001-07-17 01:21:00+00:00,2233,299,4.751007613076578,17.0,1.7699740071705492,52,96,2532,rrc00,codered,normal,0
2001-07-17 01:24:00+00:00,2338,444,4.909751924721984,16.0,2.3427406081203244,64,127,2782,rrc00,codered,normal,0
2001-07-17 01:27:00+00:00,2568,786,4.777258566978193,14.0,1.8387690481055101,119,155,3354,rrc00,codered,normal,0
2001-07-17 01:30:00+00:00,2036,376,4.921905697445973,15.0,1.8100601600100354,70,109,2412,rrc00,codered,normal,0
2001-07-17 01:33:00+00:00,2297,645,5.290378754897692,13.0,1.9576844080174238,159,179,2942,rrc00,codered,normal,0
2001-07-17 01:36:00+00:00,4401,349,4.732560781640537,14.0,1.58470765454479,73,96,4750,rrc00,codered,normal,0
2001-07-17 01:39:00+00:00,1178,332,5.350594227504245,15.0,2.640967015625853,48,104,1510,rrc00,codered,normal,0
2001-07-17 01:42:00+00:00,3677,522,5.566766385640467,16.0,1.9865511139523166,97,164,4199,rrc00,codered,normal,0
2001-07-17 01:45:00+00:00,3716,511,5.418460710441335,15.0,2.23512265957689,91,172,4227,rrc00,codered,normal,0
2001-07-17 01:48:00+00:00,3351,649,5.373022978215458,17.0,1.820645000436889,130,155,4000,rrc00,codered,normal,0
2001-07-17 01:51:00+00:00,3781,698,4.920391430838403,14.0,1.7320536951334025,175,208,4479,rrc00,codered,normal,0
2001-07-17 01:54:00+00:00,2115,566,5.673758865248227,16.0,2.5356925946892366,78,106,2681,rrc00,codered,normal,0
2001-07-17 01:57:00+00:00,1089,383,5.537190082644628,18.0,2.49089135908547,61,83,1472,rrc00,codered,normal,0
2001-07-17 02:00:00+00:00,1212,158,5.568481848184819,20.0,3.1079738827105845,22,52,1370,rrc00,codered,normal,0
2001-07-17 02:03:00+00:00,1498,240,5.222296395193592,17.0,3.1048623846321584,38,81,1738,rrc00,codered,normal,0
2001-07-17 02:06:00+00:00,1218,251,5.246305418719212,18.0,2.675699250930876,39,71,1469,rrc00,codered,normal,0
2001-07-17 02:09:00+00:00,1224,176,5.041666666666667,17.0,2.252245611410453,38,46,1400,rrc00,codered,normal,0
2001-07-17 02:12:00+00:00,1907,340,5.250131095962244,15.0,2.65847355250699,53,100,2247,rrc00,codered,normal,0
2001-07-17 02:15:00+00:00,2143,373,5.307512832477835,16.0,1.942278230310234,57,79,2516,rrc00,codered,normal,0
2001-07-17 02:18:00+00:00,1931,661,5.481615743138271,14.0,2.7669815929311095,146,171,2592,rrc00,codered,normal,0
2001-07-17 02:21:00+00:00,3734,872,5.237814675950723,13.0,1.4347829757148336,159,179,4606,rrc00,codered,normal,0
2001-07-17 02:24:00+00:00,1433,216,5.117934403349616,16.0,2.4241557527583666,33,49,1649,rrc00,codered,normal,0
2001-07-17 02:27:00+00:00,1058,232,5.354442344045369,14.0,2.3405854778240704,41,55,1290,rrc00,codered,normal,0
2001-07-17 02:30:00+00:00,1808,602,5.248893805309734,17.0,2.191091904071009,74,89,2410,rrc00,codered,normal,0
2001-07-17 02:33:00+00:00,3750,1006,5.42,16.0,2.4626002517664127,97,624,4756,rrc00,codered,normal,0
2001-07-17 02:36:00+00:00,5074,678,4.853370122191565,17.0,1.9985660690759444,106,145,5752,rrc00,codered,normal,0
2001-07-17 02:39:00+00:00,5785,572,4.500605012964564,18.0,1.742659521991009,124,157,6357,rrc00,codered,normal,0
2001-07-17 02:42:00+00:00,2659,343,5.048138397893945,16.0,2.1069413999520092,70,135,3002,rrc00,codered,normal,0
2001-07-17 02:45:00+00:00,2284,545,5.109457092819615,17.0,2.088731727782637,74,108,2829,rrc00,codered,normal,0
2001-07-17 02:48:00+00:00,3582,510,5.048017867113344,18.0,2.0202589879122503,81,172,4092,rrc00,codered,normal,0
2001-07-17 02:51:00+00:00,5172,874,4.6989559164733175,16.0,1.7336282225403992,152,215,6046,rrc00,codered,normal,0
2001-07-17 02:54:00+00:00,4202,1134,5.2939076630176105,13.0,1.4613881793685115,188,212,5336,rrc00,codered,normal,0
2001-07-17 02:57:00+00:00,10366,506,4.4522477329731815,17.0,1.6736389106217007,100,119,10872,rrc00,codered,normal,0
2001-07-17 03:00:00+00:00,3331,466,5.711498048634044,17.0,2.55152544272649,97,125,3797,rrc00,codered,normal,0
2001-07-17 03:03:00+00:00,5617,857,5.316717108776928,16.0,1.7792325742377644,227,276,6474,rrc00,codered,normal,0
2001-07-17 03:06:00+00:00,8258,1088,5.506781302978929,17.0,1.7030069088911026,226,279,9346,rrc00,codered,normal,0
2001-07-17 03:09:00+00:00,4329,1057,5.106260106260106,22.0,2.1852907304531306,38,844,5386,rrc00,codered,normal,0
2001-07-17 03:12:00+00:00,2737,321,5.858238947753014,23.0,3.004016110477577,42,110,3058,rrc00,codered,normal,0
2001-07-17 03:15:00+00:00,1640,305,5.088414634146342,16.0,2.3295791358161124,50,62,1945,rrc00,codered,normal,0
2001-07-17 03:18:00+00:00,1994,255,4.4408224674022065,16.0,1.783058163611382,35,70,2249,rrc00,codered,normal,0
2001-07-17 03:21:00+00:00,4670,413,4.479871520342613,14.0,1.5637494009784398,73,85,5083,rrc00,codered,normal,0
2001-07-17 03:24:00+00:00,3210,242,4.912772585669782,15.0,1.9183956436248972,37,66,3452,rrc00,codered,normal,0
2001-07-17 03:27:00+00:00,2904,366,4.78236914600551,18.0,1.8765679670093502,50,100,3270,rrc00,codered,normal,0
2001-07-17 03:30:00+00:00,1759,308,5.680500284252416,20.0,2.6957150383143467,44,81,2067,rrc00,codered,normal,0
2001-07-17 03:33:00+00:00,1994,388,5.691574724172518,23.0,2.5034898866423667,48,80,2382,rrc00,codered,normal,0
2001-07-17 03:36:00+00:00,1747,266,5.729822552947911,18.0,2.8300938438237555,43,128,2013,rrc00,codered,normal,0
2001-07-17 03:39:00+00:00,1783,1263,5.465507571508693,13.0,1.9960180095285187,67,932,3046,rrc00,codered,normal,0
2001-07-17 03:42:00+00:00,4384,426,6.125228102189781,19.0,3.030947799741479,50,204,4810,rrc00,codered,normal,0
2001-07-17 03:45:00+00:00,2218,320,6.345356176735798,18.0,3.11367567042914,51,69,2538,rrc00,codered,normal,0
2001-07-17 03:48:00+00:00,9388,357,4.135918193438432,15.0,1.3479840391761007,57,83,9745,rrc00,codered,normal,0
2001-07-17 03:51:00+00:00,2238,345,5.177837354781055,16.0,2.4679555540929354,49,91,2583,rrc00,codered,normal,0
2001-07-17 03:54:00+00:00,1511,381,5.563864990072799,17.0,2.645324412960863,58,72,1892,rrc00,codered,normal,0
2001-07-17 03:57:00+00:00,1666,421,5.108643457382954,17.0,2.613031284452144,56,108,2087,rrc00,codered,normal,0
2001-07-17 04:00:00+00:00,2276,431,5.320298769771529,18.0,2.187749704235294,78,103,2707,rrc00,codered,normal,0
2001-07-17 04:03:00+00:00,2272,553,4.981954225352113,15.0,1.6989873904282689,93,156,2825,rrc00,codered,normal,0
2001-07-17 04:06:00+00:00,4432,868,4.981723826714801,14.0,1.8992873229926701,128,233,5300,rrc00,codered,normal,0
2001-07-17 04:09:00+00:00,4226,948,5.094178892569806,15.0,1.407716278537929,135,203,5174,rrc00,codered,normal,0
2001-07-17 04:12:00+00:00,2873,398,4.9756352245040025,15.0,1.6234762290781866,71,103,3271,rrc00,codered,normal,0
2001-07-17 04:15:00+00:00,2672,426,5.022829341317365,14.0,1.8395203474276018,75,94,3098,rrc00,codered,normal,0
2001-07-17 04:18:00+00:00,2388,544,4.9870184254606365,14.0,2.1235496155046034,79,120,2932,rrc00,codered,normal,0
2001-07-17 04:21:00+00:00,2436,322,5.116584564860427,15.0,2.3255991321181204,53,71,2758,rrc00,codered,normal,0
2001-07-17 04:24:00+00:00,3516,713,5.2770193401592715,16.0,2.362738281118744,97,128,4229,rrc00,codered,normal,0
2001-07-17 04:27:00+00:00,4486,1022,4.746098974587606,14.0,1.7697239994816556,167,325,5508,rrc00,codered,normal,0
2001-07-17 04:30:00+00:00,3076,1109,6.086475942782835,16.0,2.14607918108859,82,911,4185,rrc00,codered,normal,0
2001-07-17 04:33:00+00:00,2370,337,6.29789029535865,17.0,2.3438301672569612,52,80,2707,rrc00,codered,normal,0
2001-07-17 04:36:00+00:00,1423,421,6.178496134926212,17.0,3.165460778588033,54,64,1844,rrc00,codered,normal,0
2001-07-17 04:39:00+00:00,1379,296,4.861493836113126,15.0,1.990285566746424,48,65,1675,rrc00,codered,normal,0
2001-07-17 04:42:00+00:00,1374,240,6.508733624454148,16.0,2.5914700515393085,40,60,1614,rrc00,codered,normal,0
2001-07-17 04:45:00+00:00,2100,334,5.453333333333333,20.0,2.3706967698554733,58,100,2434,rrc00,codered,normal,0
2001-07-17 04:48:00+00:00,3712,295,5.177262931034483,14.0,2.0690765701831975,41,62,4007,rrc00,codered,normal,0
2001-07-17 04:51:00+00:00,6372,1289,5.1856559949780285,17.0,1.9501544741372783,79,999,7661,rrc00,codered,normal,0
2001-07-17 04:54:00+00:00,5408,688,5.7864275147929,19.0,2.147583777994072,169,205,6096,rrc00,codered,normal,0
2001-07-17 04:57:00+00:00,3982,688,5.3694123556002005,14.0,1.5862602571594366,155,182,4670,rrc00,codered,normal,0
2001-07-17 05:00:00+00:00,3379,781,5.215744303048239,18.0,1.9754128217263476,101,266,4160,rrc00,codered,normal,0
2001-07-17 05:03:00+00:00,13499,790,4.220979331802356,15.0,1.6815479256980035,111,250,14289,rrc00,codered,normal,0
2001-07-17 05:06:00+00:00,7050,860,4.912056737588652,16.0,2.0195314103395923,191,219,7910,rrc00,codered,normal,0
2001-07-17 05:09:00+00:00,13122,258,3.8859167809785093,15.0,1.660579129965618,43,66,13380,rrc00,codered,normal,0
2001-07-17 05:12:00+00:00,9985,1354,4.6344516775162745,17.0,2.0565794759758127,208,342,11339,rrc00,codered,normal,0
2001-07-17 05:15:00+00:00,2514,1115,5.053301511535402,16.0,2.191766759131472,215,228,3629,rrc00,codered,normal,0
2001-07-17 05:18:00+00:00,7679,535,4.29326735251986,16.0,1.4900617911486016,95,119,8214,rrc00,codered,normal,0
2001-07-17 05:21:00+00:00,6336,363,4.386205808080808,15.0,1.8393476756134084,47,121,6699,rrc00,codered,normal,0
2001-07-17 05:24:00+00:00,4926,932,5.3475436459602115,16.0,2.0041068916689806,228,255,5858,rrc00,codered,normal,0
2001-07-17 05:27:00+00:00,3043,553,5.3627998685507725,18.0,1.9358313371424223,107,145,3596,rrc00,codered,normal,0
2001-07-17 05:30:00+00:00,2818,743,5.619943222143364,16.0,1.9712229914302086,124,162,3561,rrc00,codered,normal,0
2001-07-17 05:33:00+00:00,5109,1062,5.294773928361715,17.0,1.7768476038474283,208,230,6171,rrc00,codered,normal,0
2001-07-17 05:36:00+00:00,5117,504,5.318546023060387,15.0,1.687807614673314,133,165,5621,rrc00,codered,normal,0
2001-07-17 05:39:00+00:00,6342,934,5.307000946073794,17.0,1.4975681515886101,246,283,7276,rrc00,codered,normal,0
2001-07-17 05:42:00+00:00,9371,1404,4.473802155586384,14.0,1.4921384864503677,212,295,10775,rrc00,codered,normal,0
2001-07-17 05:45:00+00:00,6210,731,4.955233494363929,17.0,1.913657789968413,140,234,6941,rrc00,codered,normal,0
2001-07-17 05:48:00+00:00,4135,806,5.014510278113664,15.0,1.5875215778604315,153,221,4941,rrc00,codered,normal,0
2001-07-17 05:51:00+00:00,5851,1723,5.286275850282003,18.0,2.1677823033328893,237,265,7574,rrc00,codered,normal,0
2001-07-17 05:54:00+00:00,6643,1723,5.842842089417432,17.0,2.413580148165795,282,332,8366,rrc00,codered,normal,0
2001-07-17 05:57:00+00:00,8403,1932,5.6096632155182675,17.0,1.9553414409681942,333,374,10335,rrc00,codered,normal,0
2001-07-17 06:00:00+00:00,15294,2351,4.640839544919577,15.0,1.4990981033920954,330,374,17645,rrc00,codered,normal,0
2001-07-17 06:03:00+00:00,6398,2589,5.148327602375742,16.0,1.6460965367423954,366,594,8987,rrc00,codered,normal,0
2001-07-17 06:06:00+00:00,4399,1033,4.989997726756081,13.0,1.6713055023801788,192,404,5432,rrc00,codered,normal,0
2001-07-17 06:09:00+00:00,5023,949,5.322715508660163,14.0,1.6794644587186474,172,216,5972,rrc00,codered,normal,0
2001-07-17 06:12:00+00:00,3812,1166,4.813746065057712,13.0,1.92622044727172,217,347,4978,rrc00,codered,normal,0
2001-07-17 06:15:00+00:00,4816,999,5.656146179401993,18.0,2.1992041217970777,153,222,5815,rrc00,codered,normal,0
2001-07-17 06:18:00+00:00,3169,1019,5.441779741243295,17.0,2.1054189622753348,174,225,4188,rrc00,codered,normal,0
2001-07-17 06:21:00+00:00,7912,2489,5.457912032355915,15.0,2.155423964204479,365,456,10401,rrc00,codered,normal,0
2001-07-17 06:24:00+00:00,2717,1547,5.405962458594037,15.0,1.9193552822142006,295,321,4264,rrc00,codered,normal,0
2001-07-17 06:27:00+00:00,6220,1807,5.463022508038585,17.0,1.5844144027032159,271,291,8027,rrc00,codered,normal,0
2001-07-17 06:30:00+00:00,11156,580,4.401667264252421,14.0,1.3233542580769764,88,106,11736,rrc00,codered,normal,0
2001-07-17 06:33:00+00:00,3416,792,4.9350117096018735,17.0,2.319450681425048,105,149,4208,rrc00,codered,normal,0
2001-07-17 06:36:00+00:00,18096,5395,3.562555260831123,19.0,1.648371973746809,85,4986,23491,rrc00,codered,normal,0
2001-07-17 06:39:00+00:00,7995,796,4.036647904940588,17.0,1.9212859906564494,119,174,8791,rrc00,codered,normal,0
2001-07-17 06:42:00+00:00,2158,571,5.597312326227989,18.0,2.758512346677307,100,117,2729,rrc00,codered,normal,0
2001-07-17 06:45:00+00:00,2583,695,5.895857530003871,19.0,2.2390081382426756,131,145,3278,rrc00,codered,normal,0
2001-07-17 06:48:00+00:00,4043,1054,5.87583477615632,18.0,2.3532711277391356,169,193,5097,rrc00,codered,normal,0
2001-07-17 06:51:00+00:00,6001,1009,5.0423262789535075,19.0,2.035645076884588,149,168,7010,rrc00,codered,normal,0
2001-07-17 06:54:00+00:00,23481,627,3.8444699970188663,16.0,1.4204035657968528,150,195,24108,rrc00,codered,normal,0
2001-07-17 06:57:00+00:00,26818,995,4.034379894100977,16.0,1.4539222776583383,183,254,27813,rrc00,codered,normal,0
2001-07-17 07:00:00+00:00,46997,565,3.7921569461880544,16.0,1.1843662208602959,68,355,47562,rrc00,codered,normal,0
2001-07-17 07:03:00+00:00,8749,817,4.516401874499943,18.0,1.987528158986635,144,291,9566,rrc00,codered,normal,0
2001-07-17 07:06:00+00:00,108493,928,4.653498382384117,17.0,1.1342833904980612,130,272,109421,rrc00,codered,normal,0
2001-07-17 07:09:00+00:00,15802,1171,4.375711935198076,20.0,1.7853841030543327,188,328,16973,rrc00,codered,normal,0
2001-07-17 07:12:00+00:00,10229,2082,5.00097761266986,22.0,1.964689519987697,283,336,12311,rrc00,codered,normal,0
2001-07-17 07:15:00+00:00,79325,856,4.291068389536716,21.0,1.374076875828598,181,278,80181,rrc00,codered,normal,0
2001-07-17 07:18:00+00:00,40083,585,4.373250505201707,21.0,1.380603091092631,82,108,40668,rrc00,codered,normal,0
2001-07-17 07:21:00+00:00,7688,842,4.477497398543184,13.0,1.521870864236709,127,170,8530,rrc00,codered,normal,0
2001-07-17 07:24:00+00:00,5901,1577,5.236231147263176,15.0,1.9789903853694446,244,291,7478,rrc00,codered,normal,0
2001-07-17 07:27:00+00:00,6692,1084,5.1766288105200235,18.0,1.9756900005258224,147,176,7776,rrc00,codered,normal,0
2001-07-17 07:30:00+00:00,3873,1145,4.672605215595146,17.0,1.962787253255594,212,245,5018,rrc00,codered,normal,0
2001-07-17 07:33:00+00:00,5060,713,4.569169960474309,15.0,1.7730297484531945,173,242,5773,rrc00,codered,normal,0
2001-07-17 07:36:00+00:00,4319,650,4.87311877749479,15.0,2.0009530659278614,102,153,4969,rrc00,codered,normal,0
2001-07-17 07:39:00+00:00,5348,973,4.786275243081525,14.0,1.7494903950198402,138,210,6321,rrc00,codered,normal,0
2001-07-17 07:42:00+00:00,5712,594,4.577556022408964,19.0,1.9158433264814205,116,172,6306,rrc00,codered,normal,0
2001-07-17 07:45:00+00:00,3423,363,4.587496348232545,19.0,1.9487701721010016,63,136,3786,rrc00,codered,normal,0
2001-07-17 07:48:00+00:00,3011,357,5.223845898372634,22.0,2.5046703545617617,75,98,3368,rrc00,codered,normal,0
2001-07-17 07:51:00+00:00,4146,754,4.633381572600096,19.0,1.7368303986456093,123,206,4900,rrc00,codered,normal,0
2001-07-17 07:54:00+00:00,6879,1216,5.145951446431168,13.0,1.512244194699472,239,339,8095,rrc00,codered,normal,0
2001-07-17 07:57:00+00:00,10663,2027,5.300665853887274,14.0,1.5393206741005414,356,434,12690,rrc00,codered,normal,0
2001-07-17 08:00:00+00:00,5466,1075,5.3995609220636664,14.0,1.763939254976115,150,242,6541,rrc00,codered,normal,0
2001-07-17 08:03:00+00:00,3267,664,5.373125191307009,13.0,1.8202143850797594,108,154,3931,rrc00,codered,normal,0
2001-07-17 08:06:00+00:00,4049,609,4.941960978019264,14.0,2.059102089534021,93,149,4658,rrc00,codered,normal,0
2001-07-17 08:09:00+00:00,7332,513,4.083469721767594,15.0,1.728303131525418,81,172,7845,rrc00,codered,normal,0
2001-07-17 08:12:00+00:00,9405,853,4.4929292929292926,22.0,1.6616760943802338,138,236,10258,rrc00,codered,normal,0
2001-07-17 08:15:00+00:00,11476,724,4.1087486929243635,19.0,1.6728378102565862,141,239,12200,rrc00,codered,normal,0
2001-07-17 08:18:00+00:00,16494,965,4.588395780283739,16.0,1.6432934674530226,180,393,17459,rrc00,codered,normal,0
2001-07-17 08:21:00+00:00,24702,1722,3.834628774997976,15.0,1.4078653318275896,303,824,26424,rrc00,codered,normal,0
2001-07-17 08:24:00+00:00,40270,2327,4.201390613359822,17.0,1.3846575162076222,333,1039,42597,rrc00,codered,normal,0
2001-07-17 08:27:00+00:00,76556,1067,3.9032995454307957,15.0,1.1601203301389,208,380,77623,rrc00,codered,normal,0
2001-07-17 08:30:00+00:00,5541,848,4.9353907236960834,16.0,1.7241069123477855,191,235,6389,rrc00,codered,normal,0
2001-07-17 08:33:00+00:00,4547,432,4.624587640202331,15.0,1.7623341519235651,67,105,4979,rrc00,codered,normal,0
2001-07-17 08:36:00+00:00,11750,2459,5.027574468085106,13.0,1.6159593915358152,398,482,14209,rrc00,codered,normal,0
2001-07-17 08:39:00+00:00,7527,1787,5.315132190779859,13.0,1.2921005790570839,263,368,9314,rrc00,codered,normal,0
2001-07-17 08:42:00+00:00,4759,738,5.035931918470267,21.0,2.0162637549985525,155,182,5497,rrc00,codered,normal,0
2001-07-17 08:45:00+00:00,3190,485,4.769592476489028,18.0,1.8804096857535288,67,140,3675,rrc00,codered,normal,0
2001-07-17 08:48:00+00:00,5021,440,4.450906193985262,14.0,1.618157056614719,131,182,5461,rrc00,codered,normal,0
2001-07-17 08:51:00+00:00,6676,482,4.438136608747753,19.0,2.179396220944899,70,128,7158,rrc00,codered,normal,0
2001-07-17 08:54:00+00:00,3774,489,4.810280869104399,14.0,1.5686178726128739,93,120,4263,rrc00,codered,normal,0
2001-07-17 08:57:00+00:00,3045,787,5.688998357963875,22.0,2.53853593202031,130,158,3832,rrc00,codered,normal,0
2001-07-17 09:00:00+00:00,24542,911,4.0504848830576154,21.0,1.9766014658126978,148,294,25453,rrc00,codered,normal,0
2001-07-17 09:03:00+00:00,24147,559,3.8022114548391106,21.0,1.4808360423929092,97,159,24706,rrc00,codered,normal,0
2001-07-17 09:06:00+00:00,2972,576,4.9071332436069985,14.0,1.7957974695270442,65,121,3548,rrc00,codered,normal,0
2001-07-17 09:09:00+00:00,20453,513,4.6179044638928275,22.0,1.9884392242022595,82,130,20966,rrc00,codered,normal,0
2001-07-17 09:12:00+00:00,5330,840,4.759662288930581,14.0,1.6542133023142709,160,326,6170,rrc00,codered,normal,0
2001-07-17 09:15:00+00:00,6058,767,5.4494882799603825,15.0,1.7545415019555668,157,207,6825,rrc00,codered,normal,0
2001-07-17 09:18:00+00:00,7587,941,4.898774219058916,16.0,1.6973552101438767,125,253,8528,rrc00,codered,normal,0
2001-07-17 09:21:00+00:00,3273,387,5.181484876260312,15.0,1.9403098507681429,66,130,3660,rrc00,codered,normal,0
2001-07-17 09:24:00+00:00,5117,1024,5.960719171389486,20.0,2.800063671958471,196,229,6141,rrc00,codered,normal,0
2001-07-17 09:27:00+00:00,8677,825,5.434481963812377,21.0,2.2462241632138387,117,244,9502,rrc00,codered,normal,0
2001-07-17 09:30:00+00:00,7877,1288,5.35851212390504,18.0,2.007588806834691,157,496,9165,rrc00,codered,normal,0
2001-07-17 09:33:00+00:00,5702,1559,5.143283058575938,16.0,1.9696904369971289,303,406,7261,rrc00,codered,normal,0
2001-07-17 09:36:00+00:00,4929,1142,5.000811523635626,18.0,1.981861180269366,162,219,6071,rrc00,codered,normal,0
2001-07-17 09:39:00+00:00,16950,1043,5.426253687315635,23.0,1.9325700422212706,122,475,17993,rrc00,codered,normal,0
2001-07-17 09:42:00+00:00,31367,823,4.251028150604138,21.0,1.1790268818476775,150,175,32190,rrc00,codered,normal,0
2001-07-17 09:45:00+00:00,261125,442,4.454127333652465,22.0,1.6768268424366763,103,148,261567,rrc00,codered,normal,0
2001-07-17 09:48:00+00:00,38946,768,5.704128793714374,22.0,1.5819560731762818,103,187,39714,rrc00,codered,normal,0
2001-07-17 09:51:00+00:00,34547,1011,4.96442527571135,19.0,1.2417706494298495,158,288,35558,rrc00,codered,normal,0
2001-07-17 09:54:00+00:00,46604,629,5.14606042399794,22.0,1.12488154130668,92,143,47233,rrc00,codered,normal,0
2001-07-17 09:57:00+00:00,4224,799,5.169744318181818,13.0,1.3425310119174683,161,189,5023,rrc00,codered,normal,0
2001-07-17 10:00:00+00:00,3195,447,5.232863849765258,20.0,2.6886854619952274,71,89,3642,rrc00,codered,normal,0
2001-07-17 10:03:00+00:00,4737,442,5.268735486594891,18.0,2.4131483007601986,86,131,5179,rrc00,codered,normal,0
2001-07-17 10:06:00+00:00,4695,725,5.256443024494143,20.0,1.9237456031352826,162,251,5420,rrc00,codered,normal,0
2001-07-17 10:09:00+00:00,4188,1091,5.4465138490926455,18.0,1.8739542835098708,166,244,5279,rrc00,codered,normal,0
2001-07-17 10:12:00+00:00,6983,801,4.651009594730059,14.0,1.7127413110454874,54,648,7784,rrc00,codered,normal,0
2001-07-17 10:15:00+00:00,10347,600,4.613801101768629,19.0,1.6557022898886675,65,324,10947,rrc00,codered,normal,0
2001-07-17 10:18:00+00:00,4345,521,4.718296892980438,18.0,1.3077792732796332,88,154,4866,rrc00,codered,normal,0
2001-07-17 10:21:00+00:00,2424,409,4.661303630363037,15.0,1.5467055215893146,72,105,2833,rrc00,codered,normal,0
2001-07-17 10:24:00+00:00,7217,902,5.1899681308022725,14.0,1.3291872586495095,242,290,8119,rrc00,codered,normal,0
2001-07-17 10:27:00+00:00,9165,1605,5.143589743589744,15.0,1.452391819188922,305,429,10770,rrc00,codered,normal,0
2001-07-17 10:30:00+00:00,9181,1801,5.436118069927023,23.0,2.522694794467486,277,482,10982,rrc00,codered,normal,0
2001-07-17 10:33:00+00:00,4923,911,4.936420881576274,21.0,1.9064607717894444,117,182,5834,rrc00,codered,normal,0
2001-07-17 10:36:00+00:00,3964,399,5.3574672048435925,16.0,1.7034473394350091,51,150,4363,rrc00,codered,normal,0
2001-07-17 10:39:00+00:00,3132,571,5.660600255427842,16.0,2.0545108201068394,90,116,3703,rrc00,codered,normal,0
2001-07-17 10:42:00+00:00,3631,389,5.106582208757918,18.0,1.6051892478464982,89,120,4020,rrc00,codered,normal,0
2001-07-17 10:45:00+00:00,10620,881,4.382391713747646,13.0,1.5528998222228552,164,231,11501,rrc00,codered,normal,0
2001-07-17 10:48:00+00:00,8730,1147,4.939862542955327,14.0,1.3076314831224805,203,246,9877,rrc00,codered,normal,0
2001-07-17 10:51:00+00:00,10178,1196,4.845549223816074,14.0,1.5735459022876628,236,284,11374,rrc00,codered,normal,0
2001-07-17 10:54:00+00:00,8271,1861,5.304316285817918,15.0,1.5813504720685996,236,299,10132,rrc00,codered,normal,0
2001-07-17 10:57:00+00:00,6184,1098,5.108182406209573,17.0,1.8334883393849835,184,269,7282,rrc00,codered,normal,0
2001-07-17 11:00:00+00:00,2864,404,5.256983240223463,13.0,1.7782889443370873,113,144,3268,rrc00,codered,normal,0
2001-07-17 11:03:00+00:00,2911,385,5.885949845413947,15.0,2.0900490008767165,105,126,3296,rrc00,codered,normal,0
2001-07-17 11:06:00+00:00,3580,606,5.313687150837989,15.0,1.5492590885176216,141,192,4186,rrc00,codered,normal,0
2001-07-17 11:09:00+00:00,3531,474,5.08297932596998,14.0,1.881560047476617,82,134,4005,rrc00,codered,normal,0
2001-07-17 11:12:00+00:00,2728,239,4.9571114369501466,14.0,1.9780672420256011,42,85,2967,rrc00,codered,normal,0
2001-07-17 11:15:00+00:00,1614,198,5.080545229244114,15.0,1.8903539659554858,36,58,1812,rrc00,codered,normal,0
2001-07-17 11:18:00+00:00,3197,452,5.522051923678449,18.0,1.8479668120833126,73,132,3649,rrc00,codered,normal,0
2001-07-17 11:21:00+00:00,2659,490,5.555095900714554,14.0,1.9407041570657013,82,115,3149,rrc00,codered,normal,0
2001-07-17 11:24:00+00:00,3982,711,5.409593169261678,14.0,1.7050868984377479,108,180,4693,rrc00,codered,normal,0
2001-07-17 11:27:00+00:00,3198,470,5.615384615384615,17.0,1.927624391942377,76,111,3668,rrc00,codered,normal,0
2001-07-17 11:30:00+00:00,3005,417,5.186688851913478,13.0,1.8760481311455972,64,81,3422,rrc00,codered,normal,0
2001-07-17 11:33:00+00:00,1910,401,4.890575916230366,13.0,1.3618070775583577,72,128,2311,rrc00,codered,normal,0
2001-07-17 11:36:00+00:00,1875,277,5.361066666666667,14.0,2.0516735109552777,62,79,2152,rrc00,codered,normal,0
2001-07-17 11:39:00+00:00,2962,242,5.315665091154625,16.0,1.76944708627996,39,76,3204,rrc00,codered,normal,0
2001-07-17 11:42:00+00:00,2451,248,5.6450428396572825,14.0,2.114740794834136,36,55,2699,rrc00,codered,normal,0
2001-07-17 11:45:00+00:00,1584,310,5.1313131313131315,13.0,1.580077767210725,56,100,1894,rrc00,codered,normal,0
2001-07-17 11:48:00+00:00,1958,170,4.914708886618999,15.0,1.664499910184367,41,59,2128,rrc00,codered,normal,0
2001-07-17 11:51:00+00:00,2788,589,4.899569583931133,15.0,2.1965702595476846,73,96,3377,rrc00,codered,normal,0
2001-07-17 11:54:00+00:00,1869,448,5.570893525949706,14.0,2.3218616504238048,68,115,2317,rrc00,codered,normal,0
2001-07-17 11:57:00+00:00,3416,540,5.262587822014051,14.0,1.6365857677825415,75,121,3956,rrc00,codered,normal,0
2001-07-17 12:00:00+00:00,1406,294,5.465149359886202,15.0,2.07980746432084,46,69,1700,rrc00,codered,normal,0
2001-07-17 12:03:00+00:00,1388,149,4.956051873198847,16.0,1.8755055349740755,23,40,1537,rrc00,codered,normal,0
2001-07-17 12:06:00+00:00,3000,509,4.737666666666667,14.0,1.6894322188895958,56,356,3509,rrc00,codered,normal,0
2001-07-17 12:09:00+00:00,2577,628,5.0756693830034925,13.0,1.777084817969527,89,175,3205,rrc00,codered,normal,0
2001-07-17 12:12:00+00:00,1754,469,5.384264538198404,14.0,1.814204328054203,71,91,2223,rrc00,codered,normal,0
2001-07-17 12:15:00+00:00,6701,1216,4.882256379644829,13.0,1.4481075281736595,197,418,7917,rrc00,codered,normal,0
2001-07-17 12:18:00+00:00,2311,669,5.2942449156209435,13.0,1.9518116668729797,80,103,2980,rrc00,codered,normal,0
2001-07-17 12:21:00+00:00,3752,801,5.484808102345416,14.0,1.4947611127102594,164,201,4553,rrc00,codered,normal,0
2001-07-17 12:24:00+00:00,4766,673,5.442299622324801,16.0,1.4330515258176169,158,228,5439,rrc00,codered,normal,0
2001-07-17 12:27:00+00:00,3904,723,5.276895491803279,14.0,1.6601399165000297,115,147,4627,rrc00,codered,normal,0
2001-07-17 12:30:00+00:00,2614,519,5.701606732976281,20.0,1.8069886064715355,71,110,3133,rrc00,codered,normal,0
2001-07-17 12:33:00+00:00,3558,1263,5.146711635750422,15.0,1.501677582248661,311,536,4821,rrc00,codered,normal,0
2001-07-17 12:36:00+00:00,9750,2626,5.638871794871795,14.0,1.5937527907183155,323,357,12376,rrc00,codered,normal,0
2001-07-17 12:39:00+00:00,1993,491,5.292022077270446,15.0,1.9504709057440048,88,114,2484,rrc00,codered,normal,0
2001-07-17 12:42:00+00:00,1864,411,4.967811158798283,16.0,2.019761367465568,62,86,2275,rrc00,codered,normal,0
2001-07-17 12:45:00+00:00,1146,254,5.170157068062827,14.0,1.9607446344635096,45,63,1400,rrc00,codered,normal,0
2001-07-17 12:48:00+00:00,4377,1030,5.676033813114005,14.0,1.8154904216486338,185,215,5407,rrc00,codered,normal,0
2001-07-17 12:51:00+00:00,2584,461,5.231037151702786,17.0,1.8295255205103587,66,99,3045,rrc00,codered,normal,0
2001-07-17 12:54:00+00:00,8127,266,4.474590869939707,18.0,2.115308421380672,45,80,8393,rrc00,codered,normal,0
2001-07-17 12:57:00+00:00,3559,325,5.394773812868784,16.0,1.7148790047173228,39,150,3884,rrc00,codered,normal,0
2001-07-17 13:00:00+00:00,1857,283,5.707592891760905,13.0,2.028369463846896,42,51,2140,rrc00,codered,normal,0
2001-07-17 13:03:00+00:00,1801,259,5.265963353692393,15.0,1.9401946062861095,35,61,2060,rrc00,codered,normal,0
2001-07-17 13:06:00+00:00,3113,739,4.969482814005782,13.0,1.332113530878246,134,177,3852,rrc00,codered,normal,0
2001-07-17 13:09:00+00:00,1579,254,4.90563647878404,14.0,1.6909661686429855,30,73,1833,rrc00,codered,normal,0
2001-07-17 13:12:00+00:00,11137,1853,5.10900601598276,20.0,2.173114527209742,146,1167,12990,rrc00,codered,normal,0
2001-07-17 13:15:00+00:00,14258,1981,5.112287838406509,16.0,1.2459846342169192,154,1199,16239,rrc00,codered,normal,0
2001-07-17 13:18:00+00:00,6408,1053,5.265761548064919,15.0,1.5127634304721553,235,256,7461,rrc00,codered,normal,0
2001-07-17 13:21:00+00:00,8573,647,4.634900268284148,17.0,1.5785819255915092,97,289,9220,rrc00,codered,normal,0
2001-07-17 13:24:00+00:00,7545,659,5.199204771371769,18.0,1.6711640538006647,109,136,8204,rrc00,codered,normal,0
2001-07-17 13:27:00+00:00,6517,920,4.965474911769219,14.0,1.3974720076426803,123,221,7437,rrc00,codered,normal,0
2001-07-17 13:30:00+00:00,4305,528,4.773054587688734,13.0,1.3867863511658045,99,153,4833,rrc00,codered,normal,0
2001-07-17 13:33:00+00:00,2930,736,5.421843003412969,14.0,1.7472164159087487,103,149,3666,rrc00,codered,normal,0
2001-07-17 13:36:00+00:00,4626,1113,5.384349329874622,15.0,1.588751184653051,214,258,5739,rrc00,codered,normal,0
2001-07-17 13:39:00+00:00,2130,508,5.509859154929577,13.0,1.9910943693543013,88,115,2638,rrc00,codered,normal,0
2001-07-17 13:42:00+00:00,2944,660,4.821331521739131,16.0,1.6693387029931126,117,136,3604,rrc00,codered,normal,0
2001-07-17 13:45:00+00:00,3871,967,5.639111340738827,15.0,1.6817926110923767,156,195,4838,rrc00,codered,normal,0
2001-07-17 13:48:00+00:00,3072,611,5.390299479166667,13.0,1.6833505044193544,83,143,3683,rrc00,codered,normal,0
2001-07-17 13:51:00+00:00,2562,546,5.205308352849336,15.0,1.58545395681515,112,200,3108,rrc00,codered,normal,0
2001-07-17 13:54:00+00:00,8216,1991,5.4964703018500485,17.0,1.4808045409357367,312,368,10207,rrc00,codered,normal,0
2001-07-17 13:57:00+00:00,5006,978,5.209748302037555,15.0,1.6112223966412542,165,263,5984,rrc00,codered,normal,0
2001-07-17 14:00:00+00:00,6007,2129,5.310970534376561,21.0,1.6170344996203105,288,460,8136,rrc00,codered,normal,0
2001-07-17 14:03:00+00:00,4757,1040,5.638848013453858,16.0,1.5659787496711561,197,251,5797,rrc00,codered,normal,0
2001-07-17 14:06:00+00:00,4560,763,5.360745614035087,17.0,1.6757803540252236,173,226,5323,rrc00,codered,normal,0
2001-07-17 14:09:00+00:00,2384,994,5.268456375838926,16.0,1.576115233085038,143,167,3378,rrc00,codered,normal,0
2001-07-17 14:12:00+00:00,4385,1491,5.046978335233751,16.0,1.7782624129573215,283,328,5876,rrc00,codered,normal,0
2001-07-17 14:15:00+00:00,6675,1000,5.0939325842696626,13.0,1.3983459608289825,173,260,7675,rrc00,codered,normal,0
2001-07-17 14:18:00+00:00,2662,693,5.159654395191585,13.0,1.7219521012748118,170,221,3355,rrc00,codered,normal,0
2001-07-17 14:21:00+00:00,3259,1061,5.056765879104019,15.0,1.5001788082405387,172,194,4320,rrc00,codered,normal,0
2001-07-17 14:24:00+00:00,3618,1023,5.172470978441128,15.0,1.4750905856559287,184,198,4641,rrc00,codered,normal,0
2001-07-17 14:27:00+00:00,2491,240,5.249297470895223,16.0,1.5217130829344976,28,88,2731,rrc00,codered,normal,0
2001-07-17 14:30:00+00:00,7141,1309,5.170844419549082,16.0,1.3754387116007214,235,270,8450,rrc00,codered,normal,0
2001-07-17 14:33:00+00:00,2346,787,5.368712702472293,14.0,1.8586063392904784,161,182,3133,rrc00,codered,normal,0
2001-07-17 14:36:00+00:00,2375,673,5.271578947368421,15.0,1.8465138224229172,109,200,3048,rrc00,codered,normal,0
2001-07-17 14:39:00+00:00,3762,855,5.616427432216906,16.0,1.7905701948609407,165,217,4617,rrc00,codered,normal,0
2001-07-17 14:42:00+00:00,2821,324,5.639844026940801,16.0,2.3630201905410355,52,108,3145,rrc00,codered,normal,0
2001-07-17 14:45:00+00:00,2094,314,5.20821394460363,17.0,1.9989513392315184,52,108,2408,rrc00,codered,normal,0
2001-07-17 14:48:00+00:00,4219,773,4.8741407916567905,14.0,1.8862012348771753,122,152,4992,rrc00,codered,normal,0
2001-07-17 14:51:00+00:00,1879,238,5.367748802554551,14.0,1.7739294648809933,33,79,2117,rrc00,codered,normal,0
2001-07-17 14:54:00+00:00,1603,336,4.91890205864005,13.0,1.610449592496086,35,65,1939,rrc00,codered,normal,0
2001-07-17 14:57:00+00:00,4051,1139,5.050357936312022,13.0,1.5728603409657058,144,175,5190,rrc00,codered,normal,0
2001-07-17 15:00:00+00:00,2897,616,5.401449775629962,15.0,1.743681716124286,84,125,3513,rrc00,codered,normal,0
2001-07-17 15:03:00+00:00,2210,273,5.140723981900453,13.0,1.8193573080381287,51,83,2483,rrc00,codered,normal,0
2001-07-17 15:06:00+00:00,2769,568,4.46117732033225,13.0,1.4385293744871697,86,113,3337,rrc00,codered,normal,0
2001-07-17 15:09:00+00:00,2274,377,4.859278803869833,15.0,1.8773951828233393,80,94,2651,rrc00,codered,normal,0
2001-07-17 15:12:00+00:00,3010,653,4.763787375415283,19.0,1.9741731793756598,122,159,3663,rrc00,codered,normal,0
2001-07-17 15:15:00+00:00,2278,435,4.844600526777875,15.0,1.6480212130187715,74,91,2713,rrc00,codered,normal,0
2001-07-17 15:18:00+00:00,3345,412,5.36831091180867,14.0,2.1091473462389962,120,136,3757,rrc00,codered,normal,0
2001-07-17 15:21:00+00:00,2192,188,7.265510948905109,15.0,2.9690828282688573,30,50,2380,rrc00,codered,normal,0
2001-07-17 15:24:00+00:00,2551,293,4.958839670717365,15.0,1.9397711057086782,46,62,2844,rrc00,codered,normal,0
2001-07-17 15:27:00+00:00,1970,430,4.889340101522842,15.0,1.8581520406463958,56,81,2400,rrc00,codered,normal,0
2001-07-17 15:30:00+00:00,1940,429,4.767525773195876,15.0,1.8092195338047539,79,134,2369,rrc00,codered,normal,0
2001-07-17 15:33:00+00:00,2035,386,5.408845208845209,17.0,2.055476389390525,50,76,2421,rrc00,codered,normal,0
2001-07-17 15:36:00+00:00,3045,372,5.026272577996716,17.0,1.6386042955392532,50,94,3417,rrc00,codered,normal,0
2001-07-17 15:39:00+00:00,4785,487,4.760083594566353,15.0,1.7168764599705106,72,108,5272,rrc00,codered,normal,0
2001-07-17 15:42:00+00:00,2754,443,5.328612926652142,15.0,1.8924999413731152,63,86,3197,rrc00,codered,normal,0
2001-07-17 15:45:00+00:00,1839,423,5.11636759108211,15.0,1.7925435152929567,57,164,2262,rrc00,codered,normal,0
2001-07-17 15:48:00+00:00,2344,309,4.5823378839590445,16.0,1.6891680592086782,45,76,2653,rrc00,codered,normal,0
2001-07-17 15:51:00+00:00,2824,580,5.2160056657223794,15.0,1.9568862704107275,82,194,3404,rrc00,codered,normal,0
2001-07-17 15:54:00+00:00,3249,837,4.776854416743613,13.0,1.611670603325128,112,134,4086,rrc00,codered,normal,0
2001-07-17 15:57:00+00:00,1462,308,5.369357045143639,13.0,1.9116152980192862,50,62,1770,rrc00,codered,normal,0
2001-07-17 16:00:00+00:00,1807,330,4.88267847260653,14.0,1.8009909091031402,39,129,2137,rrc00,codered,normal,0
2001-07-17 16:03:00+00:00,12602,457,3.498412950325345,15.0,1.2167973533011465,71,116,13059,rrc00,codered,normal,0
2001-07-17 16:06:00+00:00,40107,519,3.7414915102101878,17.0,1.2046835569281213,113,172,40626,rrc00,codered,normal,0
2001-07-17 16:09:00+00:00,2301,573,4.982181660147762,15.0,1.671692047488623,81,114,2874,rrc00,codered,normal,0
2001-07-17 16:12:00+00:00,2372,527,5.097807757166947,13.0,1.7530157825979873,80,125,2899,rrc00,codered,normal,0
2001-07-17 16:15:00+00:00,2286,346,5.102799650043744,14.0,1.9080849856441988,68,82,2632,rrc00,codered,normal,0
2001-07-17 16:18:00+00:00,1454,280,4.804676753782669,17.0,2.0846145309935906,45,68,1734,rrc00,codered,normal,0
2001-07-17 16:21:00+00:00,2521,448,5.235620785402618,13.0,1.9161355038534371,78,113,2969,rrc00,codered,normal,0
2001-07-17 16:24:00+00:00,4274,605,5.011698642957417,13.0,1.6398619407754913,104,132,4879,rrc00,codered,normal,0
2001-07-17 16:27:00+00:00,2280,285,4.837280701754386,14.0,1.9489798433997347,60,77,2565,rrc00,codered,normal,0
2001-07-17 16:30:00+00:00,1673,204,4.644351464435147,14.0,1.8541224196381236,27,75,1877,rrc00,codered,normal,0
2001-07-17 16:33:00+00:00,2558,1061,4.433932759968726,13.0,1.495149132702356,298,604,3619,rrc00,codered,normal,0
2001-07-17 16:36:00+00:00,2723,712,5.521483657730444,15.0,2.1467885644986215,134,457,3435,rrc00,codered,normal,0
2001-07-17 16:39:00+00:00,8064,538,6.490947420634921,17.0,2.3610529067737165,78,203,8602,rrc00,codered,normal,0
2001-07-17 16:42:00+00:00,1878,469,5.0814696485623,14.0,1.810591126027522,79,105,2347,rrc00,codered,normal,0
2001-07-17 16:45:00+00:00,1843,203,5.230602278893109,13.0,1.891092584181997,37,49,2046,rrc00,codered,normal,0
2001-07-17 16:48:00+00:00,2510,327,5.298804780876494,15.0,2.103676956850059,41,122,2837,rrc00,codered,normal,0
2001-07-17 16:51:00+00:00,5002,414,5.676329468212715,15.0,2.224099106396396,48,85,5416,rrc00,codered,normal,0
2001-07-17 16:54:00+00:00,4987,494,5.879887708040906,15.0,2.2403706445694263,103,148,5481,rrc00,codered,normal,0
2001-07-17 16:57:00+00:00,3416,369,6.201697892271663,15.0,2.5249359530115902,73,144,3785,rrc00,codered,normal,0
2001-07-17 17:00:00+00:00,67920,29823,5.114369846878681,16.0,1.3688416809652597,473,28801,97743,rrc00,codered,normal,0
2001-07-17 17:03:00+00:00,5726,362,4.865176388403772,16.0,2.0535069281913523,54,124,6088,rrc00,codered,normal,0
2001-07-17 17:06:00+00:00,3731,204,5.475743768426695,15.0,2.3026533592594367,37,63,3935,rrc00,codered,normal,0
2001-07-17 17:09:00+00:00,1800,292,6.066111111111111,15.0,2.558117013414552,42,73,2092,rrc00,codered,normal,0
2001-07-17 17:12:00+00:00,1804,288,6.074279379157428,15.0,2.648687764796767,41,62,2092,rrc00,codered,normal,0
2001-07-17 17:15:00+00:00,1870,240,5.480748663101604,15.0,2.4909254504965355,50,94,2110,rrc00,codered,normal,0
2001-07-17 17:18:00+00:00,2522,318,5.227597145122918,14.0,2.3164891157597878,61,112,2840,rrc00,codered,normal,0
2001-07-17 17:21:00+00:00,3111,376,5.651880424300868,15.0,2.4825968675020453,48,159,3487,rrc00,codered,normal,0
2001-07-17 17:24:00+00:00,3815,306,5.78427260812582,13.0,2.1860667058879413,42,76,4121,rrc00,codered,normal,0
2001-07-17 17:27:00+00:00,4329,894,5.213906213906214,14.0,2.419311065256845,182,322,5223,rrc00,codered,normal,0
2001-07-17 17:30:00+00:00,2432,381,6.171052631578948,15.0,2.6912719937974194,65,109,2813,rrc00,codered,normal,0
2001-07-17 17:33:00+00:00,2670,448,5.294756554307116,14.0,2.5035575131466565,72,213,3118,rrc00,codered,normal,0
2001-07-17 17:36:00+00:00,5976,1030,4.582161981258367,17.0,1.9119532785149116,176,234,7006,rrc00,codered,normal,0
2001-07-17 17:39:00+00:00,2785,498,6.055655296229802,15.0,2.604813485818329,65,84,3283,rrc00,codered,normal,0
2001-07-17 17:42:00+00:00,2816,376,5.524857954545454,14.0,2.277472740143297,63,134,3192,rrc00,codered,normal,0
2001-07-17 17:45:00+00:00,3246,272,6.646025878003697,17.0,2.719268080789787,49,85,3518,rrc00,codered,normal,0
2001-07-17 17:48:00+00:00,2218,328,5.484220018034265,15.0,2.263716601012253,38,123,2546,rrc00,codered,normal,0
2001-07-17 17:51:00+00:00,3524,565,4.732406356413167,15.0,1.8322575589228014,148,174,4089,rrc00,codered,normal,0
2001-07-17 17:54:00+00:00,2983,335,5.024136775058666,18.0,2.136654089463409,48,139,3318,rrc00,codered,normal,0
2001-07-17 17:57:00+00:00,2270,272,5.9396475770925115,15.0,2.5475851672060226,41,72,2542,rrc00,codered,normal,0
2001-07-17 18:00:00+00:00,2372,403,5.533726812816189,20.0,2.411703988413512,66,134,2775,rrc00,codered,normal,0
2001-07-17 18:03:00+00:00,3802,382,5.089689637033141,15.0,1.8671286353149794,76,94,4184,rrc00,codered,normal,0
2001-07-17 18:06:00+00:00,2213,312,5.661997288748306,16.0,2.470720907726888,44,75,2525,rrc00,codered,normal,0
2001-07-17 18:09:00+00:00,8247,884,4.775312234752031,15.0,1.3384762085332138,234,325,9131,rrc00,codered,normal,0
2001-07-17 18:12:00+00:00,2661,431,5.036076662908681,15.0,1.7451857482483208,75,129,3092,rrc00,codered,normal,0
2001-07-17 18:15:00+00:00,2359,306,5.510385756676558,15.0,2.380817036685309,38,127,2665,rrc00,codered,normal,0
2001-07-17 18:18:00+00:00,1992,252,5.4241967871485945,15.0,2.3701788643106703,41,86,2244,rrc00,codered,normal,0
2001-07-17 18:21:00+00:00,1967,188,5.550076258261312,13.0,2.464884801811837,31,57,2155,rrc00,codered,normal,0
2001-07-17 18:24:00+00:00,2150,304,5.970232558139535,13.0,2.42679757242845,31,64,2454,rrc00,codered,normal,0
2001-07-17 18:27:00+00:00,2538,236,4.928684003152088,17.0,2.0178568283933886,45,62,2774,rrc00,codered,normal,0
2001-07-17 18:30:00+00:00,3204,268,5.377340823970037,16.0,2.3071561949311232,46,74,3472,rrc00,codered,normal,0
2001-07-17 18:33:00+00:00,1922,254,5.793444328824141,16.0,2.402413523533317,59,74,2176,rrc00,codered,normal,0
2001-07-17 18:36:00+00:00,2216,254,5.175992779783393,16.0,2.325630501043683,40,61,2470,rrc00,codered,normal,0
2001-07-17 18:39:00+00:00,2517,299,4.818831942789035,14.0,2.4040909516693025,42,63,2816,rrc00,codered,normal,0
2001-07-17 18:42:00+00:00,1959,214,6.068912710566615,13.0,2.7851147384289474,27,39,2173,rrc00,codered,normal,0
2001-07-17 18:45:00+00:00,2706,245,5.511086474501108,17.0,2.486487310399233,35,88,2951,rrc00,codered,normal,0
2001-07-17 18:48:00+00:00,2599,409,4.406310119276645,13.0,1.7611226824808932,67,151,3008,rrc00,codered,normal,0
2001-07-17 18:51:00+00:00,4126,477,5.25811924381968,14.0,2.1086636033934636,94,141,4603,rrc00,codered,normal,0
2001-07-17 18:54:00+00:00,5756,838,5.413481584433635,13.0,2.1076778894456543,92,107,6594,rrc00,codered,normal,0
2001-07-17 18:57:00+00:00,5415,344,4.889012003693444,13.0,1.609430668146819,66,93,5759,rrc00,codered,normal,0
2001-07-17 19:00:00+00:00,2924,423,5.582079343365253,20.0,2.4539047973192734,65,107,3347,rrc00,codered,normal,0
2001-07-17 19:03:00+00:00,8712,413,4.49024334251607,18.0,1.8153124670671126,98,120,9125,rrc00,codered,normal,0
2001-07-17 19:06:00+00:00,20350,492,5.181277641277641,17.0,1.5795104952129322,57,236,20842,rrc00,codered,normal,0
2001-07-17 19:09:00+00:00,7118,426,4.653554369204833,16.0,1.495881067400831,61,89,7544,rrc00,codered,normal,0
2001-07-17 19:12:00+00:00,3123,211,4.495357028498239,19.0,1.8060526086657618,42,70,3334,rrc00,codered,normal,0
2001-07-17 19:15:00+00:00,1681,209,5.873884592504462,20.0,2.457401927193294,37,56,1890,rrc00,codered,normal,0
2001-07-17 19:18:00+00:00,1700,224,5.246470588235294,16.0,2.344170344082555,26,77,1924,rrc00,codered,normal,0
2001-07-17 19:21:00+00:00,3142,201,4.348822406110758,19.0,2.091455339459061,29,50,3343,rrc00,codered,normal,0
2001-07-17 19:24:00+00:00,2305,114,4.574403470715835,17.0,2.107057637861888,17,34,2419,rrc00,codered,normal,0
2001-07-17 19:27:00+00:00,1131,133,4.765694076038904,15.0,2.0981464031485904,23,39,1264,rrc00,codered,normal,0
2001-07-17 19:30:00+00:00,1708,555,4.828454332552694,15.0,1.7988314446928193,189,232,2263,rrc00,codered,normal,0
2001-07-17 19:33:00+00:00,3403,523,4.517778430796356,13.0,1.6395489016561173,71,192,3926,rrc00,codered,normal,0
2001-07-17 19:36:00+00:00,2773,733,5.21565091958168,16.0,2.3716258131307666,82,150,3506,rrc00,codered,normal,0
2001-07-17 19:39:00+00:00,3596,409,5.355116796440489,15.0,2.056590632783412,47,156,4005,rrc00,codered,normal,0
2001-07-17 19:42:00+00:00,3732,461,4.559217577706324,14.0,1.6470371035932319,84,154,4193,rrc00,codered,normal,0
2001-07-17 19:45:00+00:00,2751,628,4.87168302435478,13.0,1.9577232998913723,89,199,3379,rrc00,codered,normal,0
2001-07-17 19:48:00+00:00,1777,215,5.115925717501407,13.0,1.678108795334335,23,123,1992,rrc00,codered,normal,0
2001-07-17 19:51:00+00:00,2973,266,5.8691557349478645,21.0,2.7528599678005983,37,74,3239,rrc00,codered,normal,0
2001-07-17 19:54:00+00:00,3096,350,5.488372093023256,18.0,2.822344250030664,41,117,3446,rrc00,codered,normal,0
2001-07-17 19:57:00+00:00,2340,347,5.463675213675214,14.0,2.345017667380314,59,86,2687,rrc00,codered,normal,0
2001-07-17 20:00:00+00:00,1654,226,4.712817412333736,17.0,1.8842868794453498,39,54,1880,rrc00,codered,normal,0
2001-07-17 20:03:00+00:00,2230,178,4.393273542600896,15.0,1.8058324916654684,32,58,2408,rrc00,codered,normal,0
2001-07-17 20:06:00+00:00,1778,302,5.24859392575928,17.0,1.9734060767528634,62,88,2080,rrc00,codered,normal,0
2001-07-17 20:09:00+00:00,3124,245,5.026888604353393,13.0,2.272824293252943,34,109,3369,rrc00,codered,normal,0
2001-07-17 20:12:00+00:00,2325,285,5.391827956989247,15.0,1.937967534286782,34,152,2610,rrc00,codered,normal,0
2001-07-17 20:15:00+00:00,2634,277,5.234244495064541,21.0,1.9599706297817652,35,128,2911,rrc00,codered,normal,0
2001-07-17 20:18:00+00:00,4749,963,5.439460939145083,22.0,1.8532065749377045,115,130,5712,rrc00,codered,normal,0
2001-07-17 20:21:00+00:00,2286,695,5.573053368328959,14.0,1.9957632385664923,117,138,2981,rrc00,codered,normal,0
2001-07-17 20:24:00+00:00,2176,239,5.299632352941177,13.0,1.9627317802762119,32,55,2415,rrc00,codered,normal,0
2001-07-17 20:27:00+00:00,1269,242,5.163120567375887,13.0,2.372556856697219,32,62,1511,rrc00,codered,normal,0
2001-07-17 20:30:00+00:00,2091,245,5.109516977522716,16.0,2.03507274960791,50,99,2336,rrc00,codered,normal,0
2001-07-17 20:33:00+00:00,1790,132,5.067039106145251,13.0,2.1579986728943386,16,71,1922,rrc00,codered,normal,0
2001-07-17 20:36:00+00:00,1713,137,5.1552831290134264,17.0,2.0902987616206223,29,64,1850,rrc00,codered,normal,0
2001-07-17 20:39:00+00:00,1375,144,6.048,15.0,2.5938153014780787,22,37,1519,rrc00,codered,normal,0
2001-07-17 20:42:00+00:00,2178,232,6.06198347107438,18.0,2.5339415167637096,49,58,2410,rrc00,codered,normal,0
2001-07-17 20:45:00+00:00,2034,182,6.0673549655850545,15.0,2.2785145381040364,33,45,2216,rrc00,codered,normal,0
2001-07-17 20:48:00+00:00,2413,264,7.433070866141732,20.0,3.620774024403973,31,135,2677,rrc00,codered,normal,0
2001-07-17 20:51:00+00:00,3038,469,6.296576695194207,17.0,3.0875839401974132,83,119,3507,rrc00,codered,normal,0
2001-07-17 20:54:00+00:00,2960,396,5.088175675675676,16.0,2.0584356882476484,59,101,3356,rrc00,codered,normal,0
2001-07-17 20:57:00+00:00,2584,308,5.580108359133127,17.0,2.6626223695813755,44,103,2892,rrc00,codered,normal,0
2001-07-17 21:00:00+00:00,4979,521,5.85458927495481,22.0,3.066928420545187,73,202,5500,rrc00,codered,normal,0
2001-07-17 21:03:00+00:00,4306,709,6.156758012076173,17.0,2.573724294579226,63,331,5015,rrc00,codered,normal,0
2001-07-17 21:06:00+00:00,4430,407,5.481489841986456,14.0,2.1262617906769505,73,100,4837,rrc00,codered,normal,0
2001-07-17 21:09:00+00:00,2806,487,5.118674269422666,16.0,1.9565378702530218,65,164,3293,rrc00,codered,normal,0
2001-07-17 21:12:00+00:00,1618,378,5.171817058096416,18.0,2.0889128206953758,56,88,1996,rrc00,codered,normal,0
2001-07-17 21:15:00+00:00,4340,339,6.2695852534562215,21.0,3.5788222856701433,36,155,4679,rrc00,codered,normal,0
2001-07-17 21:18:00+00:00,2281,779,5.680841736080667,18.0,2.3390451691485747,86,106,3060,rrc00,codered,normal,0
2001-07-17 21:21:00+00:00,3815,729,6.558584534731324,22.0,3.6000821439764574,78,180,4544,rrc00,codered,normal,0
2001-07-17 21:24:00+00:00,1716,464,5.6002331002331,15.0,2.688982952027337,102,137,2180,rrc00,codered,normal,0
2001-07-17 21:27:00+00:00,2549,396,5.83719105531581,14.0,2.2183154898209994,72,83,2945,rrc00,codered,normal,0
2001-07-17 21:30:00+00:00,2242,242,5.035236396074933,21.0,2.382119717066347,29,83,2484,rrc00,codered,normal,0
2001-07-17 21:33:00+00:00,3473,299,4.18197523754679,17.0,1.9283891230273225,41,60,3772,rrc00,codered,normal,0
2001-07-17 21:36:00+00:00,2681,310,5.4923535994032076,14.0,2.3527181775812283,40,120,2991,rrc00,codered,normal,0
2001-07-17 21:39:00+00:00,3705,460,5.0685560053981105,16.0,2.097140703304022,94,146,4165,rrc00,codered,normal,0
2001-07-17 21:42:00+00:00,1686,224,5.766903914590747,19.0,2.65709208314951,29,66,1910,rrc00,codered,normal,0
2001-07-17 21:45:00+00:00,2226,244,5.884097035040432,21.0,2.8477459943692023,34,76,2470,rrc00,codered,normal,0
2001-07-17 21:48:00+00:00,2284,256,5.399737302977233,20.0,2.4038461448807875,41,66,2540,rrc00,codered,normal,0
2001-07-17 21:51:00+00:00,1647,146,5.585306618093504,19.0,2.7269778638039774,29,46,1793,rrc00,codered,normal,0
2001-07-17 21:54:00+00:00,1830,242,5.046994535519126,20.0,1.9713741663609363,39,59,2072,rrc00,codered,normal,0
2001-07-17 21:57:00+00:00,2684,279,5.486587183308495,18.0,2.211145485634874,34,61,2963,rrc00,codered,normal,0
2001-07-17 22:00:00+00:00,1913,234,5.487192890747517,15.0,2.1384313817859724,35,55,2147,rrc00,codered,normal,0
2001-07-17 22:03:00+00:00,3081,220,5.262577085361896,18.0,1.7945945684262685,41,57,3301,rrc00,codered,normal,0
2001-07-17 22:06:00+00:00,1958,312,5.3503575076608785,18.0,1.9009774849364365,55,99,2270,rrc00,codered,normal,0
2001-07-17 22:09:00+00:00,3064,658,5.56233681462141,15.0,1.9356567007238696,90,143,3722,rrc00,codered,normal,0
2001-07-17 22:12:00+00:00,3648,612,5.052357456140351,16.0,1.8926073666122438,86,110,4260,rrc00,codered,normal,0
2001-07-17 22:15:00+00:00,3210,313,5.149532710280374,19.0,1.8376661599966149,48,117,3523,rrc00,codered,normal,0
2001-07-17 22:18:00+00:00,1829,350,5.4827774740295245,21.0,2.5125934848118674,47,141,2179,rrc00,codered,normal,0
2001-07-17 22:21:00+00:00,2077,388,5.625421280693308,13.0,2.154657902573064,74,99,2465,rrc00,codered,normal,0
2001-07-17 22:24:00+00:00,3851,443,7.420410283043365,24.0,5.358901756156315,80,112,4294,rrc00,codered,normal,0
2001-07-17 22:27:00+00:00,2357,349,6.025880356385236,25.0,4.4436518910787814,55,100,2706,rrc00,codered,normal,0
2001-07-17 22:30:00+00:00,2248,343,5.3011565836298935,24.0,2.3016624226558307,52,72,2591,rrc00,codered,normal,0
2001-07-17 22:33:00+00:00,33301,1306,5.212996606708507,25.0,1.7860909465370791,70,1082,34607,rrc00,codered,normal,0
2001-07-17 22:36:00+00:00,25693,1076,4.989608064453353,18.0,1.3551039057232719,67,846,26769,rrc00,codered,normal,0
2001-07-17 22:39:00+00:00,24806,363,5.276908812384101,16.0,1.4022032824454802,58,88,25169,rrc00,codered,normal,0
2001-07-17 22:42:00+00:00,11412,405,4.333596214511041,20.0,1.3476166864347403,65,133,11817,rrc00,codered,normal,0
2001-07-17 22:45:00+00:00,7268,535,4.993533296642818,17.0,1.8592720858383045,79,99,7803,rrc00,codered,normal,0
2001-07-17 22:48:00+00:00,13177,382,5.76314790923579,16.0,1.918776120464505,69,187,13559,rrc00,codered,normal,0
2001-07-17 22:51:00+00:00,5566,857,5.4299317283507005,15.0,1.6727494721662746,107,154,6423,rrc00,codered,normal,0
2001-07-17 22:54:00+00:00,2077,293,4.82956186807896,13.0,1.9517118273344367,62,78,2370,rrc00,codered,normal,0
2001-07-17 22:57:00+00:00,1525,290,5.515409836065574,16.0,2.5939258010865687,51,66,1815,rrc00,codered,normal,0
2001-07-17 23:00:00+00:00,1722,418,6.004645760743322,18.0,2.579059200785819,56,88,2140,rrc00,codered,normal,0
2001-07-17 23:03:00+00:00,1709,399,6.010532475131656,20.0,2.636314165429813,49,101,2108,rrc00,codered,normal,0
2001-07-17 23:06:00+00:00,1001,211,5.118881118881119,17.0,2.125167478116279,31,55,1212,rrc00,codered,normal,0
2001-07-17 23:09:00+00:00,1261,302,5.34020618556701,13.0,2.109051439613075,43,94,1563,rrc00,codered,normal,0
2001-07-17 23:12:00+00:00,1268,308,5.163249211356467,18.0,2.3023111781941092,57,71,1576,rrc00,codered,normal,0
2001-07-17 23:15:00+00:00,1249,267,6.011208967173739,15.0,2.663972946757624,45,64,1516,rrc00,codered,normal,0
2001-07-17 23:18:00+00:00,1697,304,5.364172068355923,18.0,2.6039883355108846,42,83,2001,rrc00,codered,normal,0
2001-07-17 23:21:00+00:00,1022,237,4.888454011741683,13.0,1.8714258190539304,39,79,1259,rrc00,codered,normal,0
2001-07-17 23:24:00+00:00,1214,315,5.185337726523888,15.0,2.4439851546578413,51,63,1529,rrc00,codered,normal,0
2001-07-17 23:27:00+00:00,1003,319,5.045862412761715,19.0,2.2478283147551807,54,67,1322,rrc00,codered,normal,0
2001-07-17 23:30:00+00:00,1026,310,5.401559454191033,16.0,2.526382721179158,51,66,1336,rrc00,codered,normal,0
2001-07-17 23:33:00+00:00,1263,154,4.561361836896278,14.0,2.1870189361572714,26,63,1417,rrc00,codered,normal,0
2001-07-17 23:36:00+00:00,1439,235,5.6768589298123695,15.0,2.4259340352260343,36,63,1674,rrc00,codered,normal,0
2001-07-17 23:39:00+00:00,1419,220,4.889358703312191,18.0,2.452024420900134,40,61,1639,rrc00,codered,normal,0
2001-07-17 23:42:00+00:00,1103,296,4.7960108794197644,17.0,2.2770689530858275,47,61,1399,rrc00,codered,normal,0
2001-07-17 23:45:00+00:00,1649,221,5.562158884172225,16.0,2.6577436677566393,44,79,1870,rrc00,codered,normal,0
2001-07-17 23:48:00+00:00,1274,177,5.419152276295134,13.0,2.186761345925357,29,91,1451,rrc00,codered,normal,0
2001-07-17 23:51:00+00:00,1296,199,5.677469135802469,15.0,2.1754065355069643,31,41,1495,rrc00,codered,normal,0
2001-07-17 23:54:00+00:00,1373,269,5.865258557902403,13.0,2.3045717306630453,45,74,1642,rrc00,codered,normal,0
2001-07-17 23:57:00+00:00,763,139,5.419397116644823,20.0,2.819096302286324,17,29,902,rrc00,codered,normal,0
2001-07-18 00:00:00+00:00,2043,372,5.0058737151248165,14.0,1.6215523335208133,48,92,2415,rrc00,codered,normal,0
2001-07-18 00:03:00+00:00,1800,509,4.083888888888889,13.0,1.5337558797818616,42,396,2309,rrc00,codered,normal,0
2001-07-18 00:06:00+00:00,5803,3044,5.259003963467173,14.0,1.769196528811302,310,355,8847,rrc00,codered,normal,0
2001-07-18 00:09:00+00:00,2050,379,6.345853658536585,18.0,2.673609942554381,52,80,2429,rrc00,codered,normal,0
2001-07-18 00:12:00+00:00,1496,219,5.67379679144385,15.0,2.360381103415016,41,54,1715,rrc00,codered,normal,0
2001-07-18 00:15:00+00:00,6479,202,4.403766013273653,14.0,1.9360731101150257,33,73,6681,rrc00,codered,normal,0
2001-07-18 00:18:00+00:00,1866,281,5.715969989281886,14.0,2.300270743922988,31,78,2147,rrc00,codered,normal,0
2001-07-18 00:21:00+00:00,2850,482,4.775087719298246,17.0,2.189034172035789,121,169,3332,rrc00,codered,normal,0
2001-07-18 00:24:00+00:00,8342,2767,4.637377127787102,15.0,1.55680676520574,420,488,11109,rrc00,codered,normal,0
2001-07-18 00:27:00+00:00,1845,2628,5.337127371273713,13.0,1.9823484984084943,307,420,4473,rrc00,codered,normal,0
2001-07-18 00:30:00+00:00,1678,204,5.480333730631704,13.0,2.2645175946103113,47,62,1882,rrc00,codered,normal,0
2001-07-18 00:33:00+00:00,5530,271,4.591139240506329,17.0,2.1712641555216883,45,52,5801,rrc00,codered,normal,0
2001-07-18 00:36:00+00:00,3275,280,5.314198473282443,16.0,2.473288738093958,39,74,3555,rrc00,codered,normal,0
2001-07-18 00:39:00+00:00,1193,207,6.158424140821459,13.0,2.544665184869836,41,69,1400,rrc00,codered,normal,0
2001-07-18 00:42:00+00:00,89678,246,4.611777693525726,17.0,1.242040338732454,35,100,89924,rrc00,codered,normal,0
2001-07-18 00:45:00+00:00,16757,270,4.874679238527182,18.0,1.554385487852789,42,69,17027,rrc00,codered,normal,0
2001-07-18 00:48:00+00:00,4535,525,4.435281146637266,13.0,1.9285332137296007,82,334,5060,rrc00,codered,normal,0
2001-07-18 00:51:00+00:00,4274,3283,5.62540945250351,14.0,2.0927980283852134,327,365,7557,rrc00,codered,normal,0
2001-07-18 00:54:00+00:00,1757,242,4.597040409789414,16.0,1.9202519236479645,36,51,1999,rrc00,codered,normal,0
2001-07-18 00:57:00+00:00,971,225,5.135942327497426,16.0,2.4729339414665326,34,74,1196,rrc00,codered,normal,0
2001-07-18 01:00:00+00:00,1543,375,6.029163966299417,16.0,2.609331628964302,56,94,1918,rrc00,codered,normal,0
2001-07-18 01:03:00+00:00,23748,428,4.397928246589187,17.0,1.383928939282348,56,164,24176,rrc00,codered,normal,0
2001-07-18 01:06:00+00:00,7126,157,4.159416222284592,13.0,1.6568902550732865,35,49,7283,rrc00,codered,normal,0
2001-07-18 01:09:00+00:00,4621,322,5.160354901536464,14.0,1.3831283925130042,45,80,4943,rrc00,codered,normal,0
2001-07-18 01:12:00+00:00,1907,281,5.897745149449397,15.0,2.849949659087011,45,66,2188,rrc00,codered,normal,0
2001-07-18 01:15:00+00:00,1414,202,5.062234794908062,13.0,1.7337900162366149,36,53,1616,rrc00,codered,normal,0
2001-07-18 01:18:00+00:00,2615,251,6.278393881453155,17.0,2.4296864793381125,29,123,2866,rrc00,codered,normal,0
2001-07-18 01:21:00+00:00,1679,379,4.616438356164384,17.0,2.0425763405149304,55,72,2058,rrc00,codered,normal,0
2001-07-18 01:24:00+00:00,1935,239,5.073385012919896,17.0,2.265067758929133,39,60,2174,rrc00,codered,normal,0
2001-07-18 01:27:00+00:00,1138,139,6.297891036906854,15.0,3.0297318346488216,22,55,1277,rrc00,codered,normal,0
2001-07-18 01:30:00+00:00,994,153,4.80784708249497,18.0,2.3390437246945033,26,43,1147,rrc00,codered,normal,0
2001-07-18 01:33:00+00:00,1981,249,5.129227662796567,13.0,2.47887772785667,45,118,2230,rrc00,codered,normal,0
2001-07-18 01:36:00+00:00,3011,280,4.941547658585188,13.0,2.093125213895837,47,126,3291,rrc00,codered,normal,0
2001-07-18 01:39:00+00:00,2061,346,4.855409995147986,13.0,2.2828721342311216,50,54,2407,rrc00,codered,normal,0
2001-07-18 01:42:00+00:00,1560,161,5.519871794871795,13.0,2.379585179099308,25,40,1721,rrc00,codered,normal,0
2001-07-18 01:45:00+00:00,1495,330,5.120401337792642,13.0,2.088402080610727,44,71,1825,rrc00,codered,normal,0
2001-07-18 01:48:00+00:00,1918,465,5.048488008342023,14.0,1.777875062208194,67,92,2383,rrc00,codered,normal,0
2001-07-18 01:51:00+00:00,4422,472,4.3937132519222075,15.0,1.3088732097651554,58,76,4894,rrc00,codered,normal,0
2001-07-18 01:54:00+00:00,1327,253,4.985681989449887,14.0,1.962483078284828,30,59,1580,rrc00,codered,normal,0
2001-07-18 01:57:00+00:00,2646,300,5.764550264550264,17.0,2.2372773594087993,47,105,2946,rrc00,codered,normal,0
2001-07-18 02:00:00+00:00,1696,282,5.0129716981132075,15.0,2.1356854847484077,74,94,1978,rrc00,codered,normal,0
2001-07-18 02:03:00+00:00,2077,155,4.9672604718343765,16.0,2.376438440011551,24,53,2232,rrc00,codered,normal,0
2001-07-18 02:06:00+00:00,2325,220,5.913978494623656,17.0,2.412583115637698,31,91,2545,rrc00,codered,normal,0
2001-07-18 02:09:00+00:00,3474,683,5.392630972941854,15.0,2.2857504164485154,128,174,4157,rrc00,codered,normal,0
2001-07-18 02:12:00+00:00,2736,503,5.694809941520468,15.0,2.4313803672386523,93,115,3239,rrc00,codered,normal,0
2001-07-18 02:15:00+00:00,2546,403,6.021209740769835,14.0,2.6845733886165597,60,122,2949,rrc00,codered,normal,0
2001-07-18 02:18:00+00:00,2615,303,6.48565965583174,15.0,3.1989011161186345,52,111,2918,rrc00,codered,normal,0
2001-07-18 02:21:00+00:00,1549,259,5.725629438347321,15.0,2.39732911842832,39,52,1808,rrc00,codered,normal,0
2001-07-18 02:24:00+00:00,1249,161,4.839871897518014,14.0,2.0222886106049622,30,52,1410,rrc00,codered,normal,0
2001-07-18 02:27:00+00:00,3308,528,5.606106408706167,17.0,2.053822096166995,80,96,3836,rrc00,codered,normal,0
2001-07-18 02:30:00+00:00,3666,456,5.479268957992362,16.0,1.9371553292007884,75,112,4122,rrc00,codered,normal,0
2001-07-18 02:33:00+00:00,3686,585,5.111502984264786,13.0,1.409329840919633,58,98,4271,rrc00,codered,normal,0
2001-07-18 02:36:00+00:00,3575,404,5.537062937062937,16.0,2.1382195822816965,72,115,3979,rrc00,codered,normal,0
2001-07-18 02:39:00+00:00,4002,481,5.253123438280859,15.0,1.8074880311537311,84,105,4483,rrc00,codered,normal,0
2001-07-18 02:42:00+00:00,2614,439,5.803749043611323,17.0,2.393430441971461,73,118,3053,rrc00,codered,normal,0
2001-07-18 02:45:00+00:00,3300,305,5.536060606060606,17.0,2.0662298258656038,50,121,3605,rrc00,codered,normal,0
2001-07-18 02:48:00+00:00,1895,329,5.950923482849604,17.0,2.7445735267522617,40,123,2224,rrc00,codered,normal,0
2001-07-18 02:51:00+00:00,1359,410,5.428256070640177,17.0,2.3222307547608585,58,121,1769,rrc00,codered,normal,0
2001-07-18 02:54:00+00:00,3206,352,5.072988147223955,15.0,1.7486221983316792,88,105,3558,rrc00,codered,normal,0
2001-07-18 02:57:00+00:00,2122,466,5.844486333647502,16.0,2.4060754559977138,83,98,2588,rrc00,codered,normal,0
2001-07-18 03:00:00+00:00,1702,261,5.99294947121034,17.0,2.575295653871589,43,101,1963,rrc00,codered,normal,0
2001-07-18 03:03:00+00:00,6175,2339,5.9577327935222675,15.0,1.7234730146551247,297,314,8514,rrc00,codered,normal,0
2001-07-18 03:06:00+00:00,2341,375,5.923536950021359,18.0,2.1707654417702607,59,98,2716,rrc00,codered,normal,0
2001-07-18 03:09:00+00:00,1344,107,5.409226190476191,15.0,2.141032933017715,14,57,1451,rrc00,codered,normal,0
2001-07-18 03:12:00+00:00,1103,300,5.255666364460562,13.0,2.2459598228908733,38,51,1403,rrc00,codered,normal,0
2001-07-18 03:15:00+00:00,4808,360,4.029118136439268,16.0,1.7504410818568277,57,69,5168,rrc00,codered,normal,0
2001-07-18 03:18:00+00:00,1815,285,5.163636363636364,13.0,2.227353121616475,40,65,2100,rrc00,codered,normal,0
2001-07-18 03:21:00+00:00,1747,225,5.345163136805953,14.0,2.1967956354260942,26,77,1972,rrc00,codered,normal,0
2001-07-18 03:24:00+00:00,2349,183,4.944231587909749,14.0,2.0101587823752203,28,73,2532,rrc00,codered,normal,0
2001-07-18 03:27:00+00:00,2110,290,5.0483412322274885,16.0,1.8705841136432746,34,53,2400,rrc00,codered,normal,0
2001-07-18 03:30:00+00:00,3309,448,5.679359323058326,17.0,2.1699338577576226,73,93,3757,rrc00,codered,normal,0
2001-07-18 03:33:00+00:00,2392,172,5.2274247491638794,13.0,1.7865018948372389,23,71,2564,rrc00,codered,normal,0
2001-07-18 03:36:00+00:00,4627,503,5.154527771774368,13.0,1.5801142019212786,117,133,5130,rrc00,codered,normal,0
2001-07-18 03:39:00+00:00,896,143,4.650669642857143,13.0,1.7390151404520033,23,38,1039,rrc00,codered,normal,0
2001-07-18 03:42:00+00:00,2063,520,6.138148327678139,13.0,2.0144446541106324,68,87,2583,rrc00,codered,normal,0
2001-07-18 03:45:00+00:00,1553,627,5.566645202833226,15.0,2.481528959432361,80,91,2180,rrc00,codered,normal,0
2001-07-18 03:48:00+00:00,1023,141,5.604105571847508,15.0,2.6140949544139205,30,41,1164,rrc00,codered,normal,0
2001-07-18 03:51:00+00:00,2428,216,6.149917627677101,17.0,2.3127956851370253,26,69,2644,rrc00,codered,normal,0
2001-07-18 03:54:00+00:00,1660,406,5.912048192771084,17.0,1.9902108376753322,101,180,2066,rrc00,codered,normal,0
2001-07-18 03:57:00+00:00,2242,292,5.682872435325602,17.0,1.6475216298269868,38,135,2534,rrc00,codered,normal,0
2001-07-18 04:00:00+00:00,1559,247,4.86529826812059,17.0,2.223801597439777,33,83,1806,rrc00,codered,normal,0
2001-07-18 04:03:00+00:00,2075,319,6.140240963855422,14.0,2.4060355714020694,38,112,2394,rrc00,codered,normal,0
2001-07-18 04:06:00+00:00,1685,233,6.023738872403561,16.0,2.5196027246908095,33,75,1918,rrc00,codered,normal,0
2001-07-18 04:09:00+00:00,1181,180,5.834038950042337,17.0,2.5098403513983616,28,57,1361,rrc00,codered,normal,0
2001-07-18 04:12:00+00:00,1837,251,5.598258029395754,17.0,2.179669812845259,48,79,2088,rrc00,codered,normal,0
2001-07-18 04:15:00+00:00,1341,287,5.435495898583147,17.0,2.4540019507669437,59,81,1628,rrc00,codered,normal,0
2001-07-18 04:18:00+00:00,1053,246,5.056980056980057,17.0,2.2202087452189745,38,57,1299,rrc00,codered,normal,0
2001-07-18 04:21:00+00:00,2008,387,6.438247011952191,15.0,2.5173049117392137,68,118,2395,rrc00,codered,normal,0
2001-07-18 04:24:00+00:00,1759,306,5.592950540079591,17.0,2.5222773879065365,36,70,2065,rrc00,codered,normal,0
2001-07-18 04:27:00+00:00,4005,851,5.936329588014981,18.0,1.9698580115084627,136,164,4856,rrc00,codered,normal,0
2001-07-18 04:30:00+00:00,2197,576,5.204824761037779,18.0,2.1117859500291587,99,144,2773,rrc00,codered,normal,0
2001-07-18 04:33:00+00:00,3463,483,5.2428530176147845,17.0,2.085160681003697,89,148,3946,rrc00,codered,normal,0
2001-07-18 04:36:00+00:00,1759,233,6.007390562819784,17.0,2.8150194025772706,62,88,1992,rrc00,codered,normal,0
2001-07-18 04:39:00+00:00,1282,145,5.253510140405616,16.0,2.9207698326406666,29,55,1427,rrc00,codered,normal,0
2001-07-18 04:42:00+00:00,1237,301,5.25626515763945,14.0,2.1649377573388593,54,65,1538,rrc00,codered,normal,0
2001-07-18 04:45:00+00:00,1935,274,5.026356589147287,15.0,1.780406685526494,55,84,2209,rrc00,codered,normal,0
2001-07-18 04:48:00+00:00,1524,281,4.675196850393701,15.0,1.6510202128993317,50,92,1805,rrc00,codered,normal,0
2001-07-18 04:51:00+00:00,2549,369,5.629658689682229,21.0,2.718981258338023,91,134,2918,rrc00,codered,normal,0
2001-07-18 04:54:00+00:00,1361,167,5.308596620132255,13.0,2.604521787116095,18,95,1528,rrc00,codered,normal,0
2001-07-18 04:57:00+00:00,1603,166,5.8084840923268874,18.0,2.8038611440742085,28,38,1769,rrc00,codered,normal,0
2001-07-18 05:00:00+00:00,2229,212,5.668461193360251,21.0,2.748627686621994,31,43,2441,rrc00,codered,normal,0
2001-07-18 05:03:00+00:00,1904,219,5.616596638655462,21.0,2.583085285777871,30,42,2123,rrc00,codered,normal,0
2001-07-18 05:06:00+00:00,2289,404,5.748361730013106,15.0,2.034548300595573,67,94,2693,rrc00,codered,normal,0
2001-07-18 05:09:00+00:00,2710,381,6.278228782287822,17.0,2.310110578506587,74,121,3091,rrc00,codered,normal,0
2001-07-18 05:12:00+00:00,1076,389,5.077137546468402,13.0,1.8645084623996158,52,63,1465,rrc00,codered,normal,0
2001-07-18 05:15:00+00:00,3969,538,5.055177626606198,13.0,1.8616088006682372,127,174,4507,rrc00,codered,normal,0
2001-07-18 05:18:00+00:00,3265,382,5.048392036753445,13.0,1.9535458050197458,107,140,3647,rrc00,codered,normal,0
2001-07-18 05:21:00+00:00,1451,250,5.561681598897312,22.0,2.855976539904395,57,91,1701,rrc00,codered,normal,0
2001-07-18 05:24:00+00:00,4066,830,6.732169208066896,25.0,2.6872259931964755,176,218,4896,rrc00,codered,normal,0
2001-07-18 05:27:00+00:00,6153,446,5.130993011539086,24.0,2.1015352607679114,78,143,6599,rrc00,codered,normal,0
2001-07-18 05:30:00+00:00,1961,303,6.03110657827639,16.0,2.18743135668217,45,111,2264,rrc00,codered,normal,0
2001-07-18 05:33:00+00:00,1719,236,6.223385689354275,14.0,2.646544927907366,49,61,1955,rrc00,codered,normal,0
2001-07-18 05:36:00+00:00,1424,517,4.634831460674158,14.0,1.7120919015811225,66,113,1941,rrc00,codered,normal,0
2001-07-18 05:39:00+00:00,2889,357,4.318795430944964,15.0,1.506808065496156,54,63,3246,rrc00,codered,normal,0
2001-07-18 05:42:00+00:00,1208,290,5.317880794701987,17.0,2.0502652418526335,44,55,1498,rrc00,codered,normal,0
2001-07-18 05:45:00+00:00,2302,282,5.620330147697654,13.0,1.7917380314559548,37,65,2584,rrc00,codered,normal,0
2001-07-18 05:48:00+00:00,2588,687,5.565301391035549,22.0,2.397348811371203,182,222,3275,rrc00,codered,normal,0
2001-07-18 05:51:00+00:00,2315,622,5.065658747300216,14.0,1.6920625100670013,168,199,2937,rrc00,codered,normal,0
2001-07-18 05:54:00+00:00,1641,331,4.849482023156612,15.0,2.066508720899217,44,56,1972,rrc00,codered,normal,0
2001-07-18 05:57:00+00:00,1627,267,4.953902888752305,20.0,2.13403690972223,44,64,1894,rrc00,codered,normal,0
2001-07-18 06:00:00+00:00,2168,419,5.05950184501845,15.0,2.2726234760775346,56,87,2587,rrc00,codered,normal,0
2001-07-18 06:03:00+00:00,2155,365,5.1777262180974475,23.0,2.852029916445655,67,84,2520,rrc00,codered,normal,0
2001-07-18 06:06:00+00:00,2639,608,5.093217127699886,25.0,2.9711935527531486,75,103,3247,rrc00,codered,normal,0
2001-07-18 06:09:00+00:00,1451,223,5.064093728463129,19.0,2.3958727553847945,47,75,1674,rrc00,codered,normal,0
2001-07-18 06:12:00+00:00,1731,493,5.748700173310225,25.0,3.1673599449734953,65,81,2224,rrc00,codered,normal,0
2001-07-18 06:15:00+00:00,2201,250,5.303952748750568,15.0,2.015124052817686,38,73,2451,rrc00,codered,normal,0
2001-07-18 06:18:00+00:00,2498,572,6.391112890312249,19.0,2.7517286732195796,68,124,3070,rrc00,codered,normal,0
2001-07-18 06:21:00+00:00,2957,672,5.332431518430842,21.0,2.065565453249527,99,170,3629,rrc00,codered,normal,0
2001-07-18 06:24:00+00:00,2760,518,5.858333333333333,15.0,2.31516803263255,82,92,3278,rrc00,codered,normal,0
2001-07-18 06:27:00+00:00,2924,292,4.99452804377565,15.0,1.8653284487869062,53,87,3216,rrc00,codered,normal,0
2001-07-18 06:30:00+00:00,2224,286,4.735611510791367,15.0,1.742473481774585,43,74,2510,rrc00,codered,normal,0
2001-07-18 06:33:00+00:00,1784,291,5.316704035874439,15.0,2.3635477034504624,52,75,2075,rrc00,codered,normal,0
2001-07-18 06:36:00+00:00,1572,157,5.375954198473282,15.0,1.9066661999160264,28,48,1729,rrc00,codered,normal,0
2001-07-18 06:39:00+00:00,1474,212,5.286974219810041,25.0,3.295654174042675,28,47,1686,rrc00,codered,normal,0
2001-07-18 06:42:00+00:00,1745,327,5.267621776504298,25.0,3.2877318742568242,58,81,2072,rrc00,codered,normal,0
2001-07-18 06:45:00+00:00,1547,410,5.104718810601163,24.0,3.147837167282896,50,78,1957,rrc00,codered,normal,0
2001-07-18 06:48:00+00:00,1960,351,4.888265306122449,13.0,2.1095664152201765,51,78,2311,rrc00,codered,normal,0
2001-07-18 06:51:00+00:00,2336,377,5.00513698630137,14.0,1.9347155595340744,71,94,2713,rrc00,codered,normal,0
2001-07-18 06:54:00+00:00,2491,289,5.609795262946608,17.0,2.162109474750189,42,66,2780,rrc00,codered,normal,0
2001-07-18 06:57:00+00:00,2449,406,5.16700694160882,13.0,1.5432639443174105,60,110,2855,rrc00,codered,normal,0
2001-07-18 07:00:00+00:00,2658,421,4.894657637321294,16.0,2.356850008655506,58,113,3079,rrc00,codered,normal,0
2001-07-18 07:03:00+00:00,2513,254,5.311977715877437,17.0,2.631455129125048,47,78,2767,rrc00,codered,normal,0
2001-07-18 07:06:00+00:00,2311,506,5.2349632193855475,15.0,2.014380899323928,85,106,2817,rrc00,codered,normal,0
2001-07-18 07:09:00+00:00,2584,566,5.966331269349845,16.0,2.3481821257801476,91,161,3150,rrc00,codered,normal,0
2001-07-18 07:12:00+00:00,2068,311,5.846228239845261,17.0,2.9284752685627304,54,66,2379,rrc00,codered,normal,0
2001-07-18 07:15:00+00:00,5545,312,4.685843101893598,16.0,1.5166487356886371,44,96,5857,rrc00,codered,normal,0
2001-07-18 07:18:00+00:00,5707,492,5.0364464692482915,20.0,2.289018095913556,52,231,6199,rrc00,codered,normal,0
2001-07-18 07:21:00+00:00,12222,2916,5.536246113565701,21.0,2.0860133566395835,116,2286,15138,rrc00,codered,normal,0
2001-07-18 07:24:00+00:00,7687,1106,6.277871731494732,17.0,2.259031164158871,141,480,8793,rrc00,codered,normal,0
2001-07-18 07:27:00+00:00,5625,1070,6.1347555555555555,17.0,2.315238611706319,106,562,6695,rrc00,codered,normal,0
2001-07-18 07:30:00+00:00,2839,420,5.631208171891511,15.0,2.0901549662672787,64,103,3259,rrc00,codered,normal,0
2001-07-18 07:33:00+00:00,2710,693,5.670110701107011,15.0,2.3168784642280156,85,283,3403,rrc00,codered,normal,0
2001-07-18 07:36:00+00:00,1883,416,5.710037174721189,24.0,2.515979762934807,60,67,2299,rrc00,codered,normal,0
2001-07-18 07:39:00+00:00,2410,296,5.927385892116183,21.0,2.720773972376909,44,62,2706,rrc00,codered,normal,0
2001-07-18 07:42:00+00:00,1850,342,6.783783783783784,24.0,3.226202982296724,66,82,2192,rrc00,codered,normal,0
2001-07-18 07:45:00+00:00,3013,397,6.033521407235313,19.0,2.6998060395396606,60,127,3410,rrc00,codered,normal,0
2001-07-18 07:48:00+00:00,4250,641,6.194823529411765,15.0,2.6658929027359917,106,151,4891,rrc00,codered,normal,0
2001-07-18 07:51:00+00:00,2484,873,5.136473429951691,16.0,2.064649115249561,89,151,3357,rrc00,codered,normal,0
2001-07-18 07:54:00+00:00,1850,186,5.249729729729729,20.0,2.366046407539306,23,94,2036,rrc00,codered,normal,0
2001-07-18 07:57:00+00:00,1795,269,4.898050139275766,15.0,2.0136502388434123,32,55,2064,rrc00,codered,normal,0
2001-07-18 08:00:00+00:00,2361,378,6.361711139347734,22.0,3.808698368772925,57,84,2739,rrc00,codered,normal,0
2001-07-18 08:03:00+00:00,3326,372,6.696933253156946,22.0,3.8170152931840793,67,131,3698,rrc00,codered,normal,0
2001-07-18 08:06:00+00:00,3225,318,5.316589147286821,22.0,2.4458008615698588,45,119,3543,rrc00,codered,normal,0
2001-07-18 08:09:00+00:00,3127,304,4.801407099456348,13.0,1.3996291948936757,52,116,3431,rrc00,codered,normal,0
2001-07-18 08:12:00+00:00,4392,478,5.328779599271402,17.0,1.765591632050999,86,174,4870,rrc00,codered,normal,0
2001-07-18 08:15:00+00:00,4061,308,4.6929327751785275,16.0,1.6344065286739653,43,81,4369,rrc00,codered,normal,0
2001-07-18 08:18:00+00:00,3546,521,4.968979131415679,16.0,1.531451403823111,144,167,4067,rrc00,codered,normal,0
2001-07-18 08:21:00+00:00,2572,590,5.243001555209953,17.0,1.9314782157652746,126,154,3162,rrc00,codered,normal,0
2001-07-18 08:24:00+00:00,3032,763,5.492084432717678,16.0,2.094235241993552,117,187,3795,rrc00,codered,normal,0
2001-07-18 08:27:00+00:00,2726,470,5.401687454145268,16.0,1.9486391434193073,74,110,3196,rrc00,codered,normal,0
2001-07-18 08:30:00+00:00,115543,364,4.283582735431831,21.0,1.3227967455454135,72,98,115907,rrc00,codered,normal,0
2001-07-18 08:33:00+00:00,9660,515,4.605072463768116,20.0,1.5810193873693057,66,132,10175,rrc00,codered,normal,0
2001-07-18 08:36:00+00:00,20301,1149,4.788039998029654,20.0,1.4009668266708268,164,215,21450,rrc00,codered,normal,0
2001-07-18 08:39:00+00:00,67271,797,4.86292756165361,18.0,1.231840216846634,148,219,68068,rrc00,codered,normal,0
2001-07-18 08:42:00+00:00,27067,866,5.042228543983448,23.0,1.6774342085031566,95,124,27933,rrc00,codered,normal,0
2001-07-18 08:45:00+00:00,2005,222,5.045386533665836,13.0,1.6476189765805183,42,56,2227,rrc00,codered,normal,0
2001-07-18 08:48:00+00:00,2559,349,5.776084407971864,22.0,2.293840092588518,49,66,2908,rrc00,codered,normal,0
2001-07-18 08:51:00+00:00,3097,463,4.7746206005812075,18.0,1.7823702694987515,69,82,3560,rrc00,codered,normal,0
2001-07-18 08:54:00+00:00,3434,475,5.642981945253349,14.0,1.6465752977283745,78,94,3909,rrc00,codered,normal,0
2001-07-18 08:57:00+00:00,4128,310,5.7146317829457365,21.0,2.8187252912472647,49,81,4438,rrc00,codered,normal,0
2001-07-18 09:00:00+00:00,3583,434,5.712531398269607,21.0,3.3816626936055267,89,147,4017,rrc00,codered,normal,0
2001-07-18 09:03:00+00:00,2949,372,4.778569006442862,23.0,2.1080032514459934,53,104,3321,rrc00,codered,normal,0
2001-07-18 09:06:00+00:00,2256,247,5.303191489361702,13.0,1.461779164249495,43,76,2503,rrc00,codered,normal,0
2001-07-18 09:09:00+00:00,2215,423,4.784198645598194,13.0,1.4663797272732548,68,110,2638,rrc00,codered,normal,0
2001-07-18 09:12:00+00:00,4010,650,5.1892768079800495,13.0,1.4798175818313024,141,170,4660,rrc00,codered,normal,0
2001-07-18 09:15:00+00:00,3231,514,5.454348498916744,15.0,1.7432734413808337,85,134,3745,rrc00,codered,normal,0
2001-07-18 09:18:00+00:00,3148,706,5.525095298602287,13.0,1.731593843822849,85,97,3854,rrc00,codered,normal,0
2001-07-18 09:21:00+00:00,3757,762,5.473249933457546,13.0,1.670212310191705,171,225,4519,rrc00,codered,normal,0
2001-07-18 09:24:00+00:00,3120,1135,5.950961538461539,15.0,2.496118596902551,202,259,4255,rrc00,codered,normal,0
2001-07-18 09:27:00+00:00,1827,780,4.306513409961686,13.0,1.4277629741126858,197,212,2607,rrc00,codered,normal,0
2001-07-18 09:30:00+00:00,1586,287,5.167087011349307,17.0,2.441848516038405,38,80,1873,rrc00,codered,normal,0
2001-07-18 09:33:00+00:00,2154,374,5.03853296193129,19.0,1.8272417279820892,47,84,2528,rrc00,codered,normal,0
2001-07-18 09:36:00+00:00,1667,270,4.734853029394121,14.0,1.645339355596986,43,69,1937,rrc00,codered,normal,0
2001-07-18 09:39:00+00:00,1621,280,4.8062924120913015,13.0,1.6179086845855715,48,98,1901,rrc00,codered,normal,0
2001-07-18 09:42:00+00:00,1602,352,4.589887640449438,13.0,1.6903848263880468,58,93,1954,rrc00,codered,normal,0
2001-07-18 09:45:00+00:00,14103,401,5.785081188399631,16.0,2.1462116121993775,62,110,14504,rrc00,codered,normal,0
2001-07-18 09:48:00+00:00,25698,15591,7.697330531558876,15.0,2.534452747750642,2573,2645,41289,rrc00,codered,normal,0
2001-07-18 09:51:00+00:00,1863,4711,5.626945786366076,18.0,2.637901144562343,1593,2597,6574,rrc00,codered,normal,0
2001-07-18 09:54:00+00:00,1978,521,4.783114256825076,15.0,1.8929858311715269,95,120,2499,rrc00,codered,normal,0
2001-07-18 09:57:00+00:00,2337,318,4.615318784766795,15.0,1.4534823230051865,61,82,2655,rrc00,codered,normal,0
2001-07-18 10:00:00+00:00,2639,268,4.7419477074649485,15.0,1.5885229696177736,48,70,2907,rrc00,codered,normal,0
2001-07-18 10:03:00+00:00,1901,267,4.7648605996843765,19.0,2.021958973237986,44,54,2168,rrc00,codered,normal,0
2001-07-18 10:06:00+00:00,2170,316,5.769124423963134,14.0,2.0328331840325538,64,117,2486,rrc00,codered,normal,0
2001-07-18 10:09:00+00:00,3837,420,5.265311441230128,13.0,1.5615186897399016,78,96,4257,rrc00,codered,normal,0
2001-07-18 10:12:00+00:00,1891,282,5.236382866208356,13.0,1.6184644612974182,48,60,2173,rrc00,codered,normal,0
2001-07-18 10:15:00+00:00,2267,332,4.5487428319364795,13.0,1.5543901595180745,38,119,2599,rrc00,codered,normal,0
2001-07-18 10:18:00+00:00,1409,312,5.343506032647268,13.0,1.9438065791570918,39,58,1721,rrc00,codered,normal,0
2001-07-18 10:21:00+00:00,1403,205,4.752672843905916,13.0,1.6481652419846167,40,68,1608,rrc00,codered,normal,0
2001-07-18 10:24:00+00:00,2189,419,4.855185015989036,19.0,1.7394324476296414,52,114,2608,rrc00,codered,normal,0
2001-07-18 10:27:00+00:00,2169,362,4.488704472106962,14.0,1.871626149701013,53,93,2531,rrc00,codered,normal,0
2001-07-18 10:30:00+00:00,1550,330,4.98258064516129,14.0,1.999762837135114,54,77,1880,rrc00,codered,normal,0
2001-07-18 10:33:00+00:00,1657,239,5.115268557634279,14.0,1.858121468734493,37,58,1896,rrc00,codered,normal,0
2001-07-18 10:36:00+00:00,2305,277,4.929284164859002,14.0,1.5608376024438322,35,49,2582,rrc00,codered,normal,0
2001-07-18 10:39:00+00:00,1380,156,4.886956521739131,16.0,1.88709676898164,29,36,1536,rrc00,codered,normal,0
2001-07-18 10:42:00+00:00,1738,355,4.731300345224396,18.0,1.7531029963400997,47,75,2093,rrc00,codered,normal,0
2001-07-18 10:45:00+00:00,1661,291,4.683925346177002,13.0,1.8323898336747124,39,92,1952,rrc00,codered,normal,0
2001-07-18 10:48:00+00:00,2050,439,4.784878048780488,13.0,1.5279719093817161,46,110,2489,rrc00,codered,normal,0
2001-07-18 10:51:00+00:00,1741,335,5.046524985640437,18.0,2.2934153272773448,54,68,2076,rrc00,codered,normal,0
2001-07-18 10:54:00+00:00,3556,1375,5.1856017997750286,18.0,2.040334481235208,138,251,4931,rrc00,codered,normal,0
2001-07-18 10:57:00+00:00,2131,751,5.0900985452839045,18.0,2.2160098620563207,87,108,2882,rrc00,codered,normal,0
2001-07-18 11:00:00+00:00,2624,118,4.241996951219512,14.0,1.6191654090740464,26,52,2742,rrc00,codered,normal,0
2001-07-18 11:03:00+00:00,892,240,5.239910313901345,16.0,2.3865888355523897,28,132,1132,rrc00,codered,normal,0
2001-07-18 11:06:00+00:00,2368,305,4.931587837837838,17.0,2.127375185874298,58,73,2673,rrc00,codered,normal,0
2001-07-18 11:09:00+00:00,2331,464,5.435435435435435,16.0,2.110730590661631,63,87,2795,rrc00,codered,normal,0
2001-07-18 11:12:00+00:00,1929,308,5.224987039917055,15.0,1.9360372787139823,43,64,2237,rrc00,codered,normal,0
2001-07-18 11:15:00+00:00,2188,175,5.420018281535649,13.0,2.0726083328287386,28,46,2363,rrc00,codered,normal,0
2001-07-18 11:18:00+00:00,3287,596,5.498935199269851,13.0,1.7653448478302214,83,112,3883,rrc00,codered,normal,0
2001-07-18 11:21:00+00:00,1941,512,5.318907779495105,15.0,2.1961509212433854,83,113,2453,rrc00,codered,normal,0
2001-07-18 11:24:00+00:00,2925,420,4.47042735042735,18.0,1.8105759546224738,104,132,3345,rrc00,codered,normal,0
2001-07-18 11:27:00+00:00,5512,1187,4.617198838896952,16.0,1.986359943586475,339,410,6699,rrc00,codered,normal,0
2001-07-18 11:30:00+00:00,4675,3308,5.5185026737967915,17.0,2.3072612427954966,321,365,7983,rrc00,codered,normal,0
2001-07-18 11:33:00+00:00,2655,365,4.648964218455744,14.0,1.7883105107089619,44,67,3020,rrc00,codered,normal,0
2001-07-18 11:36:00+00:00,6791,241,4.094389633338242,22.0,1.4893968860695164,41,64,7032,rrc00,codered,normal,0
2001-07-18 11:39:00+00:00,2638,391,5.387793783169068,22.0,2.900176915456529,58,69,3029,rrc00,codered,normal,0
2001-07-18 11:42:00+00:00,2426,324,4.929513602638087,18.0,1.807165688605276,58,103,2750,rrc00,codered,normal,0
2001-07-18 11:45:00+00:00,5832,761,5.539780521262003,18.0,1.8596489059330528,127,225,6593,rrc00,codered,normal,0
2001-07-18 11:48:00+00:00,4758,1094,5.876839007986549,19.0,2.242348517148518,117,140,5852,rrc00,codered,normal,0
2001-07-18 11:51:00+00:00,2059,324,5.323457989315202,21.0,2.5050291308949646,62,86,2383,rrc00,codered,normal,0
2001-07-18 11:54:00+00:00,2468,282,5.230145867098866,22.0,2.0408388362102614,37,58,2750,rrc00,codered,normal,0
2001-07-18 11:57:00+00:00,1808,235,5.19358407079646,17.0,2.2449852640613157,44,73,2043,rrc00,codered,normal,0
2001-07-18 12:00:00+00:00,1844,233,4.575379609544469,13.0,1.4787948415670784,37,70,2077,rrc00,codered,normal,0
2001-07-18 12:03:00+00:00,1581,233,5.019607843137255,13.0,1.8313442415602754,38,59,1814,rrc00,codered,normal,0
2001-07-18 12:06:00+00:00,1725,259,4.880579710144928,15.0,1.6955866703562432,37,63,1984,rrc00,codered,normal,0
2001-07-18 12:09:00+00:00,1892,292,5.060782241014799,13.0,1.8663043665280934,54,82,2184,rrc00,codered,normal,0
2001-07-18 12:12:00+00:00,2357,267,4.47051336444633,13.0,1.8014749859730383,32,77,2624,rrc00,codered,normal,0
2001-07-18 12:15:00+00:00,1784,387,5.415358744394619,17.0,2.045614796026853,46,79,2171,rrc00,codered,normal,0
2001-07-18 12:18:00+00:00,2480,297,5.15483870967742,14.0,2.0322542242667248,44,85,2777,rrc00,codered,normal,0
2001-07-18 12:21:00+00:00,2447,477,5.596240294237842,15.0,2.3405493795087238,63,81,2924,rrc00,codered,normal,0
2001-07-18 12:24:00+00:00,2826,453,5.380396319886766,15.0,2.039426840728606,65,93,3279,rrc00,codered,normal,0
2001-07-18 12:27:00+00:00,3025,368,5.285950413223141,14.0,1.9126074014081709,47,92,3393,rrc00,codered,normal,0
2001-07-18 12:30:00+00:00,6162,875,5.268906199285946,24.0,1.6500677367398568,132,169,7037,rrc00,codered,normal,0
2001-07-18 12:33:00+00:00,3725,267,3.9795973154362416,13.0,1.6479761349002744,47,71,3992,rrc00,codered,normal,0
2001-07-18 12:36:00+00:00,1666,334,5.453781512605042,20.0,2.199386192948534,53,65,2000,rrc00,codered,normal,0
2001-07-18 12:39:00+00:00,1407,283,4.7818052594172,13.0,1.5794554797131621,56,64,1690,rrc00,codered,normal,0
2001-07-18 12:42:00+00:00,1407,246,4.321250888415068,13.0,1.5939639605808835,33,63,1653,rrc00,codered,normal,0
2001-07-18 12:45:00+00:00,2125,456,4.624941176470588,13.0,1.6280017513572107,79,134,2581,rrc00,codered,normal,0
2001-07-18 12:48:00+00:00,2427,432,4.833951380304903,15.0,1.8119325227336123,64,85,2859,rrc00,codered,normal,0
2001-07-18 12:51:00+00:00,6228,303,4.708092485549133,15.0,1.8029676589922297,57,76,6531,rrc00,codered,normal,0
2001-07-18 12:54:00+00:00,1921,409,4.933368037480479,15.0,1.7197555467119108,63,77,2330,rrc00,codered,normal,0
2001-07-18 12:57:00+00:00,5605,572,4.845316681534344,17.0,1.5943079820535482,43,343,6177,rrc00,codered,normal,0
2001-07-18 13:00:00+00:00,7762,826,5.081808812161814,15.0,1.7078962154192199,48,592,8588,rrc00,codered,normal,0
2001-07-18 13:03:00+00:00,18752,583,5.430887372013652,26.0,1.7396762470795595,69,250,19335,rrc00,codered,normal,0
2001-07-18 13:06:00+00:00,29078,881,4.911548249535731,23.0,1.3153673562900452,85,487,29959,rrc00,codered,normal,0
2001-07-18 13:09:00+00:00,20292,415,4.4273112556672585,20.0,1.4593139098994838,53,186,20707,rrc00,codered,normal,0
2001-07-18 13:12:00+00:00,1538,281,5.049414824447334,14.0,1.730594520646234,39,71,1819,rrc00,codered,normal,0
2001-07-18 13:15:00+00:00,1516,543,5.020448548812665,17.0,1.6822772633809193,76,107,2059,rrc00,codered,normal,0
2001-07-18 13:18:00+00:00,1362,141,4.652716593245228,14.0,1.7173073698380248,39,54,1503,rrc00,codered,normal,0
2001-07-18 13:21:00+00:00,1514,182,5.013210039630119,13.0,1.7566134328442167,21,58,1696,rrc00,codered,normal,0
2001-07-18 13:24:00+00:00,2041,388,5.071043606075453,13.0,2.008641141233858,53,101,2429,rrc00,codered,normal,0
2001-07-18 13:27:00+00:00,2427,359,4.744128553770087,18.0,2.141675833002647,61,100,2786,rrc00,codered,normal,0
2001-07-18 13:30:00+00:00,1579,251,4.872704243191894,17.0,1.9615385956869629,41,93,1830,rrc00,codered,normal,0
2001-07-18 13:33:00+00:00,3885,471,6.614414414414415,17.0,3.1380257092748964,88,119,4356,rrc00,codered,normal,0
2001-07-18 13:36:00+00:00,2899,935,6.338737495688168,18.0,3.2755146358146137,109,116,3834,rrc00,codered,normal,0
2001-07-18 13:39:00+00:00,1988,300,5.742957746478873,16.0,2.3996616344779245,55,87,2288,rrc00,codered,normal,0
2001-07-18 13:42:00+00:00,2018,329,4.737859266600594,13.0,1.8606465877472267,60,78,2347,rrc00,codered,normal,0
2001-07-18 13:45:00+00:00,2804,266,6.99358059914408,16.0,3.366036438007119,46,71,3070,rrc00,codered,normal,0
2001-07-18 13:48:00+00:00,2337,313,5.284980744544288,18.0,2.2384781132820843,47,98,2650,rrc00,codered,normal,0
2001-07-18 13:51:00+00:00,3016,681,5.457228116710875,13.0,2.0557935881005256,97,127,3697,rrc00,codered,normal,0
2001-07-18 13:54:00+00:00,3261,630,4.992333639987733,18.0,1.8011213534114567,117,149,3891,rrc00,codered,normal,0
2001-07-18 13:57:00+00:00,3114,398,5.310533076429031,15.0,2.2372678736721605,88,124,3512,rrc00,codered,normal,0
2001-07-18 14:00:00+00:00,2225,524,5.023370786516854,15.0,2.071398020997839,71,167,2749,rrc00,codered,normal,0
2001-07-18 14:03:00+00:00,3922,544,5.15170831208567,16.0,1.641252798372787,63,90,4466,rrc00,codered,normal,0
2001-07-18 14:06:00+00:00,1622,360,5.549321824907522,18.0,2.6925886148524745,45,76,1982,rrc00,codered,normal,0
2001-07-18 14:09:00+00:00,1604,268,5.541147132169576,13.0,1.7807302379493468,30,74,1872,rrc00,codered,normal,0
2001-07-18 14:12:00+00:00,3208,671,5.2509351620947635,14.0,2.363413276913669,77,100,3879,rrc00,codered,normal,0
2001-07-18 14:15:00+00:00,4464,559,4.999327956989247,15.0,1.9806975111802072,65,139,5023,rrc00,codered,normal,0
2001-07-18 14:18:00+00:00,2899,354,5.062780269058296,13.0,1.6992352632379824,59,84,3253,rrc00,codered,normal,0
2001-07-18 14:21:00+00:00,3822,632,5.267660910518053,14.0,2.221109825343533,78,166,4454,rrc00,codered,normal,0
2001-07-18 14:24:00+00:00,2169,617,5.427846934071001,14.0,1.911716567096218,94,177,2786,rrc00,codered,normal,0
2001-07-18 14:27:00+00:00,4522,457,5.536709420610349,18.0,2.1138747975990726,77,133,4979,rrc00,codered,normal,0
2001-07-18 14:30:00+00:00,2643,350,4.779795686719637,14.0,1.879237281954655,57,78,2993,rrc00,codered,normal,0
2001-07-18 14:33:00+00:00,3999,695,4.940235058764691,14.0,1.902126064605762,107,182,4694,rrc00,codered,normal,0
2001-07-18 14:36:00+00:00,2753,494,5.234289865601163,14.0,1.6741320554267383,114,139,3247,rrc00,codered,normal,0
2001-07-18 14:39:00+00:00,2797,326,4.972112978190919,14.0,2.0426122636465234,41,104,3123,rrc00,codered,normal,0
2001-07-18 14:42:00+00:00,1977,437,4.7855336368234695,14.0,1.8566571172386663,46,90,2414,rrc00,codered,normal,0
2001-07-18 14:45:00+00:00,2584,238,5.125386996904025,15.0,2.073473795562305,38,74,2822,rrc00,codered,normal,0
2001-07-18 14:48:00+00:00,3061,319,4.8823913753675265,15.0,1.8314880683849661,47,76,3380,rrc00,codered,normal,0
2001-07-18 14:51:00+00:00,3067,444,5.054124551679165,13.0,1.7587653994113874,85,105,3511,rrc00,codered,normal,0
2001-07-18 14:54:00+00:00,2888,356,4.543628808864266,16.0,1.6018625293851423,53,73,3244,rrc00,codered,normal,0
2001-07-18 14:57:00+00:00,3657,655,4.773858353841947,15.0,1.574334489101102,95,128,4312,rrc00,codered,normal,0
2001-07-18 15:00:00+00:00,3610,672,5.2398891966759,13.0,1.9546277182134955,103,176,4282,rrc00,codered,normal,0
2001-07-18 15:03:00+00:00,2141,431,4.739841195702943,14.0,1.778759354624967,53,70,2572,rrc00,codered,normal,0
2001-07-18 15:06:00+00:00,2676,410,4.665545590433482,16.0,1.8336726792310245,43,114,3086,rrc00,codered,normal,0
2001-07-18 15:09:00+00:00,2929,385,5.5506998975759645,17.0,2.085466549477456,67,158,3314,rrc00,codered,normal,0
2001-07-18 15:12:00+00:00,3021,508,5.835153922542204,20.0,2.6359058318274897,71,105,3529,rrc00,codered,normal,0
2001-07-18 15:15:00+00:00,1790,319,5.356424581005586,18.0,2.0573619162334666,60,91,2109,rrc00,codered,normal,0
2001-07-18 15:18:00+00:00,2168,264,4.759686346863469,14.0,1.8452337858656118,44,77,2432,rrc00,codered,normal,0
2001-07-18 15:21:00+00:00,2227,390,5.041311180960934,15.0,1.9022119059971434,63,98,2617,rrc00,codered,normal,0
2001-07-18 15:24:00+00:00,4550,528,4.825494505494506,14.0,1.6419930691025464,81,119,5078,rrc00,codered,normal,0
2001-07-18 15:27:00+00:00,3019,446,4.756210665783372,16.0,1.6505362684614493,60,123,3465,rrc00,codered,normal,0
2001-07-18 15:30:00+00:00,1851,306,5.120475418692599,13.0,1.7892973702594763,61,82,2157,rrc00,codered,normal,0
2001-07-18 15:33:00+00:00,2634,289,4.912680334092634,16.0,1.8447648512565984,49,74,2923,rrc00,codered,normal,0
2001-07-18 15:36:00+00:00,2836,355,4.875176304654443,16.0,1.7037058682233812,52,80,3191,rrc00,codered,normal,0
2001-07-18 15:39:00+00:00,1987,303,4.65878208354303,15.0,1.636992813633695,59,96,2290,rrc00,codered,normal,0
2001-07-18 15:42:00+00:00,4178,464,5.123982766874103,13.0,1.7258056670081534,100,136,4642,rrc00,codered,normal,0
2001-07-18 15:45:00+00:00,7366,953,5.35840347542764,23.0,3.052927422399554,175,214,8319,rrc00,codered,normal,0
2001-07-18 15:48:00+00:00,2349,489,5.715623669646658,22.0,3.0670134605488326,81,130,2838,rrc00,codered,normal,0
2001-07-18 15:51:00+00:00,1550,350,5.167096774193548,19.0,2.1214301225419385,48,86,1900,rrc00,codered,normal,0
2001-07-18 15:54:00+00:00,2649,534,4.639486598716497,14.0,1.6291407390611317,80,152,3183,rrc00,codered,normal,0
2001-07-18 15:57:00+00:00,2547,537,4.8688653317628585,14.0,1.7894908744216378,96,138,3084,rrc00,codered,normal,0
2001-07-18 16:00:00+00:00,2545,384,4.734774066797643,15.0,1.7362394716690706,53,82,2929,rrc00,codered,normal,0
2001-07-18 16:03:00+00:00,1959,215,4.724859622256253,14.0,2.2415059266009756,34,62,2174,rrc00,codered,normal,0
2001-07-18 16:06:00+00:00,2540,462,4.831889763779528,13.0,1.9581464127267776,66,85,3002,rrc00,codered,normal,0
2001-07-18 16:09:00+00:00,1807,346,5.422246817930271,15.0,2.4161449303073064,52,89,2153,rrc00,codered,normal,0
2001-07-18 16:12:00+00:00,1830,423,5.620765027322404,17.0,2.578686382336759,59,85,2253,rrc00,codered,normal,0
2001-07-18 16:15:00+00:00,1933,285,5.267459906880497,13.0,1.7747908845790497,54,99,2218,rrc00,codered,normal,0
2001-07-18 16:18:00+00:00,2541,320,4.956316410861866,20.0,1.6189733850710897,39,131,2861,rrc00,codered,normal,0
2001-07-18 16:21:00+00:00,3946,185,4.927774961986822,13.0,1.3393358590649145,33,66,4131,rrc00,codered,normal,0
2001-07-18 16:24:00+00:00,2530,274,5.372727272727273,16.0,1.7467664289310085,39,55,2804,rrc00,codered,normal,0
2001-07-18 16:27:00+00:00,5171,561,4.932701605105396,19.0,1.911733364081565,65,321,5732,rrc00,codered,normal,0
2001-07-18 16:30:00+00:00,3706,949,6.246896923907178,19.0,3.4895994306443243,229,500,4655,rrc00,codered,normal,0
2001-07-18 16:33:00+00:00,4270,818,4.959953161592506,16.0,1.7298963696698124,280,327,5088,rrc00,codered,normal,0
2001-07-18 16:36:00+00:00,3089,722,4.884428617675623,13.0,1.550252542267693,256,290,3811,rrc00,codered,normal,0
2001-07-18 16:39:00+00:00,3281,665,5.328863151478208,19.0,1.9036656485367327,86,144,3946,rrc00,codered,normal,0
2001-07-18 16:42:00+00:00,3247,409,5.4930705266399755,15.0,2.461880247660053,72,145,3656,rrc00,codered,normal,0
2001-07-18 16:45:00+00:00,3130,438,5.163578274760384,19.0,2.124123418022426,69,110,3568,rrc00,codered,normal,0
2001-07-18 16:48:00+00:00,1951,382,4.882111737570477,14.0,1.6849327311129703,53,118,2333,rrc00,codered,normal,0
2001-07-18 16:51:00+00:00,2078,436,5.074109720885467,15.0,1.8828268917825293,56,135,2514,rrc00,codered,normal,0
2001-07-18 16:54:00+00:00,2135,340,5.014519906323185,14.0,1.5939801689098088,49,94,2475,rrc00,codered,normal,0
2001-07-18 16:57:00+00:00,1871,342,5.268305718866916,15.0,1.8302217535292895,45,72,2213,rrc00,codered,normal,0
2001-07-18 17:00:00+00:00,2450,352,4.388571428571429,12.0,1.5255751675472222,81,106,2802,rrc00,codered,normal,0
2001-07-18 17:03:00+00:00,1982,364,4.631180625630676,13.0,1.4614786337266679,45,68,2346,rrc00,codered,normal,0
2001-07-18 17:06:00+00:00,6490,2832,5.415870570107859,15.0,2.2164313315901945,467,509,9322,rrc00,codered,normal,0
2001-07-18 17:09:00+00:00,1554,1019,4.97940797940798,16.0,1.9480612834443205,265,402,2573,rrc00,codered,normal,0
2001-07-18 17:12:00+00:00,6267,524,4.205042284984842,16.0,1.2992811813795258,70,95,6791,rrc00,codered,normal,0
2001-07-18 17:15:00+00:00,2322,313,4.928940568475452,14.0,1.7304681141153821,54,74,2635,rrc00,codered,normal,0
2001-07-18 17:18:00+00:00,1997,391,5.076114171256886,15.0,2.1040094121448383,64,148,2388,rrc00,codered,normal,0
2001-07-18 17:21:00+00:00,2127,544,5.219087917254349,22.0,1.9152108120057763,76,134,2671,rrc00,codered,normal,0
2001-07-18 17:24:00+00:00,2050,538,4.947317073170732,16.0,1.7561474247663222,95,128,2588,rrc00,codered,normal,0
2001-07-18 17:27:00+00:00,3020,326,4.990066225165563,13.0,1.6322192655135417,48,97,3346,rrc00,codered,normal,0
2001-07-18 17:30:00+00:00,1176,273,5.616496598639456,17.0,2.108058712584333,44,67,1449,rrc00,codered,normal,0
2001-07-18 17:33:00+00:00,2054,444,5.4819863680623175,15.0,2.017551213605756,58,105,2498,rrc00,codered,normal,0
2001-07-18 17:36:00+00:00,3265,401,5.248392036753446,18.0,1.7971863374321169,75,136,3666,rrc00,codered,normal,0
2001-07-18 17:39:00+00:00,2355,334,4.970700636942675,13.0,1.9362425959088674,60,130,2689,rrc00,codered,normal,0
2001-07-18 17:42:00+00:00,1902,198,5.1545741324921135,20.0,2.177525390678387,34,48,2100,rrc00,codered,normal,0
2001-07-18 17:45:00+00:00,2014,304,4.819265143992055,19.0,1.8622114370160763,55,77,2318,rrc00,codered,normal,0
2001-07-18 17:48:00+00:00,3022,454,5.531105228325612,16.0,2.1739824984468195,93,133,3476,rrc00,codered,normal,0
2001-07-18 17:51:00+00:00,3003,403,5.224775224775224,19.0,2.1552526056044896,83,114,3406,rrc00,codered,normal,0
2001-07-18 17:54:00+00:00,2369,509,5.81975517095821,15.0,2.1107011370621427,74,111,2878,rrc00,codered,normal,0
2001-07-18 17:57:00+00:00,3180,501,5.666666666666667,17.0,2.083830129445715,86,131,3681,rrc00,codered,normal,0
2001-07-18 18:00:00+00:00,3047,714,6.016737774860519,17.0,2.3496570407649533,107,133,3761,rrc00,codered,normal,0
2001-07-18 18:03:00+00:00,2831,487,5.851289297068174,19.0,2.0871503725228626,83,142,3318,rrc00,codered,normal,0
2001-07-18 18:06:00+00:00,2015,250,5.117617866004963,14.0,2.1289828610649035,54,105,2265,rrc00,codered,normal,0
2001-07-18 18:09:00+00:00,2926,460,4.8762816131237186,13.0,1.7337482798052146,100,169,3386,rrc00,codered,normal,0
2001-07-18 18:12:00+00:00,2664,706,5.109984984984985,15.0,1.7976434356391346,117,145,3370,rrc00,codered,normal,0
2001-07-18 18:15:00+00:00,2940,472,5.284353741496599,15.0,1.9226788525661402,75,146,3412,rrc00,codered,normal,0
2001-07-18 18:18:00+00:00,2148,361,5.231378026070764,14.0,2.023834368181774,48,105,2509,rrc00,codered,normal,0
2001-07-18 18:21:00+00:00,2345,677,5.294243070362473,18.0,2.016242391747928,104,130,3022,rrc00,codered,normal,0
2001-07-18 18:24:00+00:00,4240,390,5.711320754716981,19.0,2.094729268530224,57,164,4630,rrc00,codered,normal,0
2001-07-18 18:27:00+00:00,2346,380,4.9731457800511505,19.0,1.9013734193620266,64,89,2726,rrc00,codered,normal,0
2001-07-18 18:30:00+00:00,2507,528,5.3270841643398485,14.0,1.9179199219417329,77,108,3035,rrc00,codered,normal,0
2001-07-18 18:33:00+00:00,2069,395,4.691638472692122,14.0,1.7132900107643223,48,121,2464,rrc00,codered,normal,0
2001-07-18 18:36:00+00:00,4323,379,5.030996992829054,14.0,2.0517166355670833,72,131,4702,rrc00,codered,normal,0
2001-07-18 18:39:00+00:00,2274,349,5.292436235708004,14.0,2.0293070316479387,67,121,2623,rrc00,codered,normal,0
2001-07-18 18:42:00+00:00,2489,465,5.009642426677381,14.0,1.789187715276988,72,109,2954,rrc00,codered,normal,0
2001-07-18 18:45:00+00:00,2034,340,5.475417895771878,19.0,1.9407738644961714,56,88,2374,rrc00,codered,normal,0
2001-07-18 18:48:00+00:00,1422,161,5.227848101265823,21.0,2.66510729923742,30,48,1583,rrc00,codered,normal,0
2001-07-18 18:51:00+00:00,2024,337,5.513833992094861,22.0,2.143979142931841,42,79,2361,rrc00,codered,normal,0
2001-07-18 18:54:00+00:00,2272,318,5.615757042253521,20.0,2.2136695104588022,68,102,2590,rrc00,codered,normal,0
2001-07-18 18:57:00+00:00,2967,445,5.279406808223795,20.0,2.0328753833492414,92,175,3412,rrc00,codered,normal,0
2001-07-18 19:00:00+00:00,2938,612,6.049012933968686,19.0,2.218105930785699,118,164,3550,rrc00,codered,normal,0
2001-07-18 19:03:00+00:00,2831,667,5.078770752384316,14.0,1.8714831963896654,103,239,3498,rrc00,codered,normal,0
2001-07-18 19:06:00+00:00,7624,1268,4.34693074501574,15.0,1.5595627977329358,279,330,8892,rrc00,codered,normal,0
2001-07-18 19:09:00+00:00,2916,467,5.503086419753086,13.0,1.780955129586814,71,119,3383,rrc00,codered,normal,0
2001-07-18 19:12:00+00:00,2796,1050,4.449928469241774,14.0,1.7158678349246863,288,318,3846,rrc00,codered,normal,0
2001-07-18 19:15:00+00:00,3764,287,4.5807651434644,13.0,1.7188434466056277,46,102,4051,rrc00,codered,normal,0
2001-07-18 19:18:00+00:00,3613,303,4.791032383061168,13.0,1.630326816023197,61,93,3916,rrc00,codered,normal,0
2001-07-18 19:21:00+00:00,3543,226,4.761219305673158,14.0,1.5183505925052605,49,77,3769,rrc00,codered,normal,0
2001-07-18 19:24:00+00:00,1884,375,4.9225053078556265,16.0,2.207000752641164,58,90,2259,rrc00,codered,normal,0
2001-07-18 19:27:00+00:00,1882,351,5.2242295430393195,15.0,2.2551599980512522,44,75,2233,rrc00,codered,normal,0
2001-07-18 19:30:00+00:00,1511,216,5.2812706816677695,16.0,2.033709946978407,50,76,1727,rrc00,codered,normal,0
2001-07-18 19:33:00+00:00,1741,174,5.586444572085009,13.0,2.0984171288885514,40,61,1915,rrc00,codered,normal,0
2001-07-18 19:36:00+00:00,2924,787,5.005813953488372,22.0,1.8754754219690406,80,452,3711,rrc00,codered,normal,0
2001-07-18 19:39:00+00:00,2732,240,4.803440702781844,16.0,1.7538336650515978,49,80,2972,rrc00,codered,normal,0
2001-07-18 19:42:00+00:00,1867,217,4.644349223352973,13.0,1.546260046323078,32,49,2084,rrc00,codered,normal,0
2001-07-18 19:45:00+00:00,7274,1129,4.484877646411878,13.0,1.6080306327808829,93,647,8403,rrc00,codered,normal,0
2001-07-18 19:48:00+00:00,8885,682,4.6158694428812606,22.0,1.9588898814502418,164,230,9567,rrc00,codered,normal,0
2001-07-18 19:51:00+00:00,5879,1044,4.989624085728866,17.0,2.0793236511595263,209,297,6923,rrc00,codered,normal,0
2001-07-18 19:54:00+00:00,4026,561,4.979135618479881,16.0,1.84309019541725,82,142,4587,rrc00,codered,normal,0
2001-07-18 19:57:00+00:00,6304,1084,4.52252538071066,17.0,1.844476654790317,229,286,7388,rrc00,codered,normal,0
2001-07-18 20:00:00+00:00,2747,466,4.781215871860211,13.0,1.649426629149197,61,88,3213,rrc00,codered,normal,0
2001-07-18 20:03:00+00:00,3006,853,4.849301397205589,15.0,1.7704919920341342,152,225,3859,rrc00,codered,normal,0
2001-07-18 20:06:00+00:00,5570,775,4.597307001795332,14.0,1.8785264673447402,207,251,6345,rrc00,codered,normal,0
2001-07-18 20:09:00+00:00,4017,573,4.58252427184466,14.0,1.843577633943921,115,150,4590,rrc00,codered,normal,0
2001-07-18 20:12:00+00:00,4570,693,4.584026258205689,15.0,1.8251964863412706,101,209,5263,rrc00,codered,normal,0
2001-07-18 20:15:00+00:00,3995,787,4.740926157697121,15.0,1.5874080993545738,120,357,4782,rrc00,codered,normal,0
2001-07-18 20:18:00+00:00,3163,296,4.747075561176099,16.0,1.815002331880035,43,62,3459,rrc00,codered,normal,0
2001-07-18 20:21:00+00:00,1820,288,5.224725274725275,15.0,2.4263986974138723,44,56,2108,rrc00,codered,normal,0
2001-07-18 20:24:00+00:00,1917,378,4.550339071465832,13.0,1.6988124176806918,55,118,2295,rrc00,codered,normal,0
2001-07-18 20:27:00+00:00,5228,889,5.3729915837796485,18.0,1.9553482662472979,162,366,6117,rrc00,codered,normal,0
2001-07-18 20:30:00+00:00,4373,754,4.895495083466727,17.0,2.0562210744599785,140,204,5127,rrc00,codered,normal,0
2001-07-18 20:33:00+00:00,4786,796,4.533848725449227,19.0,1.5292807610607984,172,182,5582,rrc00,codered,normal,0
2001-07-18 20:36:00+00:00,3552,330,4.676801801801802,15.0,1.88842554335339,40,60,3882,rrc00,codered,normal,0
2001-07-18 20:39:00+00:00,2030,270,4.940886699507389,16.0,2.0340580909138906,44,62,2300,rrc00,codered,normal,0
2001-07-18 20:42:00+00:00,1833,225,4.769776322967813,23.0,2.409162090733724,33,61,2058,rrc00,codered,normal,0
2001-07-18 20:45:00+00:00,1805,246,4.863157894736842,13.0,1.7933703703693111,38,58,2051,rrc00,codered,normal,0
2001-07-18 20:48:00+00:00,3073,617,5.106410673608852,17.0,2.172379623368797,73,164,3690,rrc00,codered,normal,0
2001-07-18 20:51:00+00:00,1853,389,4.471127900701565,17.0,2.0360625343176975,60,102,2242,rrc00,codered,normal,0
2001-07-18 20:54:00+00:00,1992,318,4.769578313253012,14.0,2.125485586591166,48,70,2310,rrc00,codered,normal,0
2001-07-18 20:57:00+00:00,9443,1211,4.828126654664831,16.0,1.5882407531889244,205,257,10654,rrc00,codered,normal,0
2001-07-18 21:00:00+00:00,4555,650,4.945773874862788,15.0,1.571815854891564,93,238,5205,rrc00,codered,normal,0
2001-07-18 21:03:00+00:00,3357,734,4.571641346440274,17.0,1.6282452763105313,93,436,4091,rrc00,codered,normal,0
2001-07-18 21:06:00+00:00,4820,448,5.194190871369295,16.0,1.9767443236909694,78,130,5268,rrc00,codered,normal,0
2001-07-18 21:09:00+00:00,3551,746,5.21177133201915,22.0,2.0414424940668043,174,294,4297,rrc00,codered,normal,0
2001-07-18 21:12:00+00:00,7665,934,4.871493803000653,23.0,2.01690252902946,174,343,8599,rrc00,codered,normal,0
2001-07-18 21:15:00+00:00,6060,847,4.5896039603960395,15.0,1.3086627499045027,249,271,6907,rrc00,codered,normal,0
2001-07-18 21:18:00+00:00,1197,211,5.594820384294069,14.0,2.411419484829435,33,60,1408,rrc00,codered,normal,0
2001-07-18 21:21:00+00:00,1730,409,5.154335260115607,15.0,2.329726532061274,47,64,2139,rrc00,codered,normal,0
2001-07-18 21:24:00+00:00,4387,237,4.762252108502393,18.0,2.0479230500800094,39,51,4624,rrc00,codered,normal,0
2001-07-18 21:27:00+00:00,11887,593,4.713216118448726,18.0,1.6787848719340681,180,200,12480,rrc00,codered,normal,0
2001-07-18 21:30:00+00:00,3967,1061,4.390975548273254,14.0,1.5640752749626468,182,230,5028,rrc00,codered,normal,0
2001-07-18 21:33:00+00:00,6637,1562,4.60735271960223,14.0,1.4976633493891651,188,218,8199,rrc00,codered,normal,0
2001-07-18 21:36:00+00:00,3153,538,4.27592768791627,16.0,1.682727208078338,118,162,3691,rrc00,codered,normal,0
2001-07-18 21:39:00+00:00,3651,1245,4.792111750205423,14.0,1.9252828366779697,185,226,4896,rrc00,codered,normal,0
2001-07-18 21:42:00+00:00,3409,827,4.803754766793781,16.0,2.064784700089855,152,177,4236,rrc00,codered,normal,0
2001-07-18 21:45:00+00:00,2572,338,5.598755832037325,14.0,1.8764228420633644,41,99,2910,rrc00,codered,normal,0
2001-07-18 21:48:00+00:00,3800,513,5.772368421052631,14.0,2.0946107969218812,65,151,4313,rrc00,codered,normal,0
2001-07-18 21:51:00+00:00,2836,349,5.218617771509168,14.0,1.962847534801056,89,110,3185,rrc00,codered,normal,0
2001-07-18 21:54:00+00:00,3275,625,5.125190839694657,13.0,1.5466952463088057,118,143,3900,rrc00,codered,normal,0
2001-07-18 21:57:00+00:00,2205,270,5.296145124716554,15.0,2.0705928509605696,55,61,2475,rrc00,codered,normal,0
2001-07-18 22:00:00+00:00,4481,778,5.006248605222049,13.0,1.6910323775460068,107,188,5259,rrc00,codered,normal,0
2001-07-18 22:03:00+00:00,3100,467,4.584193548387097,13.0,1.6518831369146223,52,77,3567,rrc00,codered,normal,0
2001-07-18 22:06:00+00:00,1706,157,4.769636576787808,13.0,1.5431403204060354,34,47,1863,rrc00,codered,normal,0
2001-07-18 22:09:00+00:00,2260,244,4.96858407079646,15.0,1.9011837799266,30,84,2504,rrc00,codered,normal,0
2001-07-18 22:12:00+00:00,3386,291,5.527761370348494,15.0,1.6137597238450836,39,80,3677,rrc00,codered,normal,0
2001-07-18 22:15:00+00:00,4844,1169,5.18476465730801,13.0,1.5813761549019876,282,672,6013,rrc00,codered,normal,0
2001-07-18 22:18:00+00:00,1830,605,4.776502732240437,13.0,1.5857269139485999,224,246,2435,rrc00,codered,normal,0
2001-07-18 22:21:00+00:00,2654,566,5.404295403165034,15.0,2.0862335431430035,55,259,3220,rrc00,codered,normal,0
2001-07-18 22:24:00+00:00,2266,229,4.620035304501324,14.0,1.8243535407504108,35,50,2495,rrc00,codered,normal,0
2001-07-18 22:27:00+00:00,1170,186,4.941880341880342,14.0,2.284479005717119,30,42,1356,rrc00,codered,normal,0
2001-07-18 22:30:00+00:00,1163,265,6.750644883920894,21.0,4.324507438821668,36,65,1428,rrc00,codered,normal,0
2001-07-18 22:33:00+00:00,1810,237,5.101657458563536,15.0,2.1585363144471095,40,68,2047,rrc00,codered,normal,0
2001-07-18 22:36:00+00:00,1797,380,4.599888703394546,14.0,1.8630519861910022,85,99,2177,rrc00,codered,normal,0
2001-07-18 22:39:00+00:00,17939,446,3.8147053904899937,16.0,1.2347532878763439,71,101,18385,rrc00,codered,normal,0
2001-07-18 22:42:00+00:00,5773,315,3.956002078641954,15.0,1.3486862253886562,54,77,6088,rrc00,codered,normal,0
2001-07-18 22:45:00+00:00,2285,373,4.936105032822757,13.0,1.6720997079030362,60,74,2658,rrc00,codered,normal,0
2001-07-18 22:48:00+00:00,1496,270,4.919117647058823,13.0,1.5707923243593094,47,54,1766,rrc00,codered,normal,0
2001-07-18 22:51:00+00:00,1075,158,4.276279069767442,13.0,1.6489447270353665,28,47,1233,rrc00,codered,normal,0
2001-07-18 22:54:00+00:00,1422,174,4.274964838255977,14.0,1.7061749250866143,35,60,1596,rrc00,codered,normal,0
2001-07-18 22:57:00+00:00,1275,191,4.216470588235294,13.0,1.4131744595259699,44,60,1466,rrc00,codered,normal,0
2001-07-18 23:00:00+00:00,1353,311,4.8285291943828526,14.0,2.0953294722460685,68,82,1664,rrc00,codered,normal,0
2001-07-18 23:03:00+00:00,1662,267,5.534897713598075,14.0,2.119969224825343,48,84,1929,rrc00,codered,normal,0
2001-07-18 23:06:00+00:00,1583,218,5.947567909033481,15.0,2.5079341107290967,52,73,1801,rrc00,codered,normal,0
2001-07-18 23:09:00+00:00,3956,918,4.72093023255814,15.0,1.580011885182048,172,238,4874,rrc00,codered,normal,0
2001-07-18 23:12:00+00:00,3916,835,4.3810010214504596,15.0,1.6065769506832783,122,194,4751,rrc00,codered,normal,0
2001-07-18 23:15:00+00:00,2643,375,4.981082103670072,16.0,1.688922994026551,49,106,3018,rrc00,codered,normal,0
2001-07-18 23:18:00+00:00,1489,371,4.725990597716589,15.0,1.8014627598509674,47,86,1860,rrc00,codered,normal,0
2001-07-18 23:21:00+00:00,1157,150,4.935177182368194,17.0,2.042787402180628,30,44,1307,rrc00,codered,normal,0
2001-07-18 23:24:00+00:00,2683,146,3.9537830786433097,16.0,1.0931748927603824,20,44,2829,rrc00,codered,normal,0
2001-07-18 23:27:00+00:00,5896,134,4.114654002713705,14.0,1.2523041107690143,17,54,6030,rrc00,codered,normal,0
2001-07-18 23:30:00+00:00,1416,123,5.227401129943503,16.0,2.2855442360440055,21,41,1539,rrc00,codered,normal,0
2001-07-18 23:33:00+00:00,1572,305,5.480279898218829,17.0,2.398895615926194,41,54,1877,rrc00,codered,normal,0
2001-07-18 23:36:00+00:00,2145,1888,4.275524475524476,13.0,1.4574245309404406,296,309,4033,rrc00,codered,normal,0
2001-07-18 23:39:00+00:00,3839,1763,5.383693670226622,16.0,1.473373931953208,303,322,5602,rrc00,codered,normal,0
2001-07-18 23:42:00+00:00,1044,115,5.373563218390805,17.0,2.0455330139446626,22,35,1159,rrc00,codered,normal,0
2001-07-18 23:45:00+00:00,1471,170,5.7545887151597555,17.0,2.8643008320366112,25,49,1641,rrc00,codered,normal,0
2001-07-18 23:48:00+00:00,1836,138,4.936274509803922,16.0,1.8878617138366607,22,65,1974,rrc00,codered,normal,0
2001-07-18 23:51:00+00:00,926,125,5.125269978401728,17.0,2.1949944731244466,23,32,1051,rrc00,codered,normal,0
2001-07-18 23:54:00+00:00,3652,707,5.205914567360351,15.0,1.9874436241527411,179,194,4359,rrc00,codered,normal,0
2001-07-18 23:57:00+00:00,2891,762,4.973365617433414,17.0,2.4784752479431837,30,638,3653,rrc00,codered,normal,0
2001-07-19 00:00:00+00:00,2131,357,5.23791647114031,17.0,1.907575398030253,31,245,2488,rrc00,codered,normal,0
2001-07-19 00:03:00+00:00,2955,863,4.602707275803723,17.0,1.8147336780078676,244,272,3818,rrc00,codered,normal,0
2001-07-19 00:06:00+00:00,2009,462,4.799900447984072,15.0,1.8649741049649844,84,111,2471,rrc00,codered,normal,0
2001-07-19 00:09:00+00:00,8217,283,6.675185590848241,17.0,1.5367816180278613,39,50,8500,rrc00,codered,normal,0
2001-07-19 00:12:00+00:00,40243,184,7.248366175483935,18.0,1.3471043978029609,32,76,40427,rrc00,codered,normal,0
2001-07-19 00:15:00+00:00,34088,130,7.056060783853556,22.0,1.1949674925302105,20,45,34218,rrc00,codered,normal,0
2001-07-19 00:18:00+00:00,2205,290,5.431746031746032,18.0,2.4914345581857753,50,88,2495,rrc00,codered,normal,0
2001-07-19 00:21:00+00:00,25366,16383,4.405188046992037,19.0,1.0019195731563062,47,16235,41749,rrc00,codered,normal,0
2001-07-19 00:24:00+00:00,51728,8657,4.883216053201361,22.0,1.3453755394401905,46,8429,60385,rrc00,codered,normal,0
2001-07-19 00:27:00+00:00,1461,226,4.216290212183436,13.0,1.6693993257442536,35,52,1687,rrc00,codered,normal,0
2001-07-19 00:30:00+00:00,36367,319,4.240300272224819,14.0,1.0294294115060891,50,79,36686,rrc00,codered,normal,0
2001-07-19 00:33:00+00:00,53299,311,4.235801797407081,20.0,1.1732783050458868,45,66,53610,rrc00,codered,normal,0
2001-07-19 00:36:00+00:00,9641,1079,5.624209106939114,18.0,1.8432930983910627,70,775,10720,rrc00,codered,normal,0
2001-07-19 00:39:00+00:00,17591,613,5.7190608834062875,22.0,1.8848916992679097,50,438,18204,rrc00,codered,normal,0
2001-07-19 00:42:00+00:00,13038,1489,5.821368308022703,22.0,1.9074089322682828,39,1220,14527,rrc00,codered,normal,0
2001-07-19 00:45:00+00:00,4543,640,5.765133171912833,17.0,2.2293342332592374,100,126,5183,rrc00,codered,normal,0
2001-07-19 00:48:00+00:00,2033,265,5.469749139203148,16.0,2.192684430854305,54,91,2298,rrc00,codered,normal,0
2001-07-19 00:51:00+00:00,1024,199,5.1396484375,16.0,2.4445072103399097,39,54,1223,rrc00,codered,normal,0
2001-07-19 00:54:00+00:00,947,155,4.518479408658923,13.0,1.7488649540807601,29,39,1102,rrc00,codered,normal,0
2001-07-19 00:57:00+00:00,2545,129,5.726915520628683,13.0,1.6402604478175504,28,46,2674,rrc00,codered,normal,0
2001-07-19 01:00:00+00:00,2336,595,5.819777397260274,15.0,2.1169899682781885,230,249,2931,rrc00,codered,normal,0
2001-07-19 01:03:00+00:00,1762,849,5.183881952326901,14.0,1.8460040974897562,259,429,2611,rrc00,codered,normal,0
2001-07-19 01:06:00+00:00,2087,631,5.568279827503594,17.0,2.0927259105630838,44,331,2718,rrc00,codered,normal,0
2001-07-19 01:09:00+00:00,1507,196,5.36562707365627,13.0,2.034790224015757,34,46,1703,rrc00,codered,normal,0
2001-07-19 01:12:00+00:00,1498,193,5.258344459279039,18.0,2.7488340402700326,31,38,1691,rrc00,codered,normal,0
2001-07-19 01:15:00+00:00,1321,200,5.887963663890992,16.0,2.780572079948831,30,54,1521,rrc00,codered,normal,0
2001-07-19 01:18:00+00:00,3227,128,4.68856523086458,16.0,1.3057532886288576,21,35,3355,rrc00,codered,normal,0
2001-07-19 01:21:00+00:00,2493,199,5.527476935419173,17.0,1.7957662727055652,28,41,2692,rrc00,codered,normal,0
2001-07-19 01:24:00+00:00,960,156,5.440625,17.0,2.627303676656926,30,43,1116,rrc00,codered,normal,0
2001-07-19 01:27:00+00:00,1418,262,5.4605077574047955,15.0,2.1255196716952582,47,55,1680,rrc00,codered,normal,0
2001-07-19 01:30:00+00:00,2118,680,4.707271010387157,15.0,1.8083987285695575,179,194,2798,rrc00,codered,normal,0
2001-07-19 01:33:00+00:00,7106,324,5.065296932169997,18.0,2.011286134383757,35,135,7430,rrc00,codered,normal,0
2001-07-19 01:36:00+00:00,3371,345,5.882230792049837,17.0,1.8615889412194462,59,81,3716,rrc00,codered,normal,0
2001-07-19 01:39:00+00:00,6010,326,5.627620632279534,18.0,1.9096312061759284,58,77,6336,rrc00,codered,normal,0
2001-07-19 01:42:00+00:00,3367,774,6.492723492723493,17.0,1.7000822605904973,26,710,4141,rrc00,codered,normal,0
2001-07-19 01:45:00+00:00,4013,961,4.810864689758286,20.0,2.2178537441370856,170,279,4974,rrc00,codered,normal,0
2001-07-19 01:48:00+00:00,2473,411,5.639708855640922,22.0,2.464628919293215,55,129,2884,rrc00,codered,normal,0
2001-07-19 01:51:00+00:00,1478,240,5.839648173207037,22.0,2.3650300482789985,32,109,1718,rrc00,codered,normal,0
2001-07-19 01:54:00+00:00,1301,189,5.061491160645657,13.0,1.8911746788056991,27,42,1490,rrc00,codered,normal,0
2001-07-19 01:57:00+00:00,3923,344,6.135100688248789,17.0,3.1355800918117587,44,189,4267,rrc00,codered,normal,0
2001-07-19 02:00:00+00:00,6822,349,5.195250659630607,19.0,2.135470775408933,53,61,7171,rrc00,codered,normal,0
2001-07-19 02:03:00+00:00,10996,1139,5.21435067297199,18.0,1.7205077488256482,269,634,12135,rrc00,codered,normal,0
2001-07-19 02:06:00+00:00,2938,825,4.5612661674608574,13.0,1.6713938951391203,257,361,3763,rrc00,codered,normal,0
2001-07-19 02:09:00+00:00,2250,522,4.977777777777778,15.0,1.6792708588205627,55,262,2772,rrc00,codered,normal,0
2001-07-19 02:12:00+00:00,2231,294,4.361272971761542,14.0,1.3890804843505915,47,68,2525,rrc00,codered,normal,0
2001-07-19 02:15:00+00:00,10952,866,4.7294558071585096,16.0,1.8341919708574337,85,482,11818,rrc00,codered,normal,0
2001-07-19 02:18:00+00:00,6903,575,5.14718238447052,18.0,2.02427906580501,96,145,7478,rrc00,codered,normal,0
2001-07-19 02:21:00+00:00,6513,1061,4.890833717181023,18.0,2.0358895154157657,217,257,7574,rrc00,codered,normal,0
2001-07-19 02:24:00+00:00,5732,949,4.395324494068388,20.0,1.8227546529498,178,201,6681,rrc00,codered,normal,0
2001-07-19 02:27:00+00:00,1593,237,4.80225988700565,14.0,1.6688708333435125,43,61,1830,rrc00,codered,normal,0
2001-07-19 02:30:00+00:00,6497,179,5.109589041095891,22.0,1.6642985249731357,36,55,6676,rrc00,codered,normal,0
2001-07-19 02:33:00+00:00,1878,221,5.413738019169329,19.0,2.2996417694706857,39,48,2099,rrc00,codered,normal,0
2001-07-19 02:36:00+00:00,3026,365,4.697620621282221,17.0,2.2882442514485324,54,92,3391,rrc00,codered,normal,0
2001-07-19 02:39:00+00:00,3911,295,4.510866785988238,15.0,1.7824170456351034,50,97,4206,rrc00,codered,normal,0
2001-07-19 02:42:00+00:00,6073,458,4.553597892310226,15.0,2.0564567359759978,42,209,6531,rrc00,codered,normal,0
2001-07-19 02:45:00+00:00,2439,474,5.576465764657646,20.0,2.376035984739175,68,90,2913,rrc00,codered,normal,0
2001-07-19 02:48:00+00:00,2056,303,5.436284046692607,15.0,2.949943382207188,47,73,2359,rrc00,codered,normal,0
2001-07-19 02:51:00+00:00,1015,183,5.40295566502463,14.0,2.446308394618554,43,55,1198,rrc00,codered,normal,0
2001-07-19 02:54:00+00:00,1997,295,5.166249374061092,13.0,1.84811414494478,44,62,2292,rrc00,codered,normal,0
2001-07-19 02:57:00+00:00,2348,332,5.363713798977853,17.0,2.201264583090138,74,93,2680,rrc00,codered,normal,0
2001-07-19 03:00:00+00:00,2849,421,5.743067743067743,16.0,1.7938631774210039,56,83,3270,rrc00,codered,normal,0
2001-07-19 03:03:00+00:00,1931,1096,5.552563438632832,16.0,1.9373158101893226,267,605,3027,rrc00,codered,normal,0
2001-07-19 03:06:00+00:00,1543,383,6.094620868438108,15.0,2.4841931072628824,48,257,1926,rrc00,codered,normal,0
2001-07-19 03:09:00+00:00,4511,1265,4.869430281534028,13.0,1.6917192688631206,322,390,5776,rrc00,codered,normal,0
2001-07-19 03:12:00+00:00,1504,253,4.972739361702128,17.0,1.8360099099717533,40,64,1757,rrc00,codered,normal,0
2001-07-19 03:15:00+00:00,891,126,5.346801346801347,20.0,2.75929983145426,25,37,1017,rrc00,codered,normal,0
2001-07-19 03:18:00+00:00,2195,324,4.8806378132118455,15.0,1.641812308692936,72,90,2519,rrc00,codered,normal,0
2001-07-19 03:21:00+00:00,4185,1061,5.436559139784946,19.0,1.828972098492488,149,168,5246,rrc00,codered,normal,0
2001-07-19 03:24:00+00:00,4121,673,5.088813394807086,22.0,2.460041956933161,133,188,4794,rrc00,codered,normal,0
2001-07-19 03:27:00+00:00,3436,187,5.403084982537835,15.0,1.8180257124231636,27,80,3623,rrc00,codered,normal,0
2001-07-19 03:30:00+00:00,1498,388,5.806408544726302,16.0,2.5020496908577,46,72,1886,rrc00,codered,normal,0
2001-07-19 03:33:00+00:00,980,155,5.060204081632653,17.0,2.416661544274493,23,60,1135,rrc00,codered,normal,0
2001-07-19 03:36:00+00:00,2079,462,4.79028379028379,17.0,1.855605722839783,105,132,2541,rrc00,codered,normal,0
2001-07-19 03:39:00+00:00,1191,180,5.314861460957179,17.0,2.661244532528953,28,49,1371,rrc00,codered,normal,0
2001-07-19 03:42:00+00:00,1217,112,5.198027937551355,17.0,2.434562699086803,21,36,1329,rrc00,codered,normal,0
2001-07-19 03:45:00+00:00,1586,170,5.302017654476671,17.0,2.180148534266961,37,63,1756,rrc00,codered,normal,0
2001-07-19 03:48:00+00:00,3083,286,5.81414206941291,18.0,2.174849859725845,37,134,3369,rrc00,codered,normal,0
2001-07-19 03:51:00+00:00,1465,1035,5.843003412969283,19.0,2.5429942289459713,225,562,2500,rrc00,codered,normal,0
2001-07-19 03:54:00+00:00,3763,517,5.341217114004784,15.0,1.7863477621383808,75,182,4280,rrc00,codered,normal,0
2001-07-19 03:57:00+00:00,1666,198,4.678871548619448,17.0,2.1658703019277845,31,49,1864,rrc00,codered,normal,0
2001-07-19 04:00:00+00:00,1993,827,5.455092824887105,15.0,1.7666462692218958,92,110,2820,rrc00,codered,normal,0
2001-07-19 04:03:00+00:00,1672,532,5.187200956937799,15.0,2.2555627805991048,116,185,2204,rrc00,codered,normal,0
2001-07-19 04:06:00+00:00,3562,832,4.634755755193711,16.0,1.8886624440292472,145,166,4394,rrc00,codered,normal,0
2001-07-19 04:09:00+00:00,1410,611,4.948936170212766,14.0,1.895557217848758,95,128,2021,rrc00,codered,normal,0
2001-07-19 04:12:00+00:00,1432,427,5.173882681564246,13.0,1.8406686020132743,48,84,1859,rrc00,codered,normal,0
2001-07-19 04:15:00+00:00,1601,234,4.825109306683323,15.0,1.937343107769328,52,75,1835,rrc00,codered,normal,0
2001-07-19 04:18:00+00:00,3127,284,4.86920370962584,13.0,1.4722140593013406,32,66,3411,rrc00,codered,normal,0
2001-07-19 04:21:00+00:00,3188,489,4.779485570890841,15.0,1.369590231277634,74,128,3677,rrc00,codered,normal,0
2001-07-19 04:24:00+00:00,2001,488,4.8165917041479265,14.0,1.4814679220655067,75,93,2489,rrc00,codered,normal,0
2001-07-19 04:27:00+00:00,2987,228,4.343823234014061,17.0,1.6080536281262148,42,56,3215,rrc00,codered,normal,0
2001-07-19 04:30:00+00:00,1331,332,5.080390683696469,17.0,1.820741627129091,41,91,1663,rrc00,codered,normal,0
2001-07-19 04:33:00+00:00,2205,402,7.268480725623583,24.0,4.454713390101601,95,135,2607,rrc00,codered,normal,0
2001-07-19 04:36:00+00:00,2283,659,5.050810337275514,17.0,1.998477957955637,125,158,2942,rrc00,codered,normal,0
2001-07-19 04:39:00+00:00,1663,260,4.91461214672279,14.0,1.8927775066335562,37,68,1923,rrc00,codered,normal,0
2001-07-19 04:42:00+00:00,2151,272,5.02231520223152,15.0,1.8820309205757493,46,74,2423,rrc00,codered,normal,0
2001-07-19 04:45:00+00:00,2363,581,5.438848920863309,21.0,2.182327517490191,89,107,2944,rrc00,codered,normal,0
2001-07-19 04:48:00+00:00,2402,322,7.622398001665279,25.0,4.830883292281337,47,97,2724,rrc00,codered,normal,0
2001-07-19 04:51:00+00:00,1940,250,5.456701030927835,17.0,2.409962450684715,45,84,2190,rrc00,codered,normal,0
2001-07-19 04:54:00+00:00,1872,323,5.75,16.0,2.7795613931808627,41,61,2195,rrc00,codered,normal,0
2001-07-19 04:57:00+00:00,2717,258,5.560912771439087,12.0,1.9842190188043187,49,68,2975,rrc00,codered,normal,0
2001-07-19 05:00:00+00:00,3528,408,4.761904761904762,14.0,2.126658349844058,58,106,3936,rrc00,codered,normal,0
2001-07-19 05:03:00+00:00,3059,461,4.715266426936908,17.0,1.6375574282393792,86,110,3520,rrc00,codered,normal,0
2001-07-19 05:06:00+00:00,4081,708,4.960548885077187,16.0,1.746396743445665,88,136,4789,rrc00,codered,normal,0
2001-07-19 05:09:00+00:00,3675,507,4.660136054421769,17.0,1.7395370352871056,81,122,4182,rrc00,codered,normal,0
2001-07-19 05:12:00+00:00,2917,303,4.792252314021255,13.0,1.699795799538639,39,78,3220,rrc00,codered,normal,0
2001-07-19 05:15:00+00:00,4021,646,5.09400646605322,15.0,2.2748511846751156,114,167,4667,rrc00,codered,normal,0
2001-07-19 05:18:00+00:00,2250,474,4.739111111111111,13.0,2.0048672133609937,105,137,2724,rrc00,codered,normal,0
2001-07-19 05:21:00+00:00,2029,298,4.761951700344998,17.0,1.886898445165761,39,158,2327,rrc00,codered,normal,0
2001-07-19 05:24:00+00:00,2561,443,5.276064037485357,13.0,1.9304403769615512,63,76,3004,rrc00,codered,normal,0
2001-07-19 05:27:00+00:00,3990,685,4.543358395989975,14.0,1.88570662433372,174,270,4675,rrc00,codered,normal,0
2001-07-19 05:30:00+00:00,4722,807,4.655019059720457,15.0,1.6531659491082893,78,361,5529,rrc00,codered,normal,0
2001-07-19 05:33:00+00:00,2166,536,5.8804247460757155,14.0,2.0785620350457483,93,170,2702,rrc00,codered,normal,0
2001-07-19 05:36:00+00:00,4440,456,4.414864864864865,15.0,1.8700953219742642,84,116,4896,rrc00,codered,normal,0
2001-07-19 05:39:00+00:00,3596,578,4.483592880978866,17.0,1.7714231362639632,66,157,4174,rrc00,codered,normal,0
2001-07-19 05:42:00+00:00,4272,1319,5.891151685393258,19.0,2.716832050196803,170,233,5591,rrc00,codered,normal,0
2001-07-19 05:45:00+00:00,2071,351,5.73056494447127,13.0,2.4089058205042755,53,170,2422,rrc00,codered,normal,0
2001-07-19 05:48:00+00:00,3766,257,4.900690387679235,13.0,1.5057738234827753,48,78,4023,rrc00,codered,normal,0
2001-07-19 05:51:00+00:00,3132,197,4.469667943805875,13.0,1.600219339078683,39,63,3329,rrc00,codered,normal,0
2001-07-19 05:54:00+00:00,1715,190,4.744023323615161,13.0,1.6534487747638154,31,75,1905,rrc00,codered,normal,0
2001-07-19 05:57:00+00:00,2822,496,4.473423104181432,13.0,1.6360471122101676,67,159,3318,rrc00,codered,normal,0
2001-07-19 06:00:00+00:00,3031,404,4.456614978554932,13.0,1.7584264648710644,61,86,3435,rrc00,codered,normal,0
2001-07-19 06:03:00+00:00,1640,283,4.605487804878049,13.0,1.8050995867663262,48,72,1923,rrc00,codered,normal,0
2001-07-19 06:06:00+00:00,4997,259,3.8987392435461277,14.0,1.2661414928888781,82,119,5256,rrc00,codered,normal,0
2001-07-19 06:09:00+00:00,2414,399,4.923777961888981,19.0,2.1000231924575994,50,192,2813,rrc00,codered,normal,0
2001-07-19 06:12:00+00:00,5336,478,4.855884557721139,19.0,2.3055639314808305,78,112,5814,rrc00,codered,normal,0
2001-07-19 06:15:00+00:00,4014,478,4.781265570503239,17.0,1.8604765484332275,70,93,4492,rrc00,codered,normal,0
2001-07-19 06:18:00+00:00,2422,425,5.509496284062758,16.0,2.324898582932018,69,106,2847,rrc00,codered,normal,0
2001-07-19 06:21:00+00:00,1788,290,4.868008948545861,16.0,1.736058257331986,55,86,2078,rrc00,codered,normal,0
2001-07-19 06:24:00+00:00,1212,188,5.0016501650165015,13.0,1.9260239443088778,39,52,1400,rrc00,codered,normal,0
2001-07-19 06:27:00+00:00,1830,257,5.5398907103825135,14.0,1.8911048579294047,39,88,2087,rrc00,codered,normal,0
2001-07-19 06:30:00+00:00,3524,449,4.930192962542566,16.0,1.9380902834683484,112,155,3973,rrc00,codered,normal,0
2001-07-19 06:33:00+00:00,5153,851,5.01940617116243,13.0,1.688539662290533,151,318,6004,rrc00,codered,normal,0
2001-07-19 06:36:00+00:00,4120,545,5.0730582524271846,15.0,1.450728764470797,86,213,4665,rrc00,codered,normal,0
2001-07-19 06:39:00+00:00,2792,552,5.178724928366762,15.0,1.8932673903708408,60,206,3344,rrc00,codered,normal,0
2001-07-19 06:42:00+00:00,2626,752,5.5152322924600155,14.0,1.9453589495547978,171,226,3378,rrc00,codered,normal,0
2001-07-19 06:45:00+00:00,3070,802,5.453745928338762,13.0,2.08226041685254,131,269,3872,rrc00,codered,normal,0
2001-07-19 06:48:00+00:00,14323,1300,4.599525239125882,15.0,1.5900197699795833,162,184,15623,rrc00,codered,normal,0
2001-07-19 06:51:00+00:00,5230,561,5.0665391969407265,14.0,1.4176465267653404,152,181,5791,rrc00,codered,normal,0
2001-07-19 06:54:00+00:00,3270,384,4.696330275229358,13.0,1.8251937154366227,78,95,3654,rrc00,codered,normal,0
2001-07-19 06:57:00+00:00,5007,1503,5.151787497503495,13.0,1.56585300921715,218,233,6510,rrc00,codered,normal,0
2001-07-19 07:00:00+00:00,5185,689,5.0493731918997105,14.0,1.877510429350243,176,255,5874,rrc00,codered,normal,0
2001-07-19 07:03:00+00:00,5060,1047,4.881422924901186,13.0,1.396696678469725,187,250,6107,rrc00,codered,normal,0
2001-07-19 07:06:00+00:00,3330,801,5.303903903903904,17.0,2.0799665948785293,91,147,4131,rrc00,codered,normal,0
2001-07-19 07:09:00+00:00,3789,737,4.980205859065716,17.0,1.7416630536681077,169,218,4526,rrc00,codered,normal,0
2001-07-19 07:12:00+00:00,4833,1041,4.294847920546244,14.0,1.624789961642454,165,326,5874,rrc00,codered,normal,0
2001-07-19 07:15:00+00:00,5612,1591,4.113150392017106,13.0,1.5459895407811672,223,280,7203,rrc00,codered,normal,0
2001-07-19 07:18:00+00:00,3316,655,4.6197225572979495,14.0,1.6902357549596456,169,289,3971,rrc00,codered,normal,0
2001-07-19 07:21:00+00:00,4892,533,4.6171300081766145,19.0,1.5048222096066735,115,199,5425,rrc00,codered,normal,0
2001-07-19 07:24:00+00:00,5739,387,4.33002265202997,16.0,1.4396700252762453,90,167,6126,rrc00,codered,normal,0
2001-07-19 07:27:00+00:00,5048,877,4.416798732171157,17.0,1.664099311615968,151,320,5925,rrc00,codered,normal,0
2001-07-19 07:30:00+00:00,3859,801,4.732573205493651,14.0,1.6079950181050622,131,267,4660,rrc00,codered,normal,0
2001-07-19 07:33:00+00:00,4697,648,4.737279114328294,14.0,1.6155911131523906,87,137,5345,rrc00,codered,normal,0
2001-07-19 07:36:00+00:00,5211,606,4.555939359048168,14.0,1.5017704434921935,68,179,5817,rrc00,codered,normal,0
2001-07-19 07:39:00+00:00,11629,1031,3.9254450081692323,17.0,1.3489329065674063,226,374,12660,rrc00,codered,normal,0
2001-07-19 07:42:00+00:00,3822,1197,4.4790685504971215,14.0,1.5777284212530565,183,201,5019,rrc00,codered,normal,0
2001-07-19 07:45:00+00:00,4297,1482,4.868745636490575,22.0,2.6405994225638723,304,442,5779,rrc00,codered,normal,0
2001-07-19 07:48:00+00:00,3787,1559,4.972009506205439,17.0,1.827310421555422,235,405,5346,rrc00,codered,normal,0
2001-07-19 07:51:00+00:00,2525,509,5.238811881188119,23.0,2.9005288992362037,65,238,3034,rrc00,codered,normal,0
2001-07-19 07:54:00+00:00,2797,390,5.333571683947087,27.0,2.1253006785427537,63,83,3187,rrc00,codered,normal,0
2001-07-19 07:57:00+00:00,2695,420,4.625974025974026,20.0,2.1924970572988522,66,92,3115,rrc00,codered,normal,0
2001-07-19 08:00:00+00:00,6211,916,5.242634036387055,21.0,1.7712234222122991,157,265,7127,rrc00,codered,normal,0
2001-07-19 08:03:00+00:00,6469,1190,4.975575823156593,14.0,1.688720318685388,133,269,7659,rrc00,codered,normal,0
2001-07-19 08:06:00+00:00,4054,597,5.592007893438579,13.0,2.419252508011582,92,293,4651,rrc00,codered,normal,0
2001-07-19 08:09:00+00:00,5992,802,4.656875834445928,17.0,1.8524753725609229,98,178,6794,rrc00,codered,normal,0
2001-07-19 08:12:00+00:00,6091,686,4.72697422426531,13.0,1.43123207052184,88,158,6777,rrc00,codered,normal,0
2001-07-19 08:15:00+00:00,7665,1177,4.969341161121983,13.0,1.825019821278082,172,245,8842,rrc00,codered,normal,0
2001-07-19 08:18:00+00:00,3380,606,5.212426035502959,19.0,1.880881552923226,119,149,3986,rrc00,codered,normal,0
2001-07-19 08:21:00+00:00,2143,402,4.73401773215119,13.0,1.6528359241959647,58,144,2545,rrc00,codered,normal,0
2001-07-19 08:24:00+00:00,3375,843,4.9345185185185185,14.0,1.5454141089609552,117,135,4218,rrc00,codered,normal,0
2001-07-19 08:27:00+00:00,2883,590,5.168574401664932,15.0,1.7941277822552941,79,134,3473,rrc00,codered,normal,0
2001-07-19 08:30:00+00:00,6769,535,4.676466243167381,15.0,1.5795945944947687,102,159,7304,rrc00,codered,normal,0
2001-07-19 08:33:00+00:00,8664,2773,3.848684210526316,13.0,1.7078462472504545,96,2421,11437,rrc00,codered,normal,0
2001-07-19 08:36:00+00:00,3060,397,4.716993464052288,17.0,1.7150731553090839,61,100,3457,rrc00,codered,normal,0
2001-07-19 08:39:00+00:00,2471,364,4.4852286523674625,13.0,1.6724020782624411,83,135,2835,rrc00,codered,normal,0
2001-07-19 08:42:00+00:00,2965,531,4.489713322091062,16.0,1.6683681736983913,67,128,3496,rrc00,codered,normal,0
2001-07-19 08:45:00+00:00,3817,387,4.12994498297092,15.0,1.7936185960005253,74,89,4204,rrc00,codered,normal,0
2001-07-19 08:48:00+00:00,1603,292,4.591391141609482,14.0,1.8175276781200633,47,69,1895,rrc00,codered,normal,0
2001-07-19 08:51:00+00:00,2012,297,5.225149105367794,18.0,2.135216343752182,43,89,2309,rrc00,codered,normal,0
2001-07-19 08:54:00+00:00,3382,454,4.552631578947368,18.0,1.7490498881451018,67,107,3836,rrc00,codered,normal,0
2001-07-19 08:57:00+00:00,4099,622,4.760185411075872,14.0,1.6050103196396248,110,164,4721,rrc00,codered,normal,0
2001-07-19 09:00:00+00:00,1954,209,5.142272262026612,13.0,1.8056048741896271,42,107,2163,rrc00,codered,normal,0
2001-07-19 09:03:00+00:00,104866,351,3.4930673430854613,20.0,1.3437737461714505,56,100,105217,rrc00,codered,normal,0
2001-07-19 09:06:00+00:00,4011,410,4.177013213662429,14.0,1.7070636988049188,52,83,4421,rrc00,codered,normal,0
2001-07-19 09:09:00+00:00,2364,999,5.140016920473773,12.0,1.6405725135764435,145,177,3363,rrc00,codered,normal,0
2001-07-19 09:12:00+00:00,2878,795,4.749826268241835,13.0,1.5741875159423973,172,227,3673,rrc00,codered,normal,0
2001-07-19 09:15:00+00:00,3098,322,4.542608134280181,13.0,1.6378822915559534,51,104,3420,rrc00,codered,normal,0
2001-07-19 09:18:00+00:00,3075,222,4.753170731707317,14.0,1.7296699798352768,41,91,3297,rrc00,codered,normal,0
2001-07-19 09:21:00+00:00,2618,408,4.957219251336898,15.0,1.7720787252434793,95,199,3026,rrc00,codered,normal,0
2001-07-19 09:24:00+00:00,6773,750,4.8959102318027465,16.0,1.6681599217393417,113,342,7523,rrc00,codered,normal,0
2001-07-19 09:27:00+00:00,4694,372,4.850447379633575,14.0,1.7812289996371713,59,130,5066,rrc00,codered,normal,0
2001-07-19 09:30:00+00:00,3126,665,5.4286628278950735,17.0,2.013993893870867,103,135,3791,rrc00,codered,normal,0
2001-07-19 09:33:00+00:00,4432,748,4.788131768953068,17.0,1.614329429237616,118,245,5180,rrc00,codered,normal,0
2001-07-19 09:36:00+00:00,2519,420,5.241365621278285,18.0,2.372701846860243,62,137,2939,rrc00,codered,normal,0
2001-07-19 09:39:00+00:00,1722,266,4.728803716608595,13.0,1.6800308566341466,55,77,1988,rrc00,codered,normal,0
2001-07-19 09:42:00+00:00,1803,438,4.931780366056572,13.0,1.6862316391558307,75,102,2241,rrc00,codered,normal,0
2001-07-19 09:45:00+00:00,5452,739,4.765774027879677,14.0,1.5745064927838435,176,368,6191,rrc00,codered,normal,0
2001-07-19 09:48:00+00:00,4777,671,4.830856185890727,16.0,1.532519027430597,199,237,5448,rrc00,codered,normal,0
2001-07-19 09:51:00+00:00,3803,809,4.86247699184854,17.0,1.776721200477834,106,152,4612,rrc00,codered,normal,0
2001-07-19 09:54:00+00:00,3971,624,5.774112314278519,20.0,2.696256801911756,92,190,4595,rrc00,codered,normal,0
2001-07-19 09:57:00+00:00,2881,191,4.623394654633808,16.0,1.6614107662515256,32,62,3072,rrc00,codered,normal,0
2001-07-19 10:00:00+00:00,1871,281,4.269374665954035,13.0,1.567002600629313,44,90,2152,rrc00,codered,normal,0
2001-07-19 10:03:00+00:00,1477,331,4.958023019634394,13.0,1.5175340407401856,38,75,1808,rrc00,codered,normal,0
2001-07-19 10:06:00+00:00,1247,134,5.333600641539696,17.0,1.970354083664055,22,31,1381,rrc00,codered,normal,0
2001-07-19 10:09:00+00:00,2815,170,4.8660746003552395,13.0,1.4399168769592277,29,55,2985,rrc00,codered,normal,0
2001-07-19 10:12:00+00:00,2919,245,4.932853717026379,18.0,1.8717751144243084,48,67,3164,rrc00,codered,normal,0
2001-07-19 10:15:00+00:00,1705,192,5.367741935483871,17.0,2.4802357524937344,32,56,1897,rrc00,codered,normal,0
2001-07-19 10:18:00+00:00,2269,244,4.9801674746584395,14.0,1.6543687288084377,46,74,2513,rrc00,codered,normal,0
2001-07-19 10:21:00+00:00,2448,320,5.0318627450980395,13.0,1.7322294167929724,47,109,2768,rrc00,codered,normal,0
2001-07-19 10:24:00+00:00,3048,325,5.11515748031496,14.0,1.7046119820418622,72,96,3373,rrc00,codered,normal,0
2001-07-19 10:27:00+00:00,1642,552,5.016443361753959,15.0,1.9675435926083147,66,105,2194,rrc00,codered,normal,0
2001-07-19 10:30:00+00:00,2347,421,5.12015338730294,18.0,2.797384250887909,70,91,2768,rrc00,codered,normal,0
2001-07-19 10:33:00+00:00,1808,508,5.196902654867257,16.0,1.9788570848359264,79,98,2316,rrc00,codered,normal,0
2001-07-19 10:36:00+00:00,2851,406,4.881795861101368,17.0,1.4695751330302549,54,148,3257,rrc00,codered,normal,0
2001-07-19 10:39:00+00:00,2375,384,5.24421052631579,14.0,1.9371555810394667,64,90,2759,rrc00,codered,normal,0
2001-07-19 10:42:00+00:00,3703,475,4.85876316500135,14.0,1.6881609594883473,79,149,4178,rrc00,codered,normal,0
2001-07-19 10:45:00+00:00,3826,834,5.150548876110821,18.0,2.6941731013992456,177,214,4660,rrc00,codered,normal,0
2001-07-19 10:48:00+00:00,4568,852,5.049036777583187,18.0,1.6544145531074048,202,224,5420,rrc00,codered,normal,0
2001-07-19 10:51:00+00:00,3566,822,5.084688726864835,19.0,1.9562248032337965,127,199,4388,rrc00,codered,normal,0
2001-07-19 10:54:00+00:00,2972,436,4.7230820995962315,22.0,1.764108345033659,52,190,3408,rrc00,codered,normal,0
2001-07-19 10:57:00+00:00,1477,462,5.215978334461747,22.0,2.1177431606116297,57,85,1939,rrc00,codered,normal,0
2001-07-19 11:00:00+00:00,2777,462,4.679150162045373,14.0,1.473462626526024,110,150,3239,rrc00,codered,normal,0
2001-07-19 11:03:00+00:00,1414,205,4.628712871287129,15.0,1.8954412400924967,31,44,1619,rrc00,codered,normal,0
2001-07-19 11:06:00+00:00,2231,403,4.705064993276558,16.0,1.800932669068735,64,159,2634,rrc00,codered,normal,0
2001-07-19 11:09:00+00:00,3550,336,5.686760563380282,19.0,2.311982122992369,52,94,3886,rrc00,codered,normal,0
2001-07-19 11:12:00+00:00,6489,463,5.498535983972877,19.0,1.87924220224944,71,168,6952,rrc00,codered,normal,0
2001-07-19 11:15:00+00:00,11013,572,5.593117225097612,21.0,2.1749036678379685,94,212,11585,rrc00,codered,normal,0
2001-07-19 11:18:00+00:00,31337,1438,5.002169958834604,22.0,1.4721446145608554,129,886,32775,rrc00,codered,normal,0
2001-07-19 11:21:00+00:00,11056,321,3.898697539797395,18.0,1.6854312437055334,33,193,11377,rrc00,codered,normal,0
2001-07-19 11:24:00+00:00,20539,560,3.944252397877209,18.0,1.1871713324975863,80,253,21099,rrc00,codered,normal,0
2001-07-19 11:27:00+00:00,6734,670,4.365310365310365,17.0,1.6349018757566505,122,290,7404,rrc00,codered,normal,0
2001-07-19 11:30:00+00:00,3622,308,4.7799558255107675,17.0,1.6577399736527727,49,89,3930,rrc00,codered,normal,0
2001-07-19 11:33:00+00:00,5112,371,4.690336463223788,15.0,1.6187237421682446,57,166,5483,rrc00,codered,normal,0
2001-07-19 11:36:00+00:00,7605,475,4.934385272846812,15.0,1.4024613589682793,57,158,8080,rrc00,codered,normal,0
2001-07-19 11:39:00+00:00,3212,468,4.787359900373599,13.0,1.6057344711274228,71,177,3680,rrc00,codered,normal,0
2001-07-19 11:42:00+00:00,3122,378,4.788597053171044,17.0,1.7809650925338532,67,96,3500,rrc00,codered,normal,0
2001-07-19 11:45:00+00:00,2209,451,4.5278406518786785,17.0,2.3580130090388596,41,241,2660,rrc00,codered,normal,0
2001-07-19 11:48:00+00:00,1284,252,4.787383177570093,13.0,1.6116195119524306,39,52,1536,rrc00,codered,normal,0
2001-07-19 11:51:00+00:00,1800,251,5.098333333333334,13.0,1.6685980475969773,46,58,2051,rrc00,codered,normal,0
2001-07-19 11:54:00+00:00,3833,485,4.626402295851813,14.0,1.6949002009781313,53,230,4318,rrc00,codered,normal,0
2001-07-19 11:57:00+00:00,3630,955,4.878512396694215,14.0,1.5334133378585029,182,207,4585,rrc00,codered,normal,0
2001-07-19 12:00:00+00:00,3431,889,5.302827164092101,22.0,2.883755979694717,93,236,4320,rrc00,codered,normal,0
2001-07-19 12:03:00+00:00,3495,553,4.819456366237482,22.0,1.8627495918903085,91,209,4048,rrc00,codered,normal,0
2001-07-19 12:06:00+00:00,3605,412,5.055755894590846,13.0,1.6164714800520619,66,117,4017,rrc00,codered,normal,0
2001-07-19 12:09:00+00:00,2132,325,4.901969981238274,17.0,1.833157157017884,57,82,2457,rrc00,codered,normal,0
2001-07-19 12:12:00+00:00,7997,674,4.8787045141928225,18.0,1.6107500941473054,85,314,8671,rrc00,codered,normal,0
2001-07-19 12:15:00+00:00,3325,584,4.912481203007519,18.0,2.317733662946077,78,180,3909,rrc00,codered,normal,0
2001-07-19 12:18:00+00:00,2559,329,4.944900351699883,14.0,1.9085409878904533,47,82,2888,rrc00,codered,normal,0
2001-07-19 12:21:00+00:00,2218,193,5.097385031559964,14.0,1.6709695507361582,35,67,2411,rrc00,codered,normal,0
2001-07-19 12:24:00+00:00,1480,311,5.261486486486486,13.0,1.9382014388047886,46,62,1791,rrc00,codered,normal,0
2001-07-19 12:27:00+00:00,2021,342,4.887184562097971,13.0,1.6325302182463726,52,105,2363,rrc00,codered,normal,0
2001-07-19 12:30:00+00:00,1962,339,4.701834862385321,14.0,1.781741893935024,51,86,2301,rrc00,codered,normal,0
2001-07-19 12:33:00+00:00,1560,295,4.603205128205128,14.0,1.9721431746990792,42,140,1855,rrc00,codered,normal,0
2001-07-19 12:36:00+00:00,2097,437,4.78206962327134,13.0,1.8605927414316894,59,168,2534,rrc00,codered,normal,0
2001-07-19 12:39:00+00:00,2087,551,4.499760421657882,17.0,1.86123157625686,86,183,2638,rrc00,codered,normal,0
2001-07-19 12:42:00+00:00,2024,322,4.734683794466403,17.0,1.7409456901527662,49,77,2346,rrc00,codered,normal,0
2001-07-19 12:45:00+00:00,3088,527,4.493847150259067,17.0,1.741735025460747,84,182,3615,rrc00,codered,normal,0
2001-07-19 12:48:00+00:00,3480,744,4.791666666666667,21.0,1.8853609012518924,136,229,4224,rrc00,codered,normal,0
2001-07-19 12:51:00+00:00,2287,320,4.592916484477481,14.0,1.556402808201241,51,121,2607,rrc00,codered,normal,0
2001-07-19 12:54:00+00:00,1563,306,4.8208573256557905,13.0,1.677413855683707,47,70,1869,rrc00,codered,normal,0
2001-07-19 12:57:00+00:00,2009,308,5.624191139870582,17.0,2.8953253814572975,48,82,2317,rrc00,codered,normal,0
2001-07-19 13:00:00+00:00,1675,345,4.7026865671641795,18.0,1.979588063653612,49,76,2020,rrc00,codered,normal,0
2001-07-19 13:03:00+00:00,1677,340,4.512820512820513,15.0,1.7067291769892434,51,142,2017,rrc00,codered,normal,0
2001-07-19 13:06:00+00:00,3149,668,4.838996506827565,13.0,1.6043537174619773,68,333,3817,rrc00,codered,normal,0
2001-07-19 13:09:00+00:00,4318,427,4.899722093561834,13.0,1.6259517942625064,75,100,4745,rrc00,codered,normal,0
2001-07-19 13:12:00+00:00,2710,334,5.530258302583026,16.0,2.9143378112238847,51,143,3044,rrc00,codered,normal,0
2001-07-19 13:15:00+00:00,3345,472,5.0798206278026905,17.0,2.395791520183749,58,145,3817,rrc00,codered,normal,0
2001-07-19 13:18:00+00:00,1859,552,4.79989241527703,17.0,1.6724132561175757,74,181,2411,rrc00,codered,normal,0
2001-07-19 13:21:00+00:00,2435,386,4.795893223819302,15.0,2.1195829790376104,61,190,2821,rrc00,codered,normal,0
2001-07-19 13:24:00+00:00,2798,248,5.490707648320229,17.0,2.7476195687907956,40,58,3046,rrc00,codered,normal,0
2001-07-19 13:27:00+00:00,3100,750,4.924838709677419,19.0,1.92684661486358,100,206,3850,rrc00,codered,normal,0
2001-07-19 13:30:00+00:00,2662,372,4.833583771600301,20.0,2.0536820400002487,55,126,3034,rrc00,codered,normal,0
2001-07-19 13:33:00+00:00,5304,903,4.683634992458522,17.0,1.9091912479421664,210,275,6207,rrc00,codered,normal,0
2001-07-19 13:36:00+00:00,4685,670,5.740875133404482,17.0,1.7183436473801093,170,300,5355,rrc00,codered,normal,0
2001-07-19 13:39:00+00:00,1935,197,5.293023255813954,14.0,1.9411038461602281,36,48,2132,rrc00,codered,normal,0
2001-07-19 13:42:00+00:00,7355,1081,4.332834806254249,16.0,1.649803580764679,259,280,8436,rrc00,codered,normal,0
2001-07-19 13:45:00+00:00,1867,178,4.987145152651312,13.0,1.5548688985673336,34,60,2045,rrc00,codered,normal,0
2001-07-19 13:48:00+00:00,6696,461,5.24537037037037,15.0,1.4163164484608048,67,212,7157,rrc00,codered,normal,0
2001-07-19 13:51:00+00:00,5296,472,5.0959214501510575,15.0,1.7643066421018385,82,180,5768,rrc00,codered,normal,0
2001-07-19 13:54:00+00:00,2361,472,4.845404489623041,13.0,1.8385228586745592,84,190,2833,rrc00,codered,normal,0
2001-07-19 13:57:00+00:00,2804,425,4.4629101283880175,22.0,1.731344691643219,84,129,3229,rrc00,codered,normal,0
2001-07-19 14:00:00+00:00,48607,969,5.064250005143292,17.0,1.1611767561961077,187,345,49576,rrc00,codered,normal,0
2001-07-19 14:03:00+00:00,9919,1492,4.901502167557213,15.0,1.810922479736229,258,422,11411,rrc00,codered,normal,0
2001-07-19 14:06:00+00:00,9349,1707,5.266231682532891,15.0,1.8844679120083172,317,394,11056,rrc00,codered,normal,0
2001-07-19 14:09:00+00:00,10442,9264,5.3478260869565215,15.0,1.629745752382242,2677,6158,19706,rrc00,codered,normal,0
2001-07-19 14:12:00+00:00,13642,23898,5.680178859404779,16.0,1.3734454731232684,6367,6486,37540,rrc00,codered,normal,0
2001-07-19 14:15:00+00:00,6199,4138,5.467333440877561,16.0,1.8244072605091146,1012,1548,10337,rrc00,codered,normal,0
2001-07-19 14:18:00+00:00,2761,3765,4.8960521550162985,18.0,2.098547036074841,980,1240,6526,rrc00,codered,normal,0
2001-07-19 14:21:00+00:00,10028,4718,5.645592341443957,15.0,1.6043181651962561,497,2028,14746,rrc00,codered,normal,0
2001-07-19 14:24:00+00:00,9993,1151,5.264385069548684,18.0,1.67305374713839,137,188,11144,rrc00,codered,normal,0
2001-07-19 14:27:00+00:00,3617,665,4.927011335360796,15.0,1.9233825229794674,125,183,4282,rrc00,codered,normal,0
2001-07-19 14:30:00+00:00,4003,598,5.159380464651512,16.0,1.882795826900447,110,203,4601,rrc00,codered,normal,0
2001-07-19 14:33:00+00:00,2833,326,4.819978821037769,13.0,1.8248576963633198,50,124,3159,rrc00,codered,normal,0
2001-07-19 14:36:00+00:00,3030,928,5.706270627062707,17.0,2.2748866332386157,124,159,3958,rrc00,codered,normal,0
2001-07-19 14:39:00+00:00,2479,510,5.117789431222267,17.0,2.1755921225116928,111,154,2989,rrc00,codered,normal,0
2001-07-19 14:42:00+00:00,3534,250,5.372382569326542,20.0,1.9338190366295263,40,85,3784,rrc00,codered,normal,0
2001-07-19 14:45:00+00:00,3404,579,5.40716803760282,14.0,1.6142055468733059,77,123,3983,rrc00,codered,normal,0
2001-07-19 14:48:00+00:00,2366,512,4.96618765849535,22.0,2.2269097925811923,120,148,2878,rrc00,codered,normal,0
2001-07-19 14:51:00+00:00,2744,409,4.913265306122449,17.0,1.818410579206173,66,104,3153,rrc00,codered,normal,0
2001-07-19 14:54:00+00:00,4237,384,4.971206042010857,16.0,1.575904768924425,62,107,4621,rrc00,codered,normal,0
2001-07-19 14:57:00+00:00,2966,578,5.122724207687121,17.0,2.0036487610155578,102,143,3544,rrc00,codered,normal,0
2001-07-19 15:00:00+00:00,2836,503,4.796191819464034,17.0,1.8644282477453795,95,153,3339,rrc00,codered,normal,0
2001-07-19 15:03:00+00:00,4078,782,4.456841589014223,14.0,1.6288762663386436,109,257,4860,rrc00,codered,normal,0
2001-07-19 15:06:00+00:00,3649,452,5.078651685393258,14.0,2.0356124374976923,77,146,4101,rrc00,codered,normal,0
2001-07-19 15:09:00+00:00,3300,582,4.848787878787879,15.0,2.213700121455448,110,178,3882,rrc00,codered,normal,0
2001-07-19 15:12:00+00:00,3293,418,4.941694503492256,15.0,2.164422971060128,55,172,3711,rrc00,codered,normal,0
2001-07-19 15:15:00+00:00,7925,754,4.847570977917981,14.0,1.4761987906673726,84,411,8679,rrc00,codered,normal,0
2001-07-19 15:18:00+00:00,13097,1071,5.324578147667404,14.0,1.6409664022514299,177,441,14168,rrc00,codered,normal,0
2001-07-19 15:21:00+00:00,47076,602,5.88329509728949,15.0,1.243410904959871,116,197,47678,rrc00,codered,normal,0
2001-07-19 15:24:00+00:00,14505,916,6.089831092726646,18.0,1.5844807088105253,111,502,15421,rrc00,codered,normal,0
2001-07-19 15:27:00+00:00,4227,628,4.9214572983203215,21.0,2.003777118406966,116,223,4855,rrc00,codered,normal,0
2001-07-19 15:30:00+00:00,13935,17013,5.609974883387155,15.0,1.714774931932471,3433,3550,30948,rrc00,codered,normal,0
2001-07-19 15:33:00+00:00,34152,3584,5.488961115015226,15.0,1.41425329765022,159,2608,37736,rrc00,codered,normal,0
2001-07-19 15:36:00+00:00,6387,6570,5.360263034288399,23.0,1.7658466252078655,755,929,12957,rrc00,codered,normal,0
2001-07-19 15:39:00+00:00,8901,23094,6.151893045725199,14.0,1.6810849411260953,2692,3170,31995,rrc00,codered,normal,0
2001-07-19 15:42:00+00:00,4507,5443,5.57199911249168,15.0,1.8179507189434116,2183,2645,9950,rrc00,codered,normal,0
2001-07-19 15:45:00+00:00,4330,600,4.589376443418014,22.0,1.411100115964203,143,230,4930,rrc00,codered,normal,0
2001-07-19 15:48:00+00:00,3617,359,4.4774675145147915,13.0,1.4749229585305415,58,106,3976,rrc00,codered,normal,0
2001-07-19 15:51:00+00:00,7304,672,4.692634173055859,15.0,1.49648015823133,123,212,7976,rrc00,codered,normal,0
2001-07-19 15:54:00+00:00,4331,695,4.875317478642346,22.0,2.0234523968972162,106,206,5026,rrc00,codered,normal,0
2001-07-19 15:57:00+00:00,5409,572,4.86319097799963,23.0,1.576352877405966,106,163,5981,rrc00,codered,normal,0
2001-07-19 16:00:00+00:00,6058,831,4.846153846153846,13.0,1.5615793628270365,139,152,6889,rrc00,codered,normal,0
2001-07-19 16:03:00+00:00,5858,638,4.843632639125982,16.0,1.5389984182410585,110,223,6496,rrc00,codered,normal,0
2001-07-19 16:06:00+00:00,6814,1232,4.774581743469328,15.0,1.8871818852076028,184,466,8046,rrc00,codered,normal,0
2001-07-19 16:09:00+00:00,5917,1033,4.483353050532364,17.0,1.778299052448357,154,209,6950,rrc00,codered,normal,0
2001-07-19 16:12:00+00:00,8478,975,4.6571125265392785,17.0,1.3341392696349157,176,364,9453,rrc00,codered,normal,0
2001-07-19 16:15:00+00:00,5312,835,4.040850903614458,22.0,1.71732267426052,186,274,6147,rrc00,codered,normal,0
2001-07-19 16:18:00+00:00,3561,686,4.30581297388374,15.0,1.6434470448163478,86,247,4247,rrc00,codered,normal,0
2001-07-19 16:21:00+00:00,6625,983,4.538415094339623,13.0,1.735510293441121,201,297,7608,rrc00,codered,normal,0
2001-07-19 16:24:00+00:00,8023,1060,4.821014583073663,16.0,1.6931862975252037,167,388,9083,rrc00,codered,normal,0
2001-07-19 16:27:00+00:00,14069,922,6.614542611415168,19.0,2.4157517387486394,159,344,14991,rrc00,codered,normal,0
2001-07-19 16:30:00+00:00,20290,1929,6.165007392804337,21.0,2.1671588290398596,208,984,22219,rrc00,codered,normal,0
2001-07-19 16:33:00+00:00,8635,1563,4.693688477127967,15.0,1.6385203128184411,204,424,10198,rrc00,codered,normal,0
2001-07-19 16:36:00+00:00,7222,1705,4.815148158404874,17.0,1.7922501089375829,325,408,8927,rrc00,codered,normal,0
2001-07-19 16:39:00+00:00,10905,1944,5.00861989912884,17.0,1.857539495785417,285,783,12849,rrc00,codered,normal,0
2001-07-19 16:42:00+00:00,15157,1544,4.437421653361483,15.0,1.6495793374013763,321,526,16701,rrc00,codered,normal,0
2001-07-19 16:45:00+00:00,8476,1179,4.661396885323266,15.0,1.6030810744323367,220,415,9655,rrc00,codered,normal,0
2001-07-19 16:48:00+00:00,6632,1110,5.226779252110977,16.0,1.9893763383141143,164,245,7742,rrc00,codered,normal,0
2001-07-19 16:51:00+00:00,11996,2668,4.809936645548516,15.0,1.7929378604341006,470,675,14664,rrc00,codered,normal,0
2001-07-19 16:54:00+00:00,7454,934,4.88341829889992,14.0,1.6967467768045799,144,442,8388,rrc00,codered,normal,0
2001-07-19 16:57:00+00:00,11961,1608,4.847922414513836,13.0,1.489431904017776,306,451,13569,rrc00,codered,normal,0
2001-07-19 17:00:00+00:00,9437,1457,4.82642789021935,13.0,1.6535110044872074,255,552,10894,rrc00,codered,normal,0
2001-07-19 17:03:00+00:00,9361,2093,5.630167717124239,14.0,2.124619790707788,273,470,11454,rrc00,codered,normal,0
2001-07-19 17:06:00+00:00,8529,2193,5.112557157931763,17.0,1.7240767129627,383,514,10722,rrc00,codered,normal,0
2001-07-19 17:09:00+00:00,9693,1220,4.904776642938203,16.0,1.7136704896625858,213,335,10913,rrc00,codered,normal,0
2001-07-19 17:12:00+00:00,10456,1421,4.543993879112471,15.0,1.9124327157005792,336,477,11877,rrc00,codered,normal,0
2001-07-19 17:15:00+00:00,18781,1555,4.630051647942069,16.0,1.77832225828306,358,604,20336,rrc00,codered,normal,0
2001-07-19 17:18:00+00:00,12105,947,4.909624122263527,15.0,1.821917341607304,218,405,13052,rrc00,codered,normal,0
2001-07-19 17:21:00+00:00,6897,688,4.6499927504712195,15.0,1.6102417288561965,88,295,7585,rrc00,codered,normal,0
2001-07-19 17:24:00+00:00,10183,1524,5.046842777177649,17.0,1.8174753735082823,281,761,11707,rrc00,codered,normal,0
2001-07-19 17:27:00+00:00,14693,2542,4.739195535288913,16.0,1.9064523311096395,636,895,17235,rrc00,codered,normal,0
2001-07-19 17:30:00+00:00,9478,1896,4.8439544207638745,19.0,2.1448448968632965,361,621,11374,rrc00,codered,normal,0
2001-07-19 17:33:00+00:00,10332,1687,4.53929539295393,17.0,2.0380394803789037,346,764,12019,rrc00,codered,normal,0
2001-07-19 17:36:00+00:00,21319,37852,4.244289131760402,17.0,1.780350744510382,517,36546,59171,rrc00,codered,normal,0
2001-07-19 17:39:00+00:00,35761,1897,3.9638432929727916,18.0,1.2586908733394604,266,1196,37658,rrc00,codered,normal,0
2001-07-19 17:42:00+00:00,9591,1064,4.56938796788656,18.0,1.5017999941866407,180,569,10655,rrc00,codered,normal,0
2001-07-19 17:45:00+00:00,8265,1083,4.7921355111917725,17.0,1.9374017566404993,224,467,9348,rrc00,codered,normal,0
2001-07-19 17:48:00+00:00,10022,1559,4.998503292755937,18.0,2.351792871317128,308,708,11581,rrc00,codered,normal,0
2001-07-19 17:51:00+00:00,13880,2417,4.512463976945245,17.0,1.9019905342083565,407,726,16297,rrc00,codered,normal,0
2001-07-19 17:54:00+00:00,11988,1937,4.715465465465465,15.0,1.825432349286157,348,601,13925,rrc00,codered,normal,0
2001-07-19 17:57:00+00:00,10791,2054,4.957927902882031,19.0,1.9983520981391625,338,641,12845,rrc00,codered,normal,0
2001-07-19 18:00:00+00:00,16975,3310,4.6423564064801175,15.0,1.7365132865398278,693,949,20285,rrc00,codered,normal,0
2001-07-19 18:03:00+00:00,35644,39959,4.399169565705308,14.0,1.5008191327459397,899,37273,75603,rrc00,codered,normal,0
2001-07-19 18:06:00+00:00,51010,3555,4.045363654185453,16.0,1.388070752421148,681,1086,54565,rrc00,codered,normal,0
2001-07-19 18:09:00+00:00,8088,1230,4.6356330365974285,17.0,1.6240804504249777,217,400,9318,rrc00,codered,normal,0
2001-07-19 18:12:00+00:00,9598,1313,4.674619712440092,15.0,1.5863962917943022,276,544,10911,rrc00,codered,normal,0
2001-07-19 18:15:00+00:00,10067,2147,4.932651236714016,15.0,1.664354005712663,435,649,12214,rrc00,codered,normal,0
2001-07-19 18:18:00+00:00,11690,1908,4.586655260906758,16.0,1.7234536273235697,393,525,13598,rrc00,codered,normal,0
2001-07-19 18:21:00+00:00,13650,2566,4.971135531135531,18.0,1.8389881634061147,411,1044,16216,rrc00,codered,normal,0
2001-07-19 18:24:00+00:00,9739,1445,5.183899784372112,16.0,1.9065775729044336,260,490,11184,rrc00,codered,normal,0
2001-07-19 18:27:00+00:00,11128,1477,4.644230769230769,16.0,1.8804231329206742,258,422,12605,rrc00,codered,normal,0
2001-07-19 18:30:00+00:00,7114,1778,5.070002811357885,15.0,1.9381473942640621,341,533,8892,rrc00,codered,normal,0
2001-07-19 18:33:00+00:00,7222,1110,4.783993353641651,15.0,1.7834522619350024,167,388,8332,rrc00,codered,normal,0
2001-07-19 18:36:00+00:00,11446,1558,4.436571728114625,17.0,1.6134766580172093,244,375,13004,rrc00,codered,normal,0
2001-07-19 18:39:00+00:00,10548,1348,4.675199089874858,17.0,1.6819332670415676,363,557,11896,rrc00,codered,normal,0
2001-07-19 18:42:00+00:00,11136,2541,5.016433189655173,16.0,1.8110252801162898,410,647,13677,rrc00,codered,normal,0
2001-07-19 18:45:00+00:00,11438,2046,4.6302675292883375,17.0,1.5448474727476942,370,1177,13484,rrc00,codered,normal,0
2001-07-19 18:48:00+00:00,43085,38453,3.9514448183822677,16.0,1.2961447602964185,433,36593,81538,rrc00,codered,normal,0
2001-07-19 18:51:00+00:00,20966,2428,4.4922732042354285,16.0,1.613377850439848,448,965,23394,rrc00,codered,normal,0
2001-07-19 18:54:00+00:00,14139,1903,4.841219322441474,16.0,1.636552411782725,373,699,16042,rrc00,codered,normal,0
2001-07-19 18:57:00+00:00,9251,1552,4.90282131661442,15.0,1.7396057377343372,272,668,10803,rrc00,codered,normal,0
2001-07-19 19:00:00+00:00,9273,1414,4.915776986951364,15.0,1.640215699505608,244,399,10687,rrc00,codered,normal,0
2001-07-19 19:03:00+00:00,27336,37619,4.041227685103892,16.0,1.452225951288921,309,36701,64955,rrc00,codered,normal,0
2001-07-19 19:06:00+00:00,32005,2288,4.21762224652398,15.0,1.5536367830502187,316,972,34293,rrc00,codered,normal,0
2001-07-19 19:09:00+00:00,13938,2415,4.791792222700531,15.0,1.7917834547715321,401,823,16353,rrc00,codered,normal,0
2001-07-19 19:12:00+00:00,24836,2027,4.638307295860847,14.0,1.4403073284767254,378,970,26863,rrc00,codered,normal,0
2001-07-19 19:15:00+00:00,21239,2201,4.8281934177691985,15.0,1.3673270308373306,428,1033,23440,rrc00,codered,normal,0
2001-07-19 19:18:00+00:00,18305,4057,5.084621688063371,17.0,1.5114950785848327,775,1121,22362,rrc00,codered,normal,0
2001-07-19 19:21:00+00:00,27236,39358,4.429908944044647,18.0,1.6571628547629074,608,36908,66594,rrc00,codered,normal,0
2001-07-19 19:24:00+00:00,61730,4177,4.110059938441601,16.0,1.3648775988508763,788,1398,65907,rrc00,codered,normal,0
2001-07-19 19:27:00+00:00,21234,2436,4.561316756145804,15.0,1.3815115808667866,498,852,23670,rrc00,codered,normal,0
2001-07-19 19:30:00+00:00,20523,5600,5.012912342250158,13.0,1.5372009648955605,786,1254,26123,rrc00,codered,normal,0
2001-07-19 19:33:00+00:00,15327,3386,5.1710054152802245,13.0,1.5423555021393356,596,1085,18713,rrc00,codered,normal,0
2001-07-19 19:36:00+00:00,13907,3269,5.262026317681743,18.0,1.7837174132518288,755,986,17176,rrc00,codered,normal,0
2001-07-19 19:39:00+00:00,15469,4622,4.79106600297369,16.0,1.7689020609871897,765,952,20091,rrc00,codered,normal,0
2001-07-19 19:42:00+00:00,18436,2029,4.449500976350619,14.0,1.453965358632003,419,639,20465,rrc00,codered,normal,0
2001-07-19 19:45:00+00:00,11785,1706,5.07280441238863,14.0,1.4715383162024047,325,449,13491,rrc00,codered,normal,0
2001-07-19 19:48:00+00:00,20249,38587,4.567830510148649,17.0,1.3390041946945468,501,36965,58836,rrc00,codered,normal,0
2001-07-19 19:51:00+00:00,46858,1604,3.9661317171027357,16.0,1.3121830933304126,321,536,48462,rrc00,codered,normal,0
2001-07-19 19:54:00+00:00,16041,1747,4.509444548344867,15.0,1.6059474888308458,352,742,17788,rrc00,codered,normal,0
2001-07-19 19:57:00+00:00,12660,2289,4.838151658767773,17.0,1.6034464448450376,391,722,14949,rrc00,codered,normal,0
2001-07-19 20:00:00+00:00,27076,4974,5.012741911656079,14.0,1.593269147251259,945,1302,32050,rrc00,codered,normal,0
2001-07-19 20:03:00+00:00,18445,2636,4.596259148820819,13.0,1.4190422031293952,491,904,21081,rrc00,codered,normal,0
2001-07-19 20:06:00+00:00,10519,1796,4.401844281775834,17.0,1.5458393145224318,368,640,12315,rrc00,codered,normal,0
2001-07-19 20:09:00+00:00,20394,2397,4.659017358046484,18.0,1.6274709520924302,427,706,22791,rrc00,codered,normal,0
2001-07-19 20:12:00+00:00,68877,44204,5.04233633869071,20.0,1.3688406995652558,8633,34540,113081,rrc00,codered,normal,0
2001-07-19 20:15:00+00:00,66730,21584,4.131949647834557,17.0,1.3581110072558955,496,20257,88314,rrc00,codered,normal,0
2001-07-19 20:18:00+00:00,15388,1979,4.790421107356382,18.0,1.7731921211092556,395,723,17367,rrc00,codered,normal,0
2001-07-19 20:21:00+00:00,13273,2127,4.922323513900399,15.0,1.7827647764315213,373,723,15400,rrc00,codered,normal,0
2001-07-19 20:24:00+00:00,14439,2609,4.943070849781841,15.0,1.783433786729316,407,639,17048,rrc00,codered,normal,0
2001-07-19 20:27:00+00:00,13626,2901,4.995890209892852,15.0,1.6120912627776378,451,577,16527,rrc00,codered,normal,0
2001-07-19 20:30:00+00:00,11507,1834,4.460241592074389,14.0,1.571077794833357,286,563,13341,rrc00,codered,normal,0
2001-07-19 20:33:00+00:00,12211,3121,4.8631561706657935,15.0,1.5605155375815833,598,850,15332,rrc00,codered,normal,0
2001-07-19 20:36:00+00:00,11540,1738,4.713431542461005,15.0,1.7027177305483188,289,592,13278,rrc00,codered,normal,0
2001-07-19 20:39:00+00:00,11367,1862,4.845957596551421,14.0,1.7134184884242785,293,424,13229,rrc00,codered,normal,0
2001-07-19 20:42:00+00:00,15521,2005,4.7100702274338,20.0,1.5331173512810177,391,829,17526,rrc00,codered,normal,0
2001-07-19 20:45:00+00:00,13466,1836,4.687212238229615,15.0,1.6639684122098757,338,739,15302,rrc00,codered,normal,0
2001-07-19 20:48:00+00:00,47677,37600,3.9197726367011345,16.0,1.2938382657028196,391,36615,85277,rrc00,codered,normal,0
2001-07-19 20:51:00+00:00,15982,3286,4.571079964960581,14.0,1.4238426234247643,528,819,19268,rrc00,codered,normal,0
2001-07-19 20:54:00+00:00,13965,2415,4.795918367346939,14.0,1.68331181221379,402,681,16380,rrc00,codered,normal,0
2001-07-19 20:57:00+00:00,9897,1477,4.772456299888855,23.0,1.671990232480841,286,408,11374,rrc00,codered,normal,0
2001-07-19 21:00:00+00:00,18355,1833,4.972759466085535,18.0,1.6453194177865604,340,740,20188,rrc00,codered,normal,0
2001-07-19 21:03:00+00:00,12922,38521,4.818681318681318,18.0,1.6207085972961046,431,36843,51443,rrc00,codered,normal,0
2001-07-19 21:06:00+00:00,56657,2404,4.097940236863936,16.0,1.3149787177404213,368,988,59061,rrc00,codered,normal,0
2001-07-19 21:09:00+00:00,9577,1562,4.991437819776548,16.0,1.7652007787825148,244,464,11139,rrc00,codered,normal,0
2001-07-19 21:12:00+00:00,9896,2189,4.668249797898141,17.0,1.9176630825857832,434,548,12085,rrc00,codered,normal,0
2001-07-19 21:15:00+00:00,10944,2089,4.889619883040936,14.0,1.6059289368611362,412,590,13033,rrc00,codered,normal,0
2001-07-19 21:18:00+00:00,10231,1780,4.806666015052292,17.0,1.714598509235183,271,563,12011,rrc00,codered,normal,0
2001-07-19 21:21:00+00:00,10642,1386,4.561642548393159,15.0,1.5078589614571063,244,430,12028,rrc00,codered,normal,0
2001-07-19 21:24:00+00:00,44485,37156,3.859143531527481,16.0,1.2345062557942634,176,36602,81641,rrc00,codered,normal,0
2001-07-19 21:27:00+00:00,7575,1437,4.761848184818482,15.0,1.7251536163641952,242,383,9012,rrc00,codered,normal,0
2001-07-19 21:30:00+00:00,21846,2139,4.9444749610912755,15.0,1.4938864724092324,495,869,23985,rrc00,codered,normal,0
2001-07-19 21:33:00+00:00,15206,2017,4.758845192687097,19.0,1.7007995218871115,333,463,17223,rrc00,codered,normal,0
2001-07-19 21:36:00+00:00,10302,1639,5.090079596194913,17.0,1.9614417034618974,270,445,11941,rrc00,codered,normal,0
2001-07-19 21:39:00+00:00,12908,2171,4.525333126743105,17.0,1.4575045444257162,431,616,15079,rrc00,codered,normal,0
2001-07-19 21:42:00+00:00,15727,1767,4.70350352896293,16.0,1.545405219028271,328,641,17494,rrc00,codered,normal,0
2001-07-19 21:45:00+00:00,36012,3727,4.9326335665889145,18.0,1.490636562980449,753,1615,39739,rrc00,codered,normal,0
2001-07-19 21:48:00+00:00,8913,889,4.660495904858072,15.0,1.5660290724544441,162,470,9802,rrc00,codered,normal,0
2001-07-19 21:51:00+00:00,13946,1866,4.62971461350925,21.0,1.7245796945674108,420,795,15812,rrc00,codered,normal,0
2001-07-19 21:54:00+00:00,18892,4213,5.116080880796104,15.0,1.7048590219717719,597,1010,23105,rrc00,codered,normal,0
2001-07-19 21:57:00+00:00,17101,3547,5.16770949067306,18.0,1.6294144571155345,762,950,20648,rrc00,codered,normal,0
2001-07-19 22:00:00+00:00,7583,1240,4.936041144665699,15.0,1.846331066998151,272,370,8823,rrc00,codered,normal,0
2001-07-19 22:03:00+00:00,9664,2058,4.908526490066225,17.0,1.7360232247051002,213,1069,11722,rrc00,codered,normal,0
2001-07-19 22:06:00+00:00,10420,1819,4.731957773512476,17.0,1.8811204154468106,272,413,12239,rrc00,codered,normal,0
2001-07-19 22:09:00+00:00,13934,2209,4.946892493182144,16.0,1.783548820007779,444,747,16143,rrc00,codered,normal,0
2001-07-19 22:12:00+00:00,17550,5365,4.945071225071225,18.0,1.6165992348430334,951,1736,22915,rrc00,codered,normal,0
2001-07-19 22:15:00+00:00,18680,4778,5.287901498929336,16.0,1.8025627981463326,700,1306,23458,rrc00,codered,normal,0
2001-07-19 22:18:00+00:00,19486,3207,5.300677409422149,21.0,1.83644789003866,389,929,22693,rrc00,codered,normal,0
2001-07-19 22:21:00+00:00,14777,2406,4.906746971645124,16.0,1.4866143249371289,577,1143,17183,rrc00,codered,normal,0
2001-07-19 22:24:00+00:00,11792,1576,4.594386024423338,16.0,1.6913998570692752,293,500,13368,rrc00,codered,normal,0
2001-07-19 22:27:00+00:00,10694,1340,4.641855245932298,18.0,1.7331924336212392,277,442,12034,rrc00,codered,normal,0
2001-07-19 22:30:00+00:00,9485,1498,4.929889298892989,15.0,1.7296562495383552,226,355,10983,rrc00,codered,normal,0
2001-07-19 22:33:00+00:00,6366,916,5.071316368206094,18.0,1.5880098951476276,233,414,7282,rrc00,codered,normal,0
2001-07-19 22:36:00+00:00,10772,679,4.769587820274786,15.0,1.4712909577113018,113,217,11451,rrc00,codered,normal,0
2001-07-19 22:39:00+00:00,7991,778,4.705168314353648,20.0,1.908014059417396,114,254,8769,rrc00,codered,normal,0
2001-07-19 22:42:00+00:00,38202,1872,5.177582325532694,18.0,1.4144105055666554,373,537,40074,rrc00,codered,normal,0
2001-07-19 22:45:00+00:00,52568,37022,4.880250342413635,18.0,1.3271767444928422,290,36284,89590,rrc00,codered,normal,0
2001-07-19 22:48:00+00:00,43478,2501,4.237154422926538,17.0,1.5205153695183866,592,747,45979,rrc00,codered,normal,0
2001-07-19 22:51:00+00:00,7136,1596,4.792040358744394,15.0,1.6184278919434438,224,1002,8732,rrc00,codered,normal,0
2001-07-19 22:54:00+00:00,10122,2420,5.020944477376013,15.0,1.831241098478946,342,1165,12542,rrc00,codered,normal,0
2001-07-19 22:57:00+00:00,6646,1711,4.982395425820042,16.0,2.019873435311391,484,622,8357,rrc00,codered,normal,0
2001-07-19 23:00:00+00:00,8900,1726,4.761573033707865,16.0,1.836033156096059,222,752,10626,rrc00,codered,normal,0
2001-07-19 23:03:00+00:00,32577,1176,4.3936519630414095,16.0,1.0796019297841482,166,550,33753,rrc00,codered,normal,0
2001-07-19 23:06:00+00:00,6975,849,4.9984229390681,14.0,1.6815670559852423,136,220,7824,rrc00,codered,normal,0
2001-07-19 23:09:00+00:00,8274,488,4.841189267585206,15.0,1.6053498115981246,87,186,8762,rrc00,codered,normal,0
2001-07-19 23:12:00+00:00,6145,959,5.038893409275834,18.0,1.8307429996774185,132,267,7104,rrc00,codered,normal,0
2001-07-19 23:15:00+00:00,8734,1234,5.030570185482024,16.0,1.7229986269382207,261,425,9968,rrc00,codered,normal,0
2001-07-19 23:18:00+00:00,11529,2962,5.063578801283719,19.0,2.022220150636584,313,963,14491,rrc00,codered,normal,0
2001-07-19 23:21:00+00:00,7051,1166,4.960005672954191,15.0,1.7993491314375722,168,382,8217,rrc00,codered,normal,0
2001-07-19 23:24:00+00:00,9156,843,5.128112712975098,15.0,1.8444514868726818,127,295,9999,rrc00,codered,normal,0
2001-07-19 23:27:00+00:00,5764,937,4.905794587092297,20.0,2.619650507650404,130,237,6701,rrc00,codered,normal,0
2001-07-19 23:30:00+00:00,6414,1004,4.874337386966012,16.0,1.8610408424979206,242,341,7418,rrc00,codered,normal,0
2001-07-19 23:33:00+00:00,8347,2387,5.175392356535282,15.0,1.8659145708791542,301,446,10734,rrc00,codered,normal,0
2001-07-19 23:36:00+00:00,6336,916,4.657828282828283,18.0,1.446879900081789,249,361,7252,rrc00,codered,normal,0
2001-07-19 23:39:00+00:00,7390,678,4.733694181326117,15.0,1.641722178572557,127,190,8068,rrc00,codered,normal,0
2001-07-19 23:42:00+00:00,7913,742,4.848729938076583,18.0,1.9704607965586067,160,252,8655,rrc00,codered,normal,0
2001-07-19 23:45:00+00:00,8618,830,5.100139243443954,17.0,1.710973003394921,151,268,9448,rrc00,codered,normal,0
2001-07-19 23:48:00+00:00,6935,1046,5.214996395097333,14.0,1.6604496561321485,156,281,7981,rrc00,codered,normal,0
2001-07-19 23:51:00+00:00,7806,1604,5.090955675121701,15.0,1.8236153171201437,408,681,9410,rrc00,codered,normal,0
2001-07-19 23:54:00+00:00,9554,1601,5.141825413439397,15.0,1.785106509611772,303,409,11155,rrc00,codered,normal,0
2001-07-19 23:57:00+00:00,9072,1734,4.762676366843033,16.0,1.8684126559551928,381,637,10806,rrc00,codered,normal,0
2001-07-20 00:00:00+00:00,5480,655,4.90529197080292,13.0,1.5584620982986215,106,169,6135,rrc00,codered,normal,0
2001-07-20 00:03:00+00:00,4289,426,5.008859874096526,16.0,1.9749930761694605,87,127,4715,rrc00,codered,normal,0
2001-07-20 00:06:00+00:00,4796,613,5.162218515429525,19.0,1.9337329662972906,99,128,5409,rrc00,codered,normal,0
2001-07-20 00:09:00+00:00,4725,452,5.465608465608466,21.0,2.03865612835117,73,142,5177,rrc00,codered,normal,0
2001-07-20 00:12:00+00:00,8232,1158,4.76360544217687,13.0,1.4157578484787494,162,272,9390,rrc00,codered,normal,0
2001-07-20 00:15:00+00:00,7184,697,4.896297327394209,13.0,1.513016165165053,112,235,7881,rrc00,codered,normal,0
2001-07-20 00:18:00+00:00,5544,675,4.854076479076479,14.0,1.6301711964677472,101,180,6219,rrc00,codered,normal,0
2001-07-20 00:21:00+00:00,3901,475,4.57190463983594,13.0,1.4472773852728014,85,148,4376,rrc00,codered,normal,0
2001-07-20 00:24:00+00:00,4802,393,4.871095376926281,14.0,1.597791585440169,80,109,5195,rrc00,codered,normal,0
2001-07-20 00:27:00+00:00,4965,1095,4.821550855991943,17.0,1.5713890852627022,144,230,6060,rrc00,codered,normal,0
2001-07-20 00:30:00+00:00,4949,971,4.898363305718327,13.0,1.518517527879255,177,220,5920,rrc00,codered,normal,0
2001-07-20 00:33:00+00:00,6952,512,4.820339470655926,16.0,1.5540049968804133,93,122,7464,rrc00,codered,normal,0
2001-07-20 00:36:00+00:00,3267,583,4.4713804713804715,14.0,1.6404806116820103,66,208,3850,rrc00,codered,normal,0
2001-07-20 00:39:00+00:00,4477,399,4.8391780209962025,13.0,1.401537827260218,67,140,4876,rrc00,codered,normal,0
2001-07-20 00:42:00+00:00,3043,385,4.575090371344069,14.0,1.652092335941446,74,119,3428,rrc00,codered,normal,0
2001-07-20 00:45:00+00:00,3415,445,4.607613469985359,18.0,1.7854300555043336,65,111,3860,rrc00,codered,normal,0
2001-07-20 00:48:00+00:00,3065,369,5.150407830342577,17.0,1.8741533806050406,77,107,3434,rrc00,codered,normal,0
2001-07-20 00:51:00+00:00,5871,550,5.2239822858116165,16.0,1.6943433544752142,90,202,6421,rrc00,codered,normal,0
2001-07-20 00:54:00+00:00,4703,1807,5.413353178822028,18.0,1.8612537883233862,322,852,6510,rrc00,codered,normal,0
2001-07-20 00:57:00+00:00,4950,1614,4.878787878787879,17.0,1.5687138608512432,323,645,6564,rrc00,codered,normal,0
2001-07-20 01:00:00+00:00,3242,660,5.496298581122764,14.0,1.7727507303787646,82,383,3902,rrc00,codered,normal,0
2001-07-20 01:03:00+00:00,2200,316,4.705,17.0,1.9609303218811034,62,120,2516,rrc00,codered,normal,0
2001-07-20 01:06:00+00:00,4235,403,4.7820543093270365,17.0,1.8723008042659661,60,134,4638,rrc00,codered,normal,0
2001-07-20 01:09:00+00:00,4403,564,5.424029071087895,17.0,2.0349734403878617,82,152,4967,rrc00,codered,normal,0
2001-07-20 01:12:00+00:00,4233,443,4.815024805102764,16.0,1.86150304313151,84,105,4676,rrc00,codered,normal,0
2001-07-20 01:15:00+00:00,1656,305,5.2644927536231885,17.0,2.081688071203969,54,60,1961,rrc00,codered,normal,0
2001-07-20 01:18:00+00:00,2517,377,4.8843861740166865,23.0,2.2127018359092165,69,104,2894,rrc00,codered,normal,0
2001-07-20 01:21:00+00:00,3719,243,4.5824146275880615,15.0,1.827053862880392,28,126,3962,rrc00,codered,normal,0
2001-07-20 01:24:00+00:00,5486,325,4.005103900838498,16.0,1.624404716719234,90,129,5811,rrc00,codered,normal,0
2001-07-20 01:27:00+00:00,2748,442,5.110625909752548,16.0,1.8097634411824313,76,115,3190,rrc00,codered,normal,0
2001-07-20 01:30:00+00:00,3330,458,4.416816816816817,13.0,1.9428360943648963,69,100,3788,rrc00,codered,normal,0
2001-07-20 01:33:00+00:00,2953,448,4.173721639011175,18.0,1.9125727632519613,61,116,3401,rrc00,codered,normal,0
2001-07-20 01:36:00+00:00,3158,307,4.912919569347689,18.0,1.9215992456914612,57,115,3465,rrc00,codered,normal,0
2001-07-20 01:39:00+00:00,3867,675,5.626325316783036,20.0,2.4894418936801266,86,128,4542,rrc00,codered,normal,0
2001-07-20 01:42:00+00:00,5921,622,4.944772842425266,19.0,2.2553185734699923,78,217,6543,rrc00,codered,normal,0
2001-07-20 01:45:00+00:00,3877,502,4.795976270312097,13.0,1.6880542855721956,81,171,4379,rrc00,codered,normal,0
2001-07-20 01:48:00+00:00,1936,289,4.965392561983471,15.0,1.68774773229845,45,106,2225,rrc00,codered,normal,0
2001-07-20 01:51:00+00:00,4827,383,5.227470478558111,20.0,2.597278196965189,56,110,5210,rrc00,codered,normal,0
2001-07-20 01:54:00+00:00,3980,1310,5.710050251256281,22.0,2.482572320015668,392,706,5290,rrc00,codered,normal,0
2001-07-20 01:57:00+00:00,5533,670,5.273269474064703,15.0,1.6676083188233641,116,312,6203,rrc00,codered,normal,0
2001-07-20 02:00:00+00:00,4691,2223,4.709443615433809,22.0,1.841223146409609,386,705,6914,rrc00,codered,normal,0
2001-07-20 02:03:00+00:00,4116,595,4.74684159378037,15.0,1.5338906226819402,72,121,4711,rrc00,codered,normal,0
2001-07-20 02:06:00+00:00,2241,271,4.798750557786702,17.0,2.003147512310061,40,91,2512,rrc00,codered,normal,0
2001-07-20 02:09:00+00:00,2263,189,5.004860804242156,15.0,1.7457664885127682,33,48,2452,rrc00,codered,normal,0
2001-07-20 02:12:00+00:00,4912,456,4.104845276872964,15.0,1.7679399600792778,79,120,5368,rrc00,codered,normal,0
2001-07-20 02:15:00+00:00,3822,363,3.9816849816849818,17.0,1.7784627817940326,64,88,4185,rrc00,codered,normal,0
2001-07-20 02:18:00+00:00,7770,1231,4.537966537966538,16.0,1.567334664318455,167,336,9001,rrc00,codered,normal,0
2001-07-20 02:21:00+00:00,2844,422,5.166666666666667,16.0,1.9257489820985096,76,126,3266,rrc00,codered,normal,0
2001-07-20 02:24:00+00:00,2215,213,4.38510158013544,16.0,1.7408267608673487,32,110,2428,rrc00,codered,normal,0
2001-07-20 02:27:00+00:00,5082,1410,4.6123573396300666,21.0,2.1115275501064543,54,1100,6492,rrc00,codered,normal,0
2001-07-20 02:30:00+00:00,3857,650,4.580502981591911,23.0,2.1717333339744314,80,143,4507,rrc00,codered,normal,0
2001-07-20 02:33:00+00:00,2633,1088,4.848841625522218,15.0,1.9470623101376645,171,214,3721,rrc00,codered,normal,0
2001-07-20 02:36:00+00:00,3773,816,5.455870659952293,14.0,1.9339684303128142,157,203,4589,rrc00,codered,normal,0
2001-07-20 02:39:00+00:00,3301,372,4.94486519236595,17.0,1.959756077982543,52,103,3673,rrc00,codered,normal,0
2001-07-20 02:42:00+00:00,5444,469,5.458119030124908,20.0,2.5111599236553523,64,232,5913,rrc00,codered,normal,0
2001-07-20 02:45:00+00:00,3181,266,4.874567745991826,20.0,2.019470809029611,42,108,3447,rrc00,codered,normal,0
2001-07-20 02:48:00+00:00,4434,292,4.317997293640054,14.0,1.982536738778406,45,92,4726,rrc00,codered,normal,0
2001-07-20 02:51:00+00:00,2873,280,4.296554124608424,20.0,1.6011368965784816,40,72,3153,rrc00,codered,normal,0
2001-07-20 02:54:00+00:00,2531,247,4.682338996444093,15.0,1.803526173552433,47,82,2778,rrc00,codered,normal,0
2001-07-20 02:57:00+00:00,4073,260,4.460839675914559,16.0,1.8916127650789594,34,89,4333,rrc00,codered,normal,0
2001-07-20 03:00:00+00:00,4037,1239,5.020312112955165,15.0,1.8194674577356822,144,218,5276,rrc00,codered,normal,0
2001-07-20 03:03:00+00:00,7036,355,4.784963047185901,14.0,1.807446581592036,58,134,7391,rrc00,codered,normal,0
2001-07-20 03:06:00+00:00,2877,446,4.906152241918665,14.0,1.6728070175015963,56,75,3323,rrc00,codered,normal,0
2001-07-20 03:09:00+00:00,1955,327,4.396419437340153,14.0,1.780510420806116,43,160,2282,rrc00,codered,normal,0
2001-07-20 03:12:00+00:00,1168,199,4.847602739726027,13.0,1.9739036508923613,37,57,1367,rrc00,codered,normal,0
2001-07-20 03:15:00+00:00,4478,894,4.279812416257258,17.0,1.706095726128805,237,283,5372,rrc00,codered,normal,0
2001-07-20 03:18:00+00:00,10970,1534,4.7360984503190515,20.0,2.0608563728207643,353,388,12504,rrc00,codered,normal,0
2001-07-20 03:21:00+00:00,9927,1333,5.165206003827944,23.0,2.2970468239427184,312,462,11260,rrc00,codered,normal,0
2001-07-20 03:24:00+00:00,4344,1383,4.587937384898711,17.0,1.7179321748559564,194,489,5727,rrc00,codered,normal,0
2001-07-20 03:27:00+00:00,4176,982,4.942528735632184,21.0,1.9366281190245291,144,237,5158,rrc00,codered,normal,0
2001-07-20 03:30:00+00:00,2296,544,5.468641114982578,16.0,2.2473118049245993,83,134,2840,rrc00,codered,normal,0
2001-07-20 03:33:00+00:00,2700,522,5.575185185185185,18.0,2.5799610539270788,73,130,3222,rrc00,codered,normal,0
2001-07-20 03:36:00+00:00,2744,825,5.171282798833819,19.0,2.2343965834283948,159,189,3569,rrc00,codered,normal,0
2001-07-20 03:39:00+00:00,8276,1540,5.4016433059449005,20.0,2.2599048313302457,97,1178,9816,rrc00,codered,normal,0
2001-07-20 03:42:00+00:00,10115,746,5.145823035096392,18.0,1.6390535054703503,114,199,10861,rrc00,codered,normal,0
2001-07-20 03:45:00+00:00,2605,392,5.319385796545106,15.0,2.0954452952816576,67,121,2997,rrc00,codered,normal,0
2001-07-20 03:48:00+00:00,2635,322,4.79392789373814,16.0,1.882215058915298,69,98,2957,rrc00,codered,normal,0
2001-07-20 03:51:00+00:00,2921,460,4.794933242040397,16.0,1.566528204950655,69,136,3381,rrc00,codered,normal,0
2001-07-20 03:54:00+00:00,4034,523,5.339861179970253,18.0,1.6010849632542756,94,116,4557,rrc00,codered,normal,0
2001-07-20 03:57:00+00:00,1525,459,5.121311475409836,15.0,2.181375318470494,58,117,1984,rrc00,codered,normal,0
2001-07-20 04:00:00+00:00,2955,438,4.350592216582064,16.0,1.5490607889267995,114,141,3393,rrc00,codered,normal,0
2001-07-20 04:03:00+00:00,5977,1217,4.446210473481679,16.0,1.8758058517997995,128,175,7194,rrc00,codered,normal,0
2001-07-20 04:06:00+00:00,2631,825,5.278981375902698,18.0,2.0220400630939306,148,183,3456,rrc00,codered,normal,0
2001-07-20 04:09:00+00:00,2975,339,4.094789915966387,21.0,1.8197117920937005,60,87,3314,rrc00,codered,normal,0
2001-07-20 04:12:00+00:00,2976,541,5.060483870967742,16.0,1.9481788524511048,70,200,3517,rrc00,codered,normal,0
2001-07-20 04:15:00+00:00,4139,515,4.573326890553274,16.0,1.7503318491640072,52,324,4654,rrc00,codered,normal,0
2001-07-20 04:18:00+00:00,3546,418,5.011562323745065,18.0,1.787697345901502,101,146,3964,rrc00,codered,normal,0
2001-07-20 04:21:00+00:00,10935,469,4.657064471879287,22.0,1.612819918804819,95,128,11404,rrc00,codered,normal,0
2001-07-20 04:24:00+00:00,3681,516,5.483292583537082,16.0,1.8480165137287792,72,148,4197,rrc00,codered,normal,0
2001-07-20 04:27:00+00:00,3328,359,4.9522235576923075,16.0,1.9827534293402242,60,95,3687,rrc00,codered,normal,0
2001-07-20 04:30:00+00:00,2310,969,4.834199134199134,17.0,1.9934414398718574,277,309,3279,rrc00,codered,normal,0
2001-07-20 04:33:00+00:00,2059,508,5.265177270519669,19.0,2.2190850853396347,75,106,2567,rrc00,codered,normal,0
2001-07-20 04:36:00+00:00,3148,431,4.520648030495552,17.0,1.8716484554853021,75,117,3579,rrc00,codered,normal,0
2001-07-20 04:39:00+00:00,3832,573,4.596555323590814,19.0,2.3615236563955735,84,107,4405,rrc00,codered,normal,0
2001-07-20 04:42:00+00:00,2867,380,4.683641437042205,16.0,1.8748852106145757,82,126,3247,rrc00,codered,normal,0
2001-07-20 04:45:00+00:00,1910,392,5.224083769633508,17.0,2.2179765490284695,63,81,2302,rrc00,codered,normal,0
2001-07-20 04:48:00+00:00,1786,429,5.362821948488242,15.0,2.025162454238676,59,96,2215,rrc00,codered,normal,0
2001-07-20 04:51:00+00:00,2323,367,4.835987946620749,18.0,1.701903344064108,65,118,2690,rrc00,codered,normal,0
2001-07-20 04:54:00+00:00,2176,371,5.2150735294117645,17.0,2.1586166241108087,59,110,2547,rrc00,codered,normal,0
2001-07-20 04:57:00+00:00,2346,553,5.22080136402387,16.0,2.0531747082356713,81,112,2899,rrc00,codered,normal,0
2001-07-20 05:00:00+00:00,2711,234,4.905569900405754,13.0,1.5893209060078626,56,75,2945,rrc00,codered,normal,0
2001-07-20 05:03:00+00:00,2647,589,4.698148847752172,18.0,2.0361134085246833,105,138,3236,rrc00,codered,normal,0
2001-07-20 05:06:00+00:00,2676,669,5.087070254110613,21.0,1.7145635560950991,87,111,3345,rrc00,codered,normal,0
2001-07-20 05:09:00+00:00,1937,408,4.732576148683531,13.0,1.5101573911036703,72,103,2345,rrc00,codered,normal,0
2001-07-20 05:12:00+00:00,2479,349,4.645824929407019,13.0,1.5690422625377025,59,113,2828,rrc00,codered,normal,0
2001-07-20 05:15:00+00:00,1869,305,4.547351524879614,15.0,1.7933739570537146,50,93,2174,rrc00,codered,normal,0
2001-07-20 05:18:00+00:00,2048,280,4.37451171875,17.0,1.6402156500804768,51,65,2328,rrc00,codered,normal,0
2001-07-20 05:21:00+00:00,2868,362,4.792538354253836,16.0,1.9820991367033145,64,101,3230,rrc00,codered,normal,0
2001-07-20 05:24:00+00:00,2520,669,5.196825396825397,17.0,1.8052364971891004,80,113,3189,rrc00,codered,normal,0
2001-07-20 05:27:00+00:00,2279,502,4.8591487494515135,14.0,1.6775871676151075,86,104,2781,rrc00,codered,normal,0
2001-07-20 05:30:00+00:00,1671,426,4.802513464991024,17.0,1.6065450817232731,70,90,2097,rrc00,codered,normal,0
2001-07-20 05:33:00+00:00,2003,477,5.041437843235148,14.0,1.770897008632339,64,107,2480,rrc00,codered,normal,0
2001-07-20 05:36:00+00:00,2384,303,4.883389261744966,22.0,2.096815880103085,54,77,2687,rrc00,codered,normal,0
2001-07-20 05:39:00+00:00,2175,451,5.279540229885058,15.0,2.1797436884258046,64,188,2626,rrc00,codered,normal,0
